{"username": "111lmao111", "userid": "111lmao111", "registertime": 1766016000, "group": 1, "ratings": {"gen7randombattle": {"elo": 1000, "gxe": 43.3, "rpr": 1446.2351822909795, "rprd": 123.02759963909931, "w": 0, "l": 1, "coil": null}, "gen92v2doubles": {"elo": 1208.7250458678, "gxe": 66.2, "rpr": 1631.2747418114, "rprd": 100.5583629086, "w": 12, "l": 7, "coil": null}, "gen9anythinggoes": {"elo": 1340.7057312164611, "gxe": 66.4, "rpr": 1631.1459143970196, "rprd": 80.4052647912205, "w": 28, "l": 14, "coil": null}, "gen9b6p4randomdoublesbattlebo3": {"elo": 1070.8132216414583, "gxe": 53.8, "rpr": 1529.7408934765438, "rprd": 102.1885060159426, "w": 3, "l": 2, "coil": null}, "gen9brokencup": {"elo": 1000, "gxe": 45.2, "rpr": 1461.9233984502378, "rprd": 122.34214239866402, "w": 0, "l": 1, "coil": null}, "gen9metronomebattle": {"elo": 1052.5013316312286, "gxe": 53.6, "rpr": 1528.4847970304352, "rprd": 122.92455610023664, "w": 1, "l": 0, "coil": null}, "gen9randombattle": {"elo": 1411.2356233805529, "gxe": 59.9, "rpr": 1576.1163033154203, "rprd": 43.050358040711515, "w": 286, "l": 278, "coil": null}, "gen9randombattleblitz": {"elo": 1034.7542334371813, "gxe": 47.4, "rpr": 1479.6500002774278, "rprd": 117.16942279170676, "w": 1, "l": 1, "coil": null}, "gen9randomdoublesbattle": {"elo": 1346.9706914130995, "gxe": 63.2, "rpr": 1603.6525602331178, "rprd": 61.33681056485591, "w": 109, "l": 108, "coil": null}, "gen9vgc2025regh": {"elo": 1128.4791933041402, "gxe": 41.3, "rpr": 1433.225686281471, "rprd": 57.02257585343282, "w": 23, "l": 26, "coil": null}, "gen9vgc2025regi": {"elo": 1031.823671986, "gxe": 39.9, "rpr": 1419.6060275391117, "rprd": 98.5484766557862, "w": 2, "l": 4, "coil": null}, "gen9vgc2025regibo3": {"elo": 1000, "gxe": 45, "rpr": 1459.8393856609866, "rprd": 122.85830807679145, "w": 0, "l": 1, "coil": null}, "gen9vgc2026regf": {"elo": 1080.1322270654416, "gxe": 46.8, "rpr": 1475.361077224515, "rprd": 85.50411666696111, "w": 7, "l": 6, "coil": null}}}