{"username": "123Gold321", "userid": "123gold321", "registertime": 1668211200, "group": 1, "ratings": {"gen8mixandmega": {"elo": 1064.8805516559, "gxe": 56.4, "rpr": 1550.6403354762, "rprd": 104.07136757877, "w": 3, "l": 2, "coil": null}, "gen8nationaldexag": {"elo": 1120.5767761944, "gxe": 54.9, "rpr": 1538.0156703243, "rprd": 92.989686437006, "w": 5, "l": 3, "coil": null}, "gen8randombattle": {"elo": 1192.819096749, "gxe": 43.8, "rpr": 1453.0053811375, "rprd": 25, "w": 619, "l": 727, "coil": null}, "gen9randombattle": {"elo": 1332.6914413620373, "gxe": 46.8, "rpr": 1475.9998088812163, "rprd": 25, "w": 9417, "l": 10571, "coil": null}}}