{"username": "132HorsePower", "userid": "132horsepower", "registertime": 1745280000, "group": 1, "ratings": {"gen9nationaldex": {"elo": 1198.2784755942132, "gxe": 41.1, "rpr": 1431.3196245469267, "rprd": 70.67011210874432, "w": 12, "l": 12, "coil": null}, "gen9ou": {"elo": 1094.2094942185827, "gxe": 44.1, "rpr": 1453.7902920343195, "rprd": 97.03501600319474, "w": 46, "l": 46, "coil": null}, "gen9randombattle": {"elo": 1452.8684698227298, "gxe": 64.2, "rpr": 1609.8325387842197, "rprd": 28.329026871289926, "w": 1448, "l": 1441, "coil": null}}}