{"username": "1 MICTLAN 1", "userid": "1mictlan1", "registertime": 1758844800, "group": 1, "ratings": {"gen9randombattle": {"elo": 1088.5873018549366, "gxe": 45.7, "rpr": 1467.6254331543357, "rprd": 35.22401424680273, "w": 742, "l": 805, "coil": null}}}