{"username": "22sty", "userid": "22sty", "registertime": 1741910400, "group": 1, "ratings": {"gen1randombattle": {"elo": 1040, "gxe": 55, "rpr": 1540.1606143390134, "rprd": 122.85830807679145, "w": 1, "l": 0, "coil": null}, "gen3randombattle": {"elo": 1000, "gxe": 45, "rpr": 1459.8393856609866, "rprd": 122.85830807679145, "w": 0, "l": 1, "coil": null}, "gen5randombattle": {"elo": 1000, "gxe": 40.6, "rpr": 1423.9103402756866, "rprd": 122.93275504687341, "w": 0, "l": 2, "coil": null}, "gen6randombattle": {"elo": 1000, "gxe": 45, "rpr": 1459.8393856609866, "rprd": 122.85830807679145, "w": 0, "l": 1, "coil": null}, "gen7randombattle": {"elo": 1040.8250322012266, "gxe": 53.6, "rpr": 1528.8480452802112, "rprd": 122.83917552501732, "w": 1, "l": 0, "coil": null}, "gen9randombattle": {"elo": 1530.582055273449, "gxe": 59.7, "rpr": 1573.8765899057707, "rprd": 27.24933793978053, "w": 1656, "l": 1678, "coil": null}, "gen9randombattleblitz": {"elo": 1022.9764265337437, "gxe": 50, "rpr": 1500, "rprd": 116.77753930629355, "w": 1, "l": 1, "coil": null}, "gen9randomdoublesbattle": {"elo": 1000, "gxe": 41, "rpr": 1427.432874170786, "rprd": 116.77753930629355, "w": 0, "l": 2, "coil": null}}}