{"username": "2broke4champions", "userid": "2broke4champions", "registertime": 1775865600, "group": 1, "ratings": {"gen1randombattle": {"elo": 1097.4532615320738, "gxe": 55.3, "rpr": 1541.4568828789886, "rprd": 102.40393791805016, "w": 3, "l": 2, "coil": null}, "gen2randombattle": {"elo": 1212.2731914332, "gxe": 69.1, "rpr": 1656.2657678398, "rprd": 92.171032882303, "w": 10, "l": 3, "coil": null}, "gen3randombattle": {"elo": 1349.933524017521, "gxe": 75.7, "rpr": 1718.4350054544732, "rprd": 75.54471120444406, "w": 15, "l": 2, "coil": null}, "gen4randombattle": {"elo": 1421.8864468619531, "gxe": 70.4, "rpr": 1664.7678035234414, "rprd": 58.11077436600297, "w": 23, "l": 9, "coil": null}, "gen5randombattle": {"elo": 1409.385971317187, "gxe": 78.5, "rpr": 1748.1889011254707, "rprd": 67.73261629367379, "w": 18, "l": 3, "coil": null}, "gen6randombattle": {"elo": 1413.2393061542443, "gxe": 78.4, "rpr": 1747.2165899778697, "rprd": 70.43929627118966, "w": 18, "l": 2, "coil": null}, "gen7randombattle": {"elo": 1484.9676145692663, "gxe": 77.6, "rpr": 1738.5543966085565, "rprd": 71.25391625618462, "w": 24, "l": 4, "coil": null}, "gen8randombattle": {"elo": 1423.5927985551, "gxe": 74.3, "rpr": 1702.6699397901, "rprd": 59.096745526946, "w": 53, "l": 24, "coil": null}, "gen9championsbssregma": {"elo": 1064.5038188907856, "gxe": 50.7, "rpr": 1505.7708510985408, "rprd": 91.69926293830706, "w": 4, "l": 4, "coil": null}, "gen9championsrandombattle": {"elo": 1213.4282209980267, "gxe": 58.6, "rpr": 1567.1197953721141, "rprd": 73.79944862924374, "w": 11, "l": 6, "coil": null}, "gen9megainvasionrandombattle": {"elo": 1040, "gxe": 55, "rpr": 1540.1606143390134, "rprd": 122.85830807679145, "w": 1, "l": 0, "coil": null}, "gen9monotyperandombattle": {"elo": 1527.7063776981, "gxe": 75.9, "rpr": 1718.5975200541, "rprd": 53.468869416039, "w": 55, "l": 25, "coil": null}, "gen9randombattle": {"elo": 2013.3783133701977, "gxe": 85.2, "rpr": 1832.0392063724346, "rprd": 44.11285614882594, "w": 109, "l": 48, "coil": null}, "gen9randombattleblitz": {"elo": 1700.3135025861, "gxe": 69.4, "rpr": 1655.5279793456, "rprd": 45.3730615237, "w": 87, "l": 56, "coil": null}, "gen9randombattlemayhem": {"elo": 1211.2226064484382, "gxe": 64.1, "rpr": 1611.908815156169, "rprd": 79.69761120781321, "w": 9, "l": 5, "coil": null}, "gen9randomroulette": {"elo": 1309.6738452756, "gxe": 81.2, "rpr": 1784.1373651139, "rprd": 91.258915361461, "w": 11, "l": 0, "coil": null}, "gen9regenerationrandombattle": {"elo": 1000, "gxe": 45, "rpr": 1459.8393856609866, "rprd": 122.85830807679145, "w": 0, "l": 1, "coil": null}}}