{"username": "4G3NC DomVIII", "userid": "4g3ncdomviii", "registertime": 1567209600, "group": 1, "ratings": {"gen3ou": {"elo": 1528.5593361466, "gxe": 71.1, "rpr": 1672.188479784, "rprd": 61.018557074054, "w": 1332, "l": 1095, "coil": null}, "gen3randombattle": {"elo": 1290.3671976275077, "gxe": 69.7, "rpr": 1660.3308627265185, "rprd": 74.84145342052402, "w": 15, "l": 6, "coil": null}, "gen7battlefactory": {"elo": 1400.7610407066, "gxe": 80.3, "rpr": 1776.5193902118, "rprd": 107.90142577385, "w": 729, "l": 383, "coil": null}, "gen7ou": {"elo": 1489.7260101973, "gxe": 73, "rpr": 1689.8682397956, "rprd": 56.155594464682, "w": 113, "l": 78, "coil": null}, "gen7randombattle": {"elo": 1000, "gxe": 34.9, "rpr": 1374.2570008268, "rprd": 130, "w": 0, "l": 2, "coil": null}, "gen8battlefactory": {"elo": 1261.9273074831417, "gxe": 67.3, "rpr": 1644.0305994286264, "rprd": 124.16254945855577, "w": 191, "l": 100, "coil": null}, "gen8monotyperandombattle": {"elo": 1043.9713733552, "gxe": 53.7, "rpr": 1529.744242935, "rprd": 123.2148268474, "w": 1, "l": 0, "coil": null}, "gen8ou": {"elo": 1399.6192113081, "gxe": 71, "rpr": 1676.7490839135, "rprd": 111.16085612435, "w": 280, "l": 212, "coil": null}, "gen8randombattle": {"elo": 1000, "gxe": 12.2, "rpr": 1103.7463737077946, "rprd": 130, "w": 3, "l": 25, "coil": null}, "gen8ubers": {"elo": 1045.9489533475, "gxe": 55, "rpr": 1540.1606143388, "rprd": 122.8583080769, "w": 1, "l": 0, "coil": null}, "gen9battlefactory": {"elo": 1242.0301534716, "gxe": 63.8, "rpr": 1612.3381997975, "rprd": 110.43336036527, "w": 28, "l": 17, "coil": null}, "gen9ou": {"elo": 1382.0582325948242, "gxe": 58.7, "rpr": 1568.3325831271886, "rprd": 94.37062886930448, "w": 70, "l": 59, "coil": null}, "gen9randombattle": {"elo": 1983.7042768423578, "gxe": 82, "rpr": 1786.1531102360752, "rprd": 29.394265580324, "w": 818, "l": 748, "coil": null}}}