{"username": "54hu1k", "userid": "54hu1k", "registertime": 1565395200, "group": 1, "ratings": {"gen1randombattle": {"elo": 1000, "gxe": 41, "rpr": 1427.4328741711, "rprd": 116.77753930647, "w": 0, "l": 2, "coil": null}, "gen2randombattle": {"elo": 1032.8305824846, "gxe": 51.5, "rpr": 1511.5671251786, "rprd": 116.3210245941, "w": 1, "l": 1, "coil": null}, "gen3randombattle": {"elo": 1000, "gxe": 45, "rpr": 1459.8393856612, "rprd": 122.8583080769, "w": 0, "l": 1, "coil": null}, "gen5ou": {"elo": 1000, "gxe": 38.6, "rpr": 1407.6703908308, "rprd": 117.3103535, "w": 0, "l": 2, "coil": null}, "gen7anythinggoes": {"elo": 1112.3200797612, "gxe": 50.1, "rpr": 1500.9783200551, "rprd": 231.85537971981, "w": 4, "l": 3, "coil": null}, "gen7balancedhackmons": {"elo": 1066.7739687391, "gxe": 30.2, "rpr": 1336.4799095166, "rprd": 92.525750114655, "w": 2, "l": 9, "coil": null}, "gen7battlespotsingles": {"elo": 1000, "gxe": 23.7, "rpr": 1273.1012173787, "rprd": 86.292126448127, "w": 0, "l": 10, "coil": null}, "gen7doublesou": {"elo": 1114.5355911278, "gxe": 37.8, "rpr": 1388.9338160538, "rprd": 215.81195338078, "w": 26, "l": 37, "coil": null}, "gen7monotype": {"elo": 1000, "gxe": 36.8, "rpr": 1392.5560539898, "rprd": 118.40282515461, "w": 0, "l": 2, "coil": null}, "gen7ou": {"elo": 1058.6618103825397, "gxe": 30.6, "rpr": 1335.6308250167779, "rprd": 130, "w": 3, "l": 4, "coil": null}, "gen7superstaffbrosbrawl": {"elo": 1062.7481205174, "gxe": 55, "rpr": 1540.1606143388, "rprd": 122.8583080769, "w": 1, "l": 0, "coil": null}, "gen7ubers": {"elo": 1038.8707037637, "gxe": 40.3, "rpr": 1411.3681600335, "rprd": 226.67219879872, "w": 4, "l": 8, "coil": null}, "gen8battlestadiumsingles": {"elo": 1038.7008752353, "gxe": 27.7, "rpr": 1316.1188324852, "rprd": 65.539713340728, "w": 5, "l": 21, "coil": null}, "gen8doublesou": {"elo": 1068.5200806151, "gxe": 34.8, "rpr": 1359.2634671205, "rprd": 219.31271188229, "w": 11, "l": 22, "coil": null}, "gen8metronomebattle": {"elo": 1085.1519604048, "gxe": 59, "rpr": 1572.5671258289, "rprd": 116.77753930647, "w": 2, "l": 0, "coil": null}, "gen8nationaldex": {"elo": 1032.2810394462447, "gxe": 43.1, "rpr": 1445.4250182787648, "rprd": 107.614904605908, "w": 1, "l": 3, "coil": null}, "gen8nationaldexag": {"elo": 1105.9703118267, "gxe": 55.5, "rpr": 1543.8570590707, "rprd": 106.93133487002, "w": 3, "l": 1, "coil": null}, "gen8ou": {"elo": 1062.4356055552, "gxe": 25.8, "rpr": 1295.2754633858, "rprd": 85.479842346582, "w": 27, "l": 55, "coil": null}, "gen8randombattle": {"elo": 1101.5168348341, "gxe": 55.1, "rpr": 1539.5983211483, "rprd": 92.025741095579, "w": 5, "l": 3, "coil": null}, "gen91v1": {"elo": 1000, "gxe": 41.5, "rpr": 1431.4428981880997, "rprd": 116.81848073768109, "w": 0, "l": 2, "coil": null}, "gen9anythinggoes": {"elo": 1000, "gxe": 42.2, "rpr": 1437.008679374925, "rprd": 123.38575419737644, "w": 0, "l": 1, "coil": null}, "gen9babyrandombattle": {"elo": 1000, "gxe": 46.3, "rpr": 1470.28186379674, "rprd": 122.91158542106682, "w": 0, "l": 1, "coil": null}, "gen9balancedhackmons": {"elo": 1000, "gxe": 42.5, "rpr": 1439.806484280334, "rprd": 117.26986434494262, "w": 0, "l": 2, "coil": null}, "gen9blankcanvasrandombattle": {"elo": 1000, "gxe": 40.9, "rpr": 1426.6905005314547, "rprd": 118.08078695365226, "w": 0, "l": 2, "coil": null}, "gen9championsvgc2026regma": {"elo": 1000, "gxe": 24.8, "rpr": 1287.2193155667317, "rprd": 69.42557114388578, "w": 4, "l": 17, "coil": null}, "gen9donotuserandombattle": {"elo": 1000, "gxe": 45, "rpr": 1459.8393856609866, "rprd": 122.85830807679145, "w": 0, "l": 1, "coil": null}, "gen9doublesou": {"elo": 1000, "gxe": 31.3, "rpr": 1344.9502916717468, "rprd": 108.07242192538126, "w": 0, "l": 5, "coil": null}, "gen9doublesubers": {"elo": 1027.8545132064032, "gxe": 41.4, "rpr": 1430.8611507543046, "rprd": 112.82250173860352, "w": 1, "l": 2, "coil": null}, "gen9nationaldex": {"elo": 1037.4703933728124, "gxe": 25.5, "rpr": 1294.5325947216622, "rprd": 68.50673539686073, "w": 80, "l": 174, "coil": null}, "gen9nationaldexdoubles": {"elo": 1000.5563259496929, "gxe": 18, "rpr": 1207.4366528625312, "rprd": 76.9438297712651, "w": 29, "l": 83, "coil": null}, "gen9nationaldexubers": {"elo": 1165.3501290934366, "gxe": 45, "rpr": 1460.7947124147724, "rprd": 84.28121018735222, "w": 14, "l": 11, "coil": null}, "gen9ou": {"elo": 1076.7669402554686, "gxe": 24, "rpr": 1278.1449419364308, "rprd": 76.83953202349649, "w": 88, "l": 201, "coil": null}, "gen9pu": {"elo": 1014.1491419186976, "gxe": 44.6, "rpr": 1456.9859336157167, "rprd": 117.71943685842405, "w": 1, "l": 2, "coil": 353.99043458890844}, "gen9randombattle": {"elo": 1109.9839248506457, "gxe": 42.2, "rpr": 1440.5436510793184, "rprd": 41.36043065598552, "w": 142, "l": 198, "coil": null}, "gen9randombattleblitz": {"elo": 1046.8693572049856, "gxe": 53.5, "rpr": 1528.1014863337411, "rprd": 123.4830379991478, "w": 1, "l": 0, "coil": null}, "gen9randomdoublesbattle": {"elo": 1000, "gxe": 45, "rpr": 1459.8393856609866, "rprd": 122.85830807679145, "w": 0, "l": 1, "coil": null}}}