{"username": "623623p", "userid": "623623p", "registertime": 0, "group": 0, "ratings": {"gen5pokebilitiesrandombattle": {"elo": 1210.3202222309, "gxe": 62.2, "rpr": 1594.9932937227, "rprd": 56.612987914446, "w": 29, "l": 20, "coil": null}, "gen9randombattle": {"elo": 1883.8032304855055, "gxe": 81.5, "rpr": 1779.9523405038583, "rprd": 35.58969207040514, "w": 712, "l": 587, "coil": null}, "gen9randomdoublesbattle": {"elo": 1567.4586440760272, "gxe": 67, "rpr": 1635.1463289208896, "rprd": 64.99239456357341, "w": 88, "l": 59, "coil": null}}}