{"username": "69latrikpelo69", "userid": "69latrikpelo69", "registertime": 1761350400, "group": 1, "ratings": {"gen7randombattle": {"elo": 1051.6784201992907, "gxe": 55, "rpr": 1540.1606143390134, "rprd": 122.85830807679145, "w": 1, "l": 0, "coil": null}, "gen9championsbssregma": {"elo": 1050.9970794931019, "gxe": 42, "rpr": 1437.9778060560081, "rprd": 79.75617012564463, "w": 5, "l": 8, "coil": null}, "gen9championsbssregmb": {"elo": 1065.718700591906, "gxe": 52.9, "rpr": 1521.9365439971255, "rprd": 70.72148093022024, "w": 11, "l": 9, "coil": null}, "gen9monotyperandombattle": {"elo": 1123.150594746675, "gxe": 54.3, "rpr": 1533.8663127791426, "rprd": 99.16267752534692, "w": 6, "l": 3, "coil": null}, "gen9randombattle": {"elo": 1746.0918061625985, "gxe": 78.7, "rpr": 1746.4585741926703, "rprd": 29.435870358266907, "w": 1050, "l": 968, "coil": null}, "gen9randombattleblitz": {"elo": 1048.0487678766833, "gxe": 53.8, "rpr": 1530.0703135932577, "rprd": 122.54526509448024, "w": 1, "l": 0, "coil": null}, "gen9randomroulette": {"elo": 1040, "gxe": 55, "rpr": 1540.1606143390134, "rprd": 122.85830807679145, "w": 1, "l": 0, "coil": null}}}