{"username": "719 man", "userid": "719man", "registertime": 1704585600, "group": 1, "ratings": {"gen1randombattle": {"elo": 1192.0394702935398, "gxe": 63.8, "rpr": 1609.6128745214837, "rprd": 84.15295210865523, "w": 7, "l": 4, "coil": null}, "gen2randombattle": {"elo": 1142.3846543246, "gxe": 64.3, "rpr": 1615.5541364418, "rprd": 100.03062806117, "w": 5, "l": 1, "coil": null}, "gen3randombattle": {"elo": 1152.709724837552, "gxe": 60.9, "rpr": 1585.4066573542787, "rprd": 81.94188441831281, "w": 8, "l": 4, "coil": null}, "gen4randombattle": {"elo": 1283.7261276313698, "gxe": 61.8, "rpr": 1592.0727904098085, "rprd": 60.94983775882061, "w": 18, "l": 10, "coil": null}, "gen5randombattle": {"elo": 1173.5102535297656, "gxe": 56.6, "rpr": 1551.4842199044824, "rprd": 80.94083097224129, "w": 8, "l": 5, "coil": null}, "gen6randombattle": {"elo": 1214.8466972964352, "gxe": 68.5, "rpr": 1651.2770797742753, "rprd": 89.479709463623, "w": 8, "l": 1, "coil": null}, "gen7randombattle": {"elo": 1095.1435250509821, "gxe": 54, "rpr": 1531.4957300539854, "rprd": 107.57370265186168, "w": 3, "l": 1, "coil": null}, "gen8randombattle": {"elo": 1038.7536292255766, "gxe": 44.9, "rpr": 1459.3365299313932, "rprd": 111.2185076247571, "w": 1, "l": 2, "coil": null}, "gen9babyrandombattle": {"elo": 1087.6615181986922, "gxe": 59.7, "rpr": 1578.3105188847244, "rprd": 116.08971728205232, "w": 2, "l": 0, "coil": null}, "gen9championsrandombattle": {"elo": 1079.595296722531, "gxe": 53.6, "rpr": 1528.2064512722463, "rprd": 102.96238201528729, "w": 3, "l": 2, "coil": null}, "gen9randombattle": {"elo": 1391.275253967164, "gxe": 65.8, "rpr": 1624.9957194264557, "rprd": 55.34770563773734, "w": 26, "l": 12, "coil": null}, "gen9randombattleblitz": {"elo": 1094.2928062455549, "gxe": 48.5, "rpr": 1488.529854128005, "rprd": 92.33277970606771, "w": 4, "l": 4, "coil": null}, "gen9randomdoublesbattle": {"elo": 1047.9459154607669, "gxe": 46.8, "rpr": 1474.757621690206, "rprd": 106.53898313291194, "w": 2, "l": 2, "coil": null}}}