{"username": "7sette7", "userid": "7sette7", "registertime": 1655769600, "group": 1, "ratings": {"gen1randombattle": {"elo": 1135.6574116176428, "gxe": 55.3, "rpr": 1542.363129118962, "rprd": 123.20216547721756, "w": 29, "l": 25, "coil": null}, "gen2randombattle": {"elo": 1143.7016257817, "gxe": 55.2, "rpr": 1547.1665291857, "rprd": 231.02400015032, "w": 5, "l": 4, "coil": null}, "gen3randombattle": {"elo": 1126.7347846819, "gxe": 63.2, "rpr": 1604.895667325, "rprd": 87.2126277271, "w": 8, "l": 4, "coil": null}, "gen4randombattle": {"elo": 1114.8543581587626, "gxe": 53.5, "rpr": 1527.6541808022325, "rprd": 121.91826325538878, "w": 6, "l": 5, "coil": null}, "gen5randombattle": {"elo": 1082.9467380291935, "gxe": 50, "rpr": 1500.051874582525, "rprd": 130, "w": 3, "l": 4, "coil": null}, "gen6randombattle": {"elo": 1124.5125335948105, "gxe": 51.9, "rpr": 1515.1800063254489, "rprd": 121.8473175611938, "w": 14, "l": 14, "coil": null}, "gen7randombattle": {"elo": 1053.8412027714, "gxe": 51.3, "rpr": 1510.4006050401, "rprd": 113.44053343979, "w": 2, "l": 1, "coil": null}, "gen8bssfactory": {"elo": 1029.4669469101525, "gxe": 51.2, "rpr": 1509.2875908570852, "rprd": 116.29376597469715, "w": 1, "l": 1, "coil": null}, "gen8hackmonscup": {"elo": 1000, "gxe": 43.5, "rpr": 1447.4771225398, "rprd": 122.51390811362, "w": 0, "l": 0, "coil": null}, "gen8monotyperandombattle": {"elo": 1042.3600423438, "gxe": 54.8, "rpr": 1538.1694539121, "rprd": 122.50911641077, "w": 1, "l": 0, "coil": null}, "gen8randombattle": {"elo": 1154.6937975188, "gxe": 44.4, "rpr": 1457.4923174397, "rprd": 52.944247219529, "w": 50, "l": 54, "coil": null}, "gen8randombattleblitz": {"elo": 1000, "gxe": 45.1, "rpr": 1460.4512338892, "rprd": 121.84081864301, "w": 0, "l": 1, "coil": null}, "gen8randombattlemayhem": {"elo": 1040, "gxe": 55, "rpr": 1540.1606143388, "rprd": 122.8583080769, "w": 1, "l": 0, "coil": null}, "gen8randomdoublesbattle": {"elo": 1115.8216045035, "gxe": 43, "rpr": 1437.1220532761, "rprd": 217.83716346402, "w": 22, "l": 28, "coil": null}, "gen8vgc2022": {"elo": 1319.3437865358, "gxe": 50.2, "rpr": 1501.9050132286, "rprd": 216.86272199646, "w": 133, "l": 125, "coil": null}, "gen9championsvgc2026regma": {"elo": 1200.9991062271622, "gxe": 47.1, "rpr": 1477.62034675915, "rprd": 51.4666765216863, "w": 23, "l": 22, "coil": null}, "gen9computergeneratedteams": {"elo": 1040, "gxe": 55, "rpr": 1540.1606143390134, "rprd": 122.85830807679145, "w": 1, "l": 0, "coil": null}, "gen9monotyperandombattle": {"elo": 1119.5123578229907, "gxe": 49.9, "rpr": 1498.8816381529712, "rprd": 76.17695959554713, "w": 8, "l": 10, "coil": null}, "gen9randombattle": {"elo": 1099.9919897383757, "gxe": 41.7, "rpr": 1436.7523871767432, "rprd": 43.324874697456245, "w": 94, "l": 102, "coil": null}, "gen9randomdoublesbattle": {"elo": 1138.666813867026, "gxe": 47.9, "rpr": 1484.0470407139542, "rprd": 56.942670691149985, "w": 30, "l": 31, "coil": null}, "gen9randomroulette": {"elo": 1000, "gxe": 44.5, "rpr": 1455.7441008396004, "rprd": 122.5162540789724, "w": 0, "l": 1, "coil": null}, "gen9vgc2023regulationc": {"elo": 1000, "gxe": 44.6, "rpr": 1456.4271041303184, "rprd": 121.95024463726449, "w": 0, "l": 1, "coil": null}, "gen9vgc2023regulationd": {"elo": 1134.7157077430556, "gxe": 42.7, "rpr": 1444.5810618097905, "rprd": 44.44141776350395, "w": 45, "l": 53, "coil": null}, "gen9vgc2023series1": {"elo": 1000, "gxe": 42.5, "rpr": 1439.5263825028, "rprd": 123.43728751419, "w": 0, "l": 1, "coil": null}}}