{"username": "91916767f", "userid": "91916767f", "registertime": 0, "group": 0, "ratings": {"gen9randombattle": {"elo": 1084.0887133743165, "gxe": 45.7, "rpr": 1466.1650419572172, "rprd": 94.00973670147637, "w": 4, "l": 4, "coil": null}}}