{"username": "95bin", "userid": "95bin", "registertime": 1470873600, "group": 1, "ratings": {"gen1randombattle": {"elo": 1178.5822884342, "gxe": 62.7, "rpr": 1598.679756875, "rprd": 45.156514478466, "w": 0, "l": 0, "coil": null}, "gen1randombattleblitz": {"elo": 1016.0756677959, "gxe": 51.5, "rpr": 1511.4228208143, "rprd": 49.241016105952, "w": 26, "l": 27, "coil": null}, "gen3ou": {"elo": 1057.7052741849777, "gxe": 42.6, "rpr": 1442.1026663409896, "rprd": 95.32654595096307, "w": 3, "l": 4, "coil": null}, "gen3randombattle": {"elo": 1098.1082730851756, "gxe": 62, "rpr": 1598.7383805157415, "rprd": 130, "w": 4, "l": 1, "coil": null}, "gen4sharedpowerrandombattle": {"elo": 1377.2050948349, "gxe": 65.7, "rpr": 1622.4355933076, "rprd": 30.300739671036, "w": 88, "l": 61, "coil": null}, "gen5pokebilitiesrandombattle": {"elo": 1200.7778493789413, "gxe": 63, "rpr": 1602.5446862839842, "rprd": 74.23170870436124, "w": 13, "l": 7, "coil": null}, "gen6firstbloodrandombattle": {"elo": 1379.2696427496674, "gxe": 56.8, "rpr": 1551.999441173256, "rprd": 31.378925283954096, "w": 234, "l": 220, "coil": null}, "gen6tripleschallengecup": {"elo": 1076.9252616295987, "gxe": 47.2, "rpr": 1478.4460678994603, "rprd": 60.37361904640874, "w": 15, "l": 18, "coil": null}, "gen7pickyourteamrandombattle": {"elo": 1193.7201443062, "gxe": 59.6, "rpr": 1574.0019916142, "rprd": 51.468041916611, "w": 28, "l": 20, "coil": null}, "gen7pokebilitiesrandombattle": {"elo": 1251.0570018196, "gxe": 61.5, "rpr": 1600.7150249555, "rprd": 192.26301904722, "w": 248, "l": 182, "coil": null}, "gen7pu": {"elo": 1113.0712520621, "gxe": 54, "rpr": 1530.8011435489, "rprd": 80.65198270091, "w": 8, "l": 6, "coil": null}, "gen7randombattle": {"elo": 1432.7440268053754, "gxe": 55.7, "rpr": 1545.7372907232148, "rprd": 130, "w": 4371, "l": 4287, "coil": null}, "gen7randombattleapexabilities": {"elo": 1156.4799935850544, "gxe": 56.4, "rpr": 1549.1731673272927, "rprd": 70.4373719940341, "w": 14, "l": 10, "coil": null}, "gen7randomdoublesbattle": {"elo": 1287.6777949941, "gxe": 57.1, "rpr": 1555.8062258776, "rprd": 87.210745005431, "w": 1409, "l": 1398, "coil": null}, "gen8almostanyability": {"elo": 1230.1961521678, "gxe": 55.4, "rpr": 1541.3289374546, "rprd": 58.482600753047, "w": 20, "l": 15, "coil": null}, "gen8bdspmonotype": {"elo": 1012.4045706968, "gxe": 35.2, "rpr": 1380.6709153347, "rprd": 97.841386969503, "w": 1, "l": 5, "coil": null}, "gen8bdsprandombattle": {"elo": 1419.1315155195, "gxe": 62.6, "rpr": 1596.8762062138, "rprd": 25.572121905848, "w": 361, "l": 348, "coil": null}, "gen8bssfactory": {"elo": 1135.7562436822, "gxe": 60.9, "rpr": 1589.2960186612, "rprd": 129.9292224392, "w": 42, "l": 39, "coil": null}, "gen8challengecup1v1": {"elo": 1307.9871511214, "gxe": 57.8, "rpr": 1560.1705167816, "rprd": 55.867751793659, "w": 79, "l": 72, "coil": null}, "gen8doublesou": {"elo": 1000, "gxe": 36.9, "rpr": 1393.7959186697, "rprd": 110.39457670109, "w": 0, "l": 3, "coil": null}, "gen8doublesuu": {"elo": 1000, "gxe": 43.2, "rpr": 1445.6045094834, "rprd": 116.43945734019, "w": 0, "l": 2, "coil": null}, "gen8flipped": {"elo": 1040, "gxe": 55, "rpr": 1540.1606143388, "rprd": 122.8583080769, "w": 1, "l": 0, "coil": null}, "gen8hackmonscup": {"elo": 1330.3278984058, "gxe": 62.1, "rpr": 1595.6140501287, "rprd": 89.407644301719, "w": 48, "l": 44, "coil": null}, "gen8inverse": {"elo": 1141.1123063862, "gxe": 59.9, "rpr": 1578.9000469008, "rprd": 104.88325467312, "w": 4, "l": 1, "coil": null}, "gen8monotype": {"elo": 1235.019116014, "gxe": 49.7, "rpr": 1497.7867641349, "rprd": 77.234872497301, "w": 174, "l": 164, "coil": null}, "gen8monotyperandombattle": {"elo": 1499.4825978508, "gxe": 74.8, "rpr": 1713.7882262973, "rprd": 102.17398320441, "w": 358, "l": 317, "coil": null}, "gen8nu": {"elo": 1004.7677426773, "gxe": 35.1, "rpr": 1377.0594766136, "rprd": 121.4085456453, "w": 4, "l": 7, "coil": null}, "gen8pokebilities": {"elo": 1204.0867864318, "gxe": 55.3, "rpr": 1542.1284038917, "rprd": 122.32330533942, "w": 19, "l": 18, "coil": null}, "gen8randombattle": {"elo": 1399.5618093994, "gxe": 70.3, "rpr": 1669.5972796503, "rprd": 108.80148359785, "w": 4370, "l": 4270, "coil": null}, "gen8randombattleblitz": {"elo": 1327.726015386, "gxe": 54.6, "rpr": 1535.20074565, "rprd": 54.578590551692, "w": 95, "l": 85, "coil": null}, "gen8randombattlemayhem": {"elo": 1283.463197546, "gxe": 62.2, "rpr": 1594.0090735941, "rprd": 25, "w": 699, "l": 670, "coil": null}, "gen8randombattlenodmax": {"elo": 1219.1215423046, "gxe": 51.6, "rpr": 1512.4492525475, "rprd": 74.231292207841, "w": 10, "l": 11, "coil": null}, "gen8randomdoublesbattle": {"elo": 1299.1802216212, "gxe": 53.9, "rpr": 1534.3005121434, "rprd": 199.40434997653, "w": 80, "l": 77, "coil": null}, "gen8ru": {"elo": 1174.1767390972, "gxe": 49.2, "rpr": 1492.9694616098, "rprd": 231.08334320304, "w": 54, "l": 52, "coil": null}, "gen8sharedpower": {"elo": 1073.9461431377, "gxe": 52, "rpr": 1515.7351474276, "rprd": 102.69558323857, "w": 3, "l": 2, "coil": null}, "gen8sketchmons": {"elo": 1051.0318779644, "gxe": 45.4, "rpr": 1464.5844495701, "rprd": 64.268046490701, "w": 11, "l": 13, "coil": null}, "gen8superstaffbros4": {"elo": 1000, "gxe": 45.4, "rpr": 1462.9236092163, "rprd": 122.6963706235, "w": 0, "l": 1, "coil": null}, "gen8thelosersgame": {"elo": 1255.6581135087, "gxe": 67.1, "rpr": 1642.1947911336, "rprd": 121.38950970166, "w": 21, "l": 9, "coil": null}, "gen91v1": {"elo": 1051.674343850847, "gxe": 53.9, "rpr": 1530.795218616882, "rprd": 111.2963803532403, "w": 2, "l": 1, "coil": null}, "gen91v1factory": {"elo": 1094.3793013887998, "gxe": 50.8, "rpr": 1506.432247131398, "rprd": 53.56564463104019, "w": 20, "l": 19, "coil": null}, "gen9almostanyability": {"elo": 1000, "gxe": 43.5, "rpr": 1448.0965950150583, "rprd": 122.16674562328551, "w": 0, "l": 1, "coil": null}, "gen9b6p4randomdoublesbattlebo3": {"elo": 1199.1444673704268, "gxe": 60.2, "rpr": 1579.1783955992685, "rprd": 71.70033091745421, "w": 13, "l": 9, "coil": null}, "gen9babyrandombattle": {"elo": 1215.3638868947, "gxe": 58.1, "rpr": 1564.7360907942, "rprd": 108.28584221131, "w": 41, "l": 33, "coil": null}, "gen9battlefactory": {"elo": 1165.7431084552, "gxe": 51.9, "rpr": 1515.5283561263, "rprd": 125.041134021, "w": 32, "l": 30, "coil": null}, "gen9bonustype": {"elo": 1028.7538578834285, "gxe": 44.9, "rpr": 1459.8393856609866, "rprd": 111.36391876240276, "w": 1, "l": 2, "coil": null}, "gen9brokencup": {"elo": 1145.017662513, "gxe": 54.8, "rpr": 1541.0505297722, "rprd": 182.00801480541, "w": 11, "l": 9, "coil": null}, "gen9bssfactory": {"elo": 1010.2799603946031, "gxe": 42.5, "rpr": 1441.7551891027201, "rprd": 85.42251403763757, "w": 4, "l": 7, "coil": null}, "gen9bssfactorybo3": {"elo": 1054.7175758974577, "gxe": 55.7, "rpr": 1545.4111023343244, "rprd": 111.32501746524723, "w": 2, "l": 1, "coil": null}, "gen9caprandombattle": {"elo": 1272.7977828782, "gxe": 59.2, "rpr": 1571.5529160672, "rprd": 79.207638664781, "w": 76, "l": 61, "coil": null}, "gen9challengecup1v1": {"elo": 1010.4601304325821, "gxe": 26.5, "rpr": 1298.8874944364195, "rprd": 107.33370897930973, "w": 26, "l": 38, "coil": null}, "gen9challengecup2v2": {"elo": 1081.287088632109, "gxe": 47.2, "rpr": 1477.5657234955952, "rprd": 113.6686797949962, "w": 18, "l": 20, "coil": null}, "gen9championsrandombattle": {"elo": 1099.152518320463, "gxe": 54.9, "rpr": 1537.9005965808556, "rprd": 89.76705367122513, "w": 5, "l": 4, "coil": null}, "gen9chimera1v1randombattle": {"elo": 1030.1910362692277, "gxe": 41.4, "rpr": 1433.5422249243136, "rprd": 61.91392754488875, "w": 17, "l": 24, "coil": null}, "gen9computergeneratedteams": {"elo": 1065.600562532211, "gxe": 50.3, "rpr": 1502.6657092620712, "rprd": 96.90562716549645, "w": 10, "l": 9, "coil": null}, "gen9doublesbrokencup": {"elo": 1231.8371000630916, "gxe": 54.9, "rpr": 1536.9337714541693, "rprd": 40.51287552339166, "w": 76, "l": 69, "coil": null}, "gen9doublesou": {"elo": 1000, "gxe": 45, "rpr": 1459.8393856612,