{"username": "9624q", "userid": "9624q", "registertime": 1772323200, "group": 1, "ratings": {"gen7randombattle": {"elo": 1000, "gxe": 38.3, "rpr": 1404.9328927709607, "rprd": 121.88175565284477, "w": 0, "l": 2, "coil": null}, "gen9anythinggoes": {"elo": 1439.2842324302246, "gxe": 72.1, "rpr": 1680.3326114789268, "rprd": 43.94783022954578, "w": 64, "l": 42, "coil": null}, "gen9championsrandombattle": {"elo": 1105.3021089133604, "gxe": 55.6, "rpr": 1542.764068216941, "rprd": 51.91961237883051, "w": 23, "l": 20, "coil": null}, "gen9ou": {"elo": 1234.5180769103172, "gxe": 52.3, "rpr": 1517.2061259044012, "rprd": 46.59932497358723, "w": 190, "l": 183, "coil": null}, "gen9randombattle": {"elo": 1492.7350304652064, "gxe": 61.3, "rpr": 1587.1064284681163, "rprd": 33.89585411621564, "w": 270, "l": 266, "coil": null}, "gen9randomdoublesbattle": {"elo": 1213.9671715299385, "gxe": 47.8, "rpr": 1483.3867503763565, "rprd": 56.96106413823292, "w": 142, "l": 149, "coil": null}}}