{"username": "aajudge12", "userid": "aajudge12", "registertime": 0, "group": 0, "ratings": {"gen9randombattle": {"elo": 1115.7192616896969, "gxe": 51.3, "rpr": 1509.7346726710755, "rprd": 82.88741814009278, "w": 7, "l": 5, "coil": null}}}