{"username": "ababaguga", "userid": "ababaguga", "registertime": 1654473600, "group": 1, "ratings": {"gen5pokebilitiesrandombattle": {"elo": 1080.6561543714, "gxe": 59, "rpr": 1572.5671258289, "rprd": 117.34888499582, "w": 2, "l": 0, "coil": null}, "gen6megasrevisitedrandombattle": {"elo": 1029.3374694405647, "gxe": 46.5, "rpr": 1472.1989343122107, "rprd": 117.81650958175929, "w": 1, "l": 1, "coil": null}, "gen7randombattle": {"elo": 1039.123569357968, "gxe": 50, "rpr": 1500.208378570681, "rprd": 107.01561003799162, "w": 2, "l": 2, "coil": null}, "gen91v1": {"elo": 1096.946484858972, "gxe": 52.6, "rpr": 1519.9853888336822, "rprd": 96.84641799172864, "w": 4, "l": 2, "coil": null}, "gen91v1factory": {"elo": 1000, "gxe": 40.9, "rpr": 1427.0362000756788, "rprd": 117.46345912037272, "w": 0, "l": 2, "coil": null}, "gen9almostanyability": {"elo": 1020.1828965524577, "gxe": 39.2, "rpr": 1414.0578443118752, "rprd": 101.9605538816286, "w": 1, "l": 4, "coil": null}, "gen9bssfactorybo3": {"elo": 1111.4905378711, "gxe": 62.1, "rpr": 1597.0790215004, "rprd": 104.41015282441, "w": 5, "l": 1, "coil": null}, "gen9godlygiftrandombattle": {"elo": 1000, "gxe": 45.2, "rpr": 1461.2049701548103, "rprd": 122.52985425269253, "w": 0, "l": 1, "coil": null}, "gen9lc": {"elo": 1040, "gxe": 45.9, "rpr": 1467.1955161538935, "rprd": 112.03104035486227, "w": 1, "l": 2, "coil": null}, "gen9legendszaou": {"elo": 1098.185311776195, "gxe": 58.6, "rpr": 1568.2697811177393, "rprd": 103.00946013720221, "w": 4, "l": 1, "coil": null}, "gen9megainvasionrandombattle": {"elo": 1243.5786573703244, "gxe": 67.2, "rpr": 1638.373405952922, "rprd": 77.27992651374443, "w": 12, "l": 4, "coil": null}, "gen9monkeyspawrandombattle": {"elo": 1040, "gxe": 55, "rpr": 1540.1606143390134, "rprd": 122.85830807679145, "w": 1, "l": 0, "coil": null}, "gen9monotype": {"elo": 1424.3735342861216, "gxe": 69.7, "rpr": 1657.4202379932824, "rprd": 39.88220852850959, "w": 122, "l": 91, "coil": 2769.9134346101823}, "gen9monotyperandombattle": {"elo": 1051.7680215274902, "gxe": 54, "rpr": 1531.6290854092035, "rprd": 122.33089910289601, "w": 1, "l": 0, "coil": null}, "gen9nu": {"elo": 1026.6227676334593, "gxe": 38.5, "rpr": 1407.0096529407424, "rprd": 113.16002830399725, "w": 1, "l": 5, "coil": 685.9920129680612}, "gen9ou": {"elo": 1417.1376732684841, "gxe": 63.3, "rpr": 1605.3140298031751, "rprd": 77.93947530407719, "w": 98, "l": 78, "coil": null}, "gen9pu": {"elo": 1031.115589738906, "gxe": 46.8, "rpr": 1474.5593558318915, "rprd": 101.90146173100221, "w": 2, "l": 3, "coil": 709.3553531268664}, "gen9randombattle": {"elo": 1626.4228636880646, "gxe": 67.9, "rpr": 1641.8761215920038, "rprd": 33.59125341838594, "w": 546, "l": 505, "coil": null}, "gen9randombattleblitz": {"elo": 1000, "gxe": 41, "rpr": 1427.432874170786, "rprd": 116.77753930629355, "w": 0, "l": 2, "coil": null}, "gen9randombattlehyperblitzautochoose": {"elo": 1000, "gxe": 44.8, "rpr": 1458.6479608992572, "rprd": 121.81077248203069, "w": 0, "l": 1, "coil": null}, "gen9ru": {"elo": 1326.0182923016584, "gxe": 70.4, "rpr": 1663.0866825085438, "rprd": 25.471911553888003, "w": 185, "l": 114, "coil": 2770.672061715973}, "gen9ubers": {"elo": 1170.7891810590374, "gxe": 62.7, "rpr": 1600.7314809920044, "rprd": 90.22915703601598, "w": 7, "l": 3, "coil": null}, "gen9uu": {"elo": 1366.0412849287243, "gxe": 68, "rpr": 1645.8939660940534, "rprd": 84.50646640821981, "w": 534, "l": 285, "coil": null}, "gen9vaporemonsrandombattle": {"elo": 1040, "gxe": 55, "rpr": 1540.1606143390134, "rprd": 122.85830807679145, "w": 1, "l": 0, "coil": null}, "gen9woomodrandombattle": {"elo": 1000, "gxe": 45, "rpr": 1459.8393856609866, "rprd": 122.85830807679145, "w": 0, "l": 1, "coil": null}}}