{"username": "Abe1254", "userid": "abe1254", "registertime": 1630195200, "group": 1, "ratings": {"gen1randombattle": {"elo": 1000, "gxe": 45, "rpr": 1459.8393856612, "rprd": 122.8583080769, "w": 0, "l": 1, "coil": null}, "gen3randombattle": {"elo": 1059.9504859717, "gxe": 51.4, "rpr": 1510.9344852438, "rprd": 105.32018216446, "w": 2, "l": 2, "coil": null}, "gen5ou": {"elo": 1061.7222183875, "gxe": 40.8, "rpr": 1428.0070891663, "rprd": 81.976418819171, "w": 0, "l": 0, "coil": null}, "gen5randombattle": {"elo": 1000, "gxe": 45, "rpr": 1459.8393856612, "rprd": 122.8583080769, "w": 0, "l": 1, "coil": null}, "gen6doublesou": {"elo": 1077.1310509988662, "gxe": 59, "rpr": 1572.567125829214, "rprd": 116.77753930629355, "w": 2, "l": 0, "coil": null}, "gen6ou": {"elo": 1015.3363254584576, "gxe": 39.5, "rpr": 1414.9017094627063, "rprd": 122.75603626460882, "w": 1, "l": 3, "coil": null}, "gen6randombattle": {"elo": 1232.1513321127834, "gxe": 59.1, "rpr": 1573.6239146268424, "rprd": 118.35324495634381, "w": 19, "l": 11, "coil": null}, "gen7randombattle": {"elo": 1050.4118126355434, "gxe": 54.3, "rpr": 1534.7277367507368, "rprd": 122.137173422678, "w": 1, "l": 0, "coil": null}, "gen81v1": {"elo": 1078.1623473174, "gxe": 37, "rpr": 1379.8967410112, "rprd": 228.68411283442, "w": 3, "l": 7, "coil": null}, "gen8randombattle": {"elo": 1099.7632610948, "gxe": 41.8, "rpr": 1435.7770771765, "rprd": 78.828667530885, "w": 32, "l": 34, "coil": null}, "gen8randombattlenodmax": {"elo": 1050.4450744888, "gxe": 43, "rpr": 1446.1459762496, "rprd": 66.936098373592, "w": 9, "l": 14, "coil": null}, "gen94v4doublesuu": {"elo": 1014.7676757462, "gxe": 45.9, "rpr": 1466.9108216389, "rprd": 122.38454046198, "w": 1, "l": 2, "coil": null}, "gen9challengecup1v1": {"elo": 1156.3681698706698, "gxe": 61.5, "rpr": 1592.2956611024272, "rprd": 103.08128480084837, "w": 4, "l": 1, "coil": null}, "gen9championsou": {"elo": 1022.883037386612, "gxe": 49.3, "rpr": 1494.479397958919, "rprd": 116.64115920382018, "w": 1, "l": 1, "coil": null}, "gen9championsvgc2026regma": {"elo": 1142.7790774006367, "gxe": 52.5, "rpr": 1519.3032630966513, "rprd": 68.99903149450712, "w": 21, "l": 16, "coil": null}, "gen9championsvgc2026regmb": {"elo": 1187.052168478621, "gxe": 54.3, "rpr": 1532.6084412143277, "rprd": 61.41441447989468, "w": 16, "l": 13, "coil": null}, "gen9championsvgc2026regmbbo3": {"elo": 1000, "gxe": 45, "rpr": 1459.8393856609866, "rprd": 122.85830807679145, "w": 0, "l": 1, "coil": null}, "gen9doublesou": {"elo": 1725.7708118258, "gxe": 88.3, "rpr": 1882.7385713051, "rprd": 44.480237318198, "w": 436, "l": 235, "coil": null}, "gen9doublesubers": {"elo": 1212.5289131854897, "gxe": 62.3, "rpr": 1600.1176958088367, "rprd": 117.806421547379, "w": 10, "l": 3, "coil": null}, "gen9metronomebattle": {"elo": 1396.5786617351, "gxe": 68.2, "rpr": 1647.8895809218, "rprd": 89.149271261079, "w": 51, "l": 42, "coil": null}, "gen9monotype": {"elo": 1298.442556474093, "gxe": 71.6, "rpr": 1681.3821915633089, "rprd": 102.49767042969707, "w": 12, "l": 1, "coil": 2574.309187232032}, "gen9monotyperandombattle": {"elo": 1044.638413469346, "gxe": 48.4, "rpr": 1487.4015151303465, "rprd": 122.95641985409291, "w": 1, "l": 1, "coil": null}, "gen9nationaldex": {"elo": 1053.179353590397, "gxe": 51, "rpr": 1507.5863217644676, "rprd": 114.46955570381444, "w": 2, "l": 1, "coil": null}, "gen9randombattle": {"elo": 1808.2544736949935, "gxe": 78.7, "rpr": 1746.7203469151214, "rprd": 32.943205413999195, "w": 1598, "l": 1521, "coil": null}, "gen9randombattleblitz": {"elo": 1047.6998818477957, "gxe": 48.1, "rpr": 1485.2296940681565, "rprd": 115.64548934895411, "w": 1, "l": 1, "coil": null}, "gen9randomdoublesbattle": {"elo": 1621.0589534697006, "gxe": 68.7, "rpr": 1649.5431390046797, "rprd": 54.9133248128593, "w": 394, "l": 385, "coil": null}, "gen9randomroulette": {"elo": 1000, "gxe": 45, "rpr": 1459.8393856609866, "rprd": 122.85830807679145, "w": 0, "l": 1, "coil": null}, "gen9uu": {"elo": 1088.246578175594, "gxe": 34.7, "rpr": 1377.1145368138893, "rprd": 86.73495215650956, "w": 6, "l": 14, "coil": null}, "gen9vgc2025regg": {"elo": 1322.5692118991485, "gxe": 46.5, "rpr": 1473.283916118982, "rprd": 39.128874835742664, "w": 42, "l": 41, "coil": null}, "gen9vgc2025regh": {"elo": 1282.8357827201855, "gxe": 51.6, "rpr": 1512.1556857274154, "rprd": 37.6912875753408, "w": 55, "l": 51, "coil": null}, "gen9vgc2025regi": {"elo": 1348.1965084284884, "gxe": 58.9, "rpr": 1568.4089116629825, "rprd": 49.01455497393214, "w": 63, "l": 48, "coil": null}, "gen9vgc2025regj": {"elo": 1081.3860749862, "gxe": 59.4, "rpr": 1575.3290287794434, "rprd": 116.33635147538908, "w": 2, "l": 0, "coil": null}, "gen9vgc2026regf": {"elo": 1440.7256570543414, "gxe": 62.5, "rpr": 1598.0761872661137, "rprd": 67.46788452665139, "w": 139, "l": 120, "coil": null}, "gen9vgc2026regfbo3": {"elo": 1256.8552714293103, "gxe": 58.4, "rpr": 1564.5419556859904, "rprd": 59.33145280201601, "w": 39, "l": 28, "coil": null}, "gen9vgc2026regi": {"elo": 1338.3071870506922, "gxe": 64.6, "rpr": 1614.531206492845, "rprd": 47.38888062958174, "w": 31, "l": 21, "coil": null}}}