{"username": "absol751", "userid": "absol751", "registertime": 1737244800, "group": 1, "ratings": {"gen1ou": {"elo": 1012.2547862841, "gxe": 37.8, "rpr": 1400.1595958814, "rprd": 130, "w": 1, "l": 4, "coil": null}, "gen1randombattle": {"elo": 1050.9868634518, "gxe": 46, "rpr": 1467.8811913245, "rprd": 130, "w": 3, "l": 5, "coil": null}, "gen2randombattle": {"elo": 1040, "gxe": 55, "rpr": 1540.1606143388, "rprd": 122.8583080769, "w": 1, "l": 0, "coil": null}, "gen3randombattle": {"elo": 1130.2037760778, "gxe": 68.8, "rpr": 1659.4213784649, "rprd": 130, "w": 4, "l": 1, "coil": null}, "gen5randombattle": {"elo": 1113.1035338315, "gxe": 53.7, "rpr": 1529.3860343504, "rprd": 117.53531511801, "w": 4, "l": 6, "coil": null}, "gen6battlefactory": {"elo": 1000, "gxe": 39.2, "rpr": 1412.7227124313, "rprd": 116.89067057606, "w": 0, "l": 2, "coil": null}, "gen6ou": {"elo": 1114.2967933782, "gxe": 51.8, "rpr": 1513.8948711416, "rprd": 102.13303634002, "w": 5, "l": 3, "coil": null}, "gen6randombattle": {"elo": 1062.3675346727, "gxe": 46.7, "rpr": 1474.6098563435, "rprd": 93.638090022676, "w": 10, "l": 14, "coil": null}, "gen71v1": {"elo": 1000, "gxe": 45, "rpr": 1459.8393856612, "rprd": 122.8583080769, "w": 0, "l": 1, "coil": null}, "gen7anythinggoes": {"elo": 1004.4272719688, "gxe": 36.7, "rpr": 1393.0713247078, "rprd": 103.58364722816, "w": 1, "l": 4, "coil": null}, "gen7battlefactory": {"elo": 1030.0655690342267, "gxe": 47, "rpr": 1475.8803260893974, "rprd": 130, "w": 1, "l": 1, "coil": null}, "gen7battlespotdoubles": {"elo": 1000, "gxe": 44.2, "rpr": 1453.2759483273, "rprd": 122.03681875442, "w": 0, "l": 1, "coil": null}, "gen7doublesou": {"elo": 1075.4406047686, "gxe": 52.6, "rpr": 1520.3491979568, "rprd": 112.30920037718, "w": 2, "l": 1, "coil": null}, "gen7hackmonscup": {"elo": 1039.7526623947, "gxe": 45.9, "rpr": 1468.0251956431, "rprd": 102.15917408853, "w": 2, "l": 3, "coil": null}, "gen7letsgorandombattle": {"elo": 1107.8314016858, "gxe": 57.5, "rpr": 1559.5831343388, "rprd": 105.40763651945, "w": 6, "l": 4, "coil": null}, "gen7monotype": {"elo": 1070.6691984567, "gxe": 33.6, "rpr": 1345.6856877819, "rprd": 228.74828452236, "w": 23, "l": 39, "coil": null}, "gen7ou": {"elo": 1119.9665927991, "gxe": 36.7, "rpr": 1393.1060956812, "rprd": 96.776951838313, "w": 156, "l": 297, "coil": null}, "gen7randombattle": {"elo": 1274.9139738232, "gxe": 50.7, "rpr": 1505.5381863383, "rprd": 85.296622991548, "w": 600, "l": 788, "coil": null}, "gen7randomdoublesbattle": {"elo": 1075.5008397766, "gxe": 42.1, "rpr": 1436.1322545499, "rprd": 130, "w": 13, "l": 21, "coil": null}, "gen7vgc2017": {"elo": 1024.0689161773, "gxe": 35.1, "rpr": 1361.1776515241, "rprd": 228.98080704497, "w": 4, "l": 9, "coil": null}, "gen8monotype": {"elo": 1065.5180650831, "gxe": 45.2, "rpr": 1463.2971651702, "rprd": 53.55478579743, "w": 25, "l": 26, "coil": null}, "gen8monotyperandombattle": {"elo": 1005.2259338055, "gxe": 36.3, "rpr": 1389.7331361113, "rprd": 98.014803002531, "w": 1, "l": 5, "coil": null}, "gen8ou": {"elo": 1040.7401175036, "gxe": 31.9, "rpr": 1353.1410292174, "rprd": 81.73173380832, "w": 24, "l": 51, "coil": null}, "gen8randombattle": {"elo": 1241.6713537537435, "gxe": 50.7, "rpr": 1505.8536470294794, "rprd": 118.20749629932041, "w": 359, "l": 380, "coil": null}, "gen8randomdoublesbattle": {"elo": 1207.847706566, "gxe": 58.4, "rpr": 1575.3183903034, "rprd": 211.58471916775, "w": 45, "l": 47, "coil": null}, "gen9championsvgc2026regma": {"elo": 1456.5263703268795, "gxe": 60.9, "rpr": 1583.9710160125392, "rprd": 49.80379199307917, "w": 79, "l": 60, "coil": null}, "gen9championsvgc2026regmabo3": {"elo": 1241.223849675461, "gxe": 58.3, "rpr": 1563.723370421518, "rprd": 46.08211385098575, "w": 84, "l": 79, "coil": null}, "gen9championsvgc2026regmb": {"elo": 1044.1244076464166, "gxe": 54.6, "rpr": 1537.0434827054946, "rprd": 121.9570882306949, "w": 1, "l": 0, "coil": null}, "gen9championsvgc2026regmbbo3": {"elo": 1129.6358873669994, "gxe": 49.6, "rpr": 1496.8468157186696, "rprd": 65.23070408415379, "w": 12, "l": 14, "coil": null}, "gen9doublesou": {"elo": 1324.3660423604251, "gxe": 54.9, "rpr": 1537.3265856414685, "rprd": 68.92470793088764, "w": 235, "l": 222, "coil": null}, "gen9legendszaou": {"elo": 1101.0958696948924, "gxe": 52.1, "rpr": 1516.7482459791888, "rprd": 94.87571614218663, "w": 4, "l": 3, "coil": null}, "gen9ou": {"elo": 1187.630915211259, "gxe": 50.8, "rpr": 1506.4606735530058, "rprd": 76.56349917454045, "w": 22, "l": 18, "coil": null}, "gen9randombattle": {"elo": 1090.566325242776, "gxe": 47.5, "rpr": 1480.7944354205947, "rprd": 33.73782141761794, "w": 578, "l": 581, "coil": null}, "gen9randomdoublesbattle": {"elo": 1209.712489609538, "gxe": 66.6, "rpr": 1635.0135662100906, "rprd": 95.71292537072729, "w": 8, "l": 2, "coil": null}, "gen9vgc2026regfbo3": {"elo": 1152.168412156597, "gxe": 49.5, "rpr": 1496.1118045024002, "rprd": 71.42704489249728, "w": 22, "l": 18, "coil": null}, "gen9vgc2026regi": {"elo": 1049.9991009795392, "gxe": 55, "rpr": 1540.1606143390134, "rprd": 122.85830807679145, "w": 1, "l": 0, "coil": null}, "gen9vgc2026regibo3": {"elo": 1117.9543451452064, "gxe": 47.3, "rpr": 1479.5282041655628, "rprd": 46.35712400203747, "w": 29, "l": 29, "coil": null}, "ou": {"elo": 1061.6821317614, "gxe": 36, "rpr": 1386.2793640797, "rprd": 107.57645352569, "w": 3, "l": 5, "coil": null}}}