{"username": "Achyuth-kun", "userid": "achyuthkun", "registertime": 1620345600, "group": 1, "ratings": {"gen1randombattle": {"elo": 1084.5742281259, "gxe": 57, "rpr": 1556.5411379016, "rprd": 119.78375530327, "w": 3, "l": 1, "coil": null}, "gen1randombattleblitz": {"elo": 1313.2124456542, "gxe": 62.4, "rpr": 1616.3358425865, "rprd": 240.27763354171, "w": 56, "l": 40, "coil": null}, "gen2ou": {"elo": 1052.6170037102, "gxe": 47.6, "rpr": 1481.0686020155, "rprd": 106.76415041818, "w": 3, "l": 5, "coil": null}, "gen2randombattle": {"elo": 1058.1706958724, "gxe": 55.6, "rpr": 1545.1107847909, "rprd": 122.31831718077, "w": 1, "l": 0, "coil": null}, "gen3randombattle": {"elo": 1000, "gxe": 44.2, "rpr": 1453.3828011777, "rprd": 122.09396667762, "w": 0, "l": 1, "coil": null}, "gen4randombattle": {"elo": 1000, "gxe": 41.3, "rpr": 1430.4137654157, "rprd": 116.73641719441, "w": 0, "l": 2, "coil": null}, "gen4sharedpowerrandombattle": {"elo": 1261.0229363167, "gxe": 61.6, "rpr": 1589.8969240736, "rprd": 56.615338053829, "w": 23, "l": 15, "coil": null}, "gen5ou": {"elo": 1042.4745561812, "gxe": 42, "rpr": 1436.7531258211, "rprd": 100.26159912061, "w": 4, "l": 7, "coil": null}, "gen5randombattle": {"elo": 1424.2686735659497, "gxe": 72.8, "rpr": 1686.8182362928378, "rprd": 45.214353745076124, "w": 1031, "l": 763, "coil": null}, "gen6firstbloodrandombattle": {"elo": 1068.4077925340318, "gxe": 53.8, "rpr": 1530.3265843233107, "rprd": 112.64385614659466, "w": 2, "l": 1, "coil": null}, "gen6randombattle": {"elo": 1291.2378852058048, "gxe": 67.1, "rpr": 1643.5818259255936, "rprd": 130, "w": 22, "l": 15, "coil": null}, "gen7battlefactory": {"elo": 1381.1378352382, "gxe": 65.1, "rpr": 1638.4867603827, "rprd": 213.98552979987, "w": 82, "l": 63, "coil": null}, "gen7doublesou": {"elo": 1388.104326161065, "gxe": 72.5, "rpr": 1689.8972425357742, "rprd": 101.64624599692954, "w": 40, "l": 21, "coil": null}, "gen7pickyourteamrandombattle": {"elo": 1418.0042414545, "gxe": 69.8, "rpr": 1658.6914796622, "rprd": 39.601966632428, "w": 108, "l": 78, "coil": null}, "gen7randombattle": {"elo": 1533.4255926654475, "gxe": 76.3, "rpr": 1724.6028443258556, "rprd": 75.66604691702372, "w": 167, "l": 134, "coil": null}, "gen8battlefactory": {"elo": 1000, "gxe": 40.8, "rpr": 1425.756698444, "rprd": 116.10228485237, "w": 0, "l": 2, "coil": null}, "gen8bdsprandombattle": {"elo": 1051.6966556305, "gxe": 55.2, "rpr": 1541.78012909, "rprd": 121.93470826886, "w": 1, "l": 0, "coil": null}, "gen8doublesou": {"elo": 1323.9287094274, "gxe": 62.7, "rpr": 1611.7846241794, "rprd": 189.58147861776, "w": 27, "l": 15, "coil": null}, "gen8monotyperandombattle": {"elo": 1159.8105881208, "gxe": 56.8, "rpr": 1551.8966009316, "rprd": 58.235625129179, "w": 47, "l": 45, "coil": null}, "gen8nationaldexag": {"elo": 1262.2370694477, "gxe": 51.5, "rpr": 1511.5188659616, "rprd": 78.211287202978, "w": 196, "l": 179, "coil": null}, "gen8ou": {"elo": 1073.9609192212, "gxe": 56.3, "rpr": 1549.9856766074, "rprd": 117.24423014323, "w": 2, "l": 0, "coil": null}, "gen8randombattle": {"elo": 1420.5049671388076, "gxe": 66.5, "rpr": 1636.5885629358222, "rprd": 122.42535550180953, "w": 393, "l": 340, "coil": null}, "gen8randombattleblitz": {"elo": 1000, "gxe": 45, "rpr": 1459.8393856612, "rprd": 122.8583080769, "w": 0, "l": 1, "coil": null}, "gen8randombattlemayhem": {"elo": 1051.6731175006, "gxe": 55, "rpr": 1540.1606143388, "rprd": 122.8583080769, "w": 1, "l": 0, "coil": null}, "gen8randomdoublesbattle": {"elo": 1184.3742889204, "gxe": 64.5, "rpr": 1620.3257656347, "rprd": 130, "w": 9, "l": 4, "coil": null}, "gen8superstaffbros4": {"elo": 1000, "gxe": 45, "rpr": 1459.8393856612, "rprd": 122.8583080769, "w": 0, "l": 1, "coil": null}, "gen9babyrandombattle": {"elo": 1000, "gxe": 41, "rpr": 1427.3826802317465, "rprd": 116.84146468089878, "w": 0, "l": 2, "coil": null}, "gen9brokencup": {"elo": 1142.1756080336, "gxe": 61.9, "rpr": 1605.1136162879, "rprd": 192.3263716746, "w": 7, "l": 2, "coil": null}, "gen9doublesbrokencup": {"elo": 1103.919491419134, "gxe": 62, "rpr": 1596.437679191976, "rprd": 112.03135958183425, "w": 3, "l": 0, "coil": null}, "gen9meowcup": {"elo": 1000, "gxe": 45, "rpr": 1459.7447746440607, "rprd": 123.00293872866764, "w": 0, "l": 1, "coil": null}, "gen9nationaldex": {"elo": 1289.8038853809671, "gxe": 57.7, "rpr": 1558.634198314162, "rprd": 50.42640482384739, "w": 30, "l": 22, "coil": null}, "gen9ou": {"elo": 1365.3922289803845, "gxe": 55.7, "rpr": 1544.1068619972186, "rprd": 80.89898342139584, "w": 87, "l": 68, "coil": null}, "gen9randombattle": {"elo": 1881.5010203900056, "gxe": 81.1, "rpr": 1775.5318481367408, "rprd": 42.91287324807019, "w": 2385, "l": 2104, "coil": null}, "gen9randombattlepotd": {"elo": 1040.3452043267, "gxe": 47.5, "rpr": 1480.6379974316, "rprd": 96.070639463215, "w": 3, "l": 4, "coil": null}, "gen9randomdoublesbattle": {"elo": 1274.3717967676193, "gxe": 62.6, "rpr": 1602.5551542415349, "rprd": 115.357497215983, "w": 21, "l": 17, "coil": null}, "gen9randomroulette": {"elo": 1087.5380759084, "gxe": 52.5, "rpr": 1521.4396265162, "rprd": 180.73898098923, "w": 4, "l": 3, "coil": null}}}