{"username": "Adbbb", "userid": "adbbb", "registertime": 1745020800, "group": 1, "ratings": {"gen5ou": {"elo": 1127.4955876199015, "gxe": 47.8, "rpr": 1482.1973942118245, "rprd": 115.40719717097568, "w": 5, "l": 5, "coil": null}, "gen7randombattle": {"elo": 1066.4804284494, "gxe": 37, "rpr": 1399.2216650873, "rprd": 46.896155238385, "w": 20, "l": 33, "coil": null}, "gen8vgc2020": {"elo": 1412.9776250887, "gxe": 64.5, "rpr": 1613.5249615384, "rprd": 47.72287067046, "w": 34, "l": 16, "coil": null}, "gen9randombattle": {"elo": 1000, "gxe": 32.2, "rpr": 1352.7747370926825, "rprd": 109.43430917124279, "w": 1, "l": 5, "coil": null}}}