{"username": "Aeeeaplyuu", "userid": "aeeeaplyuu", "registertime": 1780358400, "group": 1, "ratings": {"gen9championsrandombattle": {"elo": 1136.1988542905888, "gxe": 50.8, "rpr": 1506.1870917135584, "rprd": 48.09511028181181, "w": 26, "l": 28, "coil": null}, "gen9randombattle": {"elo": 1859.1109623480286, "gxe": 81, "rpr": 1773.9181244433962, "rprd": 31.133234672478256, "w": 134, "l": 95, "coil": null}}}