{"username": "AerachAisteach", "userid": "aerachaisteach", "registertime": 1629158400, "group": 1, "ratings": {"gen7battlefactory": {"elo": 1055.3794500159, "gxe": 44.6, "rpr": 1457.3605758884, "rprd": 104.00880630844, "w": 2, "l": 4, "coil": null}, "gen7monotypebattlefactory": {"elo": 1049.8074031584, "gxe": 55, "rpr": 1540.1606143388, "rprd": 123.03963956633, "w": 1, "l": 0, "coil": null}, "gen7randombattle": {"elo": 1000, "gxe": 41.7, "rpr": 1432.5774066314, "rprd": 124.29773473084, "w": 0, "l": 1, "coil": null}, "gen8bssfactory": {"elo": 1066.5802471399, "gxe": 57.7, "rpr": 1561.8449781624, "rprd": 123.27948738913, "w": 1, "l": 0, "coil": null}, "gen8monotyperandombattle": {"elo": 1229.9177921931, "gxe": 57.8, "rpr": 1559.8425569843, "rprd": 47.450041904934, "w": 526, "l": 506, "coil": null}, "gen8ou": {"elo": 1338.2698267574, "gxe": 62.9, "rpr": 1600.2906466822, "rprd": 51.340745389561, "w": 28, "l": 14, "coil": null}, "gen8randombattle": {"elo": 1226.1715023956, "gxe": 59.5, "rpr": 1574.9515490143, "rprd": 98.338762210955, "w": 19, "l": 11, "coil": null}, "gen8randomdoublesbattle": {"elo": 1041.826804728, "gxe": 44.2, "rpr": 1454.3123907669, "rprd": 110.82439941921, "w": 1, "l": 2, "coil": null}, "gen9monotyperandombattle": {"elo": 1419.5833573996822, "gxe": 72, "rpr": 1682.1669106894233, "rprd": 80.8700026354112, "w": 126, "l": 101, "coil": null}, "gen9randombattle": {"elo": 1923.3393775232162, "gxe": 80.3, "rpr": 1765.2340855629375, "rprd": 26.015959195134208, "w": 4881, "l": 4670, "coil": null}}}