{"username": "Agni Kai King", "userid": "agnikaiking", "registertime": 1631836800, "group": 1, "ratings": {"gen81v1": {"elo": 1000, "gxe": 43.2, "rpr": 1445.6624253174, "rprd": 122.39284306425, "w": 0, "l": 1, "coil": null}, "gen8bdspmonotype": {"elo": 1111.1574130909, "gxe": 54.5, "rpr": 1535.3638375324, "rprd": 86.297035929007, "w": 6, "l": 5, "coil": null}, "gen8bdspou": {"elo": 1036.4077018457, "gxe": 33.3, "rpr": 1344.6674745669, "rprd": 221.14841267708, "w": 8, "l": 19, "coil": null}, "gen8monotype": {"elo": 1072.1067499682, "gxe": 41.7, "rpr": 1435.5733741392, "rprd": 63.389898554155, "w": 270, "l": 355, "coil": null}, "gen8monotyperandombattle": {"elo": 1101.1436493736, "gxe": 50.3, "rpr": 1502.0941237447, "rprd": 88.816462937002, "w": 5, "l": 4, "coil": null}, "gen8randombattle": {"elo": 1238.4146569655, "gxe": 50.9, "rpr": 1507.2068315059, "rprd": 52.009998507808, "w": 54, "l": 48, "coil": null}, "gen8randomdoublesbattle": {"elo": 1040, "gxe": 55, "rpr": 1540.1606143388, "rprd": 122.8583080769, "w": 1, "l": 0, "coil": null}, "gen9lc": {"elo": 1078.7510764255974, "gxe": 49.3, "rpr": 1494.5233657832684, "rprd": 62.77161378466475, "w": 14, "l": 15, "coil": null}, "gen9monotype": {"elo": 1051.0346924471303, "gxe": 35.4, "rpr": 1380.8858901917645, "rprd": 115.54460750081437, "w": 620, "l": 683, "coil": 1414.4942832333481}, "gen9monotyperandombattle": {"elo": 1000, "gxe": 41.4, "rpr": 1431.0753266190136, "rprd": 116.28087600816002, "w": 0, "l": 2, "coil": null}, "gen9randombattle": {"elo": 1126.096929348552, "gxe": 39.4, "rpr": 1419.0059287585173, "rprd": 31.751558343213933, "w": 571, "l": 712, "coil": null}, "gen9randomdoublesbattle": {"elo": 1134.6604502311218, "gxe": 59.8, "rpr": 1577.9465041486176, "rprd": 99.02727465305618, "w": 5, "l": 1, "coil": null}}}