{"username": "ahh_ceh", "userid": "ahhceh", "registertime": 1740096000, "group": 1, "ratings": {"gen9doublesou": {"elo": 1085.5607924018937, "gxe": 58.7, "rpr": 1569.4055075209305, "rprd": 115.6212302852805, "w": 2, "l": 0, "coil": null}, "gen9randombattle": {"elo": 1269.0674351490072, "gxe": 52.2, "rpr": 1516.3628501726141, "rprd": 33.53459754867556, "w": 694, "l": 765, "coil": null}, "gen9randomdoublesbattle": {"elo": 1000, "gxe": 45, "rpr": 1459.8393856609866, "rprd": 122.85830807679145, "w": 0, "l": 1, "coil": null}}}