{"username": "ahosora", "userid": "ahosora", "registertime": 1561507200, "group": 1, "ratings": {"gen5randombattle": {"elo": 1000, "gxe": 45, "rpr": 1459.8393856612, "rprd": 122.8583080769, "w": 0, "l": 1, "coil": null}, "gen7battlefactory": {"elo": 1363.637085808, "gxe": 68.1, "rpr": 1670.4021451521, "rprd": 224.06183570739, "w": 64, "l": 53, "coil": null}, "gen7ou": {"elo": 1355.6641180253, "gxe": 56.1, "rpr": 1547.5413419446, "rprd": 75.934181799367, "w": 73, "l": 72, "coil": null}, "gen7randombattle": {"elo": 1452.5148396931, "gxe": 68.8, "rpr": 1654.3675659907, "rprd": 97.692787135268, "w": 992, "l": 917, "coil": null}, "gen7superstaffbrosbrawl": {"elo": 1051.8472513192, "gxe": 55.9, "rpr": 1547.5835668634, "rprd": 122.98324190302, "w": 1, "l": 0, "coil": null}, "gen7ubers": {"elo": 1127.0681940261, "gxe": 59.3, "rpr": 1585.3925818072, "rprd": 231.33603609982, "w": 5, "l": 2, "coil": null}, "gen81v1": {"elo": 1000, "gxe": 45, "rpr": 1459.8393856612, "rprd": 122.8583080769, "w": 0, "l": 1, "coil": null}, "gen8battlefactory": {"elo": 1000, "gxe": 45, "rpr": 1459.8393856612, "rprd": 122.8583080769, "w": 0, "l": 1, "coil": null}, "gen8monotype": {"elo": 1081.2681451418, "gxe": 44.1, "rpr": 1451.9898766409, "rprd": 130, "w": 5, "l": 4, "coil": null}, "gen8nu": {"elo": 1030.7061432572, "gxe": 49.7, "rpr": 1497.2400350162, "rprd": 122.93937408631, "w": 1, "l": 2, "coil": null}, "gen8ou": {"elo": 1209.1809936245327, "gxe": 59.1, "rpr": 1573.0179185716684, "rprd": 113.39330201607558, "w": 13, "l": 8, "coil": null}, "gen8pu": {"elo": 1000, "gxe": 41.3, "rpr": 1430.1145139721, "rprd": 119.67181948105, "w": 0, "l": 2, "coil": null}, "gen8randombattle": {"elo": 1407.5118460165, "gxe": 69.6, "rpr": 1676.7123330899, "rprd": 181.06786845597, "w": 1177, "l": 1074, "coil": null}, "gen8ubers": {"elo": 1070.1028089042, "gxe": 53.2, "rpr": 1525.8305053148, "rprd": 117.02252401479, "w": 2, "l": 1, "coil": null}, "gen8uu": {"elo": 1009.9137117632, "gxe": 34.6, "rpr": 1372.0066292887, "rprd": 130, "w": 1, "l": 3, "coil": null}, "gen9battlefactory": {"elo": 1044.2057705904253, "gxe": 55.1, "rpr": 1540.5202098737725, "rprd": 121.87276963593807, "w": 1, "l": 0, "coil": null}, "gen9doublesou": {"elo": 1000, "gxe": 45, "rpr": 1459.8393856609866, "rprd": 122.85830807679145, "w": 0, "l": 1, "coil": null}, "gen9monotype": {"elo": 1091.7729755000987, "gxe": 59.1, "rpr": 1573.1915367155696, "rprd": 115.93462198049954, "w": 2, "l": 0, "coil": 1182}, "gen9nationaldex": {"elo": 1149.8444641784004, "gxe": 61.8, "rpr": 1594.9860065744822, "rprd": 107.72648613197966, "w": 4, "l": 0, "coil": null}, "gen9nu": {"elo": 1050.5689154753322, "gxe": 54.7, "rpr": 1538.030459059081, "rprd": 122.87697989972408, "w": 1, "l": 0, "coil": 17.09375}, "gen9ou": {"elo": 1093.9276780546934, "gxe": 42.4, "rpr": 1440.4459357745625, "rprd": 93.61971020073818, "w": 11, "l": 11, "coil": null}, "gen9pu": {"elo": 1003.9964509816301, "gxe": 39.5, "rpr": 1415.977011803764, "rprd": 107.30938054339462, "w": 1, "l": 3, "coil": 469.7368104260748}, "gen9randombattle": {"elo": 1737.0587097298737, "gxe": 77.6, "rpr": 1735.3452391665385, "rprd": 36.58586765563965, "w": 1965, "l": 1779, "coil": null}, "gen9ru": {"elo": 1107.5378533285575, "gxe": 55.1, "rpr": 1540.331479971785, "rprd": 111.66209812883409, "w": 4, "l": 2, "coil": 981.7703873906539}, "gen9uu": {"elo": 1049.2305962505097, "gxe": 55, "rpr": 1540.1606143390134, "rprd": 122.85830807679145, "w": 1, "l": 0, "coil": null}, "gen9zu": {"elo": 1078.8448730405796, "gxe": 56.1, "rpr": 1548.6041245322106, "rprd": 110.16380843547114, "w": 2, "l": 1, "coil": 890.53199015416}}}