{"username": "ajagd25", "userid": "ajagd25", "registertime": 0, "group": 0, "ratings": {"gen9randombattle": {"elo": 1289.809270378678, "gxe": 50.5, "rpr": 1503.9529039046788, "rprd": 28.765572850918247, "w": 805, "l": 918, "coil": null}}}