{"username": "ajtehpro", "userid": "ajtehpro", "registertime": 1778457600, "group": 1, "ratings": {"gen9randombattle": {"elo": 1973.6322657370788, "gxe": 82.8, "rpr": 1797.1639547448028, "rprd": 35.01641235282443, "w": 95, "l": 48, "coil": null}}}