{"username": "Akeyd", "userid": "akeyd", "registertime": 1662508800, "group": 1, "ratings": {"gen8doublesou": {"elo": 1067.106998092, "gxe": 44.7, "rpr": 1453.5869183672, "rprd": 204.93040371677, "w": 0, "l": 0, "coil": null}, "gen8metronomebattle": {"elo": 1080.1989897401, "gxe": 43.2, "rpr": 1446.9510214826, "rprd": 94.749064977951, "w": 0, "l": 0, "coil": null}, "gen8ou": {"elo": 1042.0978585123, "gxe": 35.8, "rpr": 1388.8727544252, "rprd": 47.975353617642, "w": 0, "l": 0, "coil": null}, "gen8randombattle": {"elo": 1337.3411847156, "gxe": 49, "rpr": 1492.591600943, "rprd": 26.413338742842, "w": 82, "l": 91, "coil": null}, "gen8randomdoublesbattle": {"elo": 1040, "gxe": 30.5, "rpr": 1313.144040366, "rprd": 229.17908422099, "w": 0, "l": 0, "coil": null}, "gen8vgc2022": {"elo": 1000, "gxe": 40.4, "rpr": 1422.7630975005, "rprd": 116.07145521118, "w": 0, "l": 0, "coil": null}, "gen9doublesou": {"elo": 1070.3447395032097, "gxe": 29.4, "rpr": 1331.661745476031, "rprd": 75.00253444544673, "w": 17, "l": 31, "coil": null}, "gen9ou": {"elo": 1114.7621092913876, "gxe": 36.7, "rpr": 1393.8024254442923, "rprd": 89.12096685887529, "w": 29, "l": 59, "coil": null}, "gen9randombattle": {"elo": 1369.3715794018935, "gxe": 54.9, "rpr": 1536.7901440550959, "rprd": 33.80827396794824, "w": 4231, "l": 4311, "coil": null}, "gen9uu": {"elo": 1017.0568705466208, "gxe": 25.3, "rpr": 1291.697633635974, "rprd": 75.389023885376, "w": 4, "l": 13, "coil": null}, "gen9vgc2023regulationc": {"elo": 1123.729017752026, "gxe": 37.9, "rpr": 1404.7363328638037, "rprd": 75.52348987331229, "w": 6, "l": 10, "coil": null}}}