{"username": "Alfajoress", "userid": "alfajoress", "registertime": 1615420800, "group": 1, "ratings": {"gen7ou": {"elo": 1067.5389051878, "gxe": 53.1, "rpr": 1524.6556477098, "rprd": 114.84219087368, "w": 0, "l": 1, "coil": null}, "gen8metronomebattle": {"elo": 1140.9061991435, "gxe": 57.4, "rpr": 1557.8420890136, "rprd": 89.030743995577, "w": 6, "l": 3, "coil": null}, "gen8monotyperandombattle": {"elo": 1207.3898353431, "gxe": 56.4, "rpr": 1548.9055222936, "rprd": 66.007130610742, "w": 15, "l": 10, "coil": null}, "gen8ou": {"elo": 1237.1144815566, "gxe": 51.6, "rpr": 1512.4985012884, "rprd": 56.64912498371, "w": 32, "l": 25, "coil": null}, "gen8oublitz": {"elo": 1000, "gxe": 45, "rpr": 1459.8393856612, "rprd": 122.8583080769, "w": 0, "l": 1, "coil": null}, "gen8randombattle": {"elo": 1119.5824654888, "gxe": 38.8, "rpr": 1408.8217716623, "rprd": 127.12410128726, "w": 80, "l": 78, "coil": null}, "gen9monotyperandombattle": {"elo": 1056.2436324095172, "gxe": 47.6, "rpr": 1480.9529788836628, "rprd": 117.16569330243856, "w": 1, "l": 1, "coil": null}, "gen9ou": {"elo": 1218.2407393124806, "gxe": 54.5, "rpr": 1534.3039298988099, "rprd": 61.50602466233336, "w": 19, "l": 11, "coil": null}, "gen9randombattle": {"elo": 1428.3592234330188, "gxe": 56.5, "rpr": 1549.4938217516947, "rprd": 36.00831172522166, "w": 122, "l": 110, "coil": null}}}