{"username": "alfredochi", "userid": "alfredochi", "registertime": 1661299200, "group": 1, "ratings": {"gen3ou": {"elo": 1056.5402814803547, "gxe": 42.8, "rpr": 1442.4969750112589, "rprd": 111.325652359683, "w": 1, "l": 2, "coil": null}, "gen8anythinggoes": {"elo": 1000, "gxe": 44.1, "rpr": 1452.5531598832, "rprd": 122.23479565661, "w": 0, "l": 0, "coil": null}, "gen8battlestadiumsingles": {"elo": 1037.8585854149, "gxe": 43.1, "rpr": 1445.997689769, "rprd": 97.905761353454, "w": 0, "l": 0, "coil": null}, "gen8ou": {"elo": 1081.1440791791, "gxe": 42, "rpr": 1438.7863151556, "rprd": 38.748728325818, "w": 180, "l": 196, "coil": null}, "gen8oublitz": {"elo": 1061.9259122188, "gxe": 52, "rpr": 1515.6110900476, "rprd": 110.1669256075, "w": 2, "l": 2, "coil": null}, "gen8randombattle": {"elo": 1399.0808376154, "gxe": 62.8, "rpr": 1616.2777634191, "rprd": 213.57748585877, "w": 129, "l": 109, "coil": null}, "gen8randombattleblitz": {"elo": 1202.6375430432, "gxe": 61.5, "rpr": 1591.0791816026, "rprd": 86.020927501874, "w": 9, "l": 2, "coil": null}, "gen92v2doubles": {"elo": 1000, "gxe": 46.3, "rpr": 1470.3489572550964, "rprd": 122.67933540265476, "w": 0, "l": 1, "coil": null}, "gen9battlefactory": {"elo": 1045.5154257360523, "gxe": 55.4, "rpr": 1543.6147102821967, "rprd": 122.79729518826282, "w": 1, "l": 0, "coil": null}, "gen9battlestadiumsinglesregulationc": {"elo": 1000, "gxe": 38.2, "rpr": 1404.9718384767511, "rprd": 110.30552570829045, "w": 0, "l": 3, "coil": null}, "gen9battlestadiumsinglesregulationd": {"elo": 1000, "gxe": 44, "rpr": 1451.5522284782344, "rprd": 122.75191686098358, "w": 0, "l": 1, "coil": null}, "gen9battlestadiumsinglesseries1": {"elo": 1222.1413755789, "gxe": 50.5, "rpr": 1504.1064019134, "rprd": 36.435132906847, "w": 58, "l": 59, "coil": null}, "gen9doublesou": {"elo": 1012.8170597135, "gxe": 41.4, "rpr": 1432.3499025827, "rprd": 98.032713552507, "w": 2, "l": 4, "coil": null}, "gen9doublesuu": {"elo": 1122.5047481593397, "gxe": 62.2, "rpr": 1597.1132633941793, "rprd": 99.86417245014158, "w": 4, "l": 2, "coil": null}, "gen9nationaldex": {"elo": 1045.3207368004892, "gxe": 53.9, "rpr": 1530.9866339039045, "rprd": 122.51504143013261, "w": 1, "l": 0, "coil": null}, "gen9nationaldexuu": {"elo": 1132.9288826293766, "gxe": 51.9, "rpr": 1514.6011674159122, "rprd": 76.00544565692165, "w": 8, "l": 8, "coil": null}, "gen9nu": {"elo": 1247.9032636548072, "gxe": 58.1, "rpr": 1561.9743244827575, "rprd": 30.87703968683996, "w": 79, "l": 66, "coil": 2247.5203937812666}, "gen9ou": {"elo": 1581.0878163272682, "gxe": 72.1, "rpr": 1679.923400788739, "rprd": 50.27106535315469, "w": 186, "l": 162, "coil": null}, "gen9pu": {"elo": 1145.9541388500165, "gxe": 48.9, "rpr": 1491.6104173388426, "rprd": 83.77087361308281, "w": 259, "l": 237, "coil": 1936.9590679562957}, "gen9randombattle": {"elo": 1843.148226018471, "gxe": 81.7, "rpr": 1783.0914637315086, "rprd": 36.76274776105246, "w": 2012, "l": 1854, "coil": null}, "gen9randombattleblitz": {"elo": 1062.6823716179172, "gxe": 51.7, "rpr": 1513.6231586392282, "rprd": 110.50769329548905, "w": 2, "l": 1, "coil": null}, "gen9ru": {"elo": 1190.3259196329661, "gxe": 56.4, "rpr": 1548.7834412584639, "rprd": 60.027915573501225, "w": 31, "l": 26, "coil": 2071.9081529177}, "gen9ubers": {"elo": 1039.7081075514, "gxe": 49.6, "rpr": 1496.6953635621, "rprd": 116.06847194408, "w": 1, "l": 1, "coil": null}, "gen9uu": {"elo": 1219.627787901064, "gxe": 52.6, "rpr": 1519.5435278063821, "rprd": 56.363192679928716, "w": 75, "l": 67, "coil": null}, "gen9vgc2023regulationd": {"elo": 1117.0490628643072, "gxe": 44.2, "rpr": 1455.8811553252401, "rprd": 49.909918946725924, "w": 23, "l": 22, "coil": null}, "gen9vgc2023regulatione": {"elo": 1048.9252236961345, "gxe": 53.8, "rpr": 1530.5969347046976, "rprd": 122.4357000163957, "w": 1, "l": 0, "coil": null}, "gen9vgc2023series1": {"elo": 1087.4797073582, "gxe": 57.7, "rpr": 1561.4623436142, "rprd": 116.23405952199, "w": 2, "l": 0, "coil": null}, "gen9vgc2024regf": {"elo": 1115.2050480966848, "gxe": 46.2, "rpr": 1470.956871921032, "rprd": 46.66869340774531, "w": 37, "l": 36, "coil": null}, "gen9vgc2024regfbo3": {"elo": 1000, "gxe": 44.4, "rpr": 1455.2114968412072, "rprd": 122.06094246374589, "w": 0, "l": 1, "coil": null}, "gen9vgc2024regg": {"elo": 1172.5975358417707, "gxe": 51.5, "rpr": 1511.5842025198679, "rprd": 38.835291569378704, "w": 70, "l": 63, "coil": null}, "gen9vgc2024regh": {"elo": 1237.2179474498985, "gxe": 54.4, "rpr": 1533.642304375807, "rprd": 68.71984940896299, "w": 13, "l": 10, "coil": null}, "gen9zu": {"elo": 1202.221085093865, "gxe": 55, "rpr": 1539.7505215809838, "rprd": 110.54809004474423, "w": 83, "l": 78, "coil": 2162.438050833272}}}