{"username": "alienwere", "userid": "alienwere", "registertime": 1484697600, "group": 1, "ratings": {"gen1randombattle": {"elo": 1102.1830840612, "gxe": 59.2, "rpr": 1572.9258659508, "rprd": 105.69553875654, "w": 3, "l": 1, "coil": null}, "gen6ou": {"elo": 1226.3673313633, "gxe": 66, "rpr": 1627.7345040911, "rprd": 74.801296761253, "w": 14, "l": 7, "coil": null}, "gen6randombattle": {"elo": 1078.8500055118, "gxe": 59, "rpr": 1572.5671258289, "rprd": 116.77753930647, "w": 2, "l": 0, "coil": null}, "gen71v1": {"elo": 1312.1865847674, "gxe": 43.4, "rpr": 1449.0695271156, "rprd": 56.407183159535, "w": 83, "l": 91, "coil": null}, "gen7350cup": {"elo": 1007.0042707055, "gxe": 38.6, "rpr": 1408.8432933138, "rprd": 102.91320844611, "w": 1, "l": 4, "coil": null}, "gen7anythinggoes": {"elo": 1463.4080406213, "gxe": 73.1, "rpr": 1723.3553130365, "rprd": 218.72608712255, "w": 37, "l": 16, "coil": null}, "gen7balancedhackmons": {"elo": 1126.233074569, "gxe": 53, "rpr": 1523.37503503, "rprd": 68.976856485691, "w": 11, "l": 10, "coil": null}, "gen7camomons": {"elo": 1025.7586161046, "gxe": 50, "rpr": 1500, "rprd": 116.77753930647, "w": 1, "l": 1, "coil": null}, "gen7cap": {"elo": 1000, "gxe": 45.6, "rpr": 1465.0550628597, "rprd": 122.87339770312, "w": 0, "l": 1, "coil": null}, "gen7chimera": {"elo": 1068.1717327465, "gxe": 47.8, "rpr": 1483.1416720702, "rprd": 81.31544465235, "w": 6, "l": 7, "coil": null}, "gen7doublesou": {"elo": 1070.9658262419, "gxe": 46.5, "rpr": 1468.475305354, "rprd": 225.0614405026, "w": 12, "l": 14, "coil": null}, "gen7hackmonscup": {"elo": 1107.4468950782, "gxe": 60.8, "rpr": 1585.5207372936, "rprd": 96.446625576292, "w": 5, "l": 2, "coil": null}, "gen7inheritance": {"elo": 1253.9920684157, "gxe": 65, "rpr": 1621.3634964432, "rprd": 101.88545485896, "w": 16, "l": 9, "coil": null}, "gen7lc": {"elo": 1000, "gxe": 35.7, "rpr": 1385.7413666597, "rprd": 91.046535842476, "w": 2, "l": 7, "coil": null}, "gen7monotype": {"elo": 1025.1857751433, "gxe": 35.8, "rpr": 1384.8416265483, "rprd": 109.95674220498, "w": 3, "l": 6, "coil": null}, "gen7ou": {"elo": 1462.0676868850967, "gxe": 64.9, "rpr": 1621.6845718425059, "rprd": 115.96355484463867, "w": 500, "l": 482, "coil": null}, "gen7oublitz": {"elo": 1080.3103197622, "gxe": 58.5, "rpr": 1567.8916878914, "rprd": 116.2034677097, "w": 2, "l": 0, "coil": null}, "gen7partnersincrime": {"elo": 1025.5811147527, "gxe": 49.4, "rpr": 1495.3173397266, "rprd": 116.26778393179, "w": 1, "l": 1, "coil": null}, "gen7pokebankdoublesou": {"elo": 1134.6291724092, "gxe": 54.7, "rpr": 1535.6780650749, "rprd": 51.161704115942, "w": 23, "l": 21, "coil": null}, "gen7pokebankdoublesubers": {"elo": 1040, "gxe": 51.4, "rpr": 1511.0728687767, "rprd": 116.77195604845, "w": 1, "l": 1, "coil": null}, "gen7pokebilities": {"elo": 1188.5962547042, "gxe": 60.4, "rpr": 1580.8968325466, "rprd": 70.675614904485, "w": 13, "l": 8, "coil": null}, "gen7pokebilitiesrandombattle": {"elo": 1040, "gxe": 55, "rpr": 1540.1606143390134, "rprd": 122.85830807679145, "w": 1, "l": 0, "coil": null}, "gen7pu": {"elo": 1038.4432217548, "gxe": 49.4, "rpr": 1495.1801880403, "rprd": 116.02589580439, "w": 1, "l": 1, "coil": null}, "gen7randombattle": {"elo": 1521.447506266438, "gxe": 65.6, "rpr": 1625.3610384700478, "rprd": 90.11827890649137, "w": 121, "l": 117, "coil": null}, "gen7stabmons": {"elo": 1061.7602077531, "gxe": 52.3, "rpr": 1518.1799556634, "rprd": 111.07439504732, "w": 2, "l": 1, "coil": null}, "gen7ubers": {"elo": 1275.9489960909, "gxe": 65.9, "rpr": 1631.2467327396, "rprd": 122.45562610422, "w": 33, "l": 25, "coil": null}, "gen7uu": {"elo": 1144.5308663994, "gxe": 56.2, "rpr": 1556.4117154371, "rprd": 223.06966800599, "w": 16, "l": 13, "coil": null}, "gen81v1": {"elo": 1118.392127524, "gxe": 51, "rpr": 1509.1253929328, "rprd": 231.55686372966, "w": 4, "l": 3, "coil": null}, "gen8almostanyability": {"elo": 1153.7079817312, "gxe": 59.5, "rpr": 1573.4440415041, "rprd": 55.832910473825, "w": 21, "l": 16, "coil": null}, "gen8bdspou": {"elo": 1162.0666710777, "gxe": 52.4, "rpr": 1521.3195753625, "rprd": 225.20068787759, "w": 9, "l": 6, "coil": null}, "gen8camomons": {"elo": 1000, "gxe": 39.1, "rpr": 1411.589658042, "rprd": 116.94436657827, "w": 0, "l": 2, "coil": null}, "gen8joltemonsrandombattle": {"elo": 1040, "gxe": 55, "rpr": 1540.1606143390134, "rprd": 122.85830807679145, "w": 1, "l": 0, "coil": null}, "gen8monotype": {"elo": 1262.1115737203, "gxe": 63, "rpr": 1601.9331126109, "rprd": 67.788764607918, "w": 16, "l": 6, "coil": null}, "gen8monotyperandombattle": {"elo": 1040, "gxe": 55, "rpr": 1540.1606143388, "rprd": 122.8583080769, "w": 1, "l": 0, "coil": null}, "gen8nu": {"elo": 1159.8767814898, "gxe": 53.3, "rpr": 1525.3096771508, "rprd": 68.061888702391, "w": 77, "l": 60, "coil": null}, "gen8ou": {"elo": 1399.5380941746, "gxe": 67.4, "rpr": 1663.2163658362, "rprd": 222.60954239932, "w": 317, "l": 272, "coil": null}, "gen8oublitz": {"elo": 1044.3264084328, "gxe": 54.4, "rpr": 1535.2069631616, "rprd": 122.90138318088, "w": 1, "l": 0, "coil": null}, "gen8randombattle": {"elo": 1400.5183971436775, "gxe": 75.4, "rpr": 1720.1242960953657, "rprd": 106.26705685046853, "w": 3194, "l": 2952, "coil": null}, "gen8ru": {"elo": 1087.5908469053, "gxe": 45.9, "rpr": 1467.7706394776, "rprd": 106.64912127355, "w": 15, "l": 14, "coil": null}, "gen8ubers": {"elo": 1335.2914882981, "gxe": 68.7, "rpr": 1676.4643056576, "rprd": 221.67051876223, "w": 17, "l": 6, "coil": null}, "gen9championsrandombattle": {"elo": 1000, "gxe": 46.6, "rpr": 1472.8434640631424, "rprd": 123.1362962771325, "w": 0, "l": 1, "coil": null}, "gen9computergeneratedteams": {"elo": 1047.6194010601132, "gxe": 57.5, "rpr": 1560.1722204966952, "rprd": 123.05593700608749, "w": 1, "l": 0, "coil": null}, "gen9franticfusions": {"elo": 1064.6327956668265, "gxe": 49.7, "rpr": 1497.2954828717232, "rprd": 106.54575943518729, "w": 2, "l": 2, "coil": null}, "gen9inverse": {"elo": 1136.8819407907, "gxe": 56.8, "rpr": 1552.2434959844, "rprd": 66.353606386736, "w": 18, "l": 14, "coil": null}, "gen9legendszaou": {"elo": 1087.4027511162542, "gxe": 58.5, "rpr": 1567.8658100947137, "rprd": 116.13982981413051, "w": 2, "l": 0, "coil": null}, "gen9monotype": {"elo": 1430.2224863366353, "gxe": 66.3, "rpr": 1631.0764208755234, "rprd": 80.52450100493397, "w": 77, "l": 55, "coil": 2624.2938289660406}, "gen9monotyperandombattle": {"elo": 1043.491988995907, "gxe": 55, "rpr": 1540.1606143390134, "rprd": 122.85830807679145, "w": 1, "l": 0, "coil": null}, "gen9ou": {"elo": 1495.868298398044, "gxe": 74.6, "rpr": 1707.458047342899, "rprd": 74.56502982449244, "w": 249, "l": 203, "coil": null}, "gen9pickyourteamrandombattle": {"elo": 1192.3342390163177, "gxe": 69.3, "rpr": 1657.3041147082813, "rprd": 80.16240287972248, "w": 11, "l": 3, "coil": null}, "gen9pu": {"elo": 1111.1409704420657, "gxe": 51.3, "rpr": 1509.6391097949027, "rprd": 71.37419184244055, "w": 10, "l": 9, "coil": 1589.5403929655888}, "gen9randombattle": {"elo": 1967.4674807910235, "gxe": 84.1, "rpr": 1814.2494367163617, "rprd": 36.35684507459345, "w": 4333, "l": 3967, "coil": null}, "gen9randombattleblitz": {"elo": 1733.691466242, "gxe": 74, "rpr": 1697.7098508288, "rprd": 28.328075219373, "w": 331, "l": 273, "coil": null}, "gen9ubers": {"elo": 1000, "gxe": 45, "rpr": 1459.8393856609866, "rprd": 122.85830807679145, "w": 0, "l": 1, "coil": null}, "gen9uu": {"elo": 1304.0594427738233, "gxe": 63.6, "rpr": 1605.9872423342388, "rprd": 46.357508417354666, "w": 34, "l": 24, "coil": null}, "ubers": {"elo": 1177.1926201102, "gxe": 52.5, "rpr": 1519.4226846984, "rprd": 61.402042662844, "w": 17, "l": 13, "coil": null}}}