{"username": "AllCuzOfHax", "userid": "allcuzofhax", "registertime": 1407974400, "group": 1, "ratings": {"gen3ou": {"elo": 1299.179554259581, "gxe": 57.5, "rpr": 1557.7986710652149, "rprd": 59.789903217102804, "w": 22, "l": 12, "coil": null}, "gen5randombattle": {"elo": 1042.2301899701492, "gxe": 55.5, "rpr": 1544.1210031973415, "rprd": 122.95876866005051, "w": 1, "l": 0, "coil": null}, "gen7anythinggoes": {"elo": 1499.9133177236, "gxe": 85.7, "rpr": 1905.6801293348, "rprd": 229.91955575988, "w": 89, "l": 32, "coil": null}, "gen7doublesou": {"elo": 1499.0316455138, "gxe": 74, "rpr": 1735.0252366232, "rprd": 223.24852080827, "w": 64, "l": 29, "coil": null}, "gen7ou": {"elo": 1432.2927467811, "gxe": 70.2, "rpr": 1661.7360968312, "rprd": 25.973440453742, "w": 190, "l": 164, "coil": null}, "gen7ubers": {"elo": 1499.841000619, "gxe": 80.3, "rpr": 1814.9429953826, "rprd": 219.96346739702, "w": 338, "l": 215, "coil": null}, "gen8bdspou": {"elo": 1482.3032145213, "gxe": 72.3, "rpr": 1713.8763236657, "rprd": 216.03055536313, "w": 51, "l": 21, "coil": null}, "gen8ou": {"elo": 1353.6981628262, "gxe": 63, "rpr": 1600.9683690529, "rprd": 46.240662996364, "w": 33, "l": 20, "coil": null}, "gen8randombattle": {"elo": 1412.4389081855, "gxe": 78.1, "rpr": 1769.5116029447, "rprd": 177.3020795063, "w": 252, "l": 196, "coil": null}, "gen9anythinggoes": {"elo": 1486.3635612279036, "gxe": 77.1, "rpr": 1732.4184575920106, "rprd": 66.47032995138156, "w": 37, "l": 15, "coil": null}, "gen9ou": {"elo": 1608.9845219834347, "gxe": 69.8, "rpr": 1657.8682395002086, "rprd": 28.451640315622427, "w": 206, "l": 169, "coil": null}, "gen9randombattle": {"elo": 2109.9797263338583, "gxe": 85.1, "rpr": 1829.0229323287513, "rprd": 31.599127979217222, "w": 1498, "l": 1254, "coil": null}, "gen9ubers": {"elo": 1519.7765916845, "gxe": 84.3, "rpr": 1821.1790159467, "rprd": 61.232994829374, "w": 461, "l": 241, "coil": null}, "gen9vgc2023regulationc": {"elo": 1428.0335471589592, "gxe": 58.5, "rpr": 1564.8658470421003, "rprd": 31.77334005778038, "w": 77, "l": 61, "coil": null}, "ou": {"elo": 1221.9288256145, "gxe": 62.8, "rpr": 1600.9540767587, "rprd": 77.00883371132, "w": 12, "l": 4, "coil": null}, "ubers": {"elo": 1079.9432822877, "gxe": 54.5, "rpr": 1535.5187879527, "rprd": 106.23503840623, "w": 3, "l": 1, "coil": null}}}