{"username": "Alpha Clement", "userid": "alphaclement", "registertime": 1471046400, "group": 1, "ratings": {"gen1ou": {"elo": 1142.2428780407, "gxe": 66.3, "rpr": 1633.0194769674, "rprd": 106.09707906667, "w": 4, "l": 0, "coil": null}, "gen1randombattle": {"elo": 1127.9836076037, "gxe": 60.3, "rpr": 1582.1518105266, "rprd": 102.66220839787, "w": 4, "l": 1, "coil": null}, "gen71v1": {"elo": 1290.7363421074, "gxe": 52.7, "rpr": 1520.2763619232, "rprd": 56.128077197065, "w": 227, "l": 173, "coil": null}, "gen7battlespotspecial15": {"elo": 1093.9989818466, "gxe": 50.9, "rpr": 1507.7667542481, "rprd": 207.60842775068, "w": 90, "l": 82, "coil": null}, "gen7battlespotspecial17": {"elo": 1093.1130945226, "gxe": 51.2, "rpr": 1510.5603586029, "rprd": 211.01660800712, "w": 3, "l": 4, "coil": null}, "gen7johtoxalola": {"elo": 1087.3943460527, "gxe": 53.4, "rpr": 1526.4555328849, "rprd": 81.74855021244, "w": 7, "l": 6, "coil": null}, "gen7letsgocup": {"elo": 1260.461007913, "gxe": 58, "rpr": 1560.7866049763, "rprd": 25, "w": 227, "l": 184, "coil": null}, "gen7monotyperandombattle": {"elo": 1375.9778683498, "gxe": 60.7, "rpr": 1582.5291051246, "rprd": 58.202159236053, "w": 104, "l": 89, "coil": null}, "gen7randombattle": {"elo": 1499.7290116298, "gxe": 74.6, "rpr": 1707.5013385873, "rprd": 74.321748307404, "w": 163, "l": 144, "coil": null}, "gen7simplesymphony": {"elo": 1138.233854852, "gxe": 41.6, "rpr": 1424.3533466975, "rprd": 220.31365098864, "w": 5, "l": 2, "coil": null}, "gen7suicidecup": {"elo": 1300.676043194, "gxe": 62.6, "rpr": 1622.7355562617, "rprd": 265.97672158298, "w": 41, "l": 25, "coil": null}, "gen7ultrafinal": {"elo": 1379.1530487419, "gxe": 68.8, "rpr": 1670.8984049426, "rprd": 192.68788522206, "w": 44, "l": 15, "coil": null}, "gen7ultrakalosclassic": {"elo": 1192.5630569314, "gxe": 59.2, "rpr": 1585.8590088673, "rprd": 244.29079881667, "w": 38, "l": 25, "coil": null}, "gen7ultranoholdsbarred": {"elo": 1253.174576874, "gxe": 69, "rpr": 1683.3240067994, "rprd": 239.27616302461, "w": 207, "l": 98, "coil": null}, "gen7ultrasinnohclassic": {"elo": 1056.1230257075, "gxe": 56.5, "rpr": 1549.4601873098, "rprd": 45.895765719358, "w": 31, "l": 26, "coil": null}, "gen7ultraspookycup": {"elo": 1329.1897675645, "gxe": 63.8, "rpr": 1627.4435717873, "rprd": 226.34693878251, "w": 81, "l": 40, "coil": null}, "gen81v1": {"elo": 1449.6605486989, "gxe": 55.7, "rpr": 1545.3335083608, "rprd": 106.23183732655, "w": 69, "l": 43, "coil": null}, "gen8armorbeginnings": {"elo": 1363.9625669236, "gxe": 63.4, "rpr": 1612.4683543438, "rprd": 148.79200661742, "w": 109, "l": 65, "coil": null}, "gen8battlestadiumsingles": {"elo": 1465.2309716919, "gxe": 71.3, "rpr": 1677.4474491793, "rprd": 96.346822417854, "w": 48, "l": 26, "coil": null}, "gen8bdsprandombattle": {"elo": 1499.2314303205, "gxe": 69.4, "rpr": 1657.2325725301, "rprd": 70.568777192794, "w": 165, "l": 119, "coil": null}, "gen8championleague": {"elo": 1294.9574427108, "gxe": 67.9, "rpr": 1644.3872572582, "rprd": 75.756864153055, "w": 18, "l": 6, "coil": null}, "gen8dragonkingcup": {"elo": 1177.1096300788, "gxe": 59.7, "rpr": 1578.8796598625, "rprd": 129.94773567266, "w": 59, "l": 38, "coil": null}, "gen8extremespeedsinglebattles": {"elo": 1498.6570595046, "gxe": 52.5, "rpr": 1521.1940143669, "rprd": 166.13660001039, "w": 290, "l": 269, "coil": null}, "gen8fairandsquare": {"elo": 1337.1600561, "gxe": 72.1, "rpr": 1686.5944038182, "rprd": 104.8587568296, "w": 21, "l": 6, "coil": null}, "gen8gymchallenge": {"elo": 1162.5492451834, "gxe": 55.3, "rpr": 1540.4494765414, "rprd": 64.830407538387, "w": 17, "l": 14, "coil": null}, "gen8ichoosechu": {"elo": 1199.0513635191, "gxe": 59.5, "rpr": 1573.0849900901, "rprd": 54.743574479404, "w": 45, "l": 34, "coil": null}, "gen8jumpmagikarp": {"elo": 1260.7029541034, "gxe": 55.3, "rpr": 1543.3497084555, "rprd": 148.68741375869, "w": 68, "l": 66, "coil": null}, "gen8metronomebattle": {"elo": 1277.894452981, "gxe": 62.6, "rpr": 1597.6181025556, "rprd": 34.569748577028, "w": 106, "l": 75, "coil": null}, "gen8mythicalmelee": {"elo": 1207.5471875572, "gxe": 66, "rpr": 1627.1650774833, "rprd": 69.492064263652, "w": 47, "l": 26, "coil": null}, "gen8ou": {"elo": 1071.1497715784, "gxe": 47.7, "rpr": 1481.8224715078, "rprd": 82.483245054134, "w": 6, "l": 6, "coil": null}, "gen8randombattle": {"elo": 1413.149626619, "gxe": 79.5, "rpr": 1786.9588054645, "rprd": 178.31780372797, "w": 1452, "l": 1202, "coil": null}, "gen8randombattleblitz": {"elo": 1040, "gxe": 55, "rpr": 1540.1606143388, "rprd": 122.8583080769, "w": 1, "l": 0, "coil": null}, "gen8testyourluck": {"elo": 1136.6393956611, "gxe": 56, "rpr": 1545.993794696, "rprd": 59.56819587662, "w": 21, "l": 18, "coil": null}, "gen8tundratourney": {"elo": 1175.7808516979, "gxe": 58.7, "rpr": 1570.6129170263, "rprd": 132.25262072709, "w": 58, "l": 51, "coil": null}, "gen8waterparadise": {"elo": 1306.0518969277, "gxe": 61.7, "rpr": 1592.3229467207, "rprd": 80.435842821533, "w": 79, "l": 59, "coil": null}, "gen9dragonkingcup": {"elo": 1000, "gxe": 45, "rpr": 1459.8393856612, "rprd": 123.40150317888, "w": 0, "l": 1, "coil": null}, "gen9randombattle": {"elo": 1938.5867269107237, "gxe": 82.3, "rpr": 1789.8183464641875, "rprd": 32.274906119152405, "w": 2689, "l": 2351, "coil": null}, "gen9randombattleblitz": {"elo": 1083.4070676436, "gxe": 58.2, "rpr": 1566.063602579, "rprd": 120.31811543591, "w": 2, "l": 0, "coil": null}, "gen9teamstarchallenge": {"elo": 1095.2148893091, "gxe": 49.7, "rpr": 1497.9462153284, "rprd": 104.17861431323, "w": 3, "l": 3, "coil": null}, "gen9terastalcrescendo": {"elo": 1020.498357732071, "gxe": 40.4, "rpr": 1423.4508978687434, "rprd": 106.14892552994876, "w": 1, "l": 3, "coil": null}, "gen9trickmagic": {"elo": 1324.5229890929, "gxe": 60, "rpr": 1576.7939550701, "rprd": 48.989440015838, "w": 50, "l": 35, "coil": null}}}