{"username": "alt824", "userid": "alt824", "registertime": 1745366400, "group": 1, "ratings": {"gen9almostanyability": {"elo": 1314.579550263263, "gxe": 57.2, "rpr": 1556.5007555837826, "rprd": 97.97497542416524, "w": 61, "l": 56, "coil": null}, "gen9ou": {"elo": 1271.9863575771953, "gxe": 52.6, "rpr": 1520.0757542389333, "rprd": 44.99269926516053, "w": 1109, "l": 1124, "coil": null}, "gen9randombattle": {"elo": 1454.3478389478018, "gxe": 59.4, "rpr": 1571.7033592615592, "rprd": 26.895405119087727, "w": 555, "l": 544, "coil": null}, "gen9randombattleblitz": {"elo": 1134.8087947147744, "gxe": 65, "rpr": 1622.7444349426933, "rprd": 110.6852707316856, "w": 4, "l": 0, "coil": null}, "gen9ru": {"elo": 1030.9909036989893, "gxe": 38.9, "rpr": 1411.238526436536, "rprd": 106.16830403348179, "w": 1, "l": 3, "coil": 462.6015677360585}, "gen9ubers": {"elo": 1496.7162771997769, "gxe": 81, "rpr": 1787.9036924890152, "rprd": 113.89218959936656, "w": 33, "l": 17, "coil": null}}}