{"username": "alvx", "userid": "alvx", "registertime": 1625356800, "group": 1, "ratings": {"gen8randombattle": {"elo": 1414.7766176418, "gxe": 64.1, "rpr": 1622.9387782617, "rprd": 175.27864313637, "w": 1290, "l": 1245, "coil": null}, "gen9battlefactory": {"elo": 1064.672340622968, "gxe": 53.8, "rpr": 1529.9440932896396, "rprd": 110.46749624235133, "w": 2, "l": 1, "coil": null}, "gen9metronomebattle": {"elo": 1460.3271657733, "gxe": 68.7, "rpr": 1653.949530165, "rprd": 99.625950131703, "w": 383, "l": 199, "coil": null}, "gen9randombattle": {"elo": 2200.6779633511273, "gxe": 85.7, "rpr": 1838.0300296269986, "rprd": 25.33815748934156, "w": 2629, "l": 2402, "coil": null}}}