{"username": "amantedepoochs", "userid": "amantedepoochs", "registertime": 1773705600, "group": 1, "ratings": {"gen9randombattle": {"elo": 1212.3775403485704, "gxe": 49.3, "rpr": 1494.7581320194874, "rprd": 51.93163055711313, "w": 57, "l": 58, "coil": null}, "gen9randombattleblitz": {"elo": 1008.4926844954022, "gxe": 40.8, "rpr": 1426.8305859590632, "rprd": 103.14264575054374, "w": 1, "l": 3, "coil": null}}}