{"username": "amazerg", "userid": "amazerg", "registertime": 1606694400, "group": 1, "ratings": {"gen6ou": {"elo": 1083.9591234132556, "gxe": 48, "rpr": 1484.2962074781287, "rprd": 100.94060520433044, "w": 3, "l": 3, "coil": null}, "gen7anythinggoes": {"elo": 1126.5340997151, "gxe": 50.1, "rpr": 1500.6869409136, "rprd": 228.18507952727, "w": 6, "l": 5, "coil": null}, "gen7battlefactory": {"elo": 1022.1660277196, "gxe": 41.2, "rpr": 1429.67784747, "rprd": 111.20486428239, "w": 1, "l": 3, "coil": null}, "gen7ou": {"elo": 1278.1938641100119, "gxe": 59.5, "rpr": 1572.6688870352993, "rprd": 36.37353317360192, "w": 717, "l": 677, "coil": null}, "gen7randombattle": {"elo": 1329.1519878196, "gxe": 57.4, "rpr": 1559.9063804043, "rprd": 123.49465973595, "w": 57, "l": 47, "coil": null}, "gen8battlestadiumsingles": {"elo": 1289.8307615257, "gxe": 54.8, "rpr": 1536.4000020312, "rprd": 33.082780579211, "w": 64, "l": 59, "coil": null}, "gen8bssfactory": {"elo": 1053.2683899914, "gxe": 51.3, "rpr": 1510.261556585, "rprd": 62.230448904153, "w": 14, "l": 15, "coil": null}, "gen8randombattle": {"elo": 1374.4061037024, "gxe": 55.7, "rpr": 1551.7110001832, "rprd": 227.07113885826, "w": 76, "l": 60, "coil": null}, "gen9bssregi": {"elo": 1322.0207340789, "gxe": 68, "rpr": 1643.9335890227, "rprd": 57.367484803948, "w": 267, "l": 168, "coil": null}, "gen9randombattle": {"elo": 1848.6571496418576, "gxe": 76.3, "rpr": 1720.4250776142992, "rprd": 27.236625484948632, "w": 365, "l": 321, "coil": null}, "gen9ubers": {"elo": 1042.3199927657952, "gxe": 51.8, "rpr": 1514.3045542899406, "rprd": 125.68614671275229, "w": 1, "l": 0, "coil": null}}}