{"username": "Andress1199", "userid": "andress1199", "registertime": 1664668800, "group": 1, "ratings": {"gen1randombattle": {"elo": 1000, "gxe": 45.9, "rpr": 1467.0048834659, "rprd": 122.72052689748, "w": 0, "l": 1, "coil": null}, "gen3ou": {"elo": 1086.266406216583, "gxe": 33.2, "rpr": 1366.739232554869, "rprd": 63.34728299667959, "w": 9, "l": 17, "coil": null}, "gen4ou": {"elo": 1118.3217203569268, "gxe": 47, "rpr": 1476.0927766929203, "rprd": 129.60946428028288, "w": 79, "l": 81, "coil": null}, "gen5ou": {"elo": 1020.6968989873, "gxe": 38.9, "rpr": 1413.6081749847, "rprd": 71.137484338919, "w": 8, "l": 12, "coil": null}, "gen5randombattle": {"elo": 1045.3596556615, "gxe": 50, "rpr": 1500.1687730403, "rprd": 116.09732675407, "w": 1, "l": 1, "coil": null}, "gen6doublesou": {"elo": 1060.4428281068, "gxe": 46.1, "rpr": 1469.486615032, "rprd": 103.2530297423, "w": 21, "l": 33, "coil": null}, "gen6ou": {"elo": 1000, "gxe": 45.8, "rpr": 1466.7152479753317, "rprd": 122.31236161672629, "w": 0, "l": 1, "coil": null}, "gen6randombattle": {"elo": 1066.7400027588, "gxe": 45.9, "rpr": 1467.9688465045, "rprd": 95.04144682894, "w": 7, "l": 7, "coil": null}, "gen7doublesou": {"elo": 1240.2685947446, "gxe": 52.5, "rpr": 1519.6299667451, "rprd": 100.19589756899, "w": 72, "l": 73, "coil": null}, "gen7ou": {"elo": 1297.086398095497, "gxe": 52.4, "rpr": 1518.9708662337796, "rprd": 89.79925759986529, "w": 46, "l": 37, "coil": null}, "gen7pokebilitiesrandombattle": {"elo": 1040, "gxe": 55, "rpr": 1540.1606143390134, "rprd": 122.85830807679145, "w": 1, "l": 0, "coil": null}, "gen7randombattle": {"elo": 1222.1911668797, "gxe": 52.2, "rpr": 1516.9592672935, "rprd": 71.331363491877, "w": 47, "l": 38, "coil": null}, "gen8doublesou": {"elo": 1008.4114969367362, "gxe": 32.2, "rpr": 1349.951489112054, "rprd": 130, "w": 1, "l": 4, "coil": null}, "gen8doublesubers": {"elo": 1069.4422050005, "gxe": 47.5, "rpr": 1481.1875909154, "rprd": 57.689793966738, "w": 19, "l": 17, "coil": null}, "gen8joltemonsrandombattle": {"elo": 1040, "gxe": 55, "rpr": 1540.1606143390134, "rprd": 122.85830807679145, "w": 1, "l": 0, "coil": null}, "gen8nationaldex": {"elo": 1242.4109321337087, "gxe": 62.9, "rpr": 1601.3085045215155, "rprd": 72.86273664262559, "w": 12, "l": 7, "coil": null}, "gen8nationaldexdoubles": {"elo": 1040, "gxe": 54.9, "rpr": 1540.1606143388, "rprd": 145.15197336021, "w": 1, "l": 0, "coil": null}, "gen8ou": {"elo": 1245.511887052619, "gxe": 60.8, "rpr": 1582.9854908140514, "rprd": 49.96451881652736, "w": 155, "l": 156, "coil": null}, "gen8oublitz": {"elo": 1010.443704943, "gxe": 52.9, "rpr": 1521.7719173966, "rprd": 34.077189205214, "w": 73, "l": 72, "coil": null}, "gen8randombattle": {"elo": 1133.8875223635, "gxe": 39.6, "rpr": 1418.4182544539, "rprd": 78.05917279066, "w": 24, "l": 32, "coil": null}, "gen8randombattleblitz": {"elo": 1141.642959482, "gxe": 62.1, "rpr": 1595.7050272156, "rprd": 89.567309796712, "w": 7, "l": 3, "coil": null}, "gen9babyrandombattle": {"elo": 1111.2475603407681, "gxe": 63.3, "rpr": 1608.2001713541383, "rprd": 111.51228477239141, "w": 3, "l": 0, "coil": null}, "gen9battlefactory": {"elo": 1143.7770212541, "gxe": 61.3, "rpr": 1593.6666735519, "rprd": 144.09542631928, "w": 5, "l": 2, "coil": null}, "gen9bssregg": {"elo": 1054.1097343348554, "gxe": 55, "rpr": 1540.1606143390134, "rprd": 122.85830807679145, "w": 1, "l": 0, "coil": null}, "gen9doublesou": {"elo": 1413.642675306058, "gxe": 63.3, "rpr": 1603.8241675413706, "rprd": 52.04882201492824, "w": 47, "l": 31, "coil": null}, "gen9doublesubers": {"elo": 1210.2037105231702, "gxe": 65.8, "rpr": 1625.9816360025413, "rprd": 78.17807675404, "w": 11, "l": 4, "coil": null}, "gen9legendszaou": {"elo": 1127.7019133051274, "gxe": 52.8, "rpr": 1521.0836570911333, "rprd": 64.56961141505451, "w": 14, "l": 11, "coil": null}, "gen9monotype": {"elo": 1156.6735942330808, "gxe": 56.2, "rpr": 1548.3122867848972, "rprd": 79.9838688777608, "w": 12, "l": 6, "coil": 2081.366353221829}, "gen9monotyperandombattle": {"elo": 1000, "gxe": 43.2, "rpr": 1445.032485789795, "rprd": 123.027973484589, "w": 0, "l": 1, "coil": null}, "gen9nationaldex": {"elo": 1189.4268196850535, "gxe": 47, "rpr": 1476.5049247301497, "rprd": 85.32467193196143, "w": 428, "l": 415, "coil": null}, "gen9nationaldexdoubles": {"elo": 1331.4068107755775, "gxe": 53, "rpr": 1522.9965142182243, "rprd": 33.79636201047612, "w": 395, "l": 372, "coil": null}, "gen9nationaldexmonotype": {"elo": 1058.6340209501705, "gxe": 33.4, "rpr": 1364.4789468465344, "rprd": 103.45207652816359, "w": 3, "l": 9, "coil": null}, "gen9nationaldexubers": {"elo": 1118.1331558043203, "gxe": 37.8, "rpr": 1405.392923418452, "rprd": 53.53492783808185, "w": 174, "l": 185, "coil": null}, "gen9ou": {"elo": 1248.389990550315, "gxe": 51.7, "rpr": 1513.171545646455, "rprd": 41.380656360192695, "w": 232, "l": 227, "coil": null}, "gen9randombattle": {"elo": 1199.639902698298, "gxe": 56.5, "rpr": 1549.205907188757, "rprd": 39.74594095663849, "w": 1503, "l": 1478, "coil": null}, "gen9randomdoublesbattle": {"elo": 1203.0544779741538, "gxe": 66.3, "rpr": 1633.5726274367082, "rprd": 106.48961052526556, "w": 10, "l": 3, "coil": null}, "gen9ru": {"elo": 1188.9417381068195, "gxe": 53.5, "rpr": 1527.860500528965, "rprd": 100.95537937958855, "w": 40, "l": 35, "coil": 2005.9386226383574}, "gen9uu": {"elo": 1176.9522746183518, "gxe": 56.8, "rpr": 1552.6506354116377, "rprd": 81.66980928159822, "w": 10, "l": 5, "coil": null}, "gen9vgc2024regh": {"elo": 1301.4927322391725, "gxe": 55.2, "rpr": 1539.5835957098543, "rprd": 63.6407674056547, "w": 15, "l": 10, "coil": null}, "gen9vgc2025regg": {"elo": 1180.5295668990025, "gxe": 50.7, "rpr": 1505.6775759524319, "rprd": 64.74288335899587, "w": 14, "l": 10, "coil": null}, "gen9vgc2026regf": {"elo": 1332.9156780368044, "gxe": 51, "rpr": 1507.6493313116027, "rprd": 44.46006282339536, "w": 107, "l": 99, "coil": null}, "gen9vgc2026regi": {"elo": 1202.9615020959295, "gxe": 52, "rpr": 1514.9668765490426, "rprd": 43.06559176156134, "w": 35, "l": 32, "coil": null}, "gen9zu": {"elo": 1021.8983152538063, "gxe": 30.8, "rpr": 1344.4851283037656, "rprd": 75.81546559775548, "w": 4, "l": 13, "coil": 1046.5985304762082}}}