{"username": "Andybrick95", "userid": "andybrick95", "registertime": 1668297600, "group": 1, "ratings": {"gen8ou": {"elo": 1115.6098372636, "gxe": 40.8, "rpr": 1429.904721232, "rprd": 35.933958173962, "w": 45, "l": 53, "coil": null}, "gen9randombattle": {"elo": 1614.533843971749, "gxe": 71.2, "rpr": 1671.6593364850735, "rprd": 43.325565944806826, "w": 2045, "l": 1953, "coil": null}, "gen9randombattleblitz": {"elo": 1062.9944222223357, "gxe": 44.1, "rpr": 1453.9227604577109, "rprd": 94.9935901776494, "w": 3, "l": 4, "coil": null}}}