{"username": "Angerybee", "userid": "angerybee", "registertime": 1588032000, "group": 1, "ratings": {"gen1randombattle": {"elo": 1000, "gxe": 44.4, "rpr": 1454.7993669223, "rprd": 123.10146688918, "w": 0, "l": 1, "coil": null}, "gen5pokebilitiesrandombattle": {"elo": 1000, "gxe": 46.3, "rpr": 1470.5714330334586, "rprd": 122.72346443239131, "w": 0, "l": 1, "coil": null}, "gen7ou": {"elo": 1093.5221475338, "gxe": 47.5, "rpr": 1480.3693778254, "rprd": 99.763435571217, "w": 11, "l": 8, "coil": null}, "gen7randombattle": {"elo": 1040, "gxe": 55, "rpr": 1540.1606143388, "rprd": 122.8583080769, "w": 1, "l": 0, "coil": null}, "gen8nu": {"elo": 1179.9691195811, "gxe": 51.4, "rpr": 1510.4994008215, "rprd": 86.780807348531, "w": 13, "l": 16, "coil": null}, "gen8ou": {"elo": 1349.0844964405, "gxe": 60, "rpr": 1576.4593004432, "rprd": 36.022147426249, "w": 392, "l": 380, "coil": null}, "gen8oublitz": {"elo": 1227.4354490163, "gxe": 68.5, "rpr": 1653.8780906598, "rprd": 113.42042930238, "w": 26, "l": 19, "coil": null}, "gen8randombattle": {"elo": 1419.0015075075, "gxe": 70.1, "rpr": 1680.1276475786, "rprd": 174.18947461942, "w": 1716, "l": 1607, "coil": null}, "gen8randombattleblitz": {"elo": 1040, "gxe": 55, "rpr": 1540.1606143388, "rprd": 122.8583080769, "w": 1, "l": 0, "coil": null}, "gen8ru": {"elo": 1125.5295768316, "gxe": 49.1, "rpr": 1492.6171437894, "rprd": 130, "w": 20, "l": 16, "coil": null}, "gen8uu": {"elo": 1205.7038600147, "gxe": 52.1, "rpr": 1518.3361373641, "rprd": 200.48151880392, "w": 25, "l": 21, "coil": null}, "gen9almostanyability": {"elo": 1101.4604648242223, "gxe": 41.2, "rpr": 1430.782548479409, "rprd": 94.92463750585469, "w": 53, "l": 48, "coil": null}, "gen9alphabetcup": {"elo": 1018.816969448, "gxe": 34.7, "rpr": 1367.6742962943, "rprd": 166.64058281776, "w": 1, "l": 6, "coil": null}, "gen9doublesou": {"elo": 1263.4286882687798, "gxe": 56.4, "rpr": 1549.5227626507121, "rprd": 85.29067377356797, "w": 40, "l": 27, "coil": null}, "gen9legendszaou": {"elo": 1133.1333252958773, "gxe": 43.6, "rpr": 1450.565410666877, "rprd": 77.63154397733167, "w": 11, "l": 11, "coil": null}, "gen9nationaldexaaa": {"elo": 1183.010292047, "gxe": 52.4, "rpr": 1518.7546923384, "rprd": 115.57297523023, "w": 65, "l": 58, "coil": null}, "gen9nu": {"elo": 1145.6731533291706, "gxe": 56.7, "rpr": 1552.3939080545983, "rprd": 94.8589423526511, "w": 5, "l": 2, "coil": 1134}, "gen9ou": {"elo": 1365.0278361062649, "gxe": 59.1, "rpr": 1571.0311965320864, "rprd": 79.69094992404924, "w": 564, "l": 562, "coil": null}, "gen9randombattle": {"elo": 1587.3342304554765, "gxe": 69.4, "rpr": 1654.946033023837, "rprd": 40.749494010632574, "w": 2106, "l": 1989, "coil": null}, "gen9randombattleblitz": {"elo": 1029.398751962009, "gxe": 47.2, "rpr": 1477.906972045335, "rprd": 123.31722583855883, "w": 1, "l": 1, "coil": null}, "gen9randomdoublesbattle": {"elo": 1129.6035485366708, "gxe": 57.8, "rpr": 1561.1479610212848, "rprd": 88.30555808989654, "w": 6, "l": 3, "coil": null}, "gen9tiershift": {"elo": 1050.2930686940483, "gxe": 48.6, "rpr": 1488.5033023818332, "rprd": 117.20376602196926, "w": 1, "l": 1, "coil": null}, "gen9trademarked": {"elo": 1037.359876354538, "gxe": 43, "rpr": 1444.9965102586045, "rprd": 102.67488411952418, "w": 2, "l": 3, "coil": null}, "gen9ubers": {"elo": 1061.8375644326668, "gxe": 47.8, "rpr": 1482.3693616379526, "rprd": 130, "w": 2, "l": 4, "coil": null}, "gen9uu": {"elo": 1171.8402745192288, "gxe": 46.5, "rpr": 1472.5996353111318, "rprd": 85.30685919723459, "w": 56, "l": 56, "coil": null}}}