{"username": "A ninja kiwi", "userid": "aninjakiwi", "registertime": 1476835200, "group": 1, "ratings": {"digimondigimonshowdownsingles": {"elo": 1000, "gxe": 45, "rpr": 1459.8393856612, "rprd": 122.8583080769, "w": 0, "l": 1, "coil": null}, "gen1randombattle": {"elo": 1066.1684597215, "gxe": 57.3, "rpr": 1558.5830760736, "rprd": 122.75211385507, "w": 1, "l": 0, "coil": null}, "gen7anythinggoesbeta": {"elo": 1166.6276792987, "gxe": 55.6, "rpr": 1543.2845136351, "rprd": 71.599220901788, "w": 11, "l": 8, "coil": null}, "gen7battlefactory": {"elo": 1302.4401311782, "gxe": 58.8, "rpr": 1571.7150283015, "rprd": 130, "w": 37, "l": 24, "coil": null}, "gen7challengecup1v1": {"elo": 1000, "gxe": 44.2, "rpr": 1453.1310687771, "rprd": 121.97557102385, "w": 0, "l": 1, "coil": null}, "gen7monotype": {"elo": 1160.661568376, "gxe": 57.9, "rpr": 1572.1412661725, "rprd": 227.74803856742, "w": 8, "l": 3, "coil": null}, "gen7monotyperandombattle": {"elo": 1265.2729894005, "gxe": 64.1, "rpr": 1609.535481563, "rprd": 26.225996091857, "w": 165, "l": 139, "coil": null}, "gen7ou": {"elo": 1499.7881497383, "gxe": 66.8, "rpr": 1655.1417697311, "rprd": 213.27969612236, "w": 520, "l": 500, "coil": null}, "gen7oublitz": {"elo": 1191.5488659784, "gxe": 64.3, "rpr": 1615.5963009727, "rprd": 101.10274080204, "w": 9, "l": 3, "coil": null}, "gen7pu": {"elo": 1088.8749132008, "gxe": 40.3, "rpr": 1424.8845583651, "rprd": 71.842665575252, "w": 26, "l": 28, "coil": null}, "gen7randombattle": {"elo": 1499.0885574129, "gxe": 75.3, "rpr": 1748.3374543258, "rprd": 218.28078822386, "w": 1221, "l": 958, "coil": null}, "gen7ru": {"elo": 1187.7182128332, "gxe": 54.7, "rpr": 1542.3847453611, "rprd": 226.56951702216, "w": 16, "l": 14, "coil": null}, "gen7trademarked": {"elo": 1000, "gxe": 36.8, "rpr": 1393.4291653226, "rprd": 110.94640522257, "w": 0, "l": 3, "coil": null}, "gen7uu": {"elo": 1051.9187328663, "gxe": 47.9, "rpr": 1483.6367954808, "rprd": 106.74754892736, "w": 2, "l": 2, "coil": null}, "gen7zu": {"elo": 1263.7957060226, "gxe": 69.5, "rpr": 1659.7358326251, "rprd": 86.082680775252, "w": 9, "l": 1, "coil": null}, "gen8bdspou": {"elo": 1162.2049135616, "gxe": 56, "rpr": 1554.2630266597, "rprd": 226.78588226166, "w": 8, "l": 4, "coil": null}, "gen8bdsprandombattle": {"elo": 1485.7625632586, "gxe": 69.6, "rpr": 1656.876757502, "rprd": 45.958908312618, "w": 146, "l": 113, "coil": null}, "gen8monotype": {"elo": 1289.3253917947, "gxe": 67.5, "rpr": 1639.2502983315, "rprd": 62.621393659889, "w": 19, "l": 8, "coil": null}, "gen8monotyperandombattle": {"elo": 1047.7537374839, "gxe": 55, "rpr": 1540.1606143388, "rprd": 122.8583080769, "w": 1, "l": 0, "coil": null}, "gen8nu": {"elo": 1211.0883142781, "gxe": 60.5, "rpr": 1580.5399578689, "rprd": 48.079737812475, "w": 33, "l": 23, "coil": null}, "gen8ou": {"elo": 1399.6948900003, "gxe": 63.6, "rpr": 1624.275201635, "rprd": 218.83978279676, "w": 1737, "l": 1569, "coil": null}, "gen8oublitz": {"elo": 1040, "gxe": 55, "rpr": 1540.1606143388, "rprd": 122.8583080769, "w": 1, "l": 0, "coil": null}, "gen8randombattle": {"elo": 1399.6015039002, "gxe": 72.6, "rpr": 1715.6107487982, "rprd": 212.20193514787, "w": 2189, "l": 1935, "coil": null}, "gen8ru": {"elo": 1330.3852077164, "gxe": 63.6, "rpr": 1624.8936401743, "rprd": 217.66583849447, "w": 31, "l": 19, "coil": null}, "gen8uu": {"elo": 1162.4078413206, "gxe": 59.7, "rpr": 1588.3416747562, "rprd": 224.72971734915, "w": 10, "l": 5, "coil": null}, "gen91v1factory": {"elo": 1241.7132645105096, "gxe": 59.8, "rpr": 1575.8841180916972, "rprd": 63.85898956518391, "w": 16, "l": 9, "coil": null}, "gen9legendszaou": {"elo": 1207.6902631842513, "gxe": 60, "rpr": 1577.2625651992162, "rprd": 59.495104809551265, "w": 19, "l": 13, "coil": null}, "gen9ou": {"elo": 1392.0918804626176, "gxe": 57.6, "rpr": 1559.2057165372573, "rprd": 80.32615283187633, "w": 7, "l": 13, "coil": null}, "gen9pu": {"elo": 1056.9148928202715, "gxe": 52.9, "rpr": 1523.5600140187291, "rprd": 123.47310958978787, "w": 1, "l": 0, "coil": 16.53125}, "gen9randombattle": {"elo": 2020.246390130137, "gxe": 86.8, "rpr": 1855.6022823887013, "rprd": 32.69519520556923, "w": 3537, "l": 3139, "coil": null}, "gen9randombattleblitz": {"elo": 1168.324073942569, "gxe": 66.5, "rpr": 1634.7827746197606, "rprd": 101.3341067684299, "w": 5, "l": 0, "coil": null}, "gen9randombattlesharedpowerb12p6": {"elo": 1499.2162880486, "gxe": 74.5, "rpr": 1710.3472299914, "rprd": 103.40365510322, "w": 34, "l": 12, "coil": null}, "gen9ru": {"elo": 1241.0980553404183, "gxe": 69.9, "rpr": 1663.223780944771, "rprd": 82.85754684352626, "w": 10, "l": 2, "coil": 1866.106116129708}, "gen9uu": {"elo": 1224.4237526165184, "gxe": 64.7, "rpr": 1618.4250980772708, "rprd": 98.28224851430595, "w": 13, "l": 6, "coil": null}}}