{"username": "anto004", "userid": "anto004", "registertime": 1576800000, "group": 1, "ratings": {"gen6randombattle": {"elo": 1000, "gxe": 46.1, "rpr": 1468.6782367377, "rprd": 122.43535555655, "w": 0, "l": 0, "coil": null}, "gen6ubers": {"elo": 1074.791313661, "gxe": 56.1, "rpr": 1554.7955398668, "rprd": 225.02186923773, "w": 9, "l": 6, "coil": null}, "gen7anythinggoes": {"elo": 1229.9398741256, "gxe": 53.9, "rpr": 1534.4377396737, "rprd": 217.50011284496, "w": 44, "l": 32, "coil": null}, "gen7monotype": {"elo": 1419.0152550003, "gxe": 57.2, "rpr": 1564.8722785597, "rprd": 219.08155276151, "w": 554, "l": 624, "coil": null}, "gen7ou": {"elo": 1383.0792093810282, "gxe": 71.9, "rpr": 1686.0246121517905, "rprd": 113.93307842437457, "w": 106, "l": 91, "coil": null}, "gen7randombattle": {"elo": 1100.6027933215, "gxe": 46.1, "rpr": 1468.4861548151, "rprd": 121.17326120248, "w": 4, "l": 2, "coil": null}, "gen7ubers": {"elo": 1189.0848908111, "gxe": 49.3, "rpr": 1493.8194212793, "rprd": 231.70627079401, "w": 76, "l": 131, "coil": null}, "gen8battlestadiumdoubles": {"elo": 1044.584930701, "gxe": 51.8, "rpr": 1514.093276018, "rprd": 125.48471358123, "w": 1, "l": 0, "coil": null}, "gen8monotype": {"elo": 1338.7293405699, "gxe": 58.7, "rpr": 1568.0458842545, "rprd": 78.932246042557, "w": 106, "l": 86, "coil": null}, "gen8nu": {"elo": 1106.1785057555, "gxe": 53.2, "rpr": 1524.2037175587, "rprd": 68.776525752451, "w": 11, "l": 10, "coil": null}, "gen8ou": {"elo": 1399.2398545414, "gxe": 58, "rpr": 1572.1770359158, "rprd": 217.57977303197, "w": 1055, "l": 1067, "coil": null}, "gen8oublitz": {"elo": 1044.9314069396, "gxe": 54.1, "rpr": 1532.8308109927, "rprd": 122.95454728879, "w": 1, "l": 0, "coil": null}, "gen8pu": {"elo": 1277.3782071716, "gxe": 65.8, "rpr": 1625.463788451, "rprd": 71.620569941221, "w": 14, "l": 5, "coil": null}, "gen8randombattle": {"elo": 1499.7468904108, "gxe": 65.7, "rpr": 1631.7132245659, "rprd": 135.37669413554, "w": 1241, "l": 1171, "coil": null}, "gen8ubers": {"elo": 1278.8533853011, "gxe": 67.7, "rpr": 1645.1463434387, "rprd": 104.68147842933, "w": 38, "l": 23, "coil": null}, "gen8vgc2020": {"elo": 1097.2159872816, "gxe": 43, "rpr": 1446.2912320515, "rprd": 56.159789416081, "w": 1, "l": 2, "coil": null}, "gen8vgc2021": {"elo": 1304.9759568034, "gxe": 54.4, "rpr": 1533.6492343678, "rprd": 42.393297840051, "w": 147, "l": 131, "coil": null}, "gen8vgc2021series10": {"elo": 1131.3291657321, "gxe": 49.6, "rpr": 1496.8500759166, "rprd": 26.175692731398, "w": 95, "l": 95, "coil": null}, "gen8vgc2021series11": {"elo": 1362.3978456889, "gxe": 58.4, "rpr": 1564.1376933853, "rprd": 52.676021711806, "w": 52, "l": 39, "coil": null}, "gen8vgc2021series9": {"elo": 1370.5918796849, "gxe": 64.3, "rpr": 1612.3524334741, "rprd": 56.25092247687, "w": 28, "l": 13, "coil": null}, "gen8vgc2022": {"elo": 1267.3887061374, "gxe": 51.2, "rpr": 1510.4809777409, "rprd": 215.57714853343, "w": 43, "l": 39, "coil": null}, "gen9nationaldex": {"elo": 1079.5338236526939, "gxe": 57.1, "rpr": 1556.5812969287458, "rprd": 117.55433682054205, "w": 2, "l": 0, "coil": null}, "gen9ou": {"elo": 1217.815903420162, "gxe": 46.2, "rpr": 1469.5126912437709, "rprd": 112.01997935246762, "w": 65, "l": 62, "coil": null}, "gen9randombattle": {"elo": 1896.306937774158, "gxe": 80.6, "rpr": 1768.6808895105278, "rprd": 36.61324365859626, "w": 2844, "l": 2605, "coil": null}, "gen9randombattleblitz": {"elo": 1651.4780289171, "gxe": 69.2, "rpr": 1653.4887849678, "rprd": 43.472408661292, "w": 121, "l": 95, "coil": null}, "gen9vgc2023regulatione": {"elo": 1258.9102986323041, "gxe": 53.2, "rpr": 1524.0678618607017, "rprd": 59.25785299477594, "w": 38, "l": 30, "coil": null}, "gen9vgc2023regulationebo3": {"elo": 1000, "gxe": 45, "rpr": 1459.8393856609866, "rprd": 122.85830807679145, "w": 0, "l": 1, "coil": null}, "gen9vgc2023series1": {"elo": 1074.7308350424, "gxe": 41.9, "rpr": 1437.2553734132, "rprd": 66.2087024772, "w": 10, "l": 13, "coil": null}, "gen9vgc2023series2": {"elo": 1039.1911586077, "gxe": 46.1, "rpr": 1469.4051107077, "rprd": 102.5648547902, "w": 2, "l": 3, "coil": null}, "gen9vgc2024regf": {"elo": 1047.816035902364, "gxe": 49.4, "rpr": 1494.914457617236, "rprd": 116.25328463261928, "w": 1, "l": 1, "coil": null}, "gen9vgc2024regg": {"elo": 1278.9658096728328, "gxe": 49.8, "rpr": 1498.6413758570461, "rprd": 59.254819845396085, "w": 17, "l": 15, "coil": null}, "gen9vgc2024regh": {"elo": 1125.5841860737046, "gxe": 53, "rpr": 1523.5347004345804, "rprd": 103.95570209038614, "w": 5, "l": 2, "coil": null}, "gen9vgc2025reggbo3": {"elo": 1061.955190050427, "gxe": 42.7, "rpr": 1443.1436108693524, "rprd": 86.7225710918093, "w": 4, "l": 6, "coil": null}}}