{"username": "Aoi531", "userid": "aoi531", "registertime": 1514851200, "group": 1, "ratings": {"digimondigimonshowdownsingles": {"elo": 1000, "gxe": 45, "rpr": 1459.8393856612, "rprd": 122.8583080769, "w": 0, "l": 0, "coil": null}, "gen1randombattle": {"elo": 1381.7695744760754, "gxe": 73.3, "rpr": 1700.8579827378865, "rprd": 115.34062337557278, "w": 87, "l": 68, "coil": null}, "gen1randombattleblitz": {"elo": 1040, "gxe": 55, "rpr": 1540.1606143388, "rprd": 122.8583080769, "w": 1, "l": 0, "coil": null}, "gen2randombattle": {"elo": 1040.4049891563, "gxe": 51.2, "rpr": 1509.3659154659, "rprd": 116.9664546491, "w": 0, "l": 0, "coil": null}, "gen4randombattle": {"elo": 1048.711015521862, "gxe": 54.4, "rpr": 1535.6055566934356, "rprd": 122.00920334515469, "w": 1, "l": 0, "coil": null}, "gen6randombattle": {"elo": 1106.061393026345, "gxe": 60.8, "rpr": 1586.9899168641177, "rprd": 110.56257274013358, "w": 3, "l": 0, "coil": null}, "gen7battlefactory": {"elo": 1040, "gxe": 55, "rpr": 1540.1606143388, "rprd": 122.8583080769, "w": 0, "l": 0, "coil": null}, "gen7battlespotdoubles": {"elo": 1029.5355999893, "gxe": 50.5, "rpr": 1503.6242271197, "rprd": 116.45267917516, "w": 0, "l": 0, "coil": null}, "gen7battlespotsingles": {"elo": 1363.3257496865, "gxe": 63.3, "rpr": 1604.0380477062, "rprd": 60.900161434237, "w": 82, "l": 60, "coil": null}, "gen7randombattle": {"elo": 1530.3714070400536, "gxe": 74.2, "rpr": 1710.5248060224428, "rprd": 122.1974758736525, "w": 1238, "l": 1071, "coil": null}, "gen7randomdoublesbattle": {"elo": 1039.234217034, "gxe": 48, "rpr": 1483.6360171917, "rprd": 130, "w": 0, "l": 0, "coil": null}, "gen7vgc2018": {"elo": 1433.0346415443, "gxe": 69.7, "rpr": 1687.2457404588, "rprd": 222.83591799677, "w": 25, "l": 7, "coil": null}, "gen8battlestadiumsingles": {"elo": 1258.8993636335, "gxe": 61.6, "rpr": 1590.1940764204, "rprd": 62.126051934809, "w": 20, "l": 11, "coil": null}, "gen8randombattle": {"elo": 1449.083449853211, "gxe": 83.3, "rpr": 1819.282501505095, "rprd": 118.60605723206262, "w": 4772, "l": 4445, "coil": null}, "gen9randombattle": {"elo": 2203.292587478, "gxe": 85.7, "rpr": 1837.7900672996, "rprd": 25.876418629631, "w": 3545, "l": 3332, "coil": null}}}