{"username": "Aoyama0811", "userid": "aoyama0811", "registertime": 1557878400, "group": 1, "ratings": {"digimondigimonshowdownsingles": {"elo": 1000, "gxe": 45, "rpr": 1459.8393856612, "rprd": 122.8583080769, "w": 0, "l": 1, "coil": null}, "gen7battlespotsingles": {"elo": 1470.0880902354, "gxe": 61.6, "rpr": 1588.8420935592, "rprd": 26.093942508099, "w": 161, "l": 132, "coil": null}, "gen7randombattle": {"elo": 1472.2841580478, "gxe": 71.7, "rpr": 1677.6190045793, "rprd": 59.333803355775, "w": 53, "l": 26, "coil": null}, "gen7randomdoublesbattle": {"elo": 1499.5092476698, "gxe": 76.8, "rpr": 1730.4053018521, "rprd": 71.698559357538, "w": 1002, "l": 849, "coil": null}, "gen8battlestadiumsingles": {"elo": 1486.383827261, "gxe": 64.7, "rpr": 1618.6426757209, "rprd": 97.451173901112, "w": 935, "l": 699, "coil": null}, "gen8dragonkingcup": {"elo": 1053.0898035717, "gxe": 54.7, "rpr": 1537.5673065076, "rprd": 122.02003829621, "w": 1, "l": 0, "coil": null}, "gen8extremespeedsinglebattles": {"elo": 1334.0762855884, "gxe": 60.2, "rpr": 1587.2363721874, "rprd": 170.25079521112, "w": 35, "l": 21, "coil": null}, "gen8randombattle": {"elo": 1399.7009956245, "gxe": 78.9, "rpr": 1791.0115764036, "rprd": 210.2105923846, "w": 4660, "l": 4385, "coil": null}, "gen8randomdoublesbattle": {"elo": 1227.0089968256, "gxe": 78.2, "rpr": 1752.8530826558, "rprd": 111.72012347999, "w": 8, "l": 0, "coil": null}, "gen9randombattle": {"elo": 2125.831272972478, "gxe": 84.9, "rpr": 1825.3431278524745, "rprd": 27.244649492071172, "w": 8375, "l": 8027, "coil": null}}}