{"username": "apatheticjenny", "userid": "apatheticjenny", "registertime": 0, "group": 0, "ratings": {"gen9randombattle": {"elo": 1785.8817936383841, "gxe": 81.3, "rpr": 1779.3819886891904, "rprd": 49.17561607039677, "w": 55, "l": 17, "coil": null}}}