{"username": "Aperrentis", "userid": "aperrentis", "registertime": 1421539200, "group": 1, "ratings": {"anythinggoes": {"elo": 1365.6867167464, "gxe": 66.5, "rpr": 1629.5431640899, "rprd": 41.214112535867, "w": 0, "l": 0, "coil": null}, "gen71v1": {"elo": 1000, "gxe": 45, "rpr": 1459.8393856612, "rprd": 122.8583080769, "w": 0, "l": 0, "coil": null}, "gen7anythinggoes": {"elo": 1354.7641991406, "gxe": 57.1, "rpr": 1563.8118045646, "rprd": 220.96134412447, "w": 0, "l": 0, "coil": null}, "gen7battlefactory": {"elo": 1053.3918227283, "gxe": 45.9, "rpr": 1463.0774270375, "rprd": 226.99696536986, "w": 0, "l": 0, "coil": null}, "gen7ou": {"elo": 1152.0444625258, "gxe": 42.4, "rpr": 1441.3095534276, "rprd": 74.653043295345, "w": 0, "l": 0, "coil": null}, "gen7randombattle": {"elo": 1499.4902148835, "gxe": 68.6, "rpr": 1673.1736777606, "rprd": 214.4845194707, "w": 0, "l": 0, "coil": null}, "gen7sharedpower": {"elo": 1131.1646124729, "gxe": 50.7, "rpr": 1505.4221978869, "rprd": 42.287781954645, "w": 35, "l": 31, "coil": null}, "gen7suicidecup": {"elo": 1000, "gxe": 45, "rpr": 1459.8393856612, "rprd": 122.8583080769, "w": 0, "l": 0, "coil": null}, "gen7ubers": {"elo": 1284.4509341966, "gxe": 57.8, "rpr": 1562.1296632729, "rprd": 110.25708909212, "w": 0, "l": 0, "coil": null}, "gen8bdsprandombattle": {"elo": 1209.4085653153, "gxe": 64.3, "rpr": 1613.5275231571, "rprd": 77.698390708731, "w": 10, "l": 4, "coil": null}, "gen8randombattle": {"elo": 1399.3002280793, "gxe": 65.5, "rpr": 1630.8628052965, "rprd": 145.13677583054, "w": 25, "l": 27, "coil": null}, "gen9randombattle": {"elo": 1561.1422165901238, "gxe": 69.8, "rpr": 1658.5102894473434, "rprd": 32.637217106142884, "w": 1447, "l": 1381, "coil": null}, "gen9randombattleblitz": {"elo": 1069.5435356206074, "gxe": 37.4, "rpr": 1400.5367736108894, "rprd": 75.96546699021361, "w": 6, "l": 10, "coil": null}, "ou": {"elo": 1128.1113352653, "gxe": 39.3, "rpr": 1418.021392489, "rprd": 39.447877263798, "w": 0, "l": 0, "coil": null}}}