{"username": "Ara ara armin", "userid": "araaraarmin", "registertime": 1646006400, "group": 1, "ratings": {"gen6firstbloodrandombattle": {"elo": 1000, "gxe": 41, "rpr": 1427.432874170786, "rprd": 116.77753930629355, "w": 0, "l": 2, "coil": null}, "gen7anythinggoes": {"elo": 1000, "gxe": 43.7, "rpr": 1449.1259938373, "rprd": 122.84875546954, "w": 0, "l": 1, "coil": null}, "gen8bdsprandombattle": {"elo": 1208.0446267313, "gxe": 58.1, "rpr": 1563.132856342, "rprd": 77.579820892606, "w": 20, "l": 14, "coil": null}, "gen8challengecup1v1": {"elo": 1036.92972559, "gxe": 49.1, "rpr": 1492.4972843418, "rprd": 115.96504047859, "w": 1, "l": 1, "coil": null}, "gen8hackmonscup": {"elo": 1178.7884611095, "gxe": 59.5, "rpr": 1577.0179982375, "rprd": 120.64804020559, "w": 8, "l": 4, "coil": null}, "gen8monotyperandombattle": {"elo": 1043.2242880249, "gxe": 55, "rpr": 1540.1606143388, "rprd": 122.8583080769, "w": 1, "l": 0, "coil": null}, "gen8randombattle": {"elo": 1399.3831275546, "gxe": 65.7, "rpr": 1644.106151212, "rprd": 212.65433930392, "w": 324, "l": 278, "coil": null}, "gen8randombattlemayhem": {"elo": 1000, "gxe": 45, "rpr": 1459.8393856612, "rprd": 122.8583080769, "w": 0, "l": 1, "coil": null}, "gen8randomdoublesbattle": {"elo": 1086.3135702038, "gxe": 59.3, "rpr": 1574.8363214016, "rprd": 116.01333559654, "w": 2, "l": 0, "coil": null}, "gen8superstaffbros4": {"elo": 1048.0828686227, "gxe": 55, "rpr": 1540.1606143388, "rprd": 122.8583080769, "w": 1, "l": 0, "coil": null}, "gen8vgc2022": {"elo": 1098.587073436, "gxe": 49.5, "rpr": 1495.0592703421, "rprd": 224.43216535793, "w": 9, "l": 7, "coil": null}, "gen9babyrandombattle": {"elo": 1056.8854494594168, "gxe": 55.2, "rpr": 1541.6004388228948, "rprd": 121.99782481910574, "w": 1, "l": 0, "coil": null}, "gen9brokencup": {"elo": 1000, "gxe": 44.4, "rpr": 1455.2008920342605, "rprd": 122.83141802342722, "w": 0, "l": 1, "coil": null}, "gen9championsrandombattle": {"elo": 1065.7227384286853, "gxe": 54.2, "rpr": 1533.1878168781589, "rprd": 111.68470436668574, "w": 2, "l": 1, "coil": null}, "gen9computergeneratedteams": {"elo": 1043.7148271281437, "gxe": 55, "rpr": 1540.1606143390134, "rprd": 122.85830807679145, "w": 1, "l": 0, "coil": null}, "gen9doublesou": {"elo": 1502.4569162702, "gxe": 76.6, "rpr": 1728.3477701582, "rprd": 72.649125977649, "w": 33, "l": 11, "coil": null}, "gen9legendszaou": {"elo": 1112.3366448847032, "gxe": 46, "rpr": 1469.0431374257691, "rprd": 78.56805214350456, "w": 7, "l": 8, "coil": null}, "gen9monotyperandombattle": {"elo": 1221.3020349538865, "gxe": 65, "rpr": 1619.467250633851, "rprd": 83.95343867781614, "w": 13, "l": 5, "coil": null}, "gen9nationaldex": {"elo": 1084.944612763288, "gxe": 44.8, "rpr": 1458.7120819059849, "rprd": 117.11262917840367, "w": 2, "l": 3, "coil": null}, "gen9ou": {"elo": 1099.1765582114188, "gxe": 61.1, "rpr": 1589.4172561987766, "rprd": 111.93720784099519, "w": 3, "l": 0, "coil": null}, "gen9partnersincrimerandombattle": {"elo": 1000, "gxe": 45, "rpr": 1459.8393856609866, "rprd": 122.85830807679145, "w": 0, "l": 1, "coil": null}, "gen9pickyourteamrandombattle": {"elo": 1043.444817448195, "gxe": 55, "rpr": 1540.1606143390134, "rprd": 122.85830807679145, "w": 1, "l": 0, "coil": null}, "gen9randombattle": {"elo": 2095.6173247993, "gxe": 85.4, "rpr": 1833.6772814219, "rprd": 32.575623962994, "w": 1759, "l": 1515, "coil": null}, "gen9randombattleblitz": {"elo": 1348.0916306978256, "gxe": 65.8, "rpr": 1631.8420721999244, "rprd": 130, "w": 27, "l": 16, "coil": null}, "gen9randombattlemayhem": {"elo": 1000, "gxe": 45, "rpr": 1459.8393856612, "rprd": 122.8583080769, "w": 0, "l": 1, "coil": null}, "gen9randomdoublesbattle": {"elo": 1606.6865013058991, "gxe": 72, "rpr": 1685.0733232447976, "rprd": 101.16297915139066, "w": 116, "l": 85, "coil": null}, "gen9randomroulette": {"elo": 1000, "gxe": 45.6, "rpr": 1464.5917028943409, "rprd": 123.62440098439681, "w": 0, "l": 1, "coil": null}, "gen9vgc2023series1": {"elo": 1294.7574180968, "gxe": 49.8, "rpr": 1498.2513226838, "rprd": 40.322266009091, "w": 46, "l": 41, "coil": null}, "gen9vgc2023series2": {"elo": 1372.6088015934, "gxe": 58.6, "rpr": 1565.6366695771, "rprd": 45.658379592244, "w": 35, "l": 21, "coil": null}, "gen9vgc2024regg": {"elo": 1122.4300366217901, "gxe": 56.2, "rpr": 1548.7455022632132, "rprd": 94.98097729129724, "w": 5, "l": 2, "coil": null}}}