{"username": "Arath8000", "userid": "arath8000", "registertime": 1780531200, "group": 1, "ratings": {"gen9megainvasionrandombattle": {"elo": 1040.0429125985215, "gxe": 55, "rpr": 1540.1606143390134, "rprd": 122.85830807679145, "w": 1, "l": 0, "coil": null}, "gen9randombattle": {"elo": 1528.6644729629638, "gxe": 64, "rpr": 1608.6242046495263, "rprd": 29.824418826983866, "w": 205, "l": 187, "coil": null}, "gen9randomdoublesbattle": {"elo": 1545.4996712482796, "gxe": 63.7, "rpr": 1606.448863474314, "rprd": 34.31147042408807, "w": 135, "l": 113, "coil": null}}}