{"username": "ArcHale0", "userid": "archale0", "registertime": 1539993600, "group": 1, "ratings": {"gen3randombattle": {"elo": 1412.620697915, "gxe": 72.5, "rpr": 1690.4560465552, "rprd": 104.66845792839, "w": 40, "l": 16, "coil": null}, "gen4randombattle": {"elo": 1349.1271022909, "gxe": 74.1, "rpr": 1700.8152526669, "rprd": 64.496536291518, "w": 18, "l": 6, "coil": null}, "gen5randombattle": {"elo": 1093.7176627926, "gxe": 62.3, "rpr": 1599.2675350834, "rprd": 111.51861011339, "w": 3, "l": 0, "coil": null}, "gen7anythinggoes": {"elo": 1000, "gxe": 41.6, "rpr": 1432.5017818218, "rprd": 124.01371186168, "w": 0, "l": 1, "coil": null}, "gen7battlefactory": {"elo": 1155.6846612185, "gxe": 67.2, "rpr": 1643.3855621952, "rprd": 122.43877280741, "w": 8, "l": 5, "coil": null}, "gen7challengecup1v1": {"elo": 1425.4709909396, "gxe": 63.1, "rpr": 1642.6407286409, "rprd": 342.21300860046, "w": 59, "l": 31, "coil": null}, "gen7hackmonscup": {"elo": 1060.9685410166, "gxe": 48.7, "rpr": 1489.663672702, "rprd": 107.06467936651, "w": 2, "l": 2, "coil": null}, "gen7monotyperandombattle": {"elo": 1331.3149729165, "gxe": 70.9, "rpr": 1671.1752710971, "rprd": 70.39227873101, "w": 16, "l": 3, "coil": null}, "gen7randombattle": {"elo": 1499.6329545273, "gxe": 76.9, "rpr": 1769.7478602845, "rprd": 221.27998352526, "w": 195, "l": 129, "coil": null}, "gen8bdsprandombattle": {"elo": 1460.9517808821, "gxe": 75.5, "rpr": 1715.9820072111, "rprd": 72.864139009095, "w": 24, "l": 6, "coil": null}, "gen8challengecup1v1": {"elo": 1304.6465733323, "gxe": 70.5, "rpr": 1670.5620104262, "rprd": 96.242402137581, "w": 18, "l": 4, "coil": null}, "gen8hackmonscup": {"elo": 1358.9415345689, "gxe": 69.7, "rpr": 1666.8272056422, "rprd": 128.09413379792, "w": 6, "l": 2, "coil": null}, "gen8monotyperandombattle": {"elo": 1499.0110781869, "gxe": 75.7, "rpr": 1718.0698482964, "rprd": 71.74296111598, "w": 122, "l": 69, "coil": null}, "gen8randombattle": {"elo": 1399.9941863959, "gxe": 78.3, "rpr": 1785.8887613981, "rprd": 216.92780268781, "w": 770, "l": 579, "coil": null}, "gen9monotyperandombattle": {"elo": 1509.9842295329, "gxe": 73.5, "rpr": 1694.5145870452, "rprd": 60.266735024869, "w": 39, "l": 16, "coil": null}, "gen9randombattle": {"elo": 2172.7341633826, "gxe": 85.7, "rpr": 1837.9937839892, "rprd": 30.196274801726, "w": 457, "l": 353, "coil": null}}}