{"username": "Arienne<3", "userid": "arienne3", "registertime": 1775952000, "group": 1, "ratings": {"gen9doublesou": {"elo": 1161.8599362335592, "gxe": 54, "rpr": 1530.5807322880748, "rprd": 69.9393962737471, "w": 12, "l": 8, "coil": null}, "gen9nationaldex": {"elo": 1197.0420148590906, "gxe": 52.7, "rpr": 1520.563730856792, "rprd": 31.69477866888026, "w": 194, "l": 187, "coil": null}, "gen9randombattle": {"elo": 1000, "gxe": 45, "rpr": 1459.8393856609866, "rprd": 122.85830807679145, "w": 0, "l": 1, "coil": null}}}