{"username": "arktp", "userid": "arktp", "registertime": 1773360000, "group": 1, "ratings": {"gen9nationaldex": {"elo": 1232.6617483651548, "gxe": 46.5, "rpr": 1473.620956609757, "rprd": 53.21908649068544, "w": 24, "l": 18, "coil": null}, "gen9ou": {"elo": 1168.15734318778, "gxe": 46.6, "rpr": 1474.5392397157539, "rprd": 45.47633782193646, "w": 84, "l": 78, "coil": null}, "gen9randombattle": {"elo": 1325.7815529314714, "gxe": 56.4, "rpr": 1548.7133776666662, "rprd": 25.992231827271457, "w": 1212, "l": 1253, "coil": null}, "gen9ubers": {"elo": 1108.508797065479, "gxe": 46.9, "rpr": 1476.1062304593745, "rprd": 70.5875940186259, "w": 10, "l": 11, "coil": null}}}