{"username": "Atelophobia", "userid": "atelophobia", "registertime": 1371686400, "group": 1, "ratings": {"gen7lc": {"elo": 1129.2973381743, "gxe": 59.7, "rpr": 1577.195370467, "rprd": 102.60135590073, "w": 4, "l": 1, "coil": null}, "gen7nu": {"elo": 1210.3326530254, "gxe": 65.7, "rpr": 1624.8807828374, "rprd": 67.993629493688, "w": 20, "l": 11, "coil": null}, "gen7ou": {"elo": 1428.5585961266, "gxe": 69.1, "rpr": 1658.1831053465, "rprd": 102.96599096099, "w": 74, "l": 45, "coil": null}, "gen7oublitz": {"elo": 1222.4699374805, "gxe": 64.6, "rpr": 1615.8190500234, "rprd": 75.345092841416, "w": 13, "l": 4, "coil": null}, "gen7pokebankdoublesou": {"elo": 1499.4821027786, "gxe": 75.3, "rpr": 1784.5290047583, "rprd": 314.06819025661, "w": 31, "l": 5, "coil": null}, "gen7pu": {"elo": 1385.6331141844, "gxe": 68.4, "rpr": 1647.3970825373, "rprd": 59.236475224128, "w": 30, "l": 15, "coil": null}, "gen7randombattle": {"elo": 1496.7379814291, "gxe": 75.6, "rpr": 1716.2242400048, "rprd": 60.221537414884, "w": 54, "l": 22, "coil": null}, "gen7randomdoublesbattle": {"elo": 1172.0461045824, "gxe": 72.2, "rpr": 1689.5090853333, "rprd": 117.31211083741, "w": 7, "l": 1, "coil": null}, "gen7ru": {"elo": 1444.8983190414, "gxe": 78.2, "rpr": 1786.1229391483, "rprd": 222.72983372504, "w": 31, "l": 10, "coil": null}, "gen7ubers": {"elo": 1499.0800492682, "gxe": 76.2, "rpr": 1762.627007658, "rprd": 226.87044619392, "w": 36, "l": 6, "coil": null}, "gen7uu": {"elo": 1244.8421105113, "gxe": 62, "rpr": 1610.1890550785, "rprd": 223.08734089779, "w": 14, "l": 5, "coil": null}, "gen8monotype": {"elo": 1359.972492417, "gxe": 67.5, "rpr": 1639.2325305953, "rprd": 51.026634447873, "w": 31, "l": 17, "coil": null}, "gen8ou": {"elo": 1080.9714014898, "gxe": 43.5, "rpr": 1449.2573687528, "rprd": 90.640426567036, "w": 11, "l": 8, "coil": null}, "gen8randombattle": {"elo": 1222.5116860168, "gxe": 66.2, "rpr": 1633.1697483443, "rprd": 112.68856576198, "w": 10, "l": 3, "coil": null}, "gen8randomdoublesbattle": {"elo": 1075.3034414375, "gxe": 58, "rpr": 1564.298960395, "rprd": 116.34588088653, "w": 2, "l": 0, "coil": null}, "gen8ru": {"elo": 1310.3283739732, "gxe": 62.5, "rpr": 1614.3063524055, "rprd": 219.67755888136, "w": 68, "l": 48, "coil": null}, "gen8uu": {"elo": 1312.3267825062, "gxe": 58.4, "rpr": 1575.3801931304, "rprd": 217.76158457068, "w": 75, "l": 51, "coil": null}, "gen9championsou": {"elo": 1000, "gxe": 45.4, "rpr": 1463.2132798017644, "rprd": 122.08436080574704, "w": 0, "l": 1, "coil": null}, "gen9nationaldex": {"elo": 1239.1077835013898, "gxe": 56.9, "rpr": 1553.2205500543432, "rprd": 64.59816501044075, "w": 17, "l": 9, "coil": null}, "gen9nu": {"elo": 1137.5681368114795, "gxe": 58.9, "rpr": 1570.03888640011, "rprd": 96.87960721413965, "w": 5, "l": 2, "coil": 1178}, "gen9ou": {"elo": 1527.57313785512, "gxe": 77.2, "rpr": 1735.0786919598033, "rprd": 81.27062927327412, "w": 139, "l": 108, "coil": null}, "gen9randombattle": {"elo": 1896.6139155097226, "gxe": 78.7, "rpr": 1746.0294832208194, "rprd": 29.55099237285878, "w": 135, "l": 93, "coil": null}, "gen9ru": {"elo": 1104.125035057834, "gxe": 56.5, "rpr": 1551.1994554204803, "rprd": 99.59436394824392, "w": 4, "l": 2, "coil": 1006.7155514985834}, "gen9uu": {"elo": 1472.3177208817303, "gxe": 77.8, "rpr": 1740.0301125281478, "rprd": 63.512953892128415, "w": 126, "l": 101, "coil": null}, "nu": {"elo": 1135.5303991892, "gxe": 61.1, "rpr": 1588.6858729847, "rprd": 102.16856235906, "w": 4, "l": 1, "coil": null}, "ou": {"elo": 1383.2849858007, "gxe": 68.8, "rpr": 1651.5494513878, "rprd": 69.864764295576, "w": 29, "l": 12, "coil": null}, "pu": {"elo": 1074, "gxe": 54.2, "rpr": 1533.0891783611, "rprd": 111.51861011339, "w": 2, "l": 1, "coil": null}, "randomdoublesbattle": {"elo": 1226.1586729333, "gxe": 68.9, "rpr": 1654.3561879866, "rprd": 89.384583204372, "w": 8, "l": 1, "coil": null}, "ru": {"elo": 1260.689758345, "gxe": 67.3, "rpr": 1640.1756118388, "rprd": 90.398276205031, "w": 14, "l": 4, "coil": null}, "ubers": {"elo": 1328.9792236274, "gxe": 72.8, "rpr": 1688.8594039013, "rprd": 68.64822746124, "w": 17, "l": 4, "coil": null}, "uu": {"elo": 1368.2706296686, "gxe": 68.7, "rpr": 1649.1650341105, "rprd": 43.805093978279, "w": 8, "l": 5, "coil": null}}}