{"username": "atlasfear243", "userid": "atlasfear243", "registertime": 0, "group": 0, "ratings": {"gen9randombattle": {"elo": 1000, "gxe": 39.2, "rpr": 1412.7370118301544, "rprd": 116.55307126723403, "w": 0, "l": 2, "coil": null}}}