{"username": "ato07", "userid": "ato07", "registertime": 1771718400, "group": 1, "ratings": {"gen9randombattle": {"elo": 2113.1245911888873, "gxe": 83.8, "rpr": 1810.8968354917924, "rprd": 36.67985432921955, "w": 382, "l": 312, "coil": null}}}