{"username": "AtomBomb69", "userid": "atombomb69", "registertime": 1649721600, "group": 1, "ratings": {"gen1ou": {"elo": 1000, "gxe": 37.5, "rpr": 1398.8248391413, "rprd": 111.32175064835, "w": 0, "l": 3, "coil": null}, "gen1randombattle": {"elo": 1100.038459344667, "gxe": 60.3, "rpr": 1582.817725295225, "rprd": 116.62961264260127, "w": 2, "l": 0, "coil": null}, "gen2ou": {"elo": 1048.635793913085, "gxe": 31.8, "rpr": 1355.3939829300236, "rprd": 51.5746267948823, "w": 11, "l": 35, "coil": null}, "gen2randombattle": {"elo": 1120.1610938898, "gxe": 59.5, "rpr": 1584.0569135285, "rprd": 205.57351602618, "w": 9, "l": 5, "coil": null}, "gen3ou": {"elo": 1051.3552084285043, "gxe": 49.7, "rpr": 1497.3809134147893, "rprd": 115.34027002146405, "w": 1, "l": 1, "coil": null}, "gen3randombattle": {"elo": 1041.2447213495257, "gxe": 55, "rpr": 1540.1606143390134, "rprd": 122.85830807679145, "w": 1, "l": 0, "coil": null}, "gen4ou": {"elo": 1057.6761246887431, "gxe": 38.4, "rpr": 1410.692268006432, "rprd": 43.56454327100445, "w": 23, "l": 42, "coil": null}, "gen4randombattle": {"elo": 1075.6458529113731, "gxe": 51.6, "rpr": 1512.8891632629986, "rprd": 103.01259158472384, "w": 3, "l": 2, "coil": null}, "gen5ou": {"elo": 1107.917286135, "gxe": 43.6, "rpr": 1450.8331762309, "rprd": 56.248452121057, "w": 17, "l": 19, "coil": null}, "gen6doublesou": {"elo": 1073.944344047, "gxe": 42.4, "rpr": 1437.9955419879, "rprd": 137.18903610217, "w": 2, "l": 5, "coil": null}, "gen6ou": {"elo": 1228.1108977223525, "gxe": 48.1, "rpr": 1485.8217686445387, "rprd": 56.7654383315133, "w": 92, "l": 100, "coil": null}, "gen6randombattle": {"elo": 1166.447868948518, "gxe": 58.9, "rpr": 1570.9107589267753, "rprd": 111.77398128748055, "w": 15, "l": 10, "coil": null}, "gen7ou": {"elo": 1152.5973166247236, "gxe": 53.3, "rpr": 1525.3254421162756, "rprd": 90.58022262213073, "w": 8, "l": 6, "coil": null}, "gen8anythinggoes": {"elo": 1207.9333690849, "gxe": 50.2, "rpr": 1501.570317179, "rprd": 36.501924746694, "w": 97, "l": 88, "coil": null}, "gen8bdspou": {"elo": 1085.5507852715, "gxe": 55.5, "rpr": 1543.8473837309, "rprd": 105.65353203691, "w": 3, "l": 1, "coil": null}, "gen8bdsprandombattle": {"elo": 1179.584808352, "gxe": 64.5, "rpr": 1615.8732732462, "rprd": 82.560411183165, "w": 9, "l": 3, "coil": null}, "gen8bdspubers": {"elo": 1000, "gxe": 44.5, "rpr": 1456.0301723837, "rprd": 122.97445912873, "w": 0, "l": 1, "coil": null}, "gen8doublesou": {"elo": 1291.0881204957, "gxe": 72.1, "rpr": 1685.7602030179, "rprd": 100.16554854534, "w": 138, "l": 108, "coil": null}, "gen8doublesubers": {"elo": 1170.5285572581, "gxe": 49, "rpr": 1492.1957161829, "rprd": 49.380746087732, "w": 80, "l": 87, "coil": null}, "gen8monotype": {"elo": 1161.2660963183, "gxe": 43.6, "rpr": 1451.4687423042, "rprd": 31.100420918579, "w": 156, "l": 179, "coil": null}, "gen8monotyperandombattle": {"elo": 1040, "gxe": 55, "rpr": 1540.1606143388, "rprd": 122.8583080769, "w": 1, "l": 0, "coil": null}, "gen8nationaldexmonotype": {"elo": 1054.8508197323, "gxe": 51.6, "rpr": 1512.3622398756, "rprd": 113.43517861294, "w": 2, "l": 1, "coil": null}, "gen8nfe": {"elo": 1000, "gxe": 40.5, "rpr": 1423.6406132179, "rprd": 116.60387959481, "w": 0, "l": 2, "coil": null}, "gen8ou": {"elo": 1117.2613886187833, "gxe": 45.3, "rpr": 1463.7578726185288, "rprd": 58.71225582422727, "w": 109, "l": 121, "coil": null}, "gen8oublitz": {"elo": 1000, "gxe": 45.5, "rpr": 1464.0331571904, "rprd": 122.56969921574, "w": 0, "l": 1, "coil": null}, "gen8randombattle": {"elo": 1298.5572247103048, "gxe": 61.9, "rpr": 1594.6662745606357, "rprd": 100.09263724974876, "w": 30, "l": 27, "coil": null}, "gen8randombattleblitz": {"elo": 1048.0667097737, "gxe": 40.6, "rpr": 1424.1791780955, "rprd": 118.90125720252, "w": 2, "l": 4, "coil": null}, "gen8randomdoublesbattle": {"elo": 1025.3914293072, "gxe": 43.4, "rpr": 1447.3098075852, "rprd": 111.2983932222, "w": 1, "l": 2, "coil": null}, "gen8ubers": {"elo": 1168.3428664294, "gxe": 43.9, "rpr": 1446.3265814525, "rprd": 208.14704629306, "w": 39, "l": 60, "coil": null}, "gen8vgc2022": {"elo": 1121.6045166467, "gxe": 46.9, "rpr": 1472.4213332667, "rprd": 221.64126235679, "w": 14, "l": 13, "coil": null}, "gen91v1": {"elo": 1034.4683435912198, "gxe": 37.1, "rpr": 1396.7416456825706, "rprd": 93.63368049380243, "w": 4, "l": 9, "coil": null}, "gen9almostanyability": {"elo": 1140.6460138528, "gxe": 44.4, "rpr": 1457.4070618005, "rprd": 60.000085809761, "w": 14, "l": 16, "coil": null}, "gen9anythinggoes": {"elo": 1500.2766649543, "gxe": 78.6, "rpr": 1754.7375026269, "rprd": 100.17621594614, "w": 125, "l": 86, "coil": null}, "gen9babyrandombattle": {"elo": 1231.5477670153, "gxe": 50.8, "rpr": 1506.2155174889, "rprd": 100.03883889812, "w": 72, "l": 86, "coil": null}, "gen9cap": {"elo": 1172.3523697631965, "gxe": 69, "rpr": 1657.166377407972, "rprd": 100.57789410106038, "w": 5, "l": 1, "coil": null}, "gen9doublesou": {"elo": 1254.3881478394571, "gxe": 51.8, "rpr": 1513.9859031620376, "rprd": 73.53099209381757, "w": 467, "l": 450, "coil": null}, "gen9doublesubers": {"elo": 1429.962560251997, "gxe": 71.6, "rpr": 1685.8793445305034, "rprd": 130, "w": 67, "l": 34, "coil": null}, "gen9freedomcup": {"elo": 1029.812416811429, "gxe": 43.2, "rpr": 1447.2405367765286, "rprd": 81.19527440472123, "w": 5, "l": 8, "coil": null}, "gen9lc": {"elo": 1114.090267479902, "gxe": 44.5, "rpr": 1456.6852849313436, "rprd": 94.75781706665784, "w": 22, "l": 31, "coil": null}, "gen9legendszaou": {"elo": 1000, "gxe": 37.7, "rpr": 1400.7324649162529, "rprd": 111.51861011315509, "w": 0, "l": 3, "coil": null}, "gen9monotype": {"elo": 1128.6281324688725, "gxe": 39.5, "rpr": 1416.7152746108043, "rprd": 98.90458834240663, "w": 216, "l": 211, "coil": 1574.8787040797565}, "gen9monotyperandombattle": {"elo": 1000, "gxe": 45, "rpr": 1459.8393856609866, "rprd": 122.85830807679145, "w": 0, "l": 1, "coil": null}, "gen9nationaldex": {"elo": 1135.6548770723148, "gxe": 34.5, "rpr": 1374.6848384163452, "rprd": 97.43163020607817, "w": 671, "l": 685, "coil": null}, "gen9nationaldexag": {"elo": 1336.6386300878, "gxe": 65.5, "rpr": 1623.3850841227, "rprd": 70.904253470923, "w": 14, "l": 5, "coil": null}, "gen9nationaldexdoubles": {"elo": 1366.9780945962457, "gxe": 68.1, "rpr": 1649.6807160513497, "rprd": 111.10652952610425, "w": 148, "l": 114, "coil": null}, "gen9nationaldexmonotype": {"elo": 1194.9297454742994, "gxe": 56.5, "rpr": 1550.1639971064478, "rprd": 79.47699040247328, "w": 94, "l": 103, "coil": null}, "gen9nationaldexubers": {"elo": 1228.242517370827, "gxe": 48.6, "rpr": 1489.329167546998, "rprd": 92.41796171408535, "w": 394, "l": 377, "coil": null}, "gen9nfe": {"elo": 1000, "gxe": 45, "rpr": 1460.2051185903, "rprd": 122.42967316545, "w": 0, "l": 1, "coil": null}, "gen9nu": {"elo": 1040, "gxe": 55, "rpr": 1540.1606143388, "rprd": 122.8583080769, "w": 1, "l": 0, "coil": 17.1875}, "gen9ou": {"elo": 1106.9497801298155, "gxe": 31.7, "rpr": 1352.544245828002, "rprd": 75.28034543051915, "w": 325, "l": 365, "coil": null}, "gen9pokebilities": {"elo": 1248.7431043283, "gxe": 53.6, "rpr": 1529.162067835, "rprd": 131.0320236492, "w": 38, "l": 31, "coil": null}, "gen9pu": {"elo": 1078.0193875941306, "gxe": 48.2, "rpr": 1485.6049267432622, "rprd": 111.09189800048728, "w": 5, "l": 4, "coil": 1124.5339941513764}, "gen9randombattle": {"elo": 1694.5464143955514, "gxe": 67.4, "rpr": 1637.2115791004774, "rprd": 27.82062692004956, "w": 4929, "l": 4875, "coil": null}, "gen9randombattleblitz": {"elo": 1255.278595395372, "gxe": 54.9, "rpr": 1537.6768759569445, "rprd": 78.87395687179803, "w": 55, "l": 67, "coil": null}, "gen9randomdoublesbattle": {"elo": 1374.0858847591096, "gxe": 61.6, "rpr": 1592.9663036015631, "rprd": 108.7080616179381, "w": 614, "l": 583, "coil": null}, "gen9relayrace": {"elo": 1066.681702919874, "gxe": 45.7, "rpr": 1465.9049090884732, "rprd": 99.18699008273599, "w": 2, "l": 4, "coil": null}, "gen9ru": {"elo": 1075.7848718730131, "gxe": 42.3, "rpr": 1439.746276863454,