{"username": "auramonster3000", "userid": "auramonster3000", "registertime": 1776038400, "group": 1, "ratings": {"gen9randombattle": {"elo": 1564.7710731479265, "gxe": 65.3, "rpr": 1619.5012117848396, "rprd": 34.295511289373046, "w": 120, "l": 98, "coil": null}}}