{"username": "Aurrem173", "userid": "aurrem173", "registertime": 1648166400, "group": 1, "ratings": {"gen5randombattle": {"elo": 1313.079104269, "gxe": 72.4, "rpr": 1685.8424185638, "rprd": 76.239345706325, "w": 15, "l": 5, "coil": null}, "gen7monotypebattlefactory": {"elo": 1062.3135313381, "gxe": 47.4, "rpr": 1480.1008047248, "rprd": 90.235855501368, "w": 4, "l": 5, "coil": null}, "gen7randombattle": {"elo": 1164.4211485808, "gxe": 55.9, "rpr": 1546.3682504256, "rprd": 97.613399213205, "w": 10, "l": 5, "coil": null}, "gen8anythinggoes": {"elo": 1000, "gxe": 42.7, "rpr": 1440.8935797698, "rprd": 123.71840957349, "w": 0, "l": 1, "coil": null}, "gen8bdsprandombattle": {"elo": 1157.5583640198, "gxe": 60.3, "rpr": 1581.3899531153, "rprd": 89.309110076812, "w": 6, "l": 3, "coil": null}, "gen8cap": {"elo": 1242.8899574195, "gxe": 56, "rpr": 1553.6338029724, "rprd": 219.00203620917, "w": 17, "l": 16, "coil": null}, "gen8doublesou": {"elo": 1049.0877462162, "gxe": 53.5, "rpr": 1528.4032749151, "rprd": 122.88387505485, "w": 1, "l": 0, "coil": null}, "gen8joltemonsrandombattle": {"elo": 1040, "gxe": 55, "rpr": 1540.1606143390134, "rprd": 122.85830807679145, "w": 1, "l": 0, "coil": null}, "gen8monotype": {"elo": 1429.8012252621, "gxe": 70, "rpr": 1661.5529597997, "rprd": 56.049277886681, "w": 76, "l": 60, "coil": null}, "gen8nationaldexag": {"elo": 1030.7228128783, "gxe": 47.2, "rpr": 1477.9322634867, "rprd": 118.25365100601, "w": 1, "l": 1, "coil": null}, "gen8nationaldexmonotype": {"elo": 1303.4900451559, "gxe": 61.4, "rpr": 1588.978591185, "rprd": 66.544432777206, "w": 49, "l": 35, "coil": null}, "gen8nu": {"elo": 1055.8599737293, "gxe": 50.7, "rpr": 1505.5824864836, "rprd": 115.55095357618, "w": 1, "l": 1, "coil": null}, "gen8ou": {"elo": 1204.8368843283, "gxe": 53.2, "rpr": 1524.5608656255, "rprd": 70.55156042173, "w": 25, "l": 20, "coil": null}, "gen8oublitz": {"elo": 1102.4688038227, "gxe": 60.5, "rpr": 1583.9414822882, "rprd": 104.1591572025, "w": 4, "l": 1, "coil": null}, "gen8pu": {"elo": 1000, "gxe": 38, "rpr": 1402.9345742981, "rprd": 117.79288846969, "w": 0, "l": 2, "coil": null}, "gen8randombattle": {"elo": 1440.7133494331, "gxe": 72.1, "rpr": 1700.6617113839, "rprd": 175.40338210074, "w": 479, "l": 422, "coil": null}, "gen8ru": {"elo": 1067.6511780202, "gxe": 41.7, "rpr": 1432.991819115, "rprd": 121.55376769749, "w": 4, "l": 7, "coil": null}, "gen9almostanyability": {"elo": 1389.5750106696, "gxe": 67.1, "rpr": 1655.4190256137, "rprd": 198.65443610932, "w": 50, "l": 33, "coil": null}, "gen9championsou": {"elo": 1000, "gxe": 45, "rpr": 1459.8393856609866, "rprd": 122.85830807679145, "w": 0, "l": 1, "coil": null}, "gen9championsvgc2026regmb": {"elo": 1076.3821678284437, "gxe": 47.4, "rpr": 1479.9753299072258, "rprd": 87.0936217878915, "w": 5, "l": 5, "coil": null}, "gen9doublesou": {"elo": 1417.8670970633311, "gxe": 67.9, "rpr": 1643.8538752386964, "rprd": 71.57261864585313, "w": 21, "l": 7, "coil": null}, "gen9doublesuu": {"elo": 1000, "gxe": 42.2, "rpr": 1437.1537473392125, "rprd": 117.39215761716896, "w": 0, "l": 2, "coil": null}, "gen9inheritance": {"elo": 1029.802589467139, "gxe": 49.8, "rpr": 1498.503532696634, "rprd": 116.23981781846916, "w": 1, "l": 1, "coil": 996}, "gen9monotype": {"elo": 1141.7523028335459, "gxe": 46, "rpr": 1468.5422092596793, "rprd": 107.00127494204737, "w": 10, "l": 7, "coil": 1695.9089393311922}, "gen9nationaldex": {"elo": 1326.4604033717053, "gxe": 45.5, "rpr": 1463.9651214848006, "rprd": 115.12199394546921, "w": 22, "l": 11, "coil": null}, "gen9nationaldexmonotype": {"elo": 1064.2641027625, "gxe": 50.8, "rpr": 1505.967497223, "rprd": 78.784111333475, "w": 7, "l": 7, "coil": null}, "gen9nationaldexuu": {"elo": 1293.6881182127, "gxe": 68.2, "rpr": 1657.8739953791, "rprd": 157.99256654847, "w": 20, "l": 7, "coil": null}, "gen9nu": {"elo": 1169.9003906406995, "gxe": 59.3, "rpr": 1572.7748470577387, "rprd": 81.31275737759978, "w": 11, "l": 7, "coil": 1811.5380652647668}, "gen9ou": {"elo": 1479.316134606218, "gxe": 69.9, "rpr": 1661.8005499482833, "rprd": 70.44085229144754, "w": 213, "l": 190, "coil": null}, "gen9pokebilities": {"elo": 1272.9268014221, "gxe": 66.6, "rpr": 1640.3095323097, "rprd": 140.21110083484, "w": 23, "l": 11, "coil": null}, "gen9pu": {"elo": 1021.8682930352912, "gxe": 33.1, "rpr": 1363.0175760500256, "rprd": 94.9335931476637, "w": 3, "l": 9, "coil": 883.6639834605628}, "gen9randombattle": {"elo": 2203.0940333221015, "gxe": 86.7, "rpr": 1854.7590874361395, "rprd": 33.314730030899156, "w": 2162, "l": 1848, "coil": null}, "gen9randombattleblitz": {"elo": 1301.0902918458048, "gxe": 54, "rpr": 1530.8136257699448, "rprd": 77.31772350943682, "w": 29, "l": 16, "coil": null}, "gen9randomdoublesbattle": {"elo": 1422.231746246364, "gxe": 71, "rpr": 1671.412149003961, "rprd": 61.19112251362807, "w": 23, "l": 7, "coil": null}, "gen9ru": {"elo": 1311.8292476179345, "gxe": 61.7, "rpr": 1590.427925991423, "rprd": 55.260986324726254, "w": 74, "l": 49, "coil": 2372.5390374872263}, "gen9stabmons": {"elo": 1186.3444805885, "gxe": 64.1, "rpr": 1622.143800175, "rprd": 175.97688828317, "w": 6, "l": 1, "coil": null}, "gen9ubers": {"elo": 1264.4440111689312, "gxe": 56.9, "rpr": 1553.3452219598144, "rprd": 81.59544051961313, "w": 25, "l": 19, "coil": null}, "gen9uu": {"elo": 1351.8497313589783, "gxe": 63.4, "rpr": 1607.449827760235, "rprd": 101.90506857981991, "w": 47, "l": 30, "coil": null}, "gen9zu": {"elo": 1125.6465910589252, "gxe": 52.3, "rpr": 1517.7605113912512, "rprd": 68.06932648524891, "w": 12, "l": 14, "coil": 1880.3962359250736}}}