{"username": "av2027", "userid": "av2027", "registertime": 0, "group": 0, "ratings": {"gen9randombattle": {"elo": 1035.9951575950229, "gxe": 32.6, "rpr": 1361.0495255631467, "rprd": 59.590100037855024, "w": 11, "l": 22, "coil": null}}}