{"username": "awaangawa", "userid": "awaangawa", "registertime": 1752624000, "group": 1, "ratings": {"gen9randombattle": {"elo": 1719.5639775640352, "gxe": 77, "rpr": 1728.1961713153291, "rprd": 26.535287908261672, "w": 761, "l": 689, "coil": null}}}