{"username": "awdfeghjkl", "userid": "awdfeghjkl", "registertime": 0, "group": 0, "ratings": {"gen9randombattle": {"elo": 1029.478653337585, "gxe": 47, "rpr": 1476.0669983738285, "rprd": 116.47511424537018, "w": 1, "l": 1, "coil": null}}}