{"username": "AyoIsThatMvdnvght", "userid": "ayoisthatmvdnvght", "registertime": 1675814400, "group": 1, "ratings": {"gen5randombattle": {"elo": 1044.5849307009835, "gxe": 55, "rpr": 1540.1606143390134, "rprd": 122.85830807679145, "w": 1, "l": 0, "coil": null}, "gen9350cup": {"elo": 1028.9631464954, "gxe": 42.8, "rpr": 1434.4899814639, "rprd": 223.44036357183, "w": 3, "l": 6, "coil": null}, "gen9babyrandombattle": {"elo": 1000, "gxe": 45, "rpr": 1459.8393856609866, "rprd": 122.85830807679145, "w": 0, "l": 1, "coil": null}, "gen9convergence": {"elo": 1024.993472295, "gxe": 47, "rpr": 1476.4315526923, "rprd": 111.20460127089, "w": 1, "l": 2, "coil": null}, "gen9doublesou": {"elo": 1047.972930497792, "gxe": 55, "rpr": 1540.1606143390134, "rprd": 122.85830807679145, "w": 1, "l": 0, "coil": null}, "gen9legendszaou": {"elo": 1089.490383983252, "gxe": 48.7, "rpr": 1489.7975766151299, "rprd": 95.39799577471338, "w": 4, "l": 3, "coil": null}, "gen9nationaldex": {"elo": 1093.9388764801838, "gxe": 40, "rpr": 1419.8778771619238, "rprd": 104.9524292453666, "w": 22, "l": 19, "coil": null}, "gen9nationaldexubers": {"elo": 1119.931664536, "gxe": 55.7, "rpr": 1544.0402117579, "rprd": 77.218777837166, "w": 8, "l": 7, "coil": null}, "gen9ou": {"elo": 1155.5716812667333, "gxe": 50.9, "rpr": 1506.946705403231, "rprd": 108.81131966338712, "w": 23, "l": 25, "coil": null}, "gen9randombattle": {"elo": 1357.9508391031513, "gxe": 57.3, "rpr": 1555.9139851816087, "rprd": 55.47630610422464, "w": 387, "l": 375, "coil": null}, "gen9ubers": {"elo": 1045.3907443616235, "gxe": 50.9, "rpr": 1507.255626102822, "rprd": 106.25597940404322, "w": 2, "l": 2, "coil": null}, "gen9uu": {"elo": 1101.5345453313462, "gxe": 43.6, "rpr": 1449.4154046971787, "rprd": 94.62194529350587, "w": 7, "l": 7, "coil": null}}}