{"username": "Azubuike", "userid": "azubuike", "registertime": 1664841600, "group": 1, "ratings": {"gen5randombattle": {"elo": 1111.955815653, "gxe": 47.5, "rpr": 1480.5621299392, "rprd": 90.493362910943, "w": 0, "l": 0, "coil": null}, "gen8randombattle": {"elo": 1399.2270362137, "gxe": 68.3, "rpr": 1669.9261791016, "rprd": 210.3166236696, "w": 1677, "l": 1622, "coil": null}, "gen9randombattle": {"elo": 2062.1617360881482, "gxe": 82.2, "rpr": 1788.2969495195268, "rprd": 25.09771085306972, "w": 15422, "l": 14933, "coil": null}}}