{"username": "Ban Hero", "userid": "banhero", "registertime": 1574640000, "group": 1, "ratings": {"gen7randombattle": {"elo": 1065.5266778807, "gxe": 54.2, "rpr": 1533.0503213818, "rprd": 112.03701857285, "w": 2, "l": 1, "coil": null}, "gen8hackmonscup": {"elo": 1437.2741131454, "gxe": 76.7, "rpr": 1730.3466593, "rprd": 82.797405510736, "w": 418, "l": 235, "coil": null}, "gen8randombattle": {"elo": 1411.7849423408, "gxe": 80.1, "rpr": 1802.0015153184, "rprd": 194.7216425906, "w": 1189, "l": 947, "coil": null}, "gen8randombattleblitz": {"elo": 1461.592979226, "gxe": 75.3, "rpr": 1714.8064018277, "rprd": 78.608868115926, "w": 154, "l": 90, "coil": null}, "gen9randombattle": {"elo": 2174.1100101517086, "gxe": 87.7, "rpr": 1870.4781843405606, "rprd": 25, "w": 2659, "l": 2225, "coil": null}}}