{"username": "barnebruh", "userid": "barnebruh", "registertime": 1745971200, "group": 1, "ratings": {"gen9championsbssregma": {"elo": 1000, "gxe": 45, "rpr": 1459.8393856609866, "rprd": 122.85830807679145, "w": 0, "l": 1, "coil": null}, "gen9championsrandombattle": {"elo": 1158.0906807988401, "gxe": 50.8, "rpr": 1506.2517104308586, "rprd": 59.00875543166392, "w": 18, "l": 16, "coil": null}, "gen9championsvgc2026regma": {"elo": 1340.6106191021643, "gxe": 51.6, "rpr": 1511.9961126340652, "rprd": 29.855426138227152, "w": 392, "l": 397, "coil": null}, "gen9championsvgc2026regmb": {"elo": 1169.5481088052618, "gxe": 56, "rpr": 1546.4329209885673, "rprd": 64.79887987694981, "w": 15, "l": 10, "coil": null}, "gen9randombattle": {"elo": 1541.7603478075432, "gxe": 65.4, "rpr": 1620.8820397937634, "rprd": 40.076132106130366, "w": 52, "l": 29, "coil": null}, "gen9vgc2026regf": {"elo": 1417.890913171018, "gxe": 46.4, "rpr": 1473.1424505364955, "rprd": 26.067234923355752, "w": 111, "l": 125, "coil": null}, "gen9vgc2026regi": {"elo": 1029.8856852429333, "gxe": 27.6, "rpr": 1315.814759113315, "rprd": 60.120150704461345, "w": 8, "l": 24, "coil": null}}}