{"username": "BarqRB", "userid": "barqrb", "registertime": 1640044800, "group": 1, "ratings": {"gen7anythinggoes": {"elo": 1027.7127189393, "gxe": 47.4, "rpr": 1478.9503105178, "rprd": 116.89582009489, "w": 1, "l": 1, "coil": null}, "gen7doublesou": {"elo": 1047.4190882321, "gxe": 53.5, "rpr": 1528.0829543076, "rprd": 122.96961723758, "w": 1, "l": 0, "coil": null}, "gen9randombattle": {"elo": 1402.7584728586164, "gxe": 57.7, "rpr": 1558.8888887594267, "rprd": 44.68085560513081, "w": 97, "l": 82, "coil": null}}}