{"username": "barvilla", "userid": "barvilla", "registertime": 0, "group": 0, "ratings": {"gen7battlefactory": {"elo": 1071.8852508016, "gxe": 43.2, "rpr": 1445.4675611694, "rprd": 123.48527850695, "w": 4, "l": 4, "coil": null}, "gen7monotypebattlefactory": {"elo": 1013.9906351959, "gxe": 40.5, "rpr": 1424.8347439725, "rprd": 97.448259307196, "w": 2, "l": 5, "coil": null}, "gen7ou": {"elo": 1138.7417849739, "gxe": 42.2, "rpr": 1440.4478573832, "rprd": 57.089826941128, "w": 101, "l": 140, "coil": null}, "gen7randombattle": {"elo": 1265.1971410138192, "gxe": 55.4, "rpr": 1541.4057705333819, "rprd": 67.90586196377906, "w": 1100, "l": 1174, "coil": null}, "gen7randomdoublesbattle": {"elo": 1000, "gxe": 44.2, "rpr": 1453.0573660635, "rprd": 123.72294325981, "w": 0, "l": 1, "coil": null}, "gen8ou": {"elo": 1044.293666423, "gxe": 42.3, "rpr": 1438.7561875058, "rprd": 103.4550059168, "w": 2, "l": 3, "coil": null}, "gen8randombattle": {"elo": 1105.990690235, "gxe": 49.2, "rpr": 1493.7551727453, "rprd": 130, "w": 8, "l": 11, "coil": null}, "gen9randombattle": {"elo": 1119.7349750522244, "gxe": 42.3, "rpr": 1441.4573030914175, "rprd": 35.00915953085798, "w": 216, "l": 231, "coil": null}}}