{"username": "Basic-Burger", "userid": "basicburger", "registertime": 1718150400, "group": 1, "ratings": {"gen1randombattle": {"elo": 1058.001220829822, "gxe": 57.7, "rpr": 1562.1701865412313, "rprd": 123.25554679212053, "w": 1, "l": 0, "coil": null}, "gen9almostanyability": {"elo": 1065.5880537309106, "gxe": 45.7, "rpr": 1466.5615062795625, "rprd": 73.61442019622295, "w": 9, "l": 9, "coil": null}, "gen9monotype": {"elo": 1124.4894887514085, "gxe": 39.9, "rpr": 1422.3283688556476, "rprd": 55.29269283857837, "w": 18, "l": 22, "coil": 1541.6343809640537}, "gen9monotyperandombattle": {"elo": 1185.9873353353428, "gxe": 42.2, "rpr": 1439.025980042789, "rprd": 85.83047773103236, "w": 19, "l": 25, "coil": null}, "gen9nationaldex": {"elo": 1118.604258155539, "gxe": 36.3, "rpr": 1393.211414525528, "rprd": 52.62422049077639, "w": 28, "l": 34, "coil": null}, "gen9nationaldexmonotype": {"elo": 1083.8316440955593, "gxe": 53.7, "rpr": 1529.3111180143753, "rprd": 112.37866686734563, "w": 2, "l": 1, "coil": null}, "gen9nationaldexubers": {"elo": 1235.5790871162937, "gxe": 49.4, "rpr": 1495.6665700847927, "rprd": 38.51265702218033, "w": 87, "l": 70, "coil": null}, "gen9ou": {"elo": 1324.9516834388858, "gxe": 49.6, "rpr": 1496.8587372214438, "rprd": 89.72869132184151, "w": 623, "l": 644, "coil": null}, "gen9randombattle": {"elo": 1548.572363651218, "gxe": 64, "rpr": 1608.4449427687307, "rprd": 26.69480875057649, "w": 1434, "l": 1416, "coil": null}, "gen9randomroulette": {"elo": 1046.582333919461, "gxe": 54.1, "rpr": 1532.5197505178503, "rprd": 122.60111420817739, "w": 1, "l": 0, "coil": null}, "gen9ubers": {"elo": 1152.581317134741, "gxe": 48.4, "rpr": 1488.0846977883166, "rprd": 59.658020342963724, "w": 250, "l": 308, "coil": null}}}