{"username": "Batneen", "userid": "batneen", "registertime": 1561593600, "group": 1, "ratings": {"gen1ou": {"elo": 1000, "gxe": 24.3, "rpr": 1271.645119355, "rprd": 130, "w": 7, "l": 15, "coil": null}, "gen1randombattle": {"elo": 1040, "gxe": 55, "rpr": 1540.1606143390134, "rprd": 122.85830807679145, "w": 1, "l": 0, "coil": null}, "gen3randombattle": {"elo": 1032.8868739499, "gxe": 45.6, "rpr": 1465.1357178829, "rprd": 111.29395566761, "w": 1, "l": 2, "coil": null}, "gen4randombattle": {"elo": 1000, "gxe": 36.1, "rpr": 1386.9351018483, "rprd": 112.09164176914, "w": 1, "l": 4, "coil": null}, "gen5randombattle": {"elo": 1015.1323552504058, "gxe": 39.6, "rpr": 1416.8014469181394, "rprd": 111.15721682607747, "w": 1, "l": 4, "coil": null}, "gen6randombattle": {"elo": 1372.9680174637942, "gxe": 83.7, "rpr": 1819.3383099292364, "rprd": 93.29956173374387, "w": 16, "l": 2, "coil": null}, "gen71v1": {"elo": 1122.9471305212, "gxe": 59.4, "rpr": 1572.0250524078, "rprd": 48.697516872405, "w": 33, "l": 19, "coil": null}, "gen7anythinggoes": {"elo": 1113.7776511849, "gxe": 50.2, "rpr": 1502.0796292896, "rprd": 228.89462525369, "w": 8, "l": 5, "coil": null}, "gen7balancedhackmons": {"elo": 1000, "gxe": 38.2, "rpr": 1404.8541498223, "rprd": 111.20984483472, "w": 0, "l": 3, "coil": null}, "gen7lc": {"elo": 1098.2363929857, "gxe": 42.5, "rpr": 1441.1981953966, "rprd": 89.550614328511, "w": 3, "l": 7, "coil": null}, "gen7megamons": {"elo": 1118.4791678332, "gxe": 42.2, "rpr": 1439.9511264931, "rprd": 66.958422229811, "w": 10, "l": 15, "coil": null}, "gen7ou": {"elo": 1132.6680166629, "gxe": 41.6, "rpr": 1435.5838389252, "rprd": 39.723685538296, "w": 331, "l": 390, "coil": null}, "gen7oublitz": {"elo": 1000, "gxe": 29.7, "rpr": 1330.2508113231, "rprd": 107.21314065832, "w": 0, "l": 6, "coil": null}, "gen7randombattle": {"elo": 1184.490253336126, "gxe": 40.1, "rpr": 1422.5243756989346, "rprd": 82.59139430736819, "w": 178, "l": 221, "coil": null}, "gen7ubers": {"elo": 1297.3287593087439, "gxe": 55.1, "rpr": 1540.7789688242644, "rprd": 130, "w": 193, "l": 182, "coil": null}, "gen7uu": {"elo": 1172.9911741272, "gxe": 44.8, "rpr": 1453.6726066944, "rprd": 219.85922731482, "w": 40, "l": 52, "coil": null}, "gen8nationaldex": {"elo": 1112.532812528925, "gxe": 55.7, "rpr": 1545.4046313200438, "rprd": 108.21592714339023, "w": 3, "l": 1, "coil": null}, "gen8ou": {"elo": 1126.6891224025, "gxe": 45.4, "rpr": 1463.8361215028, "rprd": 99.4795104852, "w": 35, "l": 33, "coil": null}, "gen8pu": {"elo": 1030.4577591934, "gxe": 50, "rpr": 1500, "rprd": 116.77753930647, "w": 1, "l": 1, "coil": null}, "gen8randombattle": {"elo": 1143.5686132083, "gxe": 52.5, "rpr": 1520.4294483624, "rprd": 130, "w": 37, "l": 42, "coil": null}, "gen8ubers": {"elo": 1184.4152306329, "gxe": 63.5, "rpr": 1625.7117563168, "rprd": 229.86065502662, "w": 11, "l": 4, "coil": null}, "gen9anythinggoes": {"elo": 1085.4375833089168, "gxe": 55.5, "rpr": 1543.8783412033247, "rprd": 107.02588017664651, "w": 3, "l": 1, "coil": null}, "gen9metronomebattle": {"elo": 1000, "gxe": 31.6, "rpr": 1345.0860243356112, "rprd": 130, "w": 3, "l": 8, "coil": null}, "gen9monotyperandombattle": {"elo": 1087.5979004878038, "gxe": 58.6, "rpr": 1569.2705424233766, "rprd": 122.61733872793437, "w": 2, "l": 0, "coil": null}, "gen9nationaldex": {"elo": 1123.621987725429, "gxe": 42.2, "rpr": 1440.8894195018224, "rprd": 35.05832358447618, "w": 446, "l": 443, "coil": null}, "gen9nationaldexag": {"elo": 1291.0828009438, "gxe": 68.8, "rpr": 1651.5915494487, "rprd": 73.108950117519, "w": 14, "l": 3, "coil": null}, "gen9nationaldexubers": {"elo": 1061.8214296344538, "gxe": 53.4, "rpr": 1527.1836307625044, "rprd": 111.38253157447373, "w": 2, "l": 1, "coil": null}, "gen9nationaldexuu": {"elo": 1000, "gxe": 40.7, "rpr": 1425.678791219106, "rprd": 115.95738065784504, "w": 0, "l": 2, "coil": null}, "gen9ou": {"elo": 1104.5559327474, "gxe": 51.6, "rpr": 1512.1842949248, "rprd": 72.965514824349, "w": 11, "l": 7, "coil": null}, "gen9partnersincrimerandombattle6moves": {"elo": 1047.2139204407067, "gxe": 55, "rpr": 1540.1606143390134, "rprd": 122.85830807679145, "w": 1, "l": 0, "coil": null}, "gen9randombattle": {"elo": 1439.3343908014099, "gxe": 57.9, "rpr": 1559.829954921428, "rprd": 25, "w": 3664, "l": 3629, "coil": null}, "gen9randombattleblitz": {"elo": 1178.8206223681188, "gxe": 57.8, "rpr": 1562.607754313913, "rprd": 115.60345765210958, "w": 9, "l": 11, "coil": null}, "gen9randomdoublesbattle": {"elo": 1032.370119152589, "gxe": 35.1, "rpr": 1380.893448907521, "rprd": 81.27589442442918, "w": 4, "l": 9, "coil": null}, "gen9randomroulette": {"elo": 1061.1340901732738, "gxe": 51, "rpr": 1508.2259611096654, "rprd": 105.6765139400286, "w": 2, "l": 2, "coil": null}, "gen9ru": {"elo": 1027.9187143175993, "gxe": 42.1, "rpr": 1437.126153375729, "rprd": 106.84360875512319, "w": 1, "l": 3, "coil": 500.6561954161456}, "gen9ubers": {"elo": 1039.9511486603224, "gxe": 49.4, "rpr": 1495.596768833796, "rprd": 115.49975589608238, "w": 1, "l": 1, "coil": null}}}