{"username": "Batram", "userid": "batram", "registertime": 1529193600, "group": 1, "ratings": {"gen6randombattle": {"elo": 1174.4989791041, "gxe": 64.6, "rpr": 1617.0199289256, "rprd": 88.780921085596, "w": 7, "l": 2, "coil": null}, "gen7battlefactory": {"elo": 1499.8368988354, "gxe": 72.9, "rpr": 1746.5205511271, "rprd": 297.15641232195, "w": 53, "l": 25, "coil": null}, "gen7challengecup1v1": {"elo": 1205.2612596108, "gxe": 57.5, "rpr": 1558.3750624726, "rprd": 70.470656554421, "w": 165, "l": 136, "coil": null}, "gen7hackmonscup": {"elo": 1360.7452944294, "gxe": 69.7, "rpr": 1658.6940299995, "rprd": 58.78220446724, "w": 60, "l": 39, "coil": null}, "gen7monotyperandombattle": {"elo": 1499.667958548, "gxe": 71.5, "rpr": 1736.6849742983, "rprd": 317.61951661365, "w": 547, "l": 294, "coil": null}, "gen7randombattle": {"elo": 1499.229132192, "gxe": 85.1, "rpr": 1859.0913709402, "rprd": 152.29324767607, "w": 4500, "l": 3487, "coil": null}, "gen7superstaffbrosbrawl": {"elo": 1217.5855076382, "gxe": 62.2, "rpr": 1594.8031918335, "rprd": 56.04447299782, "w": 21, "l": 15, "coil": null}, "gen8cap1v1": {"elo": 1065.7479474837, "gxe": 56, "rpr": 1547.9768153765, "rprd": 111.63354286145, "w": 2, "l": 1, "coil": null}, "gen8challengecup1v1": {"elo": 1110.3607644625, "gxe": 46.7, "rpr": 1474.2741112192, "rprd": 73.816759022042, "w": 8, "l": 9, "coil": null}, "gen8hackmonscup": {"elo": 1154.3929315598, "gxe": 68.6, "rpr": 1657.1694037812, "rprd": 128.21520487654, "w": 5, "l": 1, "coil": null}, "gen8monotyperandombattle": {"elo": 1499.4546629346, "gxe": 77.2, "rpr": 1750.0504921153, "rprd": 149.8828549934, "w": 772, "l": 435, "coil": null}, "gen8randombattle": {"elo": 1504.5429325891016, "gxe": 87.5, "rpr": 1881.6214721103058, "rprd": 100.01771553446457, "w": 10352, "l": 6992, "coil": null}, "gen8randombattleblitz": {"elo": 1499.299326429, "gxe": 80.6, "rpr": 1776.1493454752, "rprd": 88.739578860397, "w": 245, "l": 130, "coil": null}, "gen8superstaffbros4": {"elo": 1043.6573162455, "gxe": 49.2, "rpr": 1493.399239164, "rprd": 114.10450311391, "w": 1, "l": 2, "coil": null}, "gen91v1factory": {"elo": 1499.90644158, "gxe": 57.3, "rpr": 1556.7894066281, "rprd": 84.204578016308, "w": 227, "l": 207, "coil": null}, "gen9bssfactorybo3": {"elo": 1000, "gxe": 45, "rpr": 1459.8393856609866, "rprd": 122.85830807679145, "w": 0, "l": 1, "coil": null}, "gen9challengecup1v1": {"elo": 1132.7960844336449, "gxe": 58.8, "rpr": 1569.5284189356853, "rprd": 95.50758884500563, "w": 4, "l": 3, "coil": null}, "gen9challengecup2v2": {"elo": 1245.1600519987, "gxe": 64, "rpr": 1613.0362710656, "rprd": 102.69298974351, "w": 39, "l": 29, "coil": null}, "gen9championsrandombattle": {"elo": 1076.94386419166, "gxe": 49.4, "rpr": 1495.2483079039798, "rprd": 106.8260414198405, "w": 2, "l": 2, "coil": null}, "gen9monkeyspawrandombattle": {"elo": 1185.3240051238, "gxe": 68.8, "rpr": 1665.1532777622, "rprd": 164.93248146122, "w": 9, "l": 1, "coil": null}, "gen9monotyperandombattle": {"elo": 1499.8643897741, "gxe": 77.2, "rpr": 1738.5018188375, "rprd": 100.15571351756, "w": 32, "l": 9, "coil": null}, "gen9ou": {"elo": 1651.2416627751, "gxe": 72, "rpr": 1678.4391653927, "rprd": 37.783630578943, "w": 133, "l": 91, "coil": null}, "gen9pickyourteamrandombattle": {"elo": 1201.1886937147758, "gxe": 72, "rpr": 1684.640662411416, "rprd": 99.21418496809767, "w": 6, "l": 0, "coil": null}, "gen9randombattle": {"elo": 2234.036461326816, "gxe": 91.1, "rpr": 1937.9158227026353, "rprd": 25.741717442385163, "w": 6585, "l": 4842, "coil": null}, "gen9randombattlemayhem": {"elo": 1119.420601933255, "gxe": 55.7, "rpr": 1543.533008297462, "rprd": 62.73657824876768, "w": 14, "l": 13, "coil": null}, "gen9randomroulette": {"elo": 1040, "gxe": 55, "rpr": 1540.1606143390134, "rprd": 122.85830807679145, "w": 1, "l": 0, "coil": null}}}