{"username": "Battlingonthejob", "userid": "battlingonthejob", "registertime": 1748995200, "group": 1, "ratings": {"gen6randombattle": {"elo": 1066.284125556865, "gxe": 53.7, "rpr": 1529.2498245944116, "rprd": 110.95735111208252, "w": 3, "l": 2, "coil": null}, "gen9championsrandombattle": {"elo": 1055.6613773571928, "gxe": 43.1, "rpr": 1446.6280548777206, "rprd": 79.19299327990734, "w": 6, "l": 8, "coil": null}, "gen9forceofthefallenrandomroulette": {"elo": 1000, "gxe": 45, "rpr": 1459.8393856609866, "rprd": 122.85830807679145, "w": 0, "l": 1, "coil": null}, "gen9randombattle": {"elo": 1676.3223405921317, "gxe": 76.1, "rpr": 1718.6952362712768, "rprd": 30.711259921420037, "w": 1178, "l": 1140, "coil": null}, "gen9randomdoublesbattle": {"elo": 1000, "gxe": 39.8, "rpr": 1417.013476490166, "rprd": 122.96370324427845, "w": 0, "l": 2, "coil": null}, "gen9uu": {"elo": 1070.955884667297, "gxe": 54.2, "rpr": 1533.626993060071, "rprd": 110.31026989466244, "w": 2, "l": 1, "coil": null}}}