{"username": "bbutter", "userid": "bbutter", "registertime": 1562371200, "group": 1, "ratings": {"gen3ou": {"elo": 1079.5579465317526, "gxe": 44.1, "rpr": 1453.8963077356266, "rprd": 78.7335104536077, "w": 8, "l": 12, "coil": null}, "gen6ou": {"elo": 1330.9225492797098, "gxe": 62.8, "rpr": 1601.7052860851798, "rprd": 88.52672611407938, "w": 42, "l": 31, "coil": null}, "gen6purehackmons": {"elo": 1214.4612869976, "gxe": 65.7, "rpr": 1630.9531592494, "rprd": 130.79931457417, "w": 9, "l": 3, "coil": null}, "gen71v1": {"elo": 1064.9823708082, "gxe": 25.4, "rpr": 1293.7900597032, "rprd": 66.931801986019, "w": 6, "l": 18, "coil": null}, "gen7battlefactory": {"elo": 1076.4592497663, "gxe": 59.6, "rpr": 1578.2360258794, "rprd": 126.55143630451, "w": 2, "l": 0, "coil": null}, "gen7ou": {"elo": 1388.2484854083948, "gxe": 67.4, "rpr": 1639.3946190174702, "rprd": 72.64874954860286, "w": 1220, "l": 1004, "coil": null}, "gen7randombattle": {"elo": 1529.6035221519821, "gxe": 70.1, "rpr": 1670.3338521399685, "rprd": 121.85732801411466, "w": 3982, "l": 3484, "coil": null}, "gen7ubers": {"elo": 1423.6525464111, "gxe": 75.9, "rpr": 1752.2772273619, "rprd": 208.71646764432, "w": 332, "l": 236, "coil": null}, "gen7uu": {"elo": 1237.1911286571, "gxe": 61.9, "rpr": 1596.8147785018, "rprd": 121.3949664122, "w": 177, "l": 145, "coil": null}, "gen8randombattle": {"elo": 1015.0153777225, "gxe": 25.2, "rpr": 1287.3120298107, "rprd": 97.668065324256, "w": 57, "l": 60, "coil": null}, "gen9ou": {"elo": 1517.4707615006366, "gxe": 79.7, "rpr": 1763.9599183811922, "rprd": 80.84147099465594, "w": 3645, "l": 2606, "coil": null}, "gen9randombattle": {"elo": 2223.7373362732014, "gxe": 84.6, "rpr": 1820.396027950759, "rprd": 25.13509407718989, "w": 4768, "l": 4474, "coil": null}, "gen9ubers": {"elo": 1000, "gxe": 32, "rpr": 1349.5858740404813, "rprd": 123.50465126591222, "w": 0, "l": 4, "coil": null}, "gen9ubersuu": {"elo": 1000, "gxe": 32.2, "rpr": 1353.9341661669646, "rprd": 101.74636671066455, "w": 0, "l": 5, "coil": null}, "gen9uu": {"elo": 1283.5832960255143, "gxe": 60.9, "rpr": 1584.4558549975243, "rprd": 55.52302905407389, "w": 46, "l": 35, "coil": null}}}