{"username": "BCena", "userid": "bcena", "registertime": 1513296000, "group": 1, "ratings": {"gen7almostanyability": {"elo": 1000, "gxe": 45, "rpr": 1459.8393856612, "rprd": 122.8583080769, "w": 0, "l": 1, "coil": null}, "gen7balancedhackmons": {"elo": 1220.2233613639, "gxe": 55.1, "rpr": 1539.5912997273, "rprd": 93.227929927901, "w": 44, "l": 35, "coil": null}, "gen7lc": {"elo": 1032.9955496206, "gxe": 41.6, "rpr": 1433.9419995405, "rprd": 87.852824852931, "w": 4, "l": 6, "coil": null}, "gen7mixandmega": {"elo": 1162.0741760324, "gxe": 58.6, "rpr": 1569.5329152299, "rprd": 119.3126523263, "w": 10, "l": 5, "coil": null}, "gen7monotype": {"elo": 1301.5778325648, "gxe": 57, "rpr": 1562.9000636565, "rprd": 221.97996625112, "w": 61, "l": 48, "coil": null}, "gen7ou": {"elo": 1115.7205108199, "gxe": 57.3, "rpr": 1557.4475720729, "rprd": 102.87156202147, "w": 4, "l": 1, "coil": null}, "gen7randombattle": {"elo": 1545.765082866454, "gxe": 81.5, "rpr": 1786.799436266425, "rprd": 83.7615171745413, "w": 355, "l": 312, "coil": null}, "gen7randomdoublesbattle": {"elo": 1000, "gxe": 45, "rpr": 1459.8393856612, "rprd": 122.8583080769, "w": 0, "l": 1, "coil": null}, "gen7stabmons": {"elo": 1043.2268986618, "gxe": 54.8, "rpr": 1538.6692061902, "rprd": 121.86651121342, "w": 1, "l": 0, "coil": null}, "gen7ubers": {"elo": 1281.1176467518, "gxe": 61.2, "rpr": 1602.3597327574, "rprd": 223.00173898238, "w": 30, "l": 20, "coil": null}, "gen8monotyperandombattle": {"elo": 1303.022536617, "gxe": 66.8, "rpr": 1633.361121126, "rprd": 65.48035062274, "w": 17, "l": 7, "coil": null}, "gen8nationaldexag": {"elo": 1074.9428412575, "gxe": 56, "rpr": 1547.5731511657, "rprd": 117.77979773924, "w": 2, "l": 0, "coil": null}, "gen8nationaldexmonotype": {"elo": 1087.5409467436, "gxe": 53.9, "rpr": 1530.946122678, "rprd": 111.01585832974, "w": 2, "l": 1, "coil": null}, "gen8randombattle": {"elo": 1421.0754610999, "gxe": 76, "rpr": 1743.0450847107, "rprd": 172.70400495505, "w": 1866, "l": 1765, "coil": null}, "gen9hackmonscup": {"elo": 1045.248617948, "gxe": 47, "rpr": 1476.3912059138, "rprd": 109.87792132577, "w": 1, "l": 2, "coil": null}, "gen9monotyperandombattle": {"elo": 1499.8462608849, "gxe": 73.6, "rpr": 1705.4057064581, "rprd": 125.7383572536, "w": 91, "l": 50, "coil": null}, "gen9nationaldex": {"elo": 1559.4791468081503, "gxe": 71, "rpr": 1668.8144252021527, "rprd": 29.55566654228089, "w": 101, "l": 75, "coil": null}, "gen9nationaldexstabmons": {"elo": 1044.9382392425225, "gxe": 53.9, "rpr": 1531.0084657315417, "rprd": 122.91587542399088, "w": 1, "l": 0, "coil": null}, "gen9nationaldexubers": {"elo": 1137.7539634058467, "gxe": 62.9, "rpr": 1603.9167378238444, "rprd": 106.28945741161398, "w": 4, "l": 0, "coil": null}, "gen9pokebilitiesaaa": {"elo": 1109.6588437227026, "gxe": 52.3, "rpr": 1517.445026508655, "rprd": 64.92764540804714, "w": 13, "l": 11, "coil": null}, "gen9randombattle": {"elo": 1949.160382080446, "gxe": 83.1, "rpr": 1800.744640733561, "rprd": 33.42345357965683, "w": 4511, "l": 4176, "coil": null}, "gen9randomdoublesbattle": {"elo": 1072.1110184968547, "gxe": 59, "rpr": 1572.567125829214, "rprd": 116.77753930629355, "w": 2, "l": 0, "coil": null}, "ou": {"elo": 1174.4823579865, "gxe": 66.9, "rpr": 1637.7332457919, "rprd": 99.121684220183, "w": 6, "l": 0, "coil": null}, "ubers": {"elo": 1138.3090450673, "gxe": 58.7, "rpr": 1569.0261603671, "rprd": 104.93390164536, "w": 4, "l": 1, "coil": null}}}