{"username": "BCIII", "userid": "bciii", "registertime": 1687564800, "group": 1, "ratings": {"gen1randombattle": {"elo": 1069.6183604908476, "gxe": 57.4, "rpr": 1559.0561053237254, "rprd": 118.82118240041729, "w": 3, "l": 1, "coil": null}, "gen2randombattle": {"elo": 1040, "gxe": 55, "rpr": 1540.1606143390134, "rprd": 122.85830807679145, "w": 1, "l": 0, "coil": null}, "gen3ou": {"elo": 1064.5424166499577, "gxe": 52.1, "rpr": 1516.8093206687415, "rprd": 110.7574545810419, "w": 2, "l": 1, "coil": null}, "gen4randombattle": {"elo": 1000, "gxe": 43.9, "rpr": 1451.0848725977185, "rprd": 122.7008135399465, "w": 0, "l": 1, "coil": null}, "gen6doublesou": {"elo": 1000, "gxe": 40.1, "rpr": 1420.1904428422067, "rprd": 115.55590672877894, "w": 0, "l": 2, "coil": null}, "gen6ou": {"elo": 1000, "gxe": 45.5, "rpr": 1463.8817120120289, "rprd": 122.83141802342722, "w": 0, "l": 1, "coil": null}, "gen6randombattle": {"elo": 1042.638388836391, "gxe": 39.1, "rpr": 1411.813424487612, "rprd": 121.08447430224022, "w": 2, "l": 5, "coil": null}, "gen7battlefactory": {"elo": 1000, "gxe": 46.5, "rpr": 1471.6453587823314, "rprd": 122.6899651632842, "w": 0, "l": 1, "coil": null}, "gen7doublesou": {"elo": 1053.5640744260938, "gxe": 45, "rpr": 1460.6477586310111, "rprd": 92.98298346261164, "w": 3, "l": 5, "coil": null}, "gen7ou": {"elo": 1107.6955390338062, "gxe": 33.2, "rpr": 1359.225517774744, "rprd": 130, "w": 9, "l": 15, "coil": null}, "gen7pokebilitiesrandombattle": {"elo": 1084.606116106091, "gxe": 57.6, "rpr": 1560.442255416282, "rprd": 106.37705805852748, "w": 3, "l": 1, "coil": null}, "gen7randombattle": {"elo": 1059.6546525211118, "gxe": 51.7, "rpr": 1513.1173151372539, "rprd": 102.02926752061508, "w": 3, "l": 2, "coil": null}, "gen8doublesou": {"elo": 1134.0949488611, "gxe": 56.8, "rpr": 1556.9653468154, "rprd": 158.5287961359, "w": 5, "l": 4, "coil": null}, "gen8ou": {"elo": 1000, "gxe": 40.9, "rpr": 1426.816675597828, "rprd": 116.33237561065262, "w": 0, "l": 2, "coil": null}, "gen8randombattle": {"elo": 1129.7940907151997, "gxe": 47.2, "rpr": 1477.8335082871342, "rprd": 130, "w": 6, "l": 4, "coil": null}, "gen8randomdoublesbattle": {"elo": 1138.94753963878, "gxe": 54.3, "rpr": 1533.6625593619221, "rprd": 101.7594598704196, "w": 7, "l": 5, "coil": null}, "gen91v1": {"elo": 1000, "gxe": 35.8, "rpr": 1382.52619777692, "rprd": 127.64837652894693, "w": 0, "l": 3, "coil": null}, "gen92v2doubles": {"elo": 1106.7495594923998, "gxe": 58, "rpr": 1563.0374555655428, "rprd": 95.12400786914104, "w": 5, "l": 3, "coil": null}, "gen9almostanyability": {"elo": 1033.2082578807733, "gxe": 29.9, "rpr": 1330.0692465078137, "rprd": 120.50763602002795, "w": 10, "l": 22, "coil": null}, "gen9anythinggoes": {"elo": 1062.2956416917593, "gxe": 40.6, "rpr": 1424.474022611823, "rprd": 115.91630287947672, "w": 19, "l": 18, "coil": null}, "gen9cap": {"elo": 1035.0704980037776, "gxe": 50.9, "rpr": 1507.5157981248549, "rprd": 116.8518097729272, "w": 1, "l": 1, "coil": null}, "gen9challengecup1v1": {"elo": 1103.7020298238044, "gxe": 39.5, "rpr": 1417.5642661846389, "rprd": 84.11762990977655, "w": 7, "l": 13, "coil": null}, "gen9challengecup2v2": {"elo": 1064.3317811079105, "gxe": 47, "rpr": 1475.8022080527494, "rprd": 120.35635911086297, "w": 2, "l": 4, "coil": null}, "gen9championsrandombattle": {"elo": 1044.5723533408539, "gxe": 51.2, "rpr": 1509.5533797400426, "rprd": 78.87406328663155, "w": 7, "l": 7, "coil": null}, "gen9computergeneratedteams": {"elo": 1130.2604448214338, "gxe": 65.6, "rpr": 1627.8598346285767, "rprd": 112.48150421854342, "w": 5, "l": 1, "coil": null}, "gen9doublesou": {"elo": 1129.6110272585731, "gxe": 42.8, "rpr": 1443.4108007990644, "rprd": 100.81298035165841, "w": 80, "l": 79, "coil": null}, "gen9doublesubers": {"elo": 1049.017297636043, "gxe": 46.8, "rpr": 1473.8234381963878, "rprd": 130, "w": 4, "l": 4, "coil": null}, "gen9doublesuu": {"elo": 1106.878919779544, "gxe": 50.9, "rpr": 1506.6284972305923, "rprd": 89.6411383637174, "w": 9, "l": 9, "coil": null}, "gen9hackmonscup": {"elo": 1031.3714110837464, "gxe": 45.9, "rpr": 1467.1872247656927, "rprd": 121.74914239962133, "w": 1, "l": 2, "coil": null}, "gen9kitakamiprologue": {"elo": 1000, "gxe": 45, "rpr": 1459.8393856609866, "rprd": 122.85830807679145, "w": 0, "l": 1, "coil": null}, "gen9lc": {"elo": 1000, "gxe": 43, "rpr": 1444.2272780045112, "rprd": 117.79998330610255, "w": 0, "l": 2, "coil": null}, "gen9metronomebattle": {"elo": 1046.0595357996133, "gxe": 35.8, "rpr": 1383.8265950735777, "rprd": 116.51834486611239, "w": 14, "l": 16, "coil": null}, "gen9mixandmegacup": {"elo": 1000, "gxe": 46.8, "rpr": 1474.4561032295358, "rprd": 123.09020858109662, "w": 0, "l": 1, "coil": null}, "gen9monotype": {"elo": 1000, "gxe": 41.5, "rpr": 1432.004274687905, "rprd": 115.22303171196094, "w": 0, "l": 2, "coil": 830}, "gen9monotyperandombattle": {"elo": 1106.3309816722171, "gxe": 51.3, "rpr": 1510.2360193758163, "rprd": 130, "w": 10, "l": 11, "coil": null}, "gen9nationaldex": {"elo": 1000, "gxe": 39.2, "rpr": 1412.8792798874977, "rprd": 115.49837207698334, "w": 0, "l": 2, "coil": null}, "gen9nationaldexubers": {"elo": 1203.3578447910413, "gxe": 54.1, "rpr": 1531.78860294588, "rprd": 70.67861493189947, "w": 18, "l": 11, "coil": null}, "gen9nu": {"elo": 1000, "gxe": 40.5, "rpr": 1423.3261638574893, "rprd": 116.68864372023343, "w": 0, "l": 2, "coil": 143.1891231902759}, "gen9ou": {"elo": 1046.5638443596763, "gxe": 35.9, "rpr": 1383.9475163701643, "rprd": 124.0453584999471, "w": 2, "l": 4, "coil": null}, "gen9partnersincrimerandombattle": {"elo": 1000, "gxe": 45, "rpr": 1459.8393856609866, "rprd": 122.85830807679145, "w": 0, "l": 1, "coil": null}, "gen9pu": {"elo": 1036.461931074829, "gxe": 39.9, "rpr": 1417.9224300336773, "rprd": 130, "w": 4, "l": 7, "coil": 1026.7585886115264}, "gen9randombattle": {"elo": 1349.8554109189722, "gxe": 52.2, "rpr": 1516.3067418059584, "rprd": 34.07836464578707, "w": 102, "l": 96, "coil": null}, "gen9randombattleblitz": {"elo": 1000, "gxe": 45.1, "rpr": 1460.6710038929784, "rprd": 121.85027183599527, "w": 0, "l": 1, "coil": null}, "gen9randombattlemayhem": {"elo": 1000, "gxe": 41.3, "rpr": 1430.537919099113, "rprd": 116.33297314690795, "w": 0, "l": 2, "coil": null}, "gen9randomdoublesbattle": {"elo": 1201.1023675422493, "gxe": 50.5, "rpr": 1503.5763397275107, "rprd": 64.5684413700853, "w": 36, "l": 42, "coil": null}, "gen9randomroulette": {"elo": 1071.6873386414, "gxe": 43.5, "rpr": 1445.6734469309, "rprd": 167.05269838907, "w": 6, "l": 10, "coil": null}, "gen9ubers": {"elo": 1000, "gxe": 42.2, "rpr": 1437.8214871034768, "rprd": 117.07687371762972, "w": 0, "l": 2, "coil": null}, "gen9vgc2023regulationd": {"elo": 1047.1217634281788, "gxe": 41.8, "rpr": 1435.0382639738675, "rprd": 109.41021143890868, "w": 2, "l": 3, "coil": null}, "gen9vgc2023regulatione": {"elo": 1000, "gxe": 41, "rpr": 1427.432874170786, "rprd": 116.77753930629355, "w": 0, "l": 2, "coil": null}, "gen9vgc2024regf": {"elo": 1049.3034217225065, "gxe": 54.5, "rpr": 1535.7773155422615, "rprd": 122.50239705165471, "w": 1, "l": 0, "coil": null}, "gen9vgc2024regh": {"elo": 1000, "gxe": 28.8, "rpr": 1322.8617705569493, "rprd": 98.39221414899794, "w": 0, "l": 6, "coil": null}}}