{"username": "bdbrbfbf", "userid": "bdbrbfbf", "registertime": 0, "group": 0, "ratings": {"gen7anythinggoes": {"elo": 1085.8253281685, "gxe": 59.3, "rpr": 1574.6507519379, "rprd": 115.13238173618, "w": 2, "l": 0, "coil": null}, "gen9randombattle": {"elo": 1209.2792332185736, "gxe": 59.1, "rpr": 1570.2212577936534, "rprd": 68.43467050437593, "w": 14, "l": 7, "coil": null}}}