{"username": "Beanatron", "userid": "beanatron", "registertime": 1729555200, "group": 1, "ratings": {"gen4randombattle": {"elo": 1000, "gxe": 45, "rpr": 1459.8393856609866, "rprd": 122.85830807679145, "w": 0, "l": 1, "coil": null}, "gen7ou": {"elo": 1034.6982566166864, "gxe": 42.4, "rpr": 1439.13810887413, "rprd": 112.50007774567966, "w": 1, "l": 2, "coil": null}, "gen9legendszaou": {"elo": 1000, "gxe": 32, "rpr": 1352.2921997984122, "rprd": 102.22367304735039, "w": 0, "l": 5, "coil": null}, "gen9monkeyspawrandombattle": {"elo": 1047.284408899729, "gxe": 55, "rpr": 1540.1606143390134, "rprd": 122.85830807679145, "w": 1, "l": 0, "coil": null}, "gen9monotype": {"elo": 1000, "gxe": 42.3, "rpr": 1438.1501944262902, "rprd": 123.3509702214771, "w": 0, "l": 1, "coil": 423}, "gen9nationaldexmonotype": {"elo": 1023.7215143353856, "gxe": 49.1, "rpr": 1493.1562076676626, "rprd": 116.97722602253114, "w": 1, "l": 1, "coil": null}, "gen9nu": {"elo": 1000, "gxe": 45, "rpr": 1459.8393856609866, "rprd": 122.85830807679145, "w": 0, "l": 1, "coil": 14.0625}, "gen9ou": {"elo": 1249.1716816085022, "gxe": 51.1, "rpr": 1508.6010299753134, "rprd": 59.6930046750791, "w": 20, "l": 15, "coil": null}, "gen9randombattle": {"elo": 1310.9125837658787, "gxe": 53.4, "rpr": 1525.5222438610697, "rprd": 47.43418667782933, "w": 616, "l": 613, "coil": null}, "gen9randombattleblitz": {"elo": 1029.2513418269566, "gxe": 46.3, "rpr": 1470.4615304889683, "rprd": 122.86488164312443, "w": 1, "l": 2, "coil": null}}}