{"username": "beanburrito1017", "userid": "beanburrito1017", "registertime": 1658793600, "group": 1, "ratings": {"gen3randombattle": {"elo": 1040, "gxe": 46.7, "rpr": 1473.873040453, "rprd": 103.30165920364, "w": 2, "l": 3, "coil": null}, "gen4randombattle": {"elo": 1000, "gxe": 45, "rpr": 1459.8393856612, "rprd": 122.8583080769, "w": 0, "l": 1, "coil": null}, "gen5randombattle": {"elo": 1025.0471958225914, "gxe": 34.9, "rpr": 1374.709547439745, "rprd": 130, "w": 1, "l": 3, "coil": null}, "gen6randombattle": {"elo": 1073.6456820867, "gxe": 53.3, "rpr": 1526.0317872524, "rprd": 111.06253011, "w": 2, "l": 1, "coil": null}, "gen7randombattle": {"elo": 1100.9558433368, "gxe": 52.2, "rpr": 1517.0815612515, "rprd": 58.34634026722, "w": 22, "l": 16, "coil": null}, "gen8bdsprandombattle": {"elo": 1054.0104366946, "gxe": 50, "rpr": 1500, "rprd": 116.77753930647, "w": 1, "l": 1, "coil": null}, "gen8bssfactory": {"elo": 1058.8833872643, "gxe": 57.7, "rpr": 1562.129540321, "rprd": 123.18236324908, "w": 1, "l": 0, "coil": null}, "gen8monotyperandombattle": {"elo": 1028.1333538335, "gxe": 49.2, "rpr": 1493.9180008076, "rprd": 116.32008338406, "w": 1, "l": 1, "coil": null}, "gen8randombattle": {"elo": 1399.95841998, "gxe": 59.9, "rpr": 1588.2313505486, "rprd": 209.87046203531, "w": 353, "l": 331, "coil": null}, "gen8randombattlemayhem": {"elo": 1000, "gxe": 45.2, "rpr": 1461.7845559293, "rprd": 122.05624453791, "w": 0, "l": 1, "coil": null}, "gen8uu": {"elo": 1000, "gxe": 45.2, "rpr": 1461.5428282325, "rprd": 121.90261372263, "w": 0, "l": 1, "coil": null}, "gen9randombattle": {"elo": 1836.7081855148385, "gxe": 80, "rpr": 1761.2911764807914, "rprd": 30.534123001420692, "w": 3319, "l": 3147, "coil": null}, "gen9randomdoublesbattle": {"elo": 1033.6430546934396, "gxe": 48.3, "rpr": 1486.348877055701, "rprd": 115.63219367986795, "w": 1, "l": 1, "coil": null}}}