{"username": "BearOfGaming", "userid": "bearofgaming", "registertime": 1751068800, "group": 1, "ratings": {"gen1randombattle": {"elo": 1045.9163750033465, "gxe": 52.2, "rpr": 1517.2221600870546, "rprd": 124.70811344632364, "w": 1, "l": 0, "coil": null}, "gen3randombattle": {"elo": 1000, "gxe": 45, "rpr": 1459.8393856609866, "rprd": 122.85830807679145, "w": 0, "l": 1, "coil": null}, "gen9doublesou": {"elo": 1027.370974709057, "gxe": 30.8, "rpr": 1344.0074044441367, "rprd": 75.17374778951273, "w": 5, "l": 13, "coil": null}, "gen9doublesubers": {"elo": 1194.261811719806, "gxe": 53, "rpr": 1523.042432353504, "rprd": 85.88881312398418, "w": 16, "l": 12, "coil": null}, "gen9legendszaou": {"elo": 1030.706873333306, "gxe": 42.2, "rpr": 1437.8469474138903, "rprd": 114.20160825924648, "w": 1, "l": 2, "coil": null}, "gen9livepatchbattlesver100": {"elo": 1040, "gxe": 55, "rpr": 1540.1606143390134, "rprd": 122.85830807679145, "w": 1, "l": 0, "coil": null}, "gen9monotype": {"elo": 1057.4128559071194, "gxe": 39.6, "rpr": 1417.8452021071028, "rprd": 94.89635360567137, "w": 2, "l": 5, "coil": 1299.4112039160984}, "gen9nationaldex": {"elo": 1119.4940710264163, "gxe": 35.7, "rpr": 1388.0360532939528, "rprd": 59.47343418901305, "w": 171, "l": 214, "coil": null}, "gen9nationaldexdoubles": {"elo": 1106.110500573805, "gxe": 49, "rpr": 1492.0717259193943, "rprd": 85.22845285065368, "w": 7, "l": 6, "coil": null}, "gen9nationaldexubers": {"elo": 1313.4611308434899, "gxe": 61.6, "rpr": 1591.3013257305142, "rprd": 81.15152303744944, "w": 24, "l": 11, "coil": null}, "gen9ou": {"elo": 1168.794611448259, "gxe": 47.7, "rpr": 1482.1928742469431, "rprd": 76.37977367849163, "w": 19, "l": 15, "coil": null}, "gen9randombattle": {"elo": 1218.6523408075816, "gxe": 50.3, "rpr": 1502.1880035339784, "rprd": 46.355968330881154, "w": 72, "l": 84, "coil": null}, "gen9ru": {"elo": 1000, "gxe": 37.4, "rpr": 1398.1861386945664, "rprd": 110.38716757276042, "w": 0, "l": 3, "coil": 296.8439967180533}, "gen9uu": {"elo": 1012.8247381368202, "gxe": 38.1, "rpr": 1404.89328354195, "rprd": 101.77905349977806, "w": 1, "l": 4, "coil": null}}}