{"username": "BeldumDebildu", "userid": "beldumdebildu", "registertime": 1768003200, "group": 1, "ratings": {"gen4randombattle": {"elo": 1040, "gxe": 55, "rpr": 1540.1606143390134, "rprd": 122.85830807679145, "w": 1, "l": 0, "coil": null}, "gen7randombattle": {"elo": 1195.3722612716347, "gxe": 63.2, "rpr": 1604.349458926889, "rprd": 83.48911693062284, "w": 10, "l": 3, "coil": null}, "gen9randombattle": {"elo": 1645.5963597603736, "gxe": 75.5, "rpr": 1712.8751411409798, "rprd": 35.632973537710086, "w": 148, "l": 107, "coil": null}}}