{"username": "BennettOfShowdown", "userid": "bennettofshowdown", "registertime": 1758412800, "group": 1, "ratings": {"gen9randombattle": {"elo": 1724.8083821072205, "gxe": 76.2, "rpr": 1719.311588517238, "rprd": 33.56547554916635, "w": 1041, "l": 962, "coil": null}}}