{"username": "BenoliBenoli", "userid": "benolibenoli", "registertime": 1630886400, "group": 1, "ratings": {"gen8balancedhackmons": {"elo": 1049.0128626564, "gxe": 46.2, "rpr": 1469.8877823327, "rprd": 105.12054259473, "w": 2, "l": 3, "coil": null}, "gen8battlefactory": {"elo": 1000, "gxe": 44.8, "rpr": 1458.2380042869, "rprd": 121.89654075048, "w": 0, "l": 1, "coil": null}, "gen8bdspou": {"elo": 1344.015630792, "gxe": 58.5, "rpr": 1576.3620082045, "rprd": 213.52848328596, "w": 26, "l": 15, "coil": null}, "gen8bdsprandombattle": {"elo": 1049.0800480766, "gxe": 46.6, "rpr": 1473.0170781273, "rprd": 114.48112446895, "w": 1, "l": 2, "coil": null}, "gen8bdspuu": {"elo": 1183.5067742891, "gxe": 59.5, "rpr": 1574.5711304887, "rprd": 78.624727225379, "w": 11, "l": 6, "coil": null}, "gen8doublesou": {"elo": 1346.9212057367, "gxe": 63.1, "rpr": 1618.0397816142, "rprd": 204.73224446825, "w": 38, "l": 24, "coil": null}, "gen8doublesubers": {"elo": 1260.0726180473, "gxe": 62.5, "rpr": 1597.7189020992, "rprd": 69.163988992439, "w": 127, "l": 97, "coil": null}, "gen8monotype": {"elo": 1107.3975158283, "gxe": 43.4, "rpr": 1449.5522224287, "rprd": 66.0768889784, "w": 20, "l": 22, "coil": null}, "gen8monotyperandombattle": {"elo": 1167.728722717, "gxe": 66.6, "rpr": 1638.2969493365, "rprd": 126.19512706484, "w": 6, "l": 1, "coil": null}, "gen8nationaldexag": {"elo": 1168.5314993542, "gxe": 46.5, "rpr": 1472.7817218275, "rprd": 82.975786826876, "w": 18, "l": 13, "coil": null}, "gen8nu": {"elo": 1086.758511914, "gxe": 43.3, "rpr": 1446.5233530892, "rprd": 109.49758977661, "w": 3, "l": 6, "coil": null}, "gen8ou": {"elo": 1272.518453055, "gxe": 56.5, "rpr": 1550.0178818203, "rprd": 53.22780026895, "w": 53, "l": 40, "coil": null}, "gen8oublitz": {"elo": 1057.9116284141, "gxe": 51, "rpr": 1507.635652125, "rprd": 105.52899137926, "w": 2, "l": 2, "coil": null}, "gen8randombattle": {"elo": 1440.5732949761, "gxe": 70.1, "rpr": 1678.8115939952, "rprd": 170.04959806645, "w": 1362, "l": 1314, "coil": null}, "gen8randombattleblitz": {"elo": 1143.7337259804, "gxe": 58.5, "rpr": 1567.4001720454, "rprd": 101.44779826138, "w": 8, "l": 4, "coil": null}, "gen8randomdoublesbattle": {"elo": 1354.4314857555, "gxe": 57.7, "rpr": 1566.0604459612, "rprd": 182.0531643636, "w": 318, "l": 315, "coil": null}, "gen8ru": {"elo": 1149.7857970707, "gxe": 54.8, "rpr": 1543.2940795383, "rprd": 221.57814754867, "w": 12, "l": 9, "coil": null}, "gen8ubers": {"elo": 1218.3536837242, "gxe": 59.5, "rpr": 1586.3555728626, "rprd": 222.5378769104, "w": 27, "l": 22, "coil": null}, "gen8uu": {"elo": 1129.0829950488, "gxe": 55.8, "rpr": 1546.3547436122, "rprd": 108.46736717746, "w": 5, "l": 3, "coil": null}, "gen8vgc2021series10": {"elo": 1156.4201267231, "gxe": 40.8, "rpr": 1428.8116814469, "rprd": 53.153693460498, "w": 18, "l": 22, "coil": null}, "gen8vgc2021series11": {"elo": 1143.3793689524, "gxe": 58.2, "rpr": 1564.1313397218, "rprd": 86.27542478891, "w": 8, "l": 3, "coil": null}, "gen8vgc2022": {"elo": 1094.8724484353, "gxe": 45.8, "rpr": 1467.2210777342, "rprd": 100.68082742225, "w": 12, "l": 11, "coil": null}, "gen9350cup": {"elo": 1069.034655741227, "gxe": 53.3, "rpr": 1525.8676665856974, "rprd": 102.88490289273334, "w": 3, "l": 2, "coil": null}, "gen9almostanyability": {"elo": 1000, "gxe": 32, "rpr": 1350.698590222472, "rprd": 114.97881961880783, "w": 0, "l": 4, "coil": null}, "gen9bonustype": {"elo": 1000, "gxe": 41.6, "rpr": 1432.9754099535107, "rprd": 116.11668674523357, "w": 0, "l": 2, "coil": null}, "gen9doublesou": {"elo": 1091.8604230651247, "gxe": 52.4, "rpr": 1518.3683211241669, "rprd": 91.80864874329629, "w": 5, "l": 3, "coil": null}, "gen9inheritance": {"elo": 1000, "gxe": 44.6, "rpr": 1456.8702473497904, "rprd": 122.00385181013202, "w": 0, "l": 1, "coil": 446}, "gen9megainvasionrandombattle": {"elo": 1356.2454735806, "gxe": 72.4, "rpr": 1684.0108732255, "rprd": 57.898117517525, "w": 26, "l": 10, "coil": null}, "gen9monotype": {"elo": 1268.668237379628, "gxe": 71.6, "rpr": 1679.152806472107, "rprd": 81.96198642697934, "w": 15, "l": 3, "coil": 2651.7051759908}, "gen9monotyperandombattle": {"elo": 1373.3032002899172, "gxe": 69.3, "rpr": 1655.0256498100725, "rprd": 59.86156771696588, "w": 26, "l": 11, "coil": null}, "gen9nationaldex": {"elo": 1387.103523695743, "gxe": 50.3, "rpr": 1501.9652448310908, "rprd": 101.83485775525372, "w": 68, "l": 53, "coil": null}, "gen9nu": {"elo": 1235.8257911901549, "gxe": 61.2, "rpr": 1588.1507047658376, "rprd": 79.71647757778716, "w": 19, "l": 11, "coil": 2082.433210007695}, "gen9ou": {"elo": 1215.7636908056795, "gxe": 44.8, "rpr": 1459.9992298382547, "rprd": 76.55199397860534, "w": 87, "l": 82, "coil": null}, "gen9pu": {"elo": 1102.1622889169, "gxe": 51.3, "rpr": 1510.0121385079, "rprd": 96.464444809517, "w": 4, "l": 3, "coil": 1026}, "gen9randombattle": {"elo": 2082.7474570239556, "gxe": 83.9, "rpr": 1811.0149135184308, "rprd": 31.194072318442206, "w": 3847, "l": 3585, "coil": null}, "gen9randombattleblitz": {"elo": 1420.2474060735585, "gxe": 64, "rpr": 1611.008786872545, "rprd": 83.9832290218088, "w": 68, "l": 51, "coil": null}, "gen9ru": {"elo": 1154.4206959809355, "gxe": 52.9, "rpr": 1522.6188257846552, "rprd": 72.7668658626472, "w": 10, "l": 8, "coil": 1616.0263685076925}, "gen9sharedpower": {"elo": 1041.4085883572843, "gxe": 41.8, "rpr": 1435.9749134860833, "rprd": 87.07044693742631, "w": 4, "l": 6, "coil": null}, "gen9stabmons": {"elo": 1259.8513415981, "gxe": 67.9, "rpr": 1647.4267801104, "rprd": 105.16735332984, "w": 19, "l": 7, "coil": null}, "gen9ubers": {"elo": 1164.0843714841828, "gxe": 60.1, "rpr": 1579.4235555689502, "rprd": 83.42934788352751, "w": 12, "l": 6, "coil": null}, "gen9uu": {"elo": 1227.351547497936, "gxe": 60.5, "rpr": 1582.0995233004007, "rprd": 72.6129388335123, "w": 14, "l": 7, "coil": null}}}