{"username": "benpie", "userid": "benpie", "registertime": 1424304000, "group": 1, "ratings": {"gen1randombattle": {"elo": 1000, "gxe": 45, "rpr": 1459.8393856612, "rprd": 122.8583080769, "w": 0, "l": 1, "coil": null}, "gen6firstbloodrandombattle": {"elo": 1433.3819480431803, "gxe": 64.1, "rpr": 1609.616198302622, "rprd": 43.729488631253545, "w": 45, "l": 29, "coil": null}, "gen7battlefactory": {"elo": 1201.0194645138, "gxe": 58.8, "rpr": 1579.3645206049, "rprd": 222.19673647128, "w": 20, "l": 14, "coil": null}, "gen7ou": {"elo": 1407.8718884326, "gxe": 69.9, "rpr": 1667.9878926344, "rprd": 118.28567057756, "w": 78, "l": 51, "coil": null}, "gen7oublitz": {"elo": 1031.8878077612, "gxe": 44.4, "rpr": 1455.978242981, "rprd": 97.395587424183, "w": 3, "l": 4, "coil": null}, "gen7randombattle": {"elo": 1431.5002524782, "gxe": 69.6, "rpr": 1656.0530494802, "rprd": 30.220266641529, "w": 504, "l": 386, "coil": null}, "gen7ubers": {"elo": 1155.543508064, "gxe": 66, "rpr": 1630.423143507, "rprd": 102.53373993478, "w": 5, "l": 0, "coil": null}, "gen7uu": {"elo": 1184.3028675488, "gxe": 57.7, "rpr": 1562.4546333478, "rprd": 130, "w": 8, "l": 2, "coil": null}, "gen8doublesou": {"elo": 1000, "gxe": 36.7, "rpr": 1392.1047857526, "rprd": 111.93756131079, "w": 0, "l": 3, "coil": null}, "gen8lc": {"elo": 1403.5109159613, "gxe": 69, "rpr": 1651.2593483559, "rprd": 42.389212938418, "w": 44, "l": 23, "coil": null}, "gen8randombattle": {"elo": 1383.7900243705, "gxe": 62.6, "rpr": 1615.6516918461, "rprd": 220.68453150957, "w": 34, "l": 19, "coil": null}, "gen9b6p4randomdoublesbattlebo3": {"elo": 1154.5880974406593, "gxe": 64.5, "rpr": 1616.0399387340028, "rprd": 85.89893733918775, "w": 8, "l": 3, "coil": null}, "gen9babyrandombattle": {"elo": 1025.889115927613, "gxe": 50, "rpr": 1500, "rprd": 116.77753930629355, "w": 1, "l": 1, "coil": null}, "gen9caprandombattle": {"elo": 1000, "gxe": 44.7, "rpr": 1457.903279697222, "rprd": 121.86202913165582, "w": 0, "l": 1, "coil": null}, "gen9computergeneratedteams": {"elo": 1000, "gxe": 44.9, "rpr": 1459.4246867542113, "rprd": 122.72434102136735, "w": 0, "l": 1, "coil": null}, "gen9doublesbrokencup": {"elo": 1442.5669856158, "gxe": 70.2, "rpr": 1669.3762254539, "rprd": 113.8638032937, "w": 31, "l": 12, "coil": null}, "gen9meowcup2electricdoggaroo": {"elo": 1000, "gxe": 45, "rpr": 1459.8393856609866, "rprd": 122.85830807679145, "w": 0, "l": 1, "coil": null}, "gen9monkeyspawrandombattle": {"elo": 1040, "gxe": 55, "rpr": 1540.1606143390134, "rprd": 122.85830807679145, "w": 1, "l": 0, "coil": null}, "gen9monotyperandombattle": {"elo": 1106.9956682313573, "gxe": 57, "rpr": 1555.1401754778467, "rprd": 98.10697799915708, "w": 4, "l": 2, "coil": null}, "gen9nationaldex": {"elo": 1087.6327235129781, "gxe": 58.3, "rpr": 1566.830134569988, "rprd": 116.74676630908556, "w": 2, "l": 0, "coil": null}, "gen9ou": {"elo": 1245.6485191453064, "gxe": 46.7, "rpr": 1473.040849292155, "rprd": 130, "w": 26, "l": 18, "coil": null}, "gen9pu": {"elo": 1000, "gxe": 44.6, "rpr": 1456.7722230491256, "rprd": 122.33214030536594, "w": 0, "l": 1, "coil": 13.9375}, "gen9randombattle": {"elo": 1993.638994546891, "gxe": 86.9, "rpr": 1858.5395268914215, "rprd": 43.80494790964346, "w": 408, "l": 267, "coil": null}, "gen9randombattleblitz": {"elo": 1437.160327929252, "gxe": 61.7, "rpr": 1592.0543678620527, "rprd": 85.9476770791132, "w": 76, "l": 59, "coil": null}, "gen9randombattlemayhem": {"elo": 1000, "gxe": 44.5, "rpr": 1456.0531651595181, "rprd": 121.83388742527688, "w": 0, "l": 1, "coil": null}, "gen9randomdoublesbattle": {"elo": 1587.6917270826596, "gxe": 71.8, "rpr": 1682.6150140033158, "rprd": 99.09842260847816, "w": 54, "l": 22, "coil": null}, "gen9randomroulette": {"elo": 1069.411607207739, "gxe": 53.5, "rpr": 1527.594523562099, "rprd": 102.72740111942177, "w": 3, "l": 2, "coil": null}, "gen9vgc2025regj": {"elo": 1027.1111796791138, "gxe": 46.8, "rpr": 1474.8459936863442, "rprd": 116.59124320992866, "w": 1, "l": 1, "coil": null}, "ou": {"elo": 1283.0181551155, "gxe": 62.7, "rpr": 1601.334128126, "rprd": 90.083064888519, "w": 19, "l": 10, "coil": null}, "randomdoublesbattle": {"elo": 1077.3242059658, "gxe": 58, "rpr": 1564.6594520013, "rprd": 122.82943267178, "w": 2, "l": 0, "coil": null}, "ru": {"elo": 1166.3999770255, "gxe": 61.4, "rpr": 1592.5049224912, "rprd": 118.76737068145, "w": 10, "l": 4, "coil": null}, "ubers": {"elo": 1419.5487874509, "gxe": 78.3, "rpr": 1747.3408718596, "rprd": 76.515982005228, "w": 28, "l": 12, "coil": null}, "uu": {"elo": 1171.234359223, "gxe": 66.2, "rpr": 1632.5630293931, "rprd": 111.75438998783, "w": 6, "l": 1, "coil": null}}}