{"username": "Best Kittel", "userid": "bestkittel", "registertime": 1766534400, "group": 1, "ratings": {"gen1randombattle": {"elo": 1000, "gxe": 44.6, "rpr": 1456.8406662008401, "rprd": 122.89430574770441, "w": 0, "l": 1, "coil": null}, "gen5randombattle": {"elo": 1048.818469789573, "gxe": 50.3, "rpr": 1502.532141988682, "rprd": 122.94035814342094, "w": 1, "l": 1, "coil": null}, "gen6randombattle": {"elo": 1357.2177619266881, "gxe": 65.3, "rpr": 1621.8106181752262, "rprd": 75.26990683271791, "w": 34, "l": 24, "coil": null}, "gen7randombattle": {"elo": 1487.0072552983518, "gxe": 69.8, "rpr": 1661.1529624730972, "rprd": 73.82809805458058, "w": 37, "l": 19, "coil": null}, "gen8randombattle": {"elo": 1090.8509220645774, "gxe": 51, "rpr": 1507.471408544982, "rprd": 99.72507264205376, "w": 3, "l": 3, "coil": null}, "gen9randombattle": {"elo": 1695.4113225237675, "gxe": 73.2, "rpr": 1689.92764773343, "rprd": 34.31563017159595, "w": 380, "l": 326, "coil": null}, "gen9randombattleblitz": {"elo": 1124.2064155454877, "gxe": 61.8, "rpr": 1596.3564957536555, "rprd": 122.77995667244991, "w": 4, "l": 1, "coil": null}, "gen9randomdoublesbattle": {"elo": 1000, "gxe": 40.2, "rpr": 1421.3676927518543, "rprd": 115.97103936583443, "w": 0, "l": 2, "coil": null}}}