{"username": "Beverage49", "userid": "beverage49", "registertime": 1753747200, "group": 1, "ratings": {"gen9doublesubers": {"elo": 1313.147526897422, "gxe": 59.2, "rpr": 1570.7424414170473, "rprd": 48.17461421154266, "w": 130, "l": 110, "coil": null}, "gen9doublesuu": {"elo": 1213.3885538323464, "gxe": 55.8, "rpr": 1544.078397308331, "rprd": 47.999830544545375, "w": 188, "l": 164, "coil": null}, "gen9ou": {"elo": 1091.275435586054, "gxe": 40.4, "rpr": 1426.402474624285, "rprd": 52.26760763046388, "w": 136, "l": 165, "coil": null}, "gen9randombattle": {"elo": 1558.058145162523, "gxe": 63.8, "rpr": 1606.767805876769, "rprd": 27.38654308159275, "w": 1110, "l": 1139, "coil": null}, "gen9randomdoublesbattle": {"elo": 1235.4453309138205, "gxe": 50.6, "rpr": 1504.5964956145199, "rprd": 56.148627919713036, "w": 33, "l": 31, "coil": null}, "gen9ubers": {"elo": 1035.9379880564074, "gxe": 29.1, "rpr": 1330.6451123320167, "rprd": 56.857445966807184, "w": 10, "l": 25, "coil": null}}}