{"username": "BieszczadyArchiwum", "userid": "bieszczadyarchiwum", "registertime": 1719187200, "group": 1, "ratings": {"gen9anythinggoes": {"elo": 1348.6679010145954, "gxe": 68.6, "rpr": 1650.3300228737073, "rprd": 72.43169006087983, "w": 42, "l": 30, "coil": null}, "gen9championsrandombattle": {"elo": 1040, "gxe": 55, "rpr": 1540.1606143390134, "rprd": 122.85830807679145, "w": 1, "l": 0, "coil": null}, "gen9doublesou": {"elo": 1479.9396342823532, "gxe": 66.2, "rpr": 1628.4550560994012, "rprd": 58.82026748078832, "w": 62, "l": 39, "coil": null}, "gen9doublesubers": {"elo": 1421.168295413728, "gxe": 75.3, "rpr": 1712.317978098272, "rprd": 56.776732398968775, "w": 30, "l": 14, "coil": null}, "gen9randombattle": {"elo": 1495.058254454525, "gxe": 64.8, "rpr": 1615.0178825941682, "rprd": 37.13902855685076, "w": 149, "l": 144, "coil": null}, "gen9randomdoublesbattle": {"elo": 1019.6611044976022, "gxe": 40.7, "rpr": 1424.8557911953042, "rprd": 122.48892526952923, "w": 1, "l": 3, "coil": null}, "gen9vgc2025regg": {"elo": 1000, "gxe": 38.2, "rpr": 1404.815125327501, "rprd": 111.25290536490338, "w": 0, "l": 3, "coil": null}, "gen9vgc2025reggbo3": {"elo": 1000, "gxe": 42.4, "rpr": 1438.48591481588, "rprd": 123.72514986423747, "w": 0, "l": 1, "coil": null}}}