{"username": "Big amogus", "userid": "bigamogus", "registertime": 1643846400, "group": 1, "ratings": {"gen8monotyperandombattle": {"elo": 1111.1879219427, "gxe": 51.5, "rpr": 1511.9708001399, "rprd": 94.227159237437, "w": 4, "l": 3, "coil": null}, "gen8ou": {"elo": 1100.1132975994, "gxe": 39, "rpr": 1415.0224561063, "rprd": 58.339963089021, "w": 23, "l": 26, "coil": null}, "gen8randombattle": {"elo": 1334.4087334391, "gxe": 79.4, "rpr": 1765.7406969988, "rprd": 104.35629081369, "w": 14, "l": 1, "coil": null}, "gen9championsrandombattle": {"elo": 1191.5911738841837, "gxe": 59.8, "rpr": 1575.144883078684, "rprd": 51.134614552216654, "w": 28, "l": 20, "coil": null}, "gen9championsvgc2026regmb": {"elo": 1085.7373911692353, "gxe": 41.4, "rpr": 1431.771205547749, "rprd": 98.07108904794934, "w": 2, "l": 4, "coil": null}, "gen9doublesou": {"elo": 1110.3920551419983, "gxe": 43, "rpr": 1445.0737603386588, "rprd": 86.55497923102381, "w": 86, "l": 92, "coil": null}, "gen9fortemons": {"elo": 1098.195858181622, "gxe": 46.2, "rpr": 1470.728152257374, "rprd": 75.16642208195694, "w": 8, "l": 10, "coil": null}, "gen9legendszaou": {"elo": 1108.1366792653705, "gxe": 48.2, "rpr": 1485.9448621289882, "rprd": 67.80126895004524, "w": 33, "l": 32, "coil": null}, "gen9nationaldex": {"elo": 1083.1408861073107, "gxe": 40.3, "rpr": 1421.8081805776153, "rprd": 116.97009610498667, "w": 62, "l": 58, "coil": null}, "gen9ou": {"elo": 1177.4200801497548, "gxe": 44.7, "rpr": 1459.9280022073785, "rprd": 51.09739417655252, "w": 456, "l": 474, "coil": null}, "gen9pokebilities": {"elo": 1045.2470472685845, "gxe": 54.5, "rpr": 1536.2039109407363, "rprd": 122.97596592711963, "w": 1, "l": 0, "coil": null}, "gen9randombattle": {"elo": 1874.4357552826852, "gxe": 80, "rpr": 1762.8161248524275, "rprd": 40.351555114499426, "w": 1022, "l": 899, "coil": null}, "gen9randomdoublesbattle": {"elo": 1136.1007970178837, "gxe": 52.8, "rpr": 1522.1580576201375, "rprd": 90.77219698396938, "w": 6, "l": 4, "coil": null}}}