{"username": "BigBatzen", "userid": "bigbatzen", "registertime": 1522972800, "group": 1, "ratings": {"digimondigimonshowdownsingles": {"elo": 1000, "gxe": 45, "rpr": 1459.8393856612, "rprd": 122.8583080769, "w": 0, "l": 1, "coil": null}, "gen1randombattle": {"elo": 1093.6444031003, "gxe": 60.1, "rpr": 1582.2887939447, "rprd": 130, "w": 4, "l": 7, "coil": null}, "gen4randombattle": {"elo": 1040, "gxe": 55, "rpr": 1540.1606143388, "rprd": 122.8583080769, "w": 1, "l": 0, "coil": null}, "gen5randombattle": {"elo": 1053.1456141783, "gxe": 55.6, "rpr": 1544.7991079654, "rprd": 122.83141802352, "w": 1, "l": 0, "coil": null}, "gen6randombattle": {"elo": 1072.4266847483, "gxe": 56.5, "rpr": 1552.4222130781, "rprd": 130, "w": 4, "l": 3, "coil": null}, "gen71v1": {"elo": 1499.5340615192, "gxe": 71.8, "rpr": 1682.1190811736, "rprd": 96.555695411311, "w": 324, "l": 282, "coil": null}, "gen7anythinggoes": {"elo": 1407.5805169981, "gxe": 69.8, "rpr": 1688.0474825818, "rprd": 221.22004388456, "w": 23, "l": 10, "coil": null}, "gen7balancedhackmons": {"elo": 1244.9604345363, "gxe": 56.2, "rpr": 1547.6886559538, "rprd": 55.838044840254, "w": 19, "l": 16, "coil": null}, "gen7battlefactory": {"elo": 1293.8269872953, "gxe": 60.1, "rpr": 1580.7748241433, "rprd": 113.72922135914, "w": 33, "l": 23, "coil": null}, "gen7battlespotsingles": {"elo": 1137.7470333791, "gxe": 51.1, "rpr": 1508.812957506, "rprd": 89.225176359612, "w": 5, "l": 4, "coil": null}, "gen7bssfactory": {"elo": 1075.9927196541, "gxe": 54.5, "rpr": 1535.4541631744, "rprd": 96.561556940441, "w": 59, "l": 50, "coil": null}, "gen7challengecup1v1": {"elo": 1263.7683369469, "gxe": 60, "rpr": 1577.9279547999, "rprd": 74.647327537115, "w": 213, "l": 182, "coil": null}, "gen7chimera": {"elo": 1140.1312751276, "gxe": 52.7, "rpr": 1520.3059539233, "rprd": 50.191844456078, "w": 25, "l": 24, "coil": null}, "gen7hackmonscup": {"elo": 1152.1489496602, "gxe": 67.9, "rpr": 1650.6429573113, "rprd": 130, "w": 5, "l": 1, "coil": null}, "gen7inheritance": {"elo": 1000, "gxe": 45, "rpr": 1459.8393856612, "rprd": 122.8583080769, "w": 0, "l": 1, "coil": null}, "gen7letsgo1v1": {"elo": 1000, "gxe": 45.4, "rpr": 1463.1968653716, "rprd": 122.5585464443, "w": 0, "l": 1, "coil": null}, "gen7letsgocup": {"elo": 1221.6889665016, "gxe": 53.6, "rpr": 1527.4033366306, "rprd": 52.639615374099, "w": 23, "l": 20, "coil": null}, "gen7letsgorandombattle": {"elo": 1180.582378441, "gxe": 69.1, "rpr": 1658.0093284688, "rprd": 104.90265500563, "w": 7, "l": 2, "coil": null}, "gen7metronomebattle": {"elo": 1166.8915444219, "gxe": 55.8, "rpr": 1545.0757111622, "rprd": 92.287794808382, "w": 17, "l": 12, "coil": null}, "gen7monotype": {"elo": 1011.2192545452, "gxe": 41.7, "rpr": 1433.857101016, "rprd": 106.92096788182, "w": 1, "l": 3, "coil": null}, "gen7monotyperandombattle": {"elo": 1133.6901821302, "gxe": 52, "rpr": 1515.464937009, "rprd": 86.577624178339, "w": 14, "l": 11, "coil": null}, "gen7natureswap": {"elo": 1132.7910634573, "gxe": 56.4, "rpr": 1549.0984452912, "rprd": 69.665708575574, "w": 15, "l": 11, "coil": null}, "gen7ou": {"elo": 1262.5834431195, "gxe": 54.4, "rpr": 1533.8693314649, "rprd": 78.246416098657, "w": 22, "l": 14, "coil": null}, "gen7oublitz": {"elo": 1045.6759920494, "gxe": 49.2, "rpr": 1493.9052971496, "rprd": 116.25448269428, "w": 1, "l": 1, "coil": null}, "gen7pokebilities": {"elo": 1000, "gxe": 45, "rpr": 1459.8393856612, "rprd": 122.8583080769, "w": 0, "l": 1, "coil": null}, "gen7pokebilitiesrandombattle": {"elo": 1124.1989112654974, "gxe": 63, "rpr": 1605.378569170382, "rprd": 110.86719528919295, "w": 3, "l": 0, "coil": null}, "gen7randombattle": {"elo": 1547.1536626155, "gxe": 84.3, "rpr": 1838.6604333565, "rprd": 130, "w": 615, "l": 454, "coil": null}, "gen7randomdoublesbattle": {"elo": 1161.0563056533, "gxe": 66.3, "rpr": 1631.3423101848, "rprd": 91.694619470663, "w": 7, "l": 2, "coil": null}, "gen7ru": {"elo": 1134.1916228477, "gxe": 55.2, "rpr": 1541.7388940871, "rprd": 125.90999175102, "w": 11, "l": 7, "coil": null}, "gen7scalemons": {"elo": 1041.2876742186, "gxe": 44.4, "rpr": 1456.305791126, "rprd": 92.511023396824, "w": 3, "l": 5, "coil": null}, "gen7suicidecup": {"elo": 1000, "gxe": 45, "rpr": 1459.8393856612, "rprd": 122.8583080769, "w": 0, "l": 1, "coil": null}, "gen7superstaffbrosbrawl": {"elo": 1171.6048038555, "gxe": 65.1, "rpr": 1621.7398725003, "rprd": 93.563348671098, "w": 6, "l": 2, "coil": null}, "gen7trademarked": {"elo": 1064.2105979593, "gxe": 51.7, "rpr": 1513.325201638, "rprd": 85.498927733211, "w": 6, "l": 5, "coil": null}, "gen7ultimatez": {"elo": 1000, "gxe": 45, "rpr": 1459.8393856612, "rprd": 122.8583080769, "w": 0, "l": 1, "coil": null}, "gen7ultrakalosclassic": {"elo": 1144.7599387915, "gxe": 61.6, "rpr": 1610.2627224715, "rprd": 252.88404622519, "w": 12, "l": 5, "coil": null}, "gen7vgc2018": {"elo": 1162.4630191501, "gxe": 50.7, "rpr": 1505.8252853181, "rprd": 102.1554173809, "w": 6, "l": 6, "coil": null}, "gen81v1": {"elo": 1100.2947041617, "gxe": 55.1, "rpr": 1539.9055195705, "rprd": 105.99846151225, "w": 3, "l": 1, "coil": null}, "gen8bdspou": {"elo": 1113.7858622726, "gxe": 56.3, "rpr": 1557.0430635962, "rprd": 230.14535277337, "w": 6, "l": 3, "coil": null}, "gen8bdsprandombattle": {"elo": 1280.469102691, "gxe": 71.8, "rpr": 1684.0569321493, "rprd": 105.16060527173, "w": 20, "l": 7, "coil": null}, "gen8cap1v1": {"elo": 1156.22703129, "gxe": 67.2, "rpr": 1649.9374485634, "rprd": 165.67954659703, "w": 5, "l": 0, "coil": null}, "gen8challengecup1v1": {"elo": 1380.6781841135, "gxe": 67.9, "rpr": 1650.3919986087, "rprd": 126.78520105756, "w": 33, "l": 21, "coil": null}, "gen8doublesou": {"elo": 1042.4014267395, "gxe": 33.5, "rpr": 1345.5795355884, "rprd": 225.39476074144, "w": 3, "l": 12, "coil": null}, "gen8hackmonscup": {"elo": 1118.6379408001, "gxe": 63.3, "rpr": 1607.534279791, "rprd": 109.41006196326, "w": 3, "l": 0, "coil": null}, "gen8linked": {"elo": 1025.2839988469, "gxe": 41.1, "rpr": 1430.4100484609, "rprd": 88.764414068903, "w": 3, "l": 6, "coil": null}, "gen8monotyperandombattle": {"elo": 1098.7357685102, "gxe": 52.7, "rpr": 1521.521955154, "rprd": 130, "w": 5, "l": 3, "coil": null}, "gen8ou": {"elo": 1157.3469872535, "gxe": 59.4, "rpr": 1573.7643829542, "rprd": 80.811824612541, "w": 9, "l": 5, "coil": null}, "gen8purehackmons": {"elo": 1151.6102931706, "gxe": 65.1, "rpr": 1621.7898667721, "rprd": 95.075038676596, "w": 6, "l": 1, "coil": null}, "gen8randombattle": {"elo": 1399.3969522211, "gxe": 73.1, "rpr": 1723.5568586321, "rprd": 218.31785728571, "w": 470, "l": 353, "coil": null}, "gen8randombattleblitz": {"elo": 1174.6692023225, "gxe": 69, "rpr": 1658.185840698, "rprd": 112.8555322015, "w": 5, "l": 1, "coil": null}, "gen8randombattlemayhem": {"elo": 1036.8818334043, "gxe": 50.9, "rpr": 1507.4278045009, "rprd": 115.29880553114, "w": 1, "l": 1, "coil": null}, "gen8randombattlenodmax": {"elo": 1022.1660277196, "gxe": 50, "rpr": 1500, "rprd": 116.77753930647, "w": 1, "l": 1, "coil": null}, "gen8randomdoublesbattle": {"elo": 1022.0138817278, "gxe": 46.7, "rpr": 1474.0897673504, "rprd": 110.25825000807, "w": 1, "l": 2, "coil": null}, "gen8ubers": {"elo": 1010.2884073521, "gxe": 37.4, "rpr": 1399.0682371035, "rprd": 101.66461168656, "w": 1, "l": 4, "coil": null}, "gen91v1": {"elo": 1315.354953670426, "gxe": 63.6, "rpr": 1606.9134780317765, "rprd": 61.45348823838351, "w": 18, "l": 9, "coil": null}, "gen9challengecup1v1": {"elo": 1262.9188353301874, "gxe": 57, "rpr": 1553.5201942012106, "rprd": 59.05480339366436, "w": 104, "l": 78, "coil": null}, "gen9challengecup2v2": {"elo": 1000, "gxe": 45, "rpr": 1459.8393856609866, "rprd": 122.85830807679145, "w": 0, "l": 1, "coil": null}, "gen9hackmonscup": {"elo": 1122.483947897427, "gxe": 66.3, "rpr": 1636.4493227738672, "rprd": 130, "w": 3, "l": 0, "coil": null}, "gen9meowcup2electricdoggaroo": {"elo": 1000, "gxe": 45, "rpr": 1459.8393856609866, "rprd": 122.85830807679145, "w": 0, "l": 1, "coil": null}, "gen9metronomebattle": {"elo": 1000,