{"username": "BigBobobo", "userid": "bigbobobo", "registertime": 1655510400, "group": 1, "ratings": {"gen1randombattle": {"elo": 1022.1660277196066, "gxe": 45.6, "rpr": 1464.9017363716862, "rprd": 122.95617608070091, "w": 1, "l": 2, "coil": null}, "gen2randombattle": {"elo": 1000, "gxe": 46.9, "rpr": 1475.3894932162323, "rprd": 123.23663618311897, "w": 0, "l": 1, "coil": null}, "gen5randombattle": {"elo": 1045.5605605661842, "gxe": 55.6, "rpr": 1544.6990649783045, "rprd": 122.86426181428843, "w": 1, "l": 0, "coil": null}, "gen6randombattle": {"elo": 1154.303423867213, "gxe": 53.5, "rpr": 1528.226210839663, "rprd": 123.12497407733578, "w": 11, "l": 9, "coil": null}, "gen7randombattle": {"elo": 1073.645682086675, "gxe": 58.3, "rpr": 1566.939837742197, "rprd": 117.12090798706863, "w": 2, "l": 0, "coil": null}, "gen8randombattle": {"elo": 1174.7217776123457, "gxe": 50.6, "rpr": 1504.790381024975, "rprd": 83.47575102734638, "w": 868, "l": 876, "coil": null}, "gen9championsbssregma": {"elo": 1000, "gxe": 45, "rpr": 1459.8393856609866, "rprd": 122.85830807679145, "w": 0, "l": 1, "coil": null}, "gen9championsvgc2026regma": {"elo": 1284.6348516457256, "gxe": 51.4, "rpr": 1510.4157620011292, "rprd": 34.11524317802204, "w": 62, "l": 59, "coil": null}, "gen9doublesou": {"elo": 1023.8035181454, "gxe": 43, "rpr": 1445.0954959225, "rprd": 101.68903274954, "w": 2, "l": 3, "coil": null}, "gen9ou": {"elo": 1051.185469367, "gxe": 55.7, "rpr": 1545.660807135, "rprd": 121.87333818512, "w": 1, "l": 0, "coil": null}, "gen9randombattle": {"elo": 1414.3651056050346, "gxe": 59.4, "rpr": 1571.9711808066052, "rprd": 37.40300851073235, "w": 2444, "l": 2428, "coil": null}, "gen9randombattleblitz": {"elo": 1207.1365540396882, "gxe": 55, "rpr": 1539.660949053126, "rprd": 106.76483037368631, "w": 336, "l": 388, "coil": null}, "gen9randomdoublesbattle": {"elo": 1263.6954382280248, "gxe": 57.1, "rpr": 1556.5184276200093, "rprd": 106.41807637190233, "w": 55, "l": 44, "coil": null}, "gen9vgc2023regulationc": {"elo": 1163.47473980554, "gxe": 45.9, "rpr": 1469.1773232501741, "rprd": 25, "w": 211, "l": 213, "coil": null}, "gen9vgc2023regulationd": {"elo": 1365.1393727743177, "gxe": 50, "rpr": 1500.083781506144, "rprd": 25, "w": 402, "l": 409, "coil": null}, "gen9vgc2023regulatione": {"elo": 1108.8511869993704, "gxe": 46.2, "rpr": 1470.9455733086074, "rprd": 25.6013845940363, "w": 556, "l": 556, "coil": null}, "gen9vgc2023regulationebo3": {"elo": 1164.9124861002656, "gxe": 45.6, "rpr": 1466.6561710023445, "rprd": 43.15218704542734, "w": 100, "l": 124, "coil": null}, "gen9vgc2023series1": {"elo": 1110.8715044513, "gxe": 46.9, "rpr": 1476.1822368426, "rprd": 40.614172680856, "w": 46, "l": 50, "coil": null}, "gen9vgc2023series2": {"elo": 1122.1639829297094, "gxe": 50.1, "rpr": 1501.1126705213103, "rprd": 25.609678973415953, "w": 241, "l": 252, "coil": null}, "gen9vgc2024regf": {"elo": 1181.5162821639879, "gxe": 45.3, "rpr": 1464.428020170666, "rprd": 37.91738415690087, "w": 386, "l": 438, "coil": null}, "gen9vgc2024regfbo3": {"elo": 1059.6635539372073, "gxe": 46.1, "rpr": 1470.4036436103215, "rprd": 28.00202136654233, "w": 230, "l": 248, "coil": null}, "gen9vgc2024regg": {"elo": 1000, "gxe": 42.9, "rpr": 1443.0623525992542, "rprd": 122.64519576223095, "w": 0, "l": 1, "coil": null}, "gen9vgc2024reggbo3": {"elo": 1153.5461111406976, "gxe": 46.9, "rpr": 1476.8867487503085, "rprd": 38.1546568556068, "w": 107, "l": 121, "coil": null}, "gen9vgc2024regh": {"elo": 1179.1362189139832, "gxe": 48, "rpr": 1485.0712790901182, "rprd": 39.03104662326628, "w": 46, "l": 38, "coil": null}, "gen9vgc2024reghbo3": {"elo": 1000, "gxe": 27.2, "rpr": 1307.6723088038984, "rprd": 94.90049927780025, "w": 2, "l": 9, "coil": null}, "gen9vgc2025regg": {"elo": 1083.6189330904178, "gxe": 46, "rpr": 1468.7865933072067, "rprd": 90.7282494416022, "w": 6, "l": 6, "coil": null}, "gen9vgc2025reggbo3": {"elo": 1057.8895688238867, "gxe": 44.9, "rpr": 1459.7262627396885, "rprd": 102.35437875873724, "w": 2, "l": 3, "coil": null}, "gen9vgc2025regi": {"elo": 1167.5643686115995, "gxe": 51.6, "rpr": 1512.012882749289, "rprd": 34.40783480060187, "w": 56, "l": 53, "coil": null}, "gen9vgc2025regibo3": {"elo": 1034.084119157538, "gxe": 48.2, "rpr": 1486.073277039049, "rprd": 117.18588098412806, "w": 1, "l": 1, "coil": null}}}