{"username": "BigGreenGoomy", "userid": "biggreengoomy", "registertime": 1773273600, "group": 1, "ratings": {"gen9nationaldex": {"elo": 1119.815786214094, "gxe": 43.2, "rpr": 1446.954751771308, "rprd": 79.74307011229897, "w": 9, "l": 9, "coil": null}, "gen9ou": {"elo": 1272.364952237634, "gxe": 57.9, "rpr": 1560.9674093023204, "rprd": 60.965473281926634, "w": 20, "l": 11, "coil": null}, "gen9randombattle": {"elo": 1561.1172731092267, "gxe": 65.4, "rpr": 1620.4722208962053, "rprd": 41.822582823295164, "w": 163, "l": 138, "coil": null}}}