{"username": "big_o'l_bigboy", "userid": "bigolbigboy", "registertime": 1689724800, "group": 1, "ratings": {"gen5pokebilitiesrandombattle": {"elo": 1000, "gxe": 45, "rpr": 1459.8393856609866, "rprd": 122.85830807679145, "w": 0, "l": 1, "coil": null}, "gen7ou": {"elo": 1062.446038659, "gxe": 54.2, "rpr": 1533.0891783611, "rprd": 111.51861011339, "w": 2, "l": 1, "coil": null}, "gen9computergeneratedteams": {"elo": 1000, "gxe": 45, "rpr": 1459.8393856609866, "rprd": 122.85830807679145, "w": 0, "l": 1, "coil": null}, "gen9monotyperandombattle": {"elo": 1000, "gxe": 40.9, "rpr": 1427.2093424120749, "rprd": 117.1530501553562, "w": 0, "l": 2, "coil": null}, "gen9ou": {"elo": 1052.0029334721492, "gxe": 51.2, "rpr": 1509.368155108089, "rprd": 113.257606091252, "w": 2, "l": 1, "coil": null}, "gen9randombattle": {"elo": 1783.3933556088027, "gxe": 78.5, "rpr": 1744.7044412819268, "rprd": 37.554497735477874, "w": 831, "l": 744, "coil": null}, "gen9randombattleblitz": {"elo": 1000, "gxe": 45, "rpr": 1459.8393856609866, "rprd": 122.85830807679145, "w": 0, "l": 1, "coil": null}, "gen9randombattlemayhem": {"elo": 1040, "gxe": 54.5, "rpr": 1536.343097455987, "rprd": 122.91936091329113, "w": 1, "l": 0, "coil": null}, "gen9randomdoublesbattle": {"elo": 1105.0644469198885, "gxe": 64.8, "rpr": 1622.8727753188493, "rprd": 130, "w": 3, "l": 0, "coil": null}, "gen9uu": {"elo": 1076.114786561019, "gxe": 48.5, "rpr": 1488.0977024972476, "rprd": 99.62058701407007, "w": 3, "l": 3, "coil": null}}}