{"username": "Bigoleg", "userid": "bigoleg", "registertime": 1636848000, "group": 1, "ratings": {"gen7anythinggoes": {"elo": 1494.692507907, "gxe": 74.6, "rpr": 1742.7366925888, "rprd": 223.65641027871, "w": 108, "l": 61, "coil": null}, "gen7ubers": {"elo": 1177.3628966979, "gxe": 63.9, "rpr": 1630.093182994, "rprd": 233.27974806146, "w": 7, "l": 0, "coil": null}, "gen8nationaldexag": {"elo": 1395.2506175507, "gxe": 62.2, "rpr": 1594.3570551038, "rprd": 39.265626151477, "w": 69, "l": 50, "coil": null}, "gen8ou": {"elo": 1207.8539230921, "gxe": 61.5, "rpr": 1590.7486621235, "rprd": 83.232048050868, "w": 9, "l": 3, "coil": null}, "gen8randombattle": {"elo": 1377.4377622425, "gxe": 63.8, "rpr": 1625.2502669298, "rprd": 212.63593557038, "w": 3167, "l": 3094, "coil": null}, "gen8ubers": {"elo": 1082.2447139093, "gxe": 48.6, "rpr": 1486.9634263422, "rprd": 233.29158698833, "w": 3, "l": 3, "coil": null}, "gen9championsvgc2026regmb": {"elo": 1183.5915130874735, "gxe": 47, "rpr": 1477.0719798305413, "rprd": 29.009806242999755, "w": 78, "l": 88, "coil": null}, "gen9doublesou": {"elo": 1145.5378050909571, "gxe": 45.9, "rpr": 1468.6238243398766, "rprd": 59.839995552427766, "w": 111, "l": 109, "coil": null}, "gen9doublesubers": {"elo": 1324.3805165521412, "gxe": 59.2, "rpr": 1569.8893552959664, "rprd": 32.673454770849474, "w": 136, "l": 112, "coil": null}, "gen9doublesuu": {"elo": 1089.5113357873524, "gxe": 45.7, "rpr": 1466.9528000243602, "rprd": 76.35841768322167, "w": 7, "l": 10, "coil": null}, "gen9ou": {"elo": 1032.2479775690051, "gxe": 37.3, "rpr": 1398.2757131315645, "rprd": 104.8535723480864, "w": 13, "l": 16, "coil": null}, "gen9randombattle": {"elo": 1792.549612717858, "gxe": 80.4, "rpr": 1766.2188895101092, "rprd": 28.492592396672265, "w": 1990, "l": 1980, "coil": null}, "gen9randomdoublesbattle": {"elo": 1297.6383739340545, "gxe": 60.1, "rpr": 1577.855756722789, "rprd": 54.4159599047346, "w": 32, "l": 21, "coil": null}, "gen9ubers": {"elo": 1211.6508550522597, "gxe": 56.1, "rpr": 1547.6017064178604, "rprd": 78.12645555447546, "w": 34, "l": 24, "coil": null}, "gen9vgc2024regh": {"elo": 1408.9148969525056, "gxe": 55.1, "rpr": 1538.4938967577996, "rprd": 31.298189054964617, "w": 440, "l": 422, "coil": null}, "gen9vgc2024reghbo3": {"elo": 1026.551147175345, "gxe": 47.2, "rpr": 1477.9317589622658, "rprd": 119.9364094149942, "w": 1, "l": 1, "coil": null}}}