{"username": "Bigolron", "userid": "bigolron", "registertime": 1404604800, "group": 1, "ratings": {"gen7anythinggoes": {"elo": 1112.8441219207, "gxe": 60.7, "rpr": 1585.5535163588, "rprd": 110.93305402312, "w": 3, "l": 0, "coil": null}, "gen7nu": {"elo": 1317.9570862177, "gxe": 65.5, "rpr": 1622.4351109315, "rprd": 60.459862268991, "w": 53, "l": 40, "coil": null}, "gen7ou": {"elo": 1266.6072913278, "gxe": 48.7, "rpr": 1489.849535069, "rprd": 77.450007465657, "w": 279, "l": 249, "coil": null}, "gen7randombattle": {"elo": 1204.1340030315, "gxe": 52.7, "rpr": 1521.3725104363, "rprd": 89.506476187564, "w": 25, "l": 20, "coil": null}, "gen7ru": {"elo": 1359.4663850436, "gxe": 65.6, "rpr": 1644.0717656373, "rprd": 216.01259431645, "w": 111, "l": 92, "coil": null}, "gen7uu": {"elo": 1145.6033860841, "gxe": 51.6, "rpr": 1513.819075333, "rprd": 216.82430681843, "w": 215, "l": 201, "coil": null}, "gen8battlefactory": {"elo": 1000, "gxe": 40.7, "rpr": 1425.1723120746, "rprd": 115.96566637532, "w": 0, "l": 2, "coil": null}, "gen8battlestadiumdoubles": {"elo": 1098.0641740892, "gxe": 48.5, "rpr": 1488.7399699787, "rprd": 58.161803002907, "w": 20, "l": 18, "coil": null}, "gen8battlestadiumdoublesseries13": {"elo": 1168.1881322634, "gxe": 55.3, "rpr": 1540.2436863522, "rprd": 50.556066209769, "w": 25, "l": 21, "coil": null}, "gen8bdspbattlefestivaldoubles": {"elo": 1000, "gxe": 34, "rpr": 1371.2646956997, "rprd": 86.66456610811, "w": 2, "l": 8, "coil": null}, "gen8bdspou": {"elo": 1055.4228303921, "gxe": 50.3, "rpr": 1502.7318064124, "rprd": 106.47300993805, "w": 2, "l": 2, "coil": null}, "gen8godlygift": {"elo": 1020.6997950029, "gxe": 44.7, "rpr": 1458.2970043516, "rprd": 106.21670627021, "w": 1, "l": 3, "coil": null}, "gen8ou": {"elo": 1362.3775816336, "gxe": 58.5, "rpr": 1566.4328039719, "rprd": 83.508916112091, "w": 48, "l": 40, "coil": null}, "gen8randombattle": {"elo": 1399.8299973399, "gxe": 70.5, "rpr": 1694.4039917782, "rprd": 220.05590121683, "w": 157, "l": 109, "coil": null}, "gen8randomdoublesbattle": {"elo": 1163.8296934619, "gxe": 57.4, "rpr": 1567.3371898056, "rprd": 228.14211431825, "w": 9, "l": 5, "coil": null}, "gen8spikemuthcup": {"elo": 1056.2909027689, "gxe": 53.6, "rpr": 1528.3608953685, "rprd": 102.13045498198, "w": 3, "l": 2, "coil": null}, "gen8vgc2020": {"elo": 1499.6767282982, "gxe": 63.6, "rpr": 1607.6536919978, "rprd": 74.217013161952, "w": 106, "l": 76, "coil": null}, "gen8vgc2021": {"elo": 1499.5322640825, "gxe": 62.8, "rpr": 1600.1885129481, "rprd": 68.306488272299, "w": 89, "l": 72, "coil": null}, "gen8vgc2021series10": {"elo": 1351.2108892619, "gxe": 58.1, "rpr": 1561.8925913262, "rprd": 46.602343758638, "w": 197, "l": 175, "coil": null}, "gen8vgc2021series11": {"elo": 1339.7258002397, "gxe": 65.5, "rpr": 1622.4284477098, "rprd": 59.373678245569, "w": 22, "l": 11, "coil": null}, "gen8vgc2021series9": {"elo": 1499.9909509386, "gxe": 63.7, "rpr": 1612.173324144, "rprd": 120.10447291594, "w": 339, "l": 303, "coil": null}, "gen8vgc2022": {"elo": 1499.5315255277, "gxe": 62.6, "rpr": 1616.6785210374, "rprd": 229.34511450121, "w": 119, "l": 92, "coil": null}, "gen91v1factory": {"elo": 1163.0817779721406, "gxe": 53.7, "rpr": 1528.373038125399, "rprd": 57.67206947840241, "w": 18, "l": 15, "coil": null}, "gen9almostanyability": {"elo": 1389.230356475054, "gxe": 72.1, "rpr": 1687.1273192177475, "rprd": 107.87246442022997, "w": 62, "l": 40, "coil": null}, "gen9alphabetcup": {"elo": 1306.6661267149, "gxe": 64.4, "rpr": 1616.913870567, "rprd": 105.36073655471, "w": 21, "l": 10, "coil": null}, "gen9b6p4randomdoublesbattlebo3": {"elo": 1301.2127692029, "gxe": 73.2, "rpr": 1703.072383497, "rprd": 133.20251952266, "w": 19, "l": 6, "coil": null}, "gen9battlefactory": {"elo": 1129.0980819588, "gxe": 58.1, "rpr": 1566.9182370038, "rprd": 149.98695470384, "w": 7, "l": 4, "coil": null}, "gen9battlestadiumdoubles": {"elo": 1120.3534756095, "gxe": 50.2, "rpr": 1501.3211180655, "rprd": 49.756534196911, "w": 24, "l": 24, "coil": null}, "gen9battlestadiumsinglesseries2": {"elo": 1000, "gxe": 43.4, "rpr": 1446.8283394455, "rprd": 122.66541673039, "w": 0, "l": 1, "coil": null}, "gen9championsrandombattle": {"elo": 1153.9407609174862, "gxe": 65.5, "rpr": 1624.231676589511, "rprd": 84.86640494640565, "w": 8, "l": 3, "coil": null}, "gen9championsvgc2026regma": {"elo": 1110.6824873380788, "gxe": 55.6, "rpr": 1544.0391862103372, "rprd": 98.3052250920126, "w": 4, "l": 2, "coil": null}, "gen9championsvgc2026regmabo3": {"elo": 1214.3774997699568, "gxe": 61.1, "rpr": 1585.1692190570777, "rprd": 41.366079078320816, "w": 52, "l": 48, "coil": null}, "gen9fortemons": {"elo": 1267.8636071666, "gxe": 58.7, "rpr": 1574.7346784331, "rprd": 179.78282706628, "w": 26, "l": 15, "coil": null}, "gen9franticfusions": {"elo": 1361.6066189920075, "gxe": 62.7, "rpr": 1603.6355169051558, "rprd": 123.6212201449626, "w": 33, "l": 10, "coil": null}, "gen9inheritance": {"elo": 1237.1721223028, "gxe": 59.6, "rpr": 1576.5459014852, "rprd": 100.21378346743, "w": 130, "l": 76, "coil": 2368.010532660245}, "gen9legendszaou": {"elo": 1499.2538797902, "gxe": 72.7, "rpr": 1688.3732434258, "rprd": 78.111851592571, "w": 69, "l": 40, "coil": null}, "gen9mixandmega": {"elo": 1162.43234798309, "gxe": 66.5, "rpr": 1633.3316197153508, "rprd": 88.83007362949388, "w": 7, "l": 2, "coil": null}, "gen9natdexcamovechaos": {"elo": 1196.1714154577, "gxe": 60.5, "rpr": 1583.5161524893, "rprd": 96.999192480223, "w": 30, "l": 21, "coil": null}, "gen9natureswap": {"elo": 1228.855399693, "gxe": 63.6, "rpr": 1605.9185851079, "rprd": 50.391089228536, "w": 39, "l": 22, "coil": null}, "gen9ou": {"elo": 1355.35280071471, "gxe": 63.9, "rpr": 1609.244868446959, "rprd": 68.80429962982598, "w": 23, "l": 12, "coil": null}, "gen9partnersincrime": {"elo": 1318.9647796191, "gxe": 76.9, "rpr": 1744.8712539755, "rprd": 142.54693864208, "w": 13, "l": 1, "coil": null}, "gen9pokebilities": {"elo": 1141.0726055792, "gxe": 62.4, "rpr": 1607.0661639749, "rprd": 175.76831732215, "w": 7, "l": 3, "coil": null}, "gen9randombattle": {"elo": 1902.7339589073008, "gxe": 84.7, "rpr": 1824.5575313102447, "rprd": 46.28376148678031, "w": 1453, "l": 1265, "coil": null}, "gen9randomdoublesbattle": {"elo": 1578.697223935052, "gxe": 80.6, "rpr": 1784.4937397799422, "rprd": 122.42523957097704, "w": 77, "l": 35, "coil": null}, "gen9ru": {"elo": 1226.3358005516181, "gxe": 64.4, "rpr": 1614.2854863417015, "rprd": 74.48343673577254, "w": 12, "l": 5, "coil": 1936.3877701665988}, "gen9sharedpower": {"elo": 1320.8034673558, "gxe": 59.3, "rpr": 1575.2015865543, "rprd": 117.44444857183, "w": 78, "l": 57, "coil": null}, "gen9sketchmons": {"elo": 1332.9294288969, "gxe": 70.1, "rpr": 1688.3814967647, "rprd": 212.42699054372, "w": 16, "l": 4, "coil": null}, "gen9tiershift": {"elo": 1302.165657425, "gxe": 64.2, "rpr": 1622.1525341368, "rprd": 164.43849050602, "w": 25, "l": 15, "coil": null}, "gen9ubersuu": {"elo": 1335.7447511994, "gxe": 67.5, "rpr": 1646.6174877605, "rprd": 126.16938601863, "w": 26, "l": 12, "coil": null}, "gen9uu": {"elo": 1128.1506931119907, "gxe": 53.8, "rpr": 1529.3408003041063, "rprd": 74.50677990281768, "w": 12, "l": 9, "coil": null}, "gen9vgc2023regulationc": {"elo": 1423.432664737005, "gxe": 59.3, "rpr": 1570.9661077832895, "rprd": 28.03722029205151, "w": 386, "l": 353, "coil": null}, "gen9vgc2023regulationd": {"elo": 1482.5135816147254, "gxe": 62.7, "rpr": 1598.1033357204478, "rprd": 43.64881889363792, "w": 247, "l": 211, "coil": null}, "gen9vgc2023regulatione": {"elo": 1329.1993309666332, "gxe": 62.2, "rpr": 1594.2336200178809, "rprd": 38.209116609771804, "w": 50, "l": 40, "coil": null}, "gen9vgc2023regulationebo3": {"elo": 1102.1838211346155, "gxe": 52.5, "rpr": 1518.9088070015237, "rprd": 65.85015334789699, "w": 14, "l": 13, "coil": null}, "gen9vgc2023series1": {"elo": 1458.819626652, "gxe": 65.6, "rpr": 1622.6731440786, "rprd": 52.528235465374, "w": 52, "l": 33, "coil": null}, "gen9vgc2023series2": {"elo": 1315.7988248422, "gxe": 59.8,