{"username": "Binkbonkerer", "userid": "binkbonkerer", "registertime": 1712793600, "group": 1, "ratings": {"gen5ou": {"elo": 1146.635383574362, "gxe": 57.6, "rpr": 1559.2866226355331, "rprd": 76.15348253853566, "w": 10, "l": 6, "coil": null}, "gen9aprilfoolsday": {"elo": 1040, "gxe": 55, "rpr": 1540.1606143390134, "rprd": 122.85830807679145, "w": 1, "l": 0, "coil": null}, "gen9b6p4randomdoublesbattlebo3": {"elo": 1377.6584687177, "gxe": 74, "rpr": 1707.4414535484, "rprd": 113.36699930837, "w": 95, "l": 49, "coil": null}, "gen9babyrandombattle": {"elo": 1031.956754694057, "gxe": 50, "rpr": 1500, "rprd": 116.77753930629355, "w": 1, "l": 1, "coil": null}, "gen9battlefactory": {"elo": 1144.9206300487, "gxe": 57.2, "rpr": 1558.5139273826, "rprd": 129.39072878454, "w": 31, "l": 22, "coil": null}, "gen9championsrandombattle": {"elo": 1000, "gxe": 45, "rpr": 1459.8393856609866, "rprd": 122.85830807679145, "w": 0, "l": 1, "coil": null}, "gen9championsvgc2026regmabo3": {"elo": 1210.1507319305003, "gxe": 67.9, "rpr": 1645.6721493282246, "rprd": 89.98231267270646, "w": 8, "l": 1, "coil": null}, "gen9ou": {"elo": 1125.402595202274, "gxe": 60.8, "rpr": 1586.9759431950256, "rprd": 114.61799715444536, "w": 4, "l": 0, "coil": null}, "gen9randombattle": {"elo": 2036.6955740754215, "gxe": 85.5, "rpr": 1834.0511618097253, "rprd": 30.109743630839617, "w": 2727, "l": 2491, "coil": null}, "gen9randomdoublesbattle": {"elo": 1254.3260060087073, "gxe": 64, "rpr": 1609.6040053610034, "rprd": 63.313893796691595, "w": 17, "l": 8, "coil": null}, "gen9vgc2024regfbo3": {"elo": 1033.0791966927645, "gxe": 51, "rpr": 1507.6329547899968, "rprd": 116.49617502406461, "w": 1, "l": 1, "coil": null}, "gen9vgc2024regg": {"elo": 1135.5177143983135, "gxe": 58.8, "rpr": 1568.765310296489, "rprd": 90.56997620067101, "w": 7, "l": 3, "coil": null}, "gen9vgc2024reggbo3": {"elo": 1266.7718948945367, "gxe": 59, "rpr": 1568.6633230666139, "rprd": 44.313154208993836, "w": 60, "l": 53, "coil": null}, "gen9vgc2024reghbo3": {"elo": 1062.877944005649, "gxe": 51.3, "rpr": 1510.3367280857387, "rprd": 106.38071770588857, "w": 2, "l": 2, "coil": null}, "gen9vgc2025regg": {"elo": 1014.0809246434679, "gxe": 45.2, "rpr": 1462.0504854366977, "rprd": 111.40850463221209, "w": 1, "l": 2, "coil": null}, "gen9vgc2025reggbo3": {"elo": 1152.6005367127204, "gxe": 54, "rpr": 1531.4988217086886, "rprd": 94.65405285275955, "w": 6, "l": 4, "coil": null}, "gen9vgc2025regi": {"elo": 1182.9799472665804, "gxe": 53.5, "rpr": 1526.8574691809254, "rprd": 71.68141271704664, "w": 21, "l": 15, "coil": null}, "gen9vgc2025regibo3": {"elo": 1102.0557362721665, "gxe": 50.5, "rpr": 1503.7161700447398, "rprd": 90.11910358381185, "w": 6, "l": 4, "coil": null}}}