{"username": "Bitconnnect", "userid": "bitconnnect", "registertime": 1645488000, "group": 1, "ratings": {"gen7randombattle": {"elo": 1000, "gxe": 38.4, "rpr": 1407.3783964463, "rprd": 95.496244962745, "w": 0, "l": 0, "coil": null}, "gen8anythinggoes": {"elo": 1068.6417729353, "gxe": 48.9, "rpr": 1491.7683488074, "rprd": 98.840717636594, "w": 3, "l": 3, "coil": null}, "gen8doublesou": {"elo": 1024.5284784233, "gxe": 23.5, "rpr": 1242.793377915, "rprd": 200.00474641198, "w": 10, "l": 36, "coil": null}, "gen8doublesubers": {"elo": 1040.2220875994, "gxe": 30.6, "rpr": 1342.7368008291, "rprd": 73.842722778147, "w": 5, "l": 15, "coil": null}, "gen8metronomebattle": {"elo": 1037.4572124202, "gxe": 49.9, "rpr": 1499.56645387, "rprd": 116.26870623357, "w": 1, "l": 1, "coil": null}, "gen8nationaldexag": {"elo": 1345.6641855106, "gxe": 49.8, "rpr": 1498.6615377899, "rprd": 38.930328850844, "w": 321, "l": 330, "coil": null}, "gen8randombattle": {"elo": 1288.5031764611, "gxe": 54.5, "rpr": 1534.2531569349, "rprd": 56.164477559103, "w": 27, "l": 25, "coil": null}, "gen8randomdoublesbattle": {"elo": 1071.7859940363, "gxe": 43.7, "rpr": 1443.4939211313, "rprd": 222.66526813896, "w": 8, "l": 11, "coil": null}, "gen91v1": {"elo": 1064.2072679833693, "gxe": 43.5, "rpr": 1449.8509828137608, "rprd": 55.303011263812955, "w": 25, "l": 29, "coil": null}, "gen9doublesou": {"elo": 1000, "gxe": 26.7, "rpr": 1306.4762280839, "rprd": 68.609488918391, "w": 0, "l": 0, "coil": null}, "gen9metronomebattle": {"elo": 1086.7331106354907, "gxe": 41.6, "rpr": 1433.9576379942691, "rprd": 95.68822172803593, "w": 11, "l": 17, "coil": null}, "gen9monotype": {"elo": 1248.6131077523, "gxe": 55.8, "rpr": 1544.2375633732, "rprd": 49.930825863321, "w": 0, "l": 0, "coil": 0}, "gen9nationaldex": {"elo": 1474.3866029262676, "gxe": 61.9, "rpr": 1592.7549885357494, "rprd": 59.02687453053901, "w": 189, "l": 172, "coil": null}, "gen9nationaldexag": {"elo": 1275.0774305536, "gxe": 56.3, "rpr": 1547.5894656027, "rprd": 29.296456819205, "w": 250, "l": 227, "coil": null}, "gen9nationaldexubers": {"elo": 1499.393877149, "gxe": 73.4, "rpr": 1695.337768622, "rprd": 73.452064129497, "w": 1344, "l": 1164, "coil": null}, "gen9ou": {"elo": 1100.0676195596534, "gxe": 51.4, "rpr": 1511.5350872521512, "rprd": 120.73202326475179, "w": 0, "l": 0, "coil": null}, "gen9randombattle": {"elo": 1822.1813443723017, "gxe": 79.5, "rpr": 1755.6149713979637, "rprd": 30.816218616679034, "w": 1357, "l": 1263, "coil": null}, "gen9randomdoublesbattle": {"elo": 1329.8637224298514, "gxe": 58.7, "rpr": 1569.1363447256106, "rprd": 110.57568978492262, "w": 239, "l": 230, "coil": null}, "gen9sharedpower": {"elo": 1013.2198243699, "gxe": 45.1, "rpr": 1461.1433550662, "rprd": 111.07816507854, "w": 0, "l": 0, "coil": null}}}