{"username": "BlazenFL97", "userid": "blazenfl97", "registertime": 1781222400, "group": 1, "ratings": {"gen9randombattle": {"elo": 1203.168752638001, "gxe": 57, "rpr": 1553.6511869913156, "rprd": 65.97349324265203, "w": 15, "l": 8, "coil": null}}}