{"username": "blodtxn", "userid": "blodtxn", "registertime": 1762473600, "group": 1, "ratings": {"gen9anythinggoes": {"elo": 1156.8369802046195, "gxe": 54, "rpr": 1530.8228022357844, "rprd": 74.13236915335976, "w": 20, "l": 16, "coil": null}, "gen9doublesou": {"elo": 1041.5014278885628, "gxe": 46, "rpr": 1468.3521020333533, "rprd": 101.99992143736631, "w": 2, "l": 3, "coil": null}, "gen9doublesubers": {"elo": 1229.0387019409102, "gxe": 49.6, "rpr": 1496.96463334748, "rprd": 78.53985387933164, "w": 32, "l": 29, "coil": null}, "gen9monotype": {"elo": 1000, "gxe": 43.9, "rpr": 1451.3416385737974, "rprd": 122.23508583014923, "w": 0, "l": 1, "coil": 439}, "gen9nationaldex": {"elo": 1016.281230104151, "gxe": 25, "rpr": 1290.9490725880396, "rprd": 54.35627236959818, "w": 80, "l": 135, "coil": null}, "gen9nationaldexdoubles": {"elo": 1037.2730954953988, "gxe": 38.2, "rpr": 1406.143699540788, "rprd": 100.26204059368358, "w": 2, "l": 4, "coil": null}, "gen9randombattle": {"elo": 1277.2583913101355, "gxe": 45.7, "rpr": 1467.362834895748, "rprd": 43.30170297392345, "w": 287, "l": 376, "coil": null}, "gen9randomdoublesbattle": {"elo": 1072.52668744189, "gxe": 51.2, "rpr": 1509.1412032984908, "rprd": 104.39622322710055, "w": 4, "l": 3, "coil": null}, "gen9vgc2026regf": {"elo": 1000, "gxe": 38.1, "rpr": 1403.710142038383, "rprd": 117.68383716588566, "w": 0, "l": 2, "coil": null}}}