{"username": "blooodfooort", "userid": "blooodfooort", "registertime": 1742342400, "group": 1, "ratings": {"gen9randombattle": {"elo": 2214.8255094472597, "gxe": 85, "rpr": 1826.9104101199114, "rprd": 25, "w": 460, "l": 359, "coil": null}}}