{"username": "Blueberry186", "userid": "blueberry186", "registertime": 1706486400, "group": 1, "ratings": {"gen1ou": {"elo": 1000, "gxe": 41.3, "rpr": 1430.3088981028109, "rprd": 115.85159925802346, "w": 0, "l": 0, "coil": null}, "gen1randombattle": {"elo": 1050.5632984200565, "gxe": 52.1, "rpr": 1516.579265797645, "rprd": 122.65320759845139, "w": 0, "l": 0, "coil": null}, "gen6purehackmons": {"elo": 1000, "gxe": 34.4, "rpr": 1373.4123038113735, "rprd": 98.99925833202235, "w": 1, "l": 5, "coil": null}, "gen7purehackmons": {"elo": 1075.646592827714, "gxe": 35.3, "rpr": 1384.0255613160716, "rprd": 69.16963500710331, "w": 10, "l": 17, "coil": null}, "gen8superstaffbros4": {"elo": 1043.3937003576184, "gxe": 55.4, "rpr": 1543.4633806346346, "rprd": 122.81622376611435, "w": 0, "l": 0, "coil": null}, "gen9alphabetcup": {"elo": 1000, "gxe": 40, "rpr": 1419.6891736157243, "rprd": 115.65915681825936, "w": 0, "l": 0, "coil": null}, "gen9anythinggoes": {"elo": 1245.0531281218973, "gxe": 48.6, "rpr": 1489.6742310491761, "rprd": 44.672940342013284, "w": 181, "l": 208, "coil": null}, "gen9babyrandombattle": {"elo": 1000, "gxe": 45, "rpr": 1459.8393856609866, "rprd": 122.85830807679145, "w": 0, "l": 0, "coil": null}, "gen9battlefactory": {"elo": 1000, "gxe": 44.1, "rpr": 1452.3681928289313, "rprd": 121.92427926556131, "w": 0, "l": 0, "coil": null}, "gen9cap": {"elo": 1017.9175356638143, "gxe": 43.3, "rpr": 1446.6860723986424, "rprd": 108.31155413290489, "w": 0, "l": 0, "coil": null}, "gen9championsbssregma": {"elo": 1000, "gxe": 38, "rpr": 1403.226743633656, "rprd": 110.91020068400547, "w": 0, "l": 3, "coil": null}, "gen9championsou": {"elo": 1052.574461568421, "gxe": 32.2, "rpr": 1357.7080354008763, "rprd": 59.153842744525846, "w": 10, "l": 24, "coil": null}, "gen9doublesou": {"elo": 1117.963665837652, "gxe": 48.1, "rpr": 1485.6812981213366, "rprd": 52.54617024604766, "w": 21, "l": 21, "coil": null}, "gen9inheritance": {"elo": 1000, "gxe": 43.2, "rpr": 1444.931282122177, "rprd": 122.8146057203452, "w": 0, "l": 0, "coil": 0}, "gen9lc": {"elo": 1000, "gxe": 32.9, "rpr": 1357.9709854402079, "rprd": 117.3399258204656, "w": 0, "l": 2, "coil": null}, "gen9metronomebattle": {"elo": 1085.596412352069, "gxe": 33.8, "rpr": 1369.291476516101, "rprd": 87.28899909074595, "w": 10, "l": 23, "coil": null}, "gen9mixandmega": {"elo": 1079.0742695649067, "gxe": 53.5, "rpr": 1528.045508293359, "rprd": 111.35574746494883, "w": 0, "l": 0, "coil": null}, "gen9monotype": {"elo": 1070.102808904164, "gxe": 48.7, "rpr": 1489.9948275209636, "rprd": 106.51168981372278, "w": 2, "l": 2, "coil": 1377.4440097513946}, "gen9monotyperandombattle": {"elo": 1029.6862128644202, "gxe": 37.3, "rpr": 1400.0100644203094, "rprd": 81.10097733505128, "w": 4, "l": 9, "coil": null}, "gen9nationaldex": {"elo": 1088.854280081724, "gxe": 40.6, "rpr": 1427.9884710400572, "rprd": 34.39820825887743, "w": 279, "l": 510, "coil": null}, "gen9nationaldexdoubles": {"elo": 1125.6715427889812, "gxe": 28.7, "rpr": 1321.4847803731147, "rprd": 98.82754257994466, "w": 69, "l": 187, "coil": null}, "gen9nationaldexmonotype": {"elo": 1066.4293711258283, "gxe": 27.8, "rpr": 1319.2930834018125, "rprd": 37.15293171677325, "w": 122, "l": 336, "coil": null}, "gen9nationaldexstabmons": {"elo": 1000, "gxe": 45, "rpr": 1459.8393856612, "rprd": 123.76230875755, "w": 0, "l": 0, "coil": null}, "gen9nationaldexubers": {"elo": 1000, "gxe": 44.5, "rpr": 1455.8976604118786, "rprd": 122.48312632508375, "w": 0, "l": 0, "coil": null}, "gen9nu": {"elo": 1026.2900710505885, "gxe": 24.7, "rpr": 1285.5618903857312, "rprd": 73.42827491313975, "w": 0, "l": 0, "coil": 0}, "gen9ou": {"elo": 1039.0368886234623, "gxe": 40.4, "rpr": 1426.279175104243, "rprd": 32.88369339845558, "w": 336, "l": 403, "coil": null}, "gen9partnersincrime": {"elo": 1000, "gxe": 36.1, "rpr": 1385.2791618102187, "rprd": 128.87019366502193, "w": 0, "l": 0, "coil": null}, "gen9partnersincrimerandombattle6moves": {"elo": 1070.7013157620056, "gxe": 53.9, "rpr": 1530.5990810951384, "rprd": 101.10247710011834, "w": 0, "l": 0, "coil": null}, "gen9pickyourteamrandombattle": {"elo": 1013.9599431825516, "gxe": 46.6, "rpr": 1472.6837430285318, "rprd": 111.23109003451023, "w": 0, "l": 0, "coil": null}, "gen9pu": {"elo": 1000, "gxe": 33.5, "rpr": 1364.3872892544373, "rprd": 111.92275918166331, "w": 0, "l": 3, "coil": 265.8896762046734}, "gen9randombattle": {"elo": 1428.4002884190297, "gxe": 61, "rpr": 1584.4387605897825, "rprd": 28.85413333950561, "w": 453, "l": 469, "coil": null}, "gen9randombattleblitz": {"elo": 1000, "gxe": 24.1, "rpr": 1274.1003956807726, "rprd": 108.43583744912101, "w": 0, "l": 0, "coil": null}, "gen9randombattlemayhem": {"elo": 1019.8279561929037, "gxe": 40.4, "rpr": 1424.9073469853388, "rprd": 84.0152596119664, "w": 3, "l": 8, "coil": null}, "gen9randomdoublesbattle": {"elo": 1026.5029587111753, "gxe": 41.4, "rpr": 1432.918018857608, "rprd": 86.96557400945055, "w": 4, "l": 6, "coil": null}, "gen9randomroulette": {"elo": 1000, "gxe": 41, "rpr": 1427.432874170786, "rprd": 116.77753930629355, "w": 0, "l": 0, "coil": null}, "gen9superstaffbrosultimate": {"elo": 1000, "gxe": 45, "rpr": 1459.8393856609866, "rprd": 122.85830807679145, "w": 0, "l": 0, "coil": null}, "gen9ubers": {"elo": 1025.651870136577, "gxe": 37.2, "rpr": 1395.3964978965023, "rprd": 122.63675151948293, "w": 0, "l": 1, "coil": null}, "gen9uu": {"elo": 1060.6197656484314, "gxe": 32.5, "rpr": 1360.2563597833018, "rprd": 59.7100439850789, "w": 14, "l": 29, "coil": null}, "gen9vaporemonsrandombattle": {"elo": 1024.3076760999857, "gxe": 46.4, "rpr": 1471.6917820509077, "rprd": 111.30701589314803, "w": 0, "l": 0, "coil": null}, "gen9vgc2025regg": {"elo": 1066.4370934176466, "gxe": 35, "rpr": 1381.1532695864187, "rprd": 70.62814276376278, "w": 7, "l": 13, "coil": null}, "gen9vgc2025regi": {"elo": 1052.376949727831, "gxe": 33.5, "rpr": 1365.7186921136886, "rprd": 97.23808832873648, "w": 1, "l": 5, "coil": null}, "gen9vgc2026regf": {"elo": 1093.3611214282218, "gxe": 41.5, "rpr": 1433.2777606764628, "rprd": 87.38736913550912, "w": 4, "l": 6, "coil": null}}}