{"username": "Blufferfish 2009", "userid": "blufferfish2009", "registertime": 1646697600, "group": 1, "ratings": {"gen1ou": {"elo": 1088.4630769853, "gxe": 44.2, "rpr": 1454.747237122, "rprd": 91.807448699351, "w": 3, "l": 5, "coil": null}, "gen1randombattle": {"elo": 1181.1900765264154, "gxe": 64.5, "rpr": 1614.5277070069365, "rprd": 65.6136492504559, "w": 16, "l": 9, "coil": null}, "gen4ou": {"elo": 1189.4891652230679, "gxe": 61.4, "rpr": 1588.5087625163305, "rprd": 57.26697879030614, "w": 26, "l": 24, "coil": null}, "gen4uu": {"elo": 1000, "gxe": 39.9, "rpr": 1418.703991998122, "rprd": 116.3059656872323, "w": 0, "l": 2, "coil": null}, "gen5ou": {"elo": 1105.7281560495, "gxe": 55.8, "rpr": 1545.684607758, "rprd": 98.705467360068, "w": 4, "l": 2, "coil": null}, "gen7doublesou": {"elo": 1184.2901274601, "gxe": 55.6, "rpr": 1547.1274457719, "rprd": 171.16213178889, "w": 12, "l": 11, "coil": null}, "gen7ou": {"elo": 1222.5353231978806, "gxe": 56.1, "rpr": 1546.3671908834212, "rprd": 55.0476986743723, "w": 62, "l": 49, "coil": null}, "gen7randombattle": {"elo": 1183.8073786126286, "gxe": 74.6, "rpr": 1716.924532913973, "rprd": 129.32480781107785, "w": 9, "l": 3, "coil": null}, "gen81v1": {"elo": 1064.195625951, "gxe": 39.9, "rpr": 1419.6406584448, "rprd": 106.75720900696, "w": 2, "l": 5, "coil": null}, "gen8balancedhackmons": {"elo": 1000, "gxe": 39.5, "rpr": 1415.2033669059, "rprd": 115.26217605834, "w": 0, "l": 2, "coil": null}, "gen8doublesou": {"elo": 1040, "gxe": 55, "rpr": 1540.1606143388, "rprd": 122.8583080769, "w": 1, "l": 0, "coil": null}, "gen8metronomebattle": {"elo": 1080.3899268897, "gxe": 41.8, "rpr": 1436.5401027278, "rprd": 74.908574700453, "w": 8, "l": 9, "coil": null}, "gen8monotyperandombattle": {"elo": 1073.7379101907, "gxe": 41.8, "rpr": 1435.0813563366, "rprd": 98.705141070989, "w": 2, "l": 5, "coil": null}, "gen8nationaldexag": {"elo": 1499.832122404, "gxe": 69.1, "rpr": 1658.3499814797, "rprd": 108.25962120266, "w": 55, "l": 31, "coil": null}, "gen8nationaldexmonotype": {"elo": 1105.2897504434, "gxe": 45.6, "rpr": 1465.5535583766, "rprd": 86.25084282979, "w": 6, "l": 6, "coil": null}, "gen8nationaldexuu": {"elo": 1240.123400383, "gxe": 59.9, "rpr": 1590.0978419956, "rprd": 221.21004867868, "w": 29, "l": 20, "coil": null}, "gen8ou": {"elo": 1135.4021199455, "gxe": 49.3, "rpr": 1494.7497168093, "rprd": 94.239556345703, "w": 5, "l": 3, "coil": null}, "gen8pu": {"elo": 1076.0081950236, "gxe": 49.9, "rpr": 1498.8474691028, "rprd": 103.45213418804, "w": 3, "l": 3, "coil": null}, "gen8randombattle": {"elo": 1396.844116829475, "gxe": 67.4, "rpr": 1646.4239602160505, "rprd": 130, "w": 446, "l": 419, "coil": null}, "gen8randomdoublesbattle": {"elo": 1114.6170520258, "gxe": 58.2, "rpr": 1575.5143135864, "rprd": 232.40294311174, "w": 5, "l": 2, "coil": null}, "gen8ru": {"elo": 1137.4835176162, "gxe": 58.1, "rpr": 1574.2409666025, "rprd": 228.7402936272, "w": 8, "l": 4, "coil": null}, "gen8uu": {"elo": 1042.8587279369, "gxe": 49.7, "rpr": 1497.9646203804, "rprd": 106.03281398565, "w": 2, "l": 2, "coil": null}, "gen8vgc2022": {"elo": 1222.657518237, "gxe": 53.9, "rpr": 1535.2087943801, "rprd": 219.40608906738, "w": 19, "l": 12, "coil": null}, "gen91v1": {"elo": 1000, "gxe": 45, "rpr": 1459.8393856609866, "rprd": 122.85830807679145, "w": 0, "l": 1, "coil": null}, "gen9almostanyability": {"elo": 1415.2866777618, "gxe": 68, "rpr": 1650.3592754551, "rprd": 122.50300977924, "w": 52, "l": 29, "coil": null}, "gen9alphabetcup": {"elo": 1040, "gxe": 47.9, "rpr": 1483.0363639976142, "rprd": 116.92622244383375, "w": 1, "l": 1, "coil": null}, "gen9anythinggoes": {"elo": 1115.5230270430802, "gxe": 58.9, "rpr": 1570.3207817870102, "rprd": 102.47171401304657, "w": 4, "l": 1, "coil": null}, "gen9babyrandombattle": {"elo": 1260.1463501834, "gxe": 75.2, "rpr": 1717.8882665635, "rprd": 106.12503452697, "w": 13, "l": 3, "coil": null}, "gen9battlefactory": {"elo": 1000, "gxe": 40.7, "rpr": 1424.9792432291447, "rprd": 115.97816235200649, "w": 0, "l": 2, "coil": null}, "gen9bssregi": {"elo": 1000, "gxe": 43.7, "rpr": 1449.7032082370488, "rprd": 122.08321921112494, "w": 0, "l": 1, "coil": null}, "gen9championsbssregmb": {"elo": 1000, "gxe": 45, "rpr": 1459.8393856609866, "rprd": 122.85830807679145, "w": 0, "l": 1, "coil": null}, "gen9championsou": {"elo": 1199.1284710655348, "gxe": 58.9, "rpr": 1569.3279233014669, "rprd": 72.57868571858945, "w": 13, "l": 7, "coil": null}, "gen9championsrandombattle": {"elo": 1169.255718692216, "gxe": 64.5, "rpr": 1615.3201286545952, "rprd": 76.22004428938442, "w": 11, "l": 5, "coil": null}, "gen9championsvgc2026regmabo3": {"elo": 1124.8004084902207, "gxe": 59.8, "rpr": 1577.203670718531, "rprd": 82.93337509152789, "w": 8, "l": 4, "coil": null}, "gen9championsvgc2026regmb": {"elo": 1122.5754082248407, "gxe": 52, "rpr": 1515.7452020920186, "rprd": 71.53152232440527, "w": 10, "l": 9, "coil": null}, "gen9doublesou": {"elo": 1083.859945327673, "gxe": 57.4, "rpr": 1559.1660687818576, "rprd": 117.78517105267514, "w": 2, "l": 0, "coil": null}, "gen9draftfactory": {"elo": 1014.3210737747377, "gxe": 42.6, "rpr": 1441.2979935900557, "rprd": 107.12923145292014, "w": 1, "l": 3, "coil": null}, "gen9freedomcup": {"elo": 1000, "gxe": 45, "rpr": 1459.8393856609866, "rprd": 122.85830807679145, "w": 0, "l": 1, "coil": null}, "gen9lc": {"elo": 1265.4115353951643, "gxe": 62, "rpr": 1596.6613354094766, "rprd": 107.53044347658084, "w": 75, "l": 62, "coil": null}, "gen9legendszaou": {"elo": 1499.1996418447, "gxe": 76.8, "rpr": 1729.7644264866, "rprd": 71.345693714776, "w": 404, "l": 271, "coil": null}, "gen9livepatchbattlesver100": {"elo": 1053.1161583852943, "gxe": 54.2, "rpr": 1533.089178361249, "rprd": 111.51861011315509, "w": 2, "l": 1, "coil": null}, "gen9megainvasionrandombattle": {"elo": 1040, "gxe": 55, "rpr": 1540.1606143390134, "rprd": 122.85830807679145, "w": 1, "l": 0, "coil": null}, "gen9monkeyspawrandombattle": {"elo": 1117.8229616952349, "gxe": 61.9, "rpr": 1594.7449195030588, "rprd": 90.39288751666119, "w": 9, "l": 4, "coil": null}, "gen9monotyperandombattle": {"elo": 1487.2091810804, "gxe": 79.8, "rpr": 1768.8922403312, "rprd": 100.08880727254, "w": 171, "l": 97, "coil": null}, "gen9nationaldex": {"elo": 1516.173577051753, "gxe": 67.1, "rpr": 1638.9371971641974, "rprd": 91.2920765175572, "w": 163, "l": 140, "coil": null}, "gen9nationaldexdoubles": {"elo": 1000, "gxe": 45, "rpr": 1459.8393856609866, "rprd": 122.85830807679145, "w": 0, "l": 1, "coil": null}, "gen9nationaldexmonotype": {"elo": 1000, "gxe": 46.5, "rpr": 1471.9078151509711, "rprd": 123.16253426301925, "w": 0, "l": 1, "coil": null}, "gen9nationaldexubers": {"elo": 1299.6746125200489, "gxe": 62.9, "rpr": 1601.8509776476399, "rprd": 73.44896775721251, "w": 29, "l": 14, "coil": null}, "gen9nationaldexuu": {"elo": 1319.5187381882, "gxe": 70.6, "rpr": 1672.0247063777, "rprd": 100.13303162368, "w": 85, "l": 69, "coil": null}, "gen9nu": {"elo": 1035.878408427527, "gxe": 48.5, "rpr": 1488.1539205509225, "rprd": 116.22975461062249, "w": 1, "l": 1, "coil": 171.4733944377378}, "gen9ou": {"elo": 1456.9545019262903, "gxe": 65.6, "rpr": 1623.2232533125273, "rprd": 56.57005343254665, "w": 388, "l": 344, "coil": null}, "gen9pu": {"elo": 1338.7809329081, "gxe": 62, "rpr": 1599.2862356838, "rprd": 137.99011650283, "w": 56, "l": 39, "coil": 2356.5167076846215}, "gen9randombattle": {"elo": 2126.0285494199866, "gxe": 84.3, "rpr": 1817.046116330624, "rprd": 27.460777759329666, "w": 2663, "l": 2428, "coil": null}, "gen9randombattleblitz": {"elo": 1445.8633407179832, "gxe": 55.9, "rpr": 1545.7989180450381, "rprd": 89.01647997064379, "w": 77, "l": 61, "coil": null}, "gen9randombattlehyperblitzautochoose": {"elo": 1030.171911935287, "gxe": 48.9, "rpr": 1491.6289048247681, "rprd": 115.98444929667899, "w": 1, "l": 1, "coil": null}, "gen9randombattlemayhem": {"elo": 1000, "gxe": 40.3, "rpr": 1421.7622971717362, "rprd": 117.56688507756705, "w": 0, "l": 2, "coil": null},