{"username": "bobberdown", "userid": "bobberdown", "registertime": 0, "group": 0, "ratings": {"gen9randombattle": {"elo": 1927.631493872225, "gxe": 80.9, "rpr": 1772.9097446751184, "rprd": 38.41452928959964, "w": 546, "l": 480, "coil": null}}}