{"username": "bojangles mkII", "userid": "bojanglesmkii", "registertime": 1759622400, "group": 1, "ratings": {"gen9championsrandombattle": {"elo": 1080.8209279777936, "gxe": 53.9, "rpr": 1530.6370219914315, "rprd": 111.3637275960318, "w": 2, "l": 1, "coil": null}, "gen9forceofthefallenrandomroulette": {"elo": 1156.4191878117867, "gxe": 65.8, "rpr": 1627.7713670666528, "rprd": 95.51865928525739, "w": 6, "l": 1, "coil": null}, "gen9megainvasionrandombattle": {"elo": 1333.6748661746462, "gxe": 62.8, "rpr": 1599.1357427881244, "rprd": 48.52951807921619, "w": 50, "l": 38, "coil": null}, "gen9randombattle": {"elo": 1726.4932378764497, "gxe": 78.3, "rpr": 1742.3190804739795, "rprd": 29.11370220790883, "w": 540, "l": 475, "coil": null}, "gen9randombattleblitz": {"elo": 1138.0414561436426, "gxe": 60.5, "rpr": 1584.1016423810886, "rprd": 103.63104724287912, "w": 4, "l": 1, "coil": null}, "gen9randombattlesharedpowerb12p6": {"elo": 1049.9900095222145, "gxe": 54.8, "rpr": 1538.6669096510386, "rprd": 122.00087548575887, "w": 1, "l": 0, "coil": null}, "gen9randomroulette": {"elo": 1000, "gxe": 45.7, "rpr": 1465.9108044554014, "rprd": 122.17571430290523, "w": 0, "l": 1, "coil": null}, "gen9woomodrandombattle": {"elo": 1000, "gxe": 45, "rpr": 1459.8393856609866, "rprd": 122.85830807679145, "w": 0, "l": 1, "coil": null}}}