{"username": "bombizomba", "userid": "bombizomba", "registertime": 0, "group": 0, "ratings": {"gen9championsvgc2026regma": {"elo": 1133.6455540942288, "gxe": 43, "rpr": 1446.1378537967155, "rprd": 71.476873561666, "w": 9, "l": 10, "coil": null}, "gen9championsvgc2026regmb": {"elo": 1040, "gxe": 45.8, "rpr": 1466.910821638751, "rprd": 111.51861011315509, "w": 1, "l": 2, "coil": null}, "gen9randombattle": {"elo": 1054.8840594202682, "gxe": 37.9, "rpr": 1404.1172736407755, "rprd": 89.5449997205499, "w": 3, "l": 6, "coil": null}}}