{"username": "boomby2", "userid": "boomby2", "registertime": 1627776000, "group": 1, "ratings": {"gen5pokebilitiesrandombattle": {"elo": 1035.1387033004746, "gxe": 51.2, "rpr": 1509.4972418730101, "rprd": 116.51873662445983, "w": 1, "l": 1, "coil": null}, "gen7anythinggoes": {"elo": 1447.1847440326, "gxe": 63.2, "rpr": 1621.7404055895, "rprd": 223.2834520791, "w": 84, "l": 63, "coil": null}, "gen7ou": {"elo": 1000, "gxe": 40, "rpr": 1419.5002749063, "rprd": 116.43243440056, "w": 0, "l": 2, "coil": null}, "gen7randombattle": {"elo": 1158.7051411005, "gxe": 58.7, "rpr": 1568.1106664079, "rprd": 78.997982269262, "w": 11, "l": 5, "coil": null}, "gen8anythinggoes": {"elo": 1494.0206405945, "gxe": 71.6, "rpr": 1679.0190246187, "rprd": 83.870478643477, "w": 92, "l": 51, "coil": null}, "gen8randombattle": {"elo": 1399.671095455, "gxe": 64.3, "rpr": 1615.9554408085, "rprd": 111.60625939966, "w": 906, "l": 881, "coil": null}, "gen8ubers": {"elo": 1302.5827539287, "gxe": 63, "rpr": 1618.8051728904, "rprd": 218.81415952458, "w": 61, "l": 48, "coil": null}, "gen91v1": {"elo": 1281.6266065458396, "gxe": 51.9, "rpr": 1514.3793705195203, "rprd": 49.159193281527486, "w": 300, "l": 276, "coil": null}, "gen9ou": {"elo": 1040.5417524166128, "gxe": 51.2, "rpr": 1509.5378680291417, "rprd": 126.77021830853138, "w": 1, "l": 0, "coil": null}, "gen9randombattle": {"elo": 1777.4887933073035, "gxe": 78.5, "rpr": 1744.888728107106, "rprd": 32.8665622548488, "w": 1791, "l": 1659, "coil": null}}}