{"username": "Boom Boom Tss", "userid": "boomboomtss", "registertime": 1564876800, "group": 1, "ratings": {"gen7pu": {"elo": 1328.5089898715, "gxe": 65.4, "rpr": 1621.5571264815, "rprd": 63.143635945306, "w": 19, "l": 9, "coil": null}, "gen7randombattle": {"elo": 1499.0383239464, "gxe": 69, "rpr": 1663.1733207562, "rprd": 145.51687939118, "w": 99, "l": 69, "coil": null}, "gen7randombattleapexabilities": {"elo": 1027.5980828277766, "gxe": 48.9, "rpr": 1490.9304613150223, "rprd": 116.32393059255786, "w": 1, "l": 1, "coil": null}, "gen8anythinggoes": {"elo": 1499.5387541497, "gxe": 81.5, "rpr": 1808.6225458131, "rprd": 162.91036249746, "w": 61, "l": 17, "coil": null}, "gen8ou": {"elo": 1355.9088940716, "gxe": 63.5, "rpr": 1606.7058734664, "rprd": 71.358612794607, "w": 131, "l": 111, "coil": null}, "gen8randombattle": {"elo": 1378.8713865392, "gxe": 65.2, "rpr": 1642.0982988203, "rprd": 226.66473411307, "w": 261, "l": 190, "coil": null}, "gen8uu": {"elo": 1121.9702336235, "gxe": 54.4, "rpr": 1539.6554496278, "rprd": 223.29456694161, "w": 11, "l": 7, "coil": null}, "gen9doublesbrokencup": {"elo": 1075.2891653442966, "gxe": 59, "rpr": 1572.3147989817003, "rprd": 115.97317446934159, "w": 2, "l": 0, "coil": null}, "gen9monkeyspawrandombattle": {"elo": 1040, "gxe": 55, "rpr": 1540.1606143390134, "rprd": 122.85830807679145, "w": 1, "l": 0, "coil": null}, "gen9monotype": {"elo": 1516.4242733458, "gxe": 73.3, "rpr": 1691.7399148684, "rprd": 50.179103443815, "w": 35, "l": 16, "coil": 2853.375106906963}, "gen9monotyperandombattle": {"elo": 1042.5143695459635, "gxe": 54, "rpr": 1531.9173271430125, "rprd": 122.51507634732883, "w": 1, "l": 0, "coil": null}, "gen9ou": {"elo": 1372.896691204394, "gxe": 60.7, "rpr": 1584.4750258916768, "rprd": 86.93481426242406, "w": 169, "l": 146, "coil": null}, "gen9pickyourteamrandombattle": {"elo": 1336.3310903294, "gxe": 74.6, "rpr": 1710.0541450074, "rprd": 92.73671659954, "w": 21, "l": 7, "coil": null}, "gen9randombattle": {"elo": 1921.8723299798526, "gxe": 82.3, "rpr": 1790.0448826240224, "rprd": 31.16558459647972, "w": 2569, "l": 2291, "coil": null}, "gen9randombattlemayhem": {"elo": 1000, "gxe": 45.9, "rpr": 1467.0509498042045, "rprd": 122.2363107574309, "w": 0, "l": 1, "coil": null}, "gen9randomdoublesbattle": {"elo": 1097.831482228309, "gxe": 48.9, "rpr": 1491.785278402085, "rprd": 85.08762095258021, "w": 6, "l": 5, "coil": null}, "gen9trademarked": {"elo": 1098.4447109124744, "gxe": 44.1, "rpr": 1454.8264512697324, "rprd": 71.20587884365148, "w": 8, "l": 11, "coil": null}, "gen9ubers": {"elo": 1044.5849307009835, "gxe": 55, "rpr": 1540.1606143390134, "rprd": 122.85830807679145, "w": 1, "l": 0, "coil": null}}}