{"username": "borntobe93", "userid": "borntobe93", "registertime": 1686268800, "group": 1, "ratings": {"gen4randombattle": {"elo": 1183.7647752924615, "gxe": 61.9, "rpr": 1591.7925901549786, "rprd": 29.23286045749211, "w": 180, "l": 172, "coil": null}, "gen5randombattle": {"elo": 1127.1787117870417, "gxe": 54.5, "rpr": 1534.9831033127055, "rprd": 91.72759576528411, "w": 5, "l": 4, "coil": null}, "gen6randombattle": {"elo": 1094.0460669287888, "gxe": 42.8, "rpr": 1444.6422264417156, "rprd": 56.81052307809052, "w": 16, "l": 20, "coil": null}, "gen9randombattle": {"elo": 1756.1086097746156, "gxe": 72.4, "rpr": 1681.4865149169898, "rprd": 25, "w": 802, "l": 751, "coil": null}}}