{"username": "bot17334", "userid": "bot17334", "registertime": 1702771200, "group": 1, "ratings": {"gen9ou": {"elo": 1285.911374043812, "gxe": 64.9, "rpr": 1617.541623729848, "rprd": 68.27758672143949, "w": 16, "l": 6, "coil": null}, "gen9randombattle": {"elo": 1973.704044123483, "gxe": 83.4, "rpr": 1803.4980836723455, "rprd": 25, "w": 2690, "l": 2504, "coil": null}}}