{"username": "brbrfffhd", "userid": "brbrfffhd", "registertime": 0, "group": 0, "ratings": {"gen9randombattle": {"elo": 1020.7965174410795, "gxe": 37.7, "rpr": 1401.6612286923707, "rprd": 100.91714953165041, "w": 2, "l": 4, "coil": null}}}