{"username": "Breedlove123", "userid": "breedlove123", "registertime": 1681689600, "group": 1, "ratings": {"gen3randombattle": {"elo": 1056.1730303606712, "gxe": 52.2, "rpr": 1517.1841628338732, "rprd": 112.39765026484852, "w": 2, "l": 1, "coil": null}, "gen8randombattle": {"elo": 1151.2910547446, "gxe": 64.7, "rpr": 1618.1625715106, "rprd": 95.890004563299, "w": 6, "l": 1, "coil": null}, "gen9battlefactory": {"elo": 1056.8083216086918, "gxe": 56.5, "rpr": 1552.3778097126317, "rprd": 122.37631512546311, "w": 1, "l": 0, "coil": null}, "gen9monotype": {"elo": 1410.9413906512998, "gxe": 68.1, "rpr": 1643.579983609473, "rprd": 45.907680497707105, "w": 46, "l": 24, "coil": 2670.584021475943}, "gen9randombattle": {"elo": 1994.9188329525061, "gxe": 87, "rpr": 1861.3841828584518, "rprd": 46.844334737670714, "w": 2953, "l": 2597, "coil": null}, "gen9randomdoublesbattle": {"elo": 1630.1413876263025, "gxe": 73.9, "rpr": 1696.9823398394706, "rprd": 35.95098902928501, "w": 195, "l": 152, "coil": null}}}