{"username": "brick_tamland", "userid": "bricktamland", "registertime": 1367798400, "group": 1, "ratings": {"digimondigimonshowdownsingles": {"elo": 1045.5032228167, "gxe": 54.2, "rpr": 1533.0891783611, "rprd": 111.51861011339, "w": 2, "l": 1, "coil": null}, "gen1randombattle": {"elo": 1128.2042365969428, "gxe": 62.2, "rpr": 1598.1332605266296, "rprd": 102.51710129604386, "w": 4, "l": 1, "coil": null}, "gen4ubers": {"elo": 1101.044803439, "gxe": 51.3, "rpr": 1511.538726163, "rprd": 232.76026035382, "w": 3, "l": 3, "coil": null}, "gen71v1": {"elo": 1350.6017047964, "gxe": 58.1, "rpr": 1564.8344810557, "rprd": 108.1591819656, "w": 33, "l": 19, "coil": null}, "gen7challengecup1v1": {"elo": 1103.0609724844, "gxe": 50.6, "rpr": 1504.9964857679, "rprd": 107.33686855288, "w": 4, "l": 3, "coil": null}, "gen7monotyperandombattle": {"elo": 1131.1406578688, "gxe": 48.6, "rpr": 1489.1325504922, "rprd": 87.19564444697, "w": 6, "l": 6, "coil": null}, "gen7ou": {"elo": 1499.7073030709, "gxe": 68.7, "rpr": 1674.8765442508, "rprd": 217.95679732956, "w": 2277, "l": 2205, "coil": null}, "gen7oublitz": {"elo": 1000, "gxe": 39.3, "rpr": 1413.1565520762, "rprd": 120.56009893924, "w": 0, "l": 2, "coil": null}, "gen7randombattle": {"elo": 1120.3022110467, "gxe": 50.5, "rpr": 1503.7060173865, "rprd": 124.78075904953, "w": 15, "l": 16, "coil": null}, "gen7ru": {"elo": 1051.1084001731, "gxe": 54.1, "rpr": 1532.9597602916, "rprd": 122.79736198286, "w": 1, "l": 0, "coil": null}, "gen7ubers": {"elo": 1375.7075302729, "gxe": 71.2, "rpr": 1704.9503377327, "rprd": 230.43580273127, "w": 100, "l": 84, "coil": null}, "gen7uu": {"elo": 1040, "gxe": 50, "rpr": 1500, "rprd": 116.77753930647, "w": 1, "l": 1, "coil": null}, "gen81v1": {"elo": 1311.1598244741, "gxe": 60.3, "rpr": 1592.9690836989, "rprd": 214.10657917871, "w": 60, "l": 44, "coil": null}, "gen8monotyperandombattle": {"elo": 1184.826491252, "gxe": 61.7, "rpr": 1591.7130811405, "rprd": 80.380449908963, "w": 10, "l": 4, "coil": null}, "gen8nationaldexag": {"elo": 1177.8525520251, "gxe": 65, "rpr": 1621.3284967628, "rprd": 101.72599180403, "w": 6, "l": 0, "coil": null}, "gen8ou": {"elo": 1345.0661241372, "gxe": 60, "rpr": 1579.9878065287, "rprd": 109.81845698865, "w": 787, "l": 777, "coil": null}, "gen8oublitz": {"elo": 1054.6678548624, "gxe": 34.9, "rpr": 1376.7640648764, "rprd": 110.50132324722, "w": 5, "l": 11, "coil": null}, "gen8randombattle": {"elo": 1399.1219522227, "gxe": 63.7, "rpr": 1624.055211037, "rprd": 212.32218712315, "w": 757, "l": 705, "coil": null}, "gen8randomdoublesbattle": {"elo": 1000, "gxe": 45, "rpr": 1459.8393856612, "rprd": 122.8583080769, "w": 0, "l": 1, "coil": null}, "gen8ubers": {"elo": 1467.9073281578, "gxe": 73.5, "rpr": 1726.7513419022, "rprd": 215.88968178072, "w": 42, "l": 19, "coil": null}, "gen9ou": {"elo": 1244.9953342238664, "gxe": 40.1, "rpr": 1422.165934518193, "rprd": 83.88326914508005, "w": 126, "l": 121, "coil": null}, "gen9randombattle": {"elo": 2100.781069144267, "gxe": 80.4, "rpr": 1766.6124956273175, "rprd": 31.6619822013945, "w": 1962, "l": 1792, "coil": null}, "ou": {"elo": 1399.2503483162, "gxe": 66.1, "rpr": 1630.8263799803, "rprd": 96.451686548494, "w": 97, "l": 75, "coil": null}, "ubers": {"elo": 1040, "gxe": 55, "rpr": 1540.1606143388, "rprd": 122.8583080769, "w": 1, "l": 0, "coil": null}}}