{"username": "Bros1021", "userid": "bros1021", "registertime": 1436400000, "group": 1, "ratings": {"gen1randombattle": {"elo": 1000, "gxe": 45, "rpr": 1459.8393856612, "rprd": 122.8583080769, "w": 0, "l": 1, "coil": null}, "gen2randombattle": {"elo": 1029.407365204, "gxe": 48.5, "rpr": 1488.1800686349, "rprd": 112.14339771108, "w": 1, "l": 2, "coil": null}, "gen4ou": {"elo": 1139.795229451, "gxe": 54, "rpr": 1530.6846162348, "rprd": 81.810149384343, "w": 7, "l": 5, "coil": null}, "gen4randombattle": {"elo": 1129.5014697764, "gxe": 44.1, "rpr": 1452.341585335, "rprd": 130, "w": 7, "l": 4, "coil": null}, "gen5randombattle": {"elo": 1079.2632123006, "gxe": 41.1, "rpr": 1427.7671923424, "rprd": 130, "w": 4, "l": 4, "coil": null}, "gen6randombattle": {"elo": 1040, "gxe": 55, "rpr": 1540.1606143388, "rprd": 122.8583080769, "w": 1, "l": 0, "coil": null}, "gen71v1": {"elo": 1402.8359871328, "gxe": 56.1, "rpr": 1546.1075462741, "rprd": 32.201893869259, "w": 779, "l": 799, "coil": null}, "gen7350cup": {"elo": 1107.0650390172, "gxe": 47.9, "rpr": 1483.6417383671, "rprd": 70.459324854506, "w": 9, "l": 11, "coil": null}, "gen7anythinggoes": {"elo": 1428.7273105786, "gxe": 65.5, "rpr": 1643.2672670235, "rprd": 221.28168243052, "w": 125, "l": 104, "coil": null}, "gen7balancedhackmons": {"elo": 1291.7362798042, "gxe": 61.8, "rpr": 1592.9528623192, "rprd": 79.259076838525, "w": 133, "l": 118, "coil": null}, "gen7battlefactory": {"elo": 1057.2527845206, "gxe": 29, "rpr": 1323.6046145709, "rprd": 105.96894352468, "w": 1, "l": 8, "coil": null}, "gen7bssfactory": {"elo": 1061.8954574196, "gxe": 51.9, "rpr": 1515.4784598608, "rprd": 116.87814347735, "w": 1, "l": 1, "coil": null}, "gen7challengecup1v1": {"elo": 1119.3017359004, "gxe": 53.9, "rpr": 1529.5002586505, "rprd": 55.98801614167, "w": 24, "l": 23, "coil": null}, "gen7chimera": {"elo": 1186.4128151883, "gxe": 55.1, "rpr": 1538.6418746831, "rprd": 50.944803702953, "w": 27, "l": 22, "coil": null}, "gen7doublesou": {"elo": 1108.675533133, "gxe": 62.2, "rpr": 1598.4750681799, "rprd": 111.1983384101, "w": 3, "l": 0, "coil": null}, "gen7hackmonscup": {"elo": 1188.7867816956, "gxe": 59.1, "rpr": 1571.4819640416, "rprd": 86.457884801343, "w": 13, "l": 10, "coil": null}, "gen7linked": {"elo": 1000, "gxe": 36.7, "rpr": 1396.894336394, "rprd": 45.790548332043, "w": 21, "l": 37, "coil": null}, "gen7megamons": {"elo": 1007.7311056369, "gxe": 34.5, "rpr": 1375.4159621071, "rprd": 87.14316973431, "w": 2, "l": 8, "coil": null}, "gen7monotype": {"elo": 1332.6992412435, "gxe": 61.9, "rpr": 1609.1479775397, "rprd": 222.5820826673, "w": 18, "l": 8, "coil": null}, "gen7monotyperandombattle": {"elo": 1467.9755901851, "gxe": 63.7, "rpr": 1606.9310865193, "rprd": 54.641094156617, "w": 543, "l": 532, "coil": null}, "gen7ou": {"elo": 1375.6003817355, "gxe": 54.5, "rpr": 1534.1418447278, "rprd": 27.998461626651, "w": 1095, "l": 1123, "coil": null}, "gen7oublitz": {"elo": 1171.4397182707, "gxe": 48.2, "rpr": 1486.6217174834, "rprd": 56.966682145544, "w": 148, "l": 152, "coil": null}, "gen7pokebilities": {"elo": 1203.6413527353, "gxe": 63.4, "rpr": 1606.1143040487, "rprd": 86.505498770628, "w": 8, "l": 2, "coil": null}, "gen7pu": {"elo": 1045.0863371297, "gxe": 31.1, "rpr": 1344.8600193084, "rprd": 92.974012386331, "w": 1, "l": 7, "coil": null}, "gen7randombattle": {"elo": 1512.6938900131, "gxe": 64.2, "rpr": 1610.4467988333, "rprd": 25.116294010983, "w": 1342, "l": 1312, "coil": null}, "gen7randomdoublesbattle": {"elo": 1285.506692761, "gxe": 65, "rpr": 1619.9091006598, "rprd": 80.538167811111, "w": 37, "l": 26, "coil": null}, "gen7ru": {"elo": 1080.5311773325, "gxe": 47.8, "rpr": 1480.317083718, "rprd": 221.8334267262, "w": 11, "l": 12, "coil": null}, "gen7stabmons": {"elo": 1191.4835498704, "gxe": 61.7, "rpr": 1591.3777343674, "rprd": 66.304549989435, "w": 16, "l": 10, "coil": null}, "gen7superstaffbrosbrawl": {"elo": 1120.345508576, "gxe": 55.1, "rpr": 1539.8596897672, "rprd": 87.655218926109, "w": 61, "l": 45, "coil": null}, "gen7ubers": {"elo": 1475.5788264219, "gxe": 67.8, "rpr": 1667.3878124526, "rprd": 224.09633866291, "w": 205, "l": 186, "coil": null}, "gen7uu": {"elo": 1131.1243403967, "gxe": 48.6, "rpr": 1487.2066335755, "rprd": 220.90747419005, "w": 134, "l": 150, "coil": null}, "gen81v1": {"elo": 1159.338473325, "gxe": 48.6, "rpr": 1487.0588428244, "rprd": 218.12684934402, "w": 24, "l": 23, "coil": null}, "gen8balancedhackmons": {"elo": 1134.5365185196, "gxe": 54, "rpr": 1530.6257030134, "rprd": 40.008801462367, "w": 42, "l": 38, "coil": null}, "gen8hackmonscup": {"elo": 1161.8583580486, "gxe": 62.1, "rpr": 1595.6595693534, "rprd": 91.382310828472, "w": 6, "l": 3, "coil": null}, "gen8monotyperandombattle": {"elo": 1406.3609610088, "gxe": 64.3, "rpr": 1612.2358043929, "rprd": 56.904909891931, "w": 122, "l": 106, "coil": null}, "gen8ou": {"elo": 1174.5134630658, "gxe": 45.3, "rpr": 1463.396863879, "rprd": 92.862482555089, "w": 265, "l": 260, "coil": null}, "gen8randombattle": {"elo": 1416.5247371921, "gxe": 59.4, "rpr": 1579.9193974378, "rprd": 173.87387177972, "w": 5332, "l": 5263, "coil": null}, "gen8randomdoublesbattle": {"elo": 1159.7108998873, "gxe": 56.2, "rpr": 1555.1522257015, "rprd": 206.31442545954, "w": 8, "l": 4, "coil": null}, "gen8superstaffbros4": {"elo": 1118.5760819769087, "gxe": 54.9, "rpr": 1538.6981938364343, "rprd": 110.09613387834523, "w": 9, "l": 12, "coil": null}, "gen8ubers": {"elo": 1307.6176879466, "gxe": 62.1, "rpr": 1609.4215239239, "rprd": 215.04867191991, "w": 75, "l": 56, "coil": null}, "gen8uu": {"elo": 1058.4135760421, "gxe": 48.2, "rpr": 1483.945372646, "rprd": 217.18235672854, "w": 29, "l": 31, "coil": null}, "gen8vgc2020": {"elo": 1218.5634340922, "gxe": 49.1, "rpr": 1493.5224207516, "rprd": 42.632044301409, "w": 33, "l": 32, "coil": null}, "gen91v1": {"elo": 1265.1642149681059, "gxe": 57.8, "rpr": 1560.0049917454692, "rprd": 48.62409690917978, "w": 28, "l": 22, "coil": null}, "gen91v1factory": {"elo": 1157.0677524126083, "gxe": 48.8, "rpr": 1490.6071299232246, "rprd": 69.1409977592513, "w": 10, "l": 11, "coil": null}, "gen9bssfactorybo3": {"elo": 1121.1271800859, "gxe": 49.8, "rpr": 1498.2001006898, "rprd": 80.638254481005, "w": 13, "l": 14, "coil": null}, "gen9computergeneratedteams": {"elo": 1070.102808904164, "gxe": 59, "rpr": 1572.6173197682535, "rprd": 116.84146468089878, "w": 2, "l": 0, "coil": null}, "gen9doublesou": {"elo": 1565.0175308412, "gxe": 76.1, "rpr": 1718.7300065822, "rprd": 35.318739147741, "w": 94, "l": 64, "coil": null}, "gen9forceofthefallenrandomroulette": {"elo": 1117.1460914150189, "gxe": 57, "rpr": 1555.2142101079585, "rprd": 98.05827728112061, "w": 4, "l": 2, "coil": null}, "gen9megainvasionrandombattle": {"elo": 1475.0298093613, "gxe": 74.9, "rpr": 1708.2094094363, "rprd": 56.562726811453, "w": 41, "l": 17, "coil": null}, "gen9monotype": {"elo": 1350.2255578380014, "gxe": 63.2, "rpr": 1602.827083382136, "rprd": 56.0569718976727, "w": 22, "l": 13, "coil": 2429.827011090829}, "gen9monotyperandombattle": {"elo": 1156.3014418673238, "gxe": 57.4, "rpr": 1556.7012190169924, "rprd": 61.61507362863629, "w": 17, "l": 11, "coil": null}, "gen9randombattle": {"elo": 2153.277204111, "gxe": 83.9, "rpr": 1811.923375167, "rprd": 27.827539985997, "w": 7511, "l": 7216, "coil": null}, "gen9randombattleblitz": {"elo": 1591.4397386732, "gxe": 69.4, "rpr": 1655.7725223468, "rprd": 50.158278733973, "w": 65, "l": 39, "coil": null}, "gen9randombattlemayhem": {"elo": 1043.1009666600778, "gxe": 54.6, "rpr": 1536.473538042616, "rprd": 122.8074409370369, "w": 1, "l": 0, "coil": null}, "gen9randomdoublesbattle": {"elo": 1339.341835950486, "gxe": 56.3, "rpr": 1548.1346893760826, "rprd": 46.29636210778042, "w": 80, "l": 65, "coil": null}, "gen9randomroulette": {"elo": 1134.0295796835, "gxe": 58.2, "rpr": 1570.059656994, "rprd": 173.92848747593, "w": 5, "l": 2, "coil": null}, "ou": {"elo": 1131.0536629258, "gxe": 50.2, "rpr": 1501.1648939471, "rprd": 64.991606820777, "w": 15, "l": 11,