{"username": "Bruce Winchill", "userid": "brucewinchill", "registertime": 1765843200, "group": 1, "ratings": {"gen3randombattle": {"elo": 1499.1262417932, "gxe": 77.5, "rpr": 1741.6683458545, "rprd": 97.715252827264, "w": 33, "l": 11, "coil": null}, "gen4randombattle": {"elo": 1367.3668113446217, "gxe": 64.8, "rpr": 1616.2871174314382, "rprd": 50.466478517572064, "w": 38, "l": 25, "coil": null}, "gen5randombattle": {"elo": 1174.3006666021915, "gxe": 51.5, "rpr": 1511.2777964250515, "rprd": 87.40780984795057, "w": 14, "l": 15, "coil": null}, "gen7lc": {"elo": 1000, "gxe": 45, "rpr": 1459.8393856612, "rprd": 122.8583080769, "w": 0, "l": 1, "coil": null}, "gen7randombattle": {"elo": 1053.1789381484, "gxe": 48, "rpr": 1484.0423778112, "rprd": 106.41408437137, "w": 2, "l": 2, "coil": null}, "gen91v1factory": {"elo": 1066.532776909461, "gxe": 42.1, "rpr": 1439.1460359609068, "rprd": 50.69413644841617, "w": 20, "l": 29, "coil": null}, "gen9ou": {"elo": 1415.3631202247775, "gxe": 67.5, "rpr": 1641.7807850296017, "rprd": 85.90855030307164, "w": 36, "l": 16, "coil": null}, "gen9randombattle": {"elo": 1971.3725608342215, "gxe": 85.4, "rpr": 1834.0002438222862, "rprd": 37.40514177350525, "w": 228, "l": 131, "coil": null}, "gen9randombattleblitz": {"elo": 1615.5702503656992, "gxe": 69.3, "rpr": 1655.8416140216186, "rprd": 61.42278203774834, "w": 64, "l": 41, "coil": null}, "gen9randomdoublesbattle": {"elo": 1023.9571361230559, "gxe": 50.3, "rpr": 1502.599767132018, "rprd": 116.60431153446392, "w": 1, "l": 1, "coil": null}}}