{"username": "BryanLegal", "userid": "bryanlegal", "registertime": 1723852800, "group": 1, "ratings": {"gen8randombattle": {"elo": 1022.1660277196, "gxe": 27.6, "rpr": 1313.8562762033, "rprd": 78.350553862431, "w": 2, "l": 12, "coil": null}, "gen9randombattle": {"elo": 1000.0045508697103, "gxe": 25.2, "rpr": 1283.6493485043786, "rprd": 116.95079228104188, "w": 1, "l": 9, "coil": null}}}