{"username": "bsyd", "userid": "bsyd", "registertime": 0, "group": 0, "ratings": {"gen7randombattle": {"elo": 1022.9146144471, "gxe": 46.3, "rpr": 1470.3630400609, "rprd": 130, "w": 1, "l": 1, "coil": null}, "gen9randombattle": {"elo": 1058.462991822913, "gxe": 45, "rpr": 1459.9572770530874, "rprd": 122.53459302703885, "w": 2, "l": 3, "coil": null}}}