{"username": "bubblgumwitch", "userid": "bubblgumwitch", "registertime": 1747526400, "group": 1, "ratings": {"gen9almostanyability": {"elo": 1138.1088547867, "gxe": 64.6, "rpr": 1618.4271377629, "rprd": 106.59231280594, "w": 4, "l": 0, "coil": null}, "gen9donotuserandombattle": {"elo": 1000, "gxe": 40.8, "rpr": 1426.0501261240815, "rprd": 116.08134808986726, "w": 0, "l": 2, "coil": null}, "gen9randombattle": {"elo": 1373.923197264106, "gxe": 59.1, "rpr": 1569.9139342578096, "rprd": 44.14759567672521, "w": 175, "l": 157, "coil": null}, "gen9randombattleblitz": {"elo": 1042.8086052324575, "gxe": 48.7, "rpr": 1489.5571604885447, "rprd": 119.44823182336897, "w": 1, "l": 1, "coil": null}}}