{"username": "buddyops", "userid": "buddyops", "registertime": 1395100800, "group": 1, "ratings": {"gen1randombattle": {"elo": 1000, "gxe": 45, "rpr": 1459.8393856612, "rprd": 122.8583080769, "w": 0, "l": 1, "coil": null}, "gen4randombattle": {"elo": 1016.8296144253, "gxe": 45.4, "rpr": 1463.5891566029, "rprd": 111.20343688846, "w": 1, "l": 2, "coil": null}, "gen7battlefactory": {"elo": 1000, "gxe": 45, "rpr": 1459.8393856612, "rprd": 122.8583080769, "w": 0, "l": 1, "coil": null}, "gen7monotyperandombattle": {"elo": 1198.4618590576, "gxe": 55.6, "rpr": 1543.1922491341, "rprd": 70.901766839389, "w": 26, "l": 21, "coil": null}, "gen7ou": {"elo": 1150.2200029308, "gxe": 41.6, "rpr": 1435.5235745064, "rprd": 60.003768271627, "w": 231, "l": 258, "coil": null}, "gen7randombattle": {"elo": 1369.0789998677, "gxe": 62.3, "rpr": 1595.2192678528, "rprd": 33.745610333039, "w": 379, "l": 371, "coil": null}, "gen8almostanyability": {"elo": 1004.903472968, "gxe": 42.9, "rpr": 1443.3008976567, "rprd": 106.66982834637, "w": 1, "l": 3, "coil": null}, "gen8bdspou": {"elo": 1012.7931897044, "gxe": 38.3, "rpr": 1393.8677139775, "rprd": 218.38612815876, "w": 18, "l": 27, "coil": null}, "gen8bdsprandombattle": {"elo": 1047.9120772916, "gxe": 47.1, "rpr": 1477.3042979265, "rprd": 85.486287164393, "w": 6, "l": 6, "coil": null}, "gen8doublesou": {"elo": 1070.4030290514, "gxe": 42.3, "rpr": 1430.291049596, "rprd": 226.41667381344, "w": 5, "l": 7, "coil": null}, "gen8ou": {"elo": 1082.9294913491, "gxe": 40.5, "rpr": 1426.8447081045, "rprd": 52.162322188015, "w": 61, "l": 65, "coil": null}, "gen8randombattle": {"elo": 1319.5589502344, "gxe": 67.7, "rpr": 1639.3264233716, "rprd": 25, "w": 4125, "l": 4049, "coil": null}, "gen9almostanyability": {"elo": 1061.5140604871917, "gxe": 35.3, "rpr": 1379.72442829128, "rprd": 119.22276758335065, "w": 52, "l": 62, "coil": null}, "gen9championsrandombattle": {"elo": 1040, "gxe": 55, "rpr": 1540.1606143390134, "rprd": 122.85830807679145, "w": 1, "l": 0, "coil": null}, "gen9randombattle": {"elo": 1768.6902933526128, "gxe": 72.7, "rpr": 1684.3250797114501, "rprd": 25.601737482188526, "w": 8912, "l": 8705, "coil": null}, "ou": {"elo": 1226.7380878031, "gxe": 49.1, "rpr": 1493.3064268522, "rprd": 40.478894604457, "w": 293, "l": 290, "coil": null}}}