{"username": "Budgers", "userid": "budgers", "registertime": 1698278400, "group": 1, "ratings": {"gen5randombattle": {"elo": 1000, "gxe": 45, "rpr": 1459.8393856612, "rprd": 122.8583080769, "w": 0, "l": 1, "coil": null}, "gen9championsvgc2026regma": {"elo": 1576.4350989048671, "gxe": 66.1, "rpr": 1625.7608708782263, "rprd": 33.18161653758219, "w": 125, "l": 94, "coil": null}, "gen9randombattle": {"elo": 1943.8767511191913, "gxe": 80, "rpr": 1761.9188110234716, "rprd": 29.797316515613165, "w": 3112, "l": 2927, "coil": null}, "gen9vgc2025regg": {"elo": 1499.3883066048, "gxe": 56.9, "rpr": 1553.4460114533, "rprd": 65.745827321177, "w": 245, "l": 218, "coil": null}, "gen9vgc2025regi": {"elo": 1499.4344019404, "gxe": 63.3, "rpr": 1605.9143229721, "rprd": 86.16157799371, "w": 291, "l": 257, "coil": null}}}