{"username": "BugCatcher314", "userid": "bugcatcher314", "registertime": 1580774400, "group": 1, "ratings": {"gen8monotyperandombattle": {"elo": 1371.2409829161, "gxe": 69.7, "rpr": 1658.1788809272, "rprd": 45.957275560601, "w": 36, "l": 21, "coil": null}, "gen8nu": {"elo": 1061.1807667419, "gxe": 53.6, "rpr": 1528.3056816186, "rprd": 111.06878551906, "w": 2, "l": 1, "coil": null}, "gen8randombattle": {"elo": 1435.6683790142, "gxe": 79.4, "rpr": 1789.1321826068, "rprd": 185.29521059243, "w": 292, "l": 205, "coil": null}, "gen9pu": {"elo": 1147.816120437412, "gxe": 58.5, "rpr": 1566.4323542220009, "rprd": 88.46630681566192, "w": 7, "l": 3, "coil": 1440.438963613552}, "gen9randombattle": {"elo": 2041.4004358260938, "gxe": 83.1, "rpr": 1799.7923342702122, "rprd": 28.257496790789162, "w": 2647, "l": 2428, "coil": null}}}