{"username": "busme", "userid": "busme", "registertime": 1637798400, "group": 1, "ratings": {"gen6firstbloodrandombattle": {"elo": 1108.696329656857, "gxe": 56.6, "rpr": 1552.3513944107249, "rprd": 99.18671010218578, "w": 4, "l": 2, "coil": null}, "gen7balancedhackmons": {"elo": 1078.4223856211, "gxe": 58.4, "rpr": 1567.7540745395, "rprd": 116.42345069033, "w": 2, "l": 0, "coil": null}, "gen7ubers": {"elo": 1358.1678530376, "gxe": 70.4, "rpr": 1693.8215863495, "rprd": 221.60096047604, "w": 39, "l": 21, "coil": null}, "gen8nationaldexmonotype": {"elo": 1000.4431038553, "gxe": 33.8, "rpr": 1370.8929015182, "rprd": 75.611444840235, "w": 4, "l": 12, "coil": null}, "gen8nationaldexuu": {"elo": 1148.6371390844, "gxe": 44.2, "rpr": 1447.5297198972, "rprd": 225.46396317997, "w": 46, "l": 78, "coil": null}, "gen8ou": {"elo": 1223.1429721994, "gxe": 68.4, "rpr": 1650.1562518047, "rprd": 92.664891757374, "w": 9, "l": 1, "coil": null}, "gen8randombattle": {"elo": 1052.6410585526, "gxe": 38.1, "rpr": 1402.7600096075, "rprd": 125.72713758436, "w": 2, "l": 5, "coil": null}, "gen9almostanyability": {"elo": 1187.1085573327452, "gxe": 58.2, "rpr": 1566.8123298978746, "rprd": 130, "w": 7, "l": 4, "coil": null}, "gen9balancedhackmons": {"elo": 1063.4229068887967, "gxe": 32.3, "rpr": 1357.3598843453942, "rprd": 81.26358720394798, "w": 0, "l": 0, "coil": null}, "gen9balancedhackmonsuu": {"elo": 1000, "gxe": 35, "rpr": 1378.0653009508, "rprd": 106.729776118, "w": 0, "l": 4, "coil": null}, "gen9bonustype": {"elo": 1049.2405644184178, "gxe": 44.2, "rpr": 1454.9537386686402, "rprd": 92.87091898184957, "w": 3, "l": 5, "coil": null}, "gen9championsou": {"elo": 1344.3063863085022, "gxe": 63, "rpr": 1600.7910233144269, "rprd": 33.665247357820384, "w": 130, "l": 105, "coil": null}, "gen9computergeneratedteams": {"elo": 1040, "gxe": 55, "rpr": 1540.1606143390134, "rprd": 122.85830807679145, "w": 1, "l": 0, "coil": null}, "gen9convergence": {"elo": 1104.6419618387, "gxe": 42.2, "rpr": 1433.2472390187, "rprd": 177.11574605265, "w": 6, "l": 11, "coil": null}, "gen9franticfusions": {"elo": 1164.8920757989, "gxe": 48.6, "rpr": 1488.4928958924, "rprd": 149.43953924312, "w": 10, "l": 10, "coil": null}, "gen9hackmonscup": {"elo": 1087.878219185383, "gxe": 59.2, "rpr": 1574.0859684781472, "rprd": 115.8379036357024, "w": 2, "l": 0, "coil": null}, "gen9legendszaou": {"elo": 1093.3099310732994, "gxe": 51.2, "rpr": 1509.4671678538448, "rprd": 94.6053716469236, "w": 5, "l": 4, "coil": null}, "gen9monotyperandombattle": {"elo": 1074.6807095718414, "gxe": 59, "rpr": 1572.6173197682535, "rprd": 116.84146468089878, "w": 2, "l": 0, "coil": null}, "gen9nationaldex": {"elo": 1561.5804041817883, "gxe": 69.3, "rpr": 1655.0375402817517, "rprd": 57.52785739048072, "w": 339, "l": 308, "coil": null}, "gen9nationaldexag": {"elo": 1349.5414380631, "gxe": 66.9, "rpr": 1633.6248974038, "rprd": 48.494893546418, "w": 34, "l": 19, "coil": null}, "gen9nationaldexubers": {"elo": 1499.492880549, "gxe": 77.4, "rpr": 1738.343896474, "rprd": 81.399277976723, "w": 278, "l": 192, "coil": null}, "gen9nationaldexuu": {"elo": 1131.208434082418, "gxe": 47.3, "rpr": 1478.7345311744175, "rprd": 111.10868361273853, "w": 16, "l": 11, "coil": null}, "gen9ou": {"elo": 1546.7724436526216, "gxe": 76.4, "rpr": 1725.3218101047903, "rprd": 73.32904866177414, "w": 331, "l": 280, "coil": null}, "gen9pokebilities": {"elo": 1048.358231596855, "gxe": 50.5, "rpr": 1504.293592835177, "rprd": 116.94653567972021, "w": 1, "l": 1, "coil": null}, "gen9randombattle": {"elo": 2032.5276928202275, "gxe": 85.9, "rpr": 1841.935068297577, "rprd": 42.73123697170145, "w": 816, "l": 623, "coil": null}, "gen9randombattleblitz": {"elo": 1132.0606792096285, "gxe": 63.8, "rpr": 1612.993434021531, "rprd": 117.20599536511138, "w": 5, "l": 1, "coil": null}, "gen9reevolution": {"elo": 1070.102808904164, "gxe": 49.8, "rpr": 1498.514842241663, "rprd": 113.0187000109272, "w": 2, "l": 1, "coil": null}, "gen9sharedpower": {"elo": 1110.652902143135, "gxe": 57.3, "rpr": 1557.9278009865943, "rprd": 106.15327044475667, "w": 3, "l": 1, "coil": null}, "gen9sketchmons": {"elo": 1059.626814852, "gxe": 32.8, "rpr": 1341.2398722925, "rprd": 214.13315470127, "w": 4, "l": 14, "coil": null}, "gen9stabmons": {"elo": 1093.7562167893, "gxe": 51.1, "rpr": 1509.5210274286, "rprd": 177.76396687794, "w": 48, "l": 46, "coil": null}, "gen9ubers": {"elo": 1044.4355017852915, "gxe": 55, "rpr": 1540.1606143390134, "rprd": 122.85830807679145, "w": 1, "l": 0, "coil": null}}}