{"username": "Butterlol", "userid": "butterlol", "registertime": 1644364800, "group": 1, "ratings": {"gen6ou": {"elo": 1040, "gxe": 43.6, "rpr": 1448.9863952747, "rprd": 119.27805585461, "w": 1, "l": 2, "coil": null}, "gen6randombattle": {"elo": 1334.3879486519, "gxe": 57.7, "rpr": 1558.8348330258, "rprd": 47.813155563276, "w": 155, "l": 149, "coil": null}, "gen7ou": {"elo": 1000, "gxe": 22.1, "rpr": 1257.9238999147, "rprd": 71.117912790655, "w": 8, "l": 25, "coil": null}, "gen7randombattle": {"elo": 1180.5534123004, "gxe": 47, "rpr": 1476.9450664129, "rprd": 52.282551567901, "w": 35, "l": 34, "coil": null}, "gen7ubers": {"elo": 1000, "gxe": 44.7, "rpr": 1457.1785662273, "rprd": 122.63880552659, "w": 0, "l": 1, "coil": null}, "gen81v1": {"elo": 1027.2057218424, "gxe": 46.1, "rpr": 1464.7430293912, "rprd": 222.92158600566, "w": 9, "l": 11, "coil": null}, "gen82v2doubles": {"elo": 1099.9548323937, "gxe": 58.4, "rpr": 1566.5933843185, "rprd": 98.155657101076, "w": 7, "l": 4, "coil": null}, "gen8anythinggoes": {"elo": 1273.2699515827, "gxe": 57.4, "rpr": 1556.7892445991, "rprd": 47.993613154015, "w": 115, "l": 104, "coil": null}, "gen8bdspou": {"elo": 1104.5293722642, "gxe": 53.2, "rpr": 1527.738416032, "rprd": 204.70298694926, "w": 11, "l": 8, "coil": null}, "gen8challengecup1v1": {"elo": 1062.1165709611, "gxe": 38.4, "rpr": 1410.3070231328, "rprd": 55.450453089818, "w": 36, "l": 55, "coil": null}, "gen8doublesou": {"elo": 1034.5422315467, "gxe": 43.2, "rpr": 1438.1751134932, "rprd": 226.14006433042, "w": 3, "l": 5, "coil": null}, "gen8hackmonscup": {"elo": 1000, "gxe": 45.7, "rpr": 1465.5646523084, "rprd": 122.11900291864, "w": 0, "l": 1, "coil": null}, "gen8lc": {"elo": 1119.4941002975, "gxe": 51.1, "rpr": 1508.0602648408, "rprd": 57.67994133427, "w": 21, "l": 21, "coil": null}, "gen8metronomebattle": {"elo": 1007.4266739221, "gxe": 39.6, "rpr": 1416.5859660019, "rprd": 106.11582460797, "w": 1, "l": 4, "coil": null}, "gen8monotyperandombattle": {"elo": 1332.9527882029, "gxe": 57.9, "rpr": 1560.8484229301, "rprd": 61.44799195298, "w": 99, "l": 103, "coil": null}, "gen8nationaldexag": {"elo": 1172.3752953293, "gxe": 47.4, "rpr": 1480.1073033355, "rprd": 39.910287805955, "w": 364, "l": 349, "coil": null}, "gen8nationaldexmonotype": {"elo": 1168.6892525135, "gxe": 47.4, "rpr": 1480.6592993514, "rprd": 32.072324197125, "w": 62, "l": 64, "coil": null}, "gen8ou": {"elo": 1043.9664471127, "gxe": 35, "rpr": 1379.5034995519, "rprd": 96.589325657456, "w": 2, "l": 5, "coil": null}, "gen8randombattle": {"elo": 1406.1490751136, "gxe": 64.8, "rpr": 1631.950813255, "rprd": 195.35374020343, "w": 316, "l": 302, "coil": null}, "gen8randombattlemayhem": {"elo": 1098.5996560543, "gxe": 48.2, "rpr": 1486.2014841519, "rprd": 46.089766854523, "w": 26, "l": 31, "coil": null}, "gen8randomdoublesbattle": {"elo": 1273.1741628197, "gxe": 57.2, "rpr": 1563.7782734373, "rprd": 206.0769429857, "w": 43, "l": 32, "coil": null}, "gen8roulettemonsrandombattle": {"elo": 1040, "gxe": 55, "rpr": 1540.1606143388, "rprd": 122.8583080769, "w": 1, "l": 0, "coil": null}, "gen8superstaffbros4": {"elo": 1099.396200729358, "gxe": 55.3, "rpr": 1542.9415257102935, "rprd": 127.4185559859475, "w": 8, "l": 9, "coil": null}, "gen91v1factory": {"elo": 1078.832227221003, "gxe": 47.3, "rpr": 1479.1312996157117, "rprd": 73.73410917524906, "w": 8, "l": 9, "coil": null}, "gen9anythinggoes": {"elo": 1125.5410049506, "gxe": 61.7, "rpr": 1591.7047381356, "rprd": 77.133772081558, "w": 11, "l": 5, "coil": null}, "gen9challengecup1v1": {"elo": 1029.2827988523, "gxe": 49.6, "rpr": 1496.6318337723, "rprd": 116.03399463478, "w": 1, "l": 1, "coil": null}, "gen9chimera1v1randombattle": {"elo": 1088.555712964133, "gxe": 46.1, "rpr": 1469.7352679687954, "rprd": 77.80592433624862, "w": 6, "l": 8, "coil": null}, "gen9hackmonscup": {"elo": 1000, "gxe": 40.9, "rpr": 1426.5556688945233, "rprd": 117.03203017332272, "w": 0, "l": 2, "coil": null}, "gen9monotyperandombattle": {"elo": 1043.2609519250188, "gxe": 36.7, "rpr": 1391.1656748554744, "rprd": 122.43965882453526, "w": 1, "l": 5, "coil": null}, "gen9nationaldex": {"elo": 1250.5025118967396, "gxe": 47.8, "rpr": 1483.4608915922834, "rprd": 37.663838773213364, "w": 75, "l": 70, "coil": null}, "gen9nationaldexag": {"elo": 1107.3603180046, "gxe": 55.9, "rpr": 1546.3630410978, "rprd": 92.334544612945, "w": 5, "l": 3, "coil": null}, "gen9randombattle": {"elo": 1599.048417838027, "gxe": 71.8, "rpr": 1676.169410505796, "rprd": 31.5543613999797, "w": 414, "l": 372, "coil": null}, "gen9randombattlemayhem": {"elo": 1091.832777526806, "gxe": 53.8, "rpr": 1530.0191075346177, "rprd": 115.39413011632539, "w": 0, "l": 0, "coil": null}, "gen9randombattlesharedpowerb12p6": {"elo": 1175.522701291643, "gxe": 55, "rpr": 1538.570883443435, "rprd": 69.71161458065293, "w": 0, "l": 0, "coil": null}}}