{"username": "buzbee2000", "userid": "buzbee2000", "registertime": 1579305600, "group": 1, "ratings": {"digimondigimonshowdownsingles": {"elo": 1000, "gxe": 45, "rpr": 1459.8393856612, "rprd": 122.8583080769, "w": 0, "l": 1, "coil": null}, "gen1randombattle": {"elo": 1136.8441546998, "gxe": 56.5, "rpr": 1550.8379714084, "rprd": 98.822396134079, "w": 10, "l": 7, "coil": null}, "gen2ou": {"elo": 1000, "gxe": 45.7, "rpr": 1465.9409480397, "rprd": 122.25746589119, "w": 0, "l": 1, "coil": null}, "gen2randombattle": {"elo": 1092.0136770662, "gxe": 61.2, "rpr": 1590.9607412684, "rprd": 122.26789309009, "w": 3, "l": 1, "coil": null}, "gen3ou": {"elo": 1171.7011529496, "gxe": 53.1, "rpr": 1523.7804683882, "rprd": 68.363034782457, "w": 12, "l": 10, "coil": null}, "gen3randombattle": {"elo": 1284.3003456341, "gxe": 64, "rpr": 1611.5658064171, "rprd": 82.620423843015, "w": 20, "l": 10, "coil": null}, "gen4ou": {"elo": 1074.3394807818, "gxe": 52, "rpr": 1515.7220001233, "rprd": 101.78906690664, "w": 3, "l": 2, "coil": null}, "gen4randombattle": {"elo": 1143.5128762698, "gxe": 56.4, "rpr": 1550.0006380902, "rprd": 90.684740171029, "w": 15, "l": 11, "coil": null}, "gen5ou": {"elo": 1060.3351572941, "gxe": 55, "rpr": 1540.1606143388, "rprd": 122.8583080769, "w": 1, "l": 0, "coil": null}, "gen5randombattle": {"elo": 1427.3669260286, "gxe": 76.3, "rpr": 1724.3817653245, "rprd": 69.20898680782, "w": 35, "l": 16, "coil": null}, "gen6firstbloodrandombattle": {"elo": 1117.2560662785081, "gxe": 52.6, "rpr": 1520.1430447746734, "rprd": 71.28802514419878, "w": 10, "l": 8, "coil": null}, "gen6megasrevisitedrandombattle": {"elo": 1146.1826088658, "gxe": 62.1, "rpr": 1595.6545390675, "rprd": 83.639964214733, "w": 9, "l": 4, "coil": null}, "gen6randombattle": {"elo": 1290.9083822809, "gxe": 71.1, "rpr": 1675.8116052304, "rprd": 99.41824740853, "w": 14, "l": 4, "coil": null}, "gen7ou": {"elo": 1281.9733175641, "gxe": 65.6, "rpr": 1627.2811305106, "rprd": 111.76806259578, "w": 16, "l": 6, "coil": null}, "gen7randombattle": {"elo": 1552.5508076479312, "gxe": 74, "rpr": 1702.9340065967885, "rprd": 88.50249550441944, "w": 472, "l": 391, "coil": null}, "gen81v1": {"elo": 1000, "gxe": 43.9, "rpr": 1450.9570566233, "rprd": 123.58999810565, "w": 0, "l": 1, "coil": null}, "gen8bdsprandombattle": {"elo": 1447.5253260007, "gxe": 69.5, "rpr": 1659.5549529461, "rprd": 86.426205101691, "w": 33, "l": 15, "coil": null}, "gen8bssfactory": {"elo": 1091.5130786909, "gxe": 59.7, "rpr": 1578.1321882634, "rprd": 119.6549942213, "w": 2, "l": 0, "coil": null}, "gen8doublesou": {"elo": 1000, "gxe": 45, "rpr": 1459.8393856612, "rprd": 122.8583080769, "w": 0, "l": 1, "coil": null}, "gen8monotyperandombattle": {"elo": 1071.9242327887, "gxe": 49.7, "rpr": 1497.6040900829, "rprd": 105.95718833997, "w": 2, "l": 2, "coil": null}, "gen8nu": {"elo": 1126.293113049, "gxe": 49.5, "rpr": 1496.2426974901, "rprd": 90.955851361988, "w": 11, "l": 12, "coil": null}, "gen8ou": {"elo": 1436.4317860099, "gxe": 81.9, "rpr": 1797.4252713941, "rprd": 107.57275628442, "w": 1681, "l": 1871, "coil": null}, "gen8oublitz": {"elo": 1083.1890848327, "gxe": 53, "rpr": 1524.3948625912, "rprd": 130, "w": 4, "l": 4, "coil": null}, "gen8pu": {"elo": 1341.4903650694, "gxe": 66, "rpr": 1627.9142955066, "rprd": 79.770617480236, "w": 272, "l": 263, "coil": null}, "gen8randombattle": {"elo": 1399.1394995436, "gxe": 76.8, "rpr": 1766.987554046, "rprd": 216.35281898993, "w": 1664, "l": 1538, "coil": null}, "gen8randombattlenodmax": {"elo": 1025.7674024105, "gxe": 50, "rpr": 1500, "rprd": 116.77753930647, "w": 1, "l": 1, "coil": null}, "gen8randomdoublesbattle": {"elo": 1324.0438844791, "gxe": 58.6, "rpr": 1577.9289486028, "rprd": 223.11235244539, "w": 41, "l": 32, "coil": null}, "gen8ru": {"elo": 1208.6797371753, "gxe": 58.5, "rpr": 1568.981790283, "rprd": 127.11787152786, "w": 121, "l": 130, "coil": null}, "gen8ubers": {"elo": 1157.1762482157, "gxe": 64.8, "rpr": 1619.3462231801, "rprd": 102.09445870613, "w": 5, "l": 0, "coil": null}, "gen8uu": {"elo": 1286.9352010588, "gxe": 58.1, "rpr": 1572.9451742507, "rprd": 222.50848855977, "w": 177, "l": 166, "coil": null}, "gen8vgc2020": {"elo": 1120.002919851, "gxe": 40.3, "rpr": 1425.312540239, "rprd": 48.658580508556, "w": 39, "l": 47, "coil": null}, "gen8vgc2021": {"elo": 1214.4698958385, "gxe": 50.1, "rpr": 1501.1279411006, "rprd": 46.530153836508, "w": 153, "l": 153, "coil": null}, "gen8vgc2022": {"elo": 1096.2559786899, "gxe": 56.6, "rpr": 1552.1857716007, "rprd": 102.92498606883, "w": 4, "l": 1, "coil": null}, "gen9championsrandombattle": {"elo": 1066.0089510722853, "gxe": 50.8, "rpr": 1506.3837760369863, "rprd": 86.90668054920476, "w": 5, "l": 5, "coil": null}, "gen9championsvgc2026regma": {"elo": 1453.5227042989, "gxe": 62.3, "rpr": 1594.8721437899824, "rprd": 45.83527721507351, "w": 175, "l": 149, "coil": null}, "gen9championsvgc2026regmabo3": {"elo": 1096.3564451374243, "gxe": 59.3, "rpr": 1573.9990196050744, "rprd": 109.27880023333313, "w": 3, "l": 1, "coil": null}, "gen9legendszaou": {"elo": 1388.2826719723607, "gxe": 67.7, "rpr": 1641.580647072782, "rprd": 67.1245756574174, "w": 22, "l": 8, "coil": null}, "gen9livepatchbattlesver100": {"elo": 1066.7023446996573, "gxe": 54.2, "rpr": 1533.089178361249, "rprd": 111.51861011315509, "w": 2, "l": 1, "coil": null}, "gen9megainvasionrandombattle": {"elo": 1179.0311032251536, "gxe": 66.4, "rpr": 1632.668940674134, "rprd": 91.88580093860811, "w": 7, "l": 1, "coil": null}, "gen9monkeyspawrandombattle": {"elo": 1000, "gxe": 45, "rpr": 1459.8393856609866, "rprd": 122.85830807679145, "w": 0, "l": 1, "coil": null}, "gen9nationaldex": {"elo": 1630.4967186528042, "gxe": 75.7, "rpr": 1718.7416828698372, "rprd": 73.43730182653927, "w": 87, "l": 60, "coil": null}, "gen9ou": {"elo": 1459.4129874544928, "gxe": 70, "rpr": 1662.3465769722839, "rprd": 70.2958799064502, "w": 346, "l": 287, "coil": null}, "gen9pu": {"elo": 1456.7877663753, "gxe": 75.8, "rpr": 1722.6880134991, "rprd": 93.897068741615, "w": 123, "l": 74, "coil": 2958.235194733205}, "gen9randombattle": {"elo": 2099.081118172037, "gxe": 83.8, "rpr": 1810.626559223313, "rprd": 29.676792464871948, "w": 4092, "l": 3763, "coil": null}, "gen9randombattleblitz": {"elo": 1084.265185712152, "gxe": 53.2, "rpr": 1524.9759280684978, "rprd": 110.99577842348312, "w": 2, "l": 1, "coil": null}, "gen9randomdoublesbattle": {"elo": 1483.4947985495605, "gxe": 68.2, "rpr": 1645.585192234283, "rprd": 58.63960754082265, "w": 47, "l": 27, "coil": null}, "gen9ru": {"elo": 1103.6134846574096, "gxe": 50.8, "rpr": 1506.090732003288, "rprd": 125.3923700976111, "w": 4, "l": 3, "coil": 1016}, "gen9ubers": {"elo": 1108.4224690381927, "gxe": 58.7, "rpr": 1569.0029349637932, "rprd": 106.59903467628321, "w": 3, "l": 1, "coil": null}, "gen9uu": {"elo": 1451.0525367879643, "gxe": 72.8, "rpr": 1689.1740794955451, "rprd": 73.70811602034824, "w": 149, "l": 118, "coil": null}, "gen9vgc2023regulationc": {"elo": 1092.0155666783203, "gxe": 45.3, "rpr": 1463.3267821682796, "rprd": 92.10368722876633, "w": 4, "l": 4, "coil": null}, "gen9vgc2023regulationd": {"elo": 1038.0810811854951, "gxe": 38.2, "rpr": 1406.289190196396, "rprd": 94.25719655593772, "w": 2, "l": 5, "coil": null}, "gen9vgc2023series2": {"elo": 1087.6306748499, "gxe": 46.8, "rpr": 1474.6638035716, "rprd": 103.21755682077, "w": 3, "l": 3, "coil": null}, "gen9vgc2025regg": {"elo": 1378.3295856128013, "gxe": 58.8, "rpr": 1567.381863549183, "rprd": 38.67091605121893, "w": 52, "l": 38, "coil": null}, "gen9vgc2025regh": {"elo": 1342.2535855636702, "gxe": 56.3, "rpr": 1548.2432227722002, "rprd": 35.70564898480002, "w": 196, "l": 187, "coil": null}, "gen9vgc2025regi": {"elo": 1499.4276511533, "gxe": 62.8, "rpr": 1599.8820087653, "rprd": 63.226408077983, "w": 471, "l": 438, "coil": null}, "gen9vgc2025regibo3": {"elo": 1064.7361564563798, "gxe": 39, "rpr": 1411.0149907383998, "rprd": 116.72230501018657, "w": 2, "l": 5, "coil": null}, "gen9vgc2025regj": {"elo": 1187.5840999131356,