{"username": "Bwiwkeje", "userid": "bwiwkeje", "registertime": 1511654400, "group": 1, "ratings": {"digimondigimonxpokemon": {"elo": 1000, "gxe": 45, "rpr": 1459.8393856612, "rprd": 122.8583080769, "w": 0, "l": 1, "coil": null}, "gen1randombattle": {"elo": 1201.7847620191, "gxe": 68.4, "rpr": 1650.1837485911, "rprd": 91.702773116856, "w": 12, "l": 9, "coil": null}, "gen2randombattle": {"elo": 1046.7840972264, "gxe": 55.4, "rpr": 1543.113129393, "rprd": 122.44547400715, "w": 1, "l": 0, "coil": null}, "gen5randombattle": {"elo": 1066.0416874237, "gxe": 54.6, "rpr": 1536.2651632597, "rprd": 111.4139719468, "w": 2, "l": 1, "coil": null}, "gen6battlefactory": {"elo": 1000, "gxe": 40.1, "rpr": 1420.8988855068, "rprd": 102.07664637281, "w": 1, "l": 4, "coil": null}, "gen6randombattle": {"elo": 1086.8592115173, "gxe": 59.2, "rpr": 1574.9508859169, "rprd": 130, "w": 2, "l": 1, "coil": null}, "gen71v1": {"elo": 1017.8778017511, "gxe": 32.4, "rpr": 1357.914345995, "rprd": 78.141666353602, "w": 15, "l": 23, "coil": null}, "gen7anythinggoes": {"elo": 1153.2102096511, "gxe": 50.2, "rpr": 1501.6734434244, "rprd": 128.98985586291, "w": 10, "l": 6, "coil": null}, "gen7battlefactory": {"elo": 1000, "gxe": 32.2, "rpr": 1349.9147488346, "rprd": 130, "w": 0, "l": 2, "coil": null}, "gen7bssfactory": {"elo": 1024.5297530003, "gxe": 44.4, "rpr": 1455.9592431759, "rprd": 101.43936385217, "w": 3, "l": 5, "coil": null}, "gen7challengecup1v1": {"elo": 1130.2605501101, "gxe": 38.7, "rpr": 1408.2046003326, "rprd": 122.64341018313, "w": 33, "l": 36, "coil": null}, "gen7doublesou": {"elo": 1062.9602494244, "gxe": 48.9, "rpr": 1491.5964823915, "rprd": 80.540138369232, "w": 8, "l": 7, "coil": null}, "gen7hackmonscup": {"elo": 1000, "gxe": 27, "rpr": 1300.5264503116, "rprd": 124.61719331638, "w": 5, "l": 19, "coil": null}, "gen7metronomebattle": {"elo": 1138.4641527938, "gxe": 46.4, "rpr": 1470.9694094269, "rprd": 116.35754504132, "w": 22, "l": 18, "coil": null}, "gen7monotyperandombattle": {"elo": 1088.5226741291, "gxe": 56.9, "rpr": 1555.2602651918, "rprd": 120.93049157214, "w": 2, "l": 1, "coil": null}, "gen7ou": {"elo": 1019.3900641992, "gxe": 28.5, "rpr": 1315.6375092059, "rprd": 126.83670571632, "w": 6, "l": 11, "coil": null}, "gen7randombattle": {"elo": 1277.2195477053153, "gxe": 51.2, "rpr": 1508.8420546352231, "rprd": 51.99487517524663, "w": 923, "l": 952, "coil": null}, "gen7randomdoublesbattle": {"elo": 1065.9450315563, "gxe": 46.2, "rpr": 1470.0024553179, "rprd": 108.65679818357, "w": 2, "l": 2, "coil": null}, "gen7superstaffbrosbrawl": {"elo": 1045.2064717702, "gxe": 47.8, "rpr": 1482.6978776957, "rprd": 117.56989472847, "w": 1, "l": 1, "coil": null}, "gen7ubers": {"elo": 1170.3355094944, "gxe": 45.8, "rpr": 1466.3155180364, "rprd": 130, "w": 26, "l": 25, "coil": null}, "gen8challengecup1v1": {"elo": 1103.8121995906, "gxe": 41.1, "rpr": 1427.7175483975, "rprd": 130, "w": 11, "l": 8, "coil": null}, "gen8metronomebattle": {"elo": 1267.8832720548, "gxe": 56.6, "rpr": 1551.2327088392, "rprd": 83.230473658675, "w": 43, "l": 34, "coil": null}, "gen8monotyperandombattle": {"elo": 1151.0973344125, "gxe": 56.4, "rpr": 1550.0449037326, "rprd": 89.869022675511, "w": 12, "l": 8, "coil": null}, "gen8ou": {"elo": 1077.1094430206, "gxe": 49.2, "rpr": 1493.8878268959, "rprd": 80.62293798763, "w": 9, "l": 7, "coil": null}, "gen8randombattle": {"elo": 1101.2201072073, "gxe": 47.3, "rpr": 1478.4177554868, "rprd": 108.33126171313, "w": 14, "l": 15, "coil": null}, "gen8randombattlenodmax": {"elo": 1055.4384334633, "gxe": 56.1, "rpr": 1548.579572744, "rprd": 113.90559491278, "w": 2, "l": 1, "coil": null}, "gen8ru": {"elo": 1047.6047645564, "gxe": 42.3, "rpr": 1428.9281907683, "rprd": 233.21297286814, "w": 2, "l": 4, "coil": null}, "gen92v2doubles": {"elo": 1109.5491851409051, "gxe": 63, "rpr": 1604.8931867219133, "rprd": 111.21933344578908, "w": 3, "l": 0, "coil": null}, "gen9challengecup1v1": {"elo": 1000, "gxe": 35.1, "rpr": 1377.6038468085194, "rprd": 120.97219078297378, "w": 0, "l": 3, "coil": null}, "gen9doublesou": {"elo": 1124.7140491073894, "gxe": 48.2, "rpr": 1485.8597055306263, "rprd": 79.57118919376299, "w": 7, "l": 6, "coil": null}, "gen9metronomebattle": {"elo": 1150.1193871874536, "gxe": 56.7, "rpr": 1552.2836045890467, "rprd": 77.02070975319961, "w": 8, "l": 7, "coil": null}, "gen9randombattle": {"elo": 1644.587853331637, "gxe": 69.7, "rpr": 1657.2707070094048, "rprd": 27.400329914892797, "w": 1257, "l": 1202, "coil": null}, "gen9randomdoublesbattle": {"elo": 1000, "gxe": 45.1, "rpr": 1460.8213554598315, "rprd": 121.90517651432023, "w": 0, "l": 1, "coil": null}}}