{"username": "cabrilla", "userid": "cabrilla", "registertime": 1780444800, "group": 1, "ratings": {"gen7anythinggoes": {"elo": 1040, "gxe": 55, "rpr": 1540.1606143388, "rprd": 122.8583080769, "w": 1, "l": 0, "coil": null}, "gen7randombattle": {"elo": 1104.7292144014, "gxe": 47.5, "rpr": 1479.7685417979, "rprd": 130, "w": 5, "l": 3, "coil": null}, "gen8randombattle": {"elo": 1054.0053152916, "gxe": 44.3, "rpr": 1454.6692497292, "rprd": 102.86806449139, "w": 2, "l": 3, "coil": null}, "gen9randombattle": {"elo": 1339.5770126867535, "gxe": 51.9, "rpr": 1514.213627716494, "rprd": 26.043173734241346, "w": 320, "l": 338, "coil": null}, "gen9randombattleblitz": {"elo": 1000, "gxe": 43.6, "rpr": 1448.7147415751524, "rprd": 122.16416473955522, "w": 0, "l": 1, "coil": null}}}