{"username": "Cabrg36", "userid": "cabrg36", "registertime": 1656115200, "group": 1, "ratings": {"gen3randombattle": {"elo": 1134.8025487829, "gxe": 58, "rpr": 1563.3707047114, "rprd": 104.56077914575, "w": 9, "l": 5, "coil": null}, "gen7randombattle": {"elo": 1023.5399744904, "gxe": 50, "rpr": 1500, "rprd": 116.77753930647, "w": 1, "l": 1, "coil": null}, "gen7uu": {"elo": 1000, "gxe": 35.5, "rpr": 1364.4727453987, "rprd": 231.13140024594, "w": 1, "l": 7, "coil": null}, "gen8ou": {"elo": 1405.454160517, "gxe": 59.2, "rpr": 1582.7500577972, "rprd": 219.50286183844, "w": 59, "l": 45, "coil": null}, "gen8randombattle": {"elo": 1385.5741971194, "gxe": 55, "rpr": 1544.8640604121, "rprd": 215.70428434827, "w": 225, "l": 228, "coil": null}, "gen8ubers": {"elo": 1101.7491816836, "gxe": 51.8, "rpr": 1516.0283562607, "rprd": 230.73651803717, "w": 5, "l": 3, "coil": null}, "gen91v1": {"elo": 1029.0675986294843, "gxe": 41.4, "rpr": 1432.4793549804513, "rprd": 90.0080936819959, "w": 3, "l": 6, "coil": null}, "gen9monotype": {"elo": 1280.0199150245699, "gxe": 59.1, "rpr": 1571.3230355380658, "rprd": 81.6775538900281, "w": 106, "l": 94, "coil": 2347.670659213153}, "gen9nu": {"elo": 1089.7597878203078, "gxe": 54.2, "rpr": 1532.4262124985898, "rprd": 88.01729575416248, "w": 6, "l": 4, "coil": 1334.5605440658892}, "gen9ou": {"elo": 1356.7282166432658, "gxe": 57.3, "rpr": 1556.5149466608898, "rprd": 70.10518429971683, "w": 115, "l": 101, "coil": null}, "gen9randombattle": {"elo": 1515.1602965782101, "gxe": 71.1, "rpr": 1671.8660420606282, "rprd": 56.672395910514076, "w": 494, "l": 416, "coil": null}, "gen9ru": {"elo": 1044.8564503523307, "gxe": 54.4, "rpr": 1535.3577305339732, "rprd": 122.66600929083775, "w": 1, "l": 0, "coil": 17}, "gen9ubers": {"elo": 1342.9450245524451, "gxe": 74.4, "rpr": 1704.677303760532, "rprd": 69.08507890809051, "w": 24, "l": 12, "coil": null}, "gen9uu": {"elo": 1300.4185466084632, "gxe": 65.1, "rpr": 1619.4975627720144, "rprd": 69.94330296210978, "w": 20, "l": 13, "coil": null}}}