{"username": "CACHIUW12", "userid": "cachiuw12", "registertime": 1665273600, "group": 1, "ratings": {"gen1randombattle": {"elo": 1058.39710820343, "gxe": 49.3, "rpr": 1494.3053780198666, "rprd": 116.29042160582925, "w": 1, "l": 1, "coil": null}, "gen2randombattle": {"elo": 1000, "gxe": 47.4, "rpr": 1479.4817754281, "rprd": 124.91661907016, "w": 0, "l": 1, "coil": null}, "gen3randombattle": {"elo": 1059.8708012041047, "gxe": 55.5, "rpr": 1544.0443250670928, "rprd": 121.84455910544712, "w": 1, "l": 0, "coil": null}, "gen4randombattle": {"elo": 1051.936057173411, "gxe": 39.4, "rpr": 1414.3185707202779, "rprd": 121.94004788735674, "w": 1, "l": 4, "coil": null}, "gen5randombattle": {"elo": 1059.43130801382, "gxe": 43.2, "rpr": 1445.2756895589791, "rprd": 123.49628415780883, "w": 3, "l": 6, "coil": null}, "gen6randombattle": {"elo": 1000, "gxe": 36.4, "rpr": 1389.3841128762, "rprd": 111.40394536155, "w": 0, "l": 3, "coil": null}, "gen7battlefactory": {"elo": 1000, "gxe": 44.6, "rpr": 1456.3858839257, "rprd": 121.80725047423, "w": 0, "l": 1, "coil": null}, "gen7monotypebattlefactory": {"elo": 1000, "gxe": 44.4, "rpr": 1455.0947588157, "rprd": 123.16854112337, "w": 0, "l": 1, "coil": null}, "gen7randombattle": {"elo": 1000, "gxe": 44.5, "rpr": 1455.9218683016, "rprd": 121.81206686936, "w": 0, "l": 1, "coil": null}, "gen81v1": {"elo": 1000, "gxe": 35.4, "rpr": 1380.8290788843, "rprd": 109.76396469684, "w": 0, "l": 3, "coil": null}, "gen8hackmonscup": {"elo": 1000, "gxe": 39.6, "rpr": 1415.7508998831, "rprd": 119.94102282874, "w": 0, "l": 2, "coil": null}, "gen8joltemonsrandombattle": {"elo": 1000, "gxe": 45, "rpr": 1459.8393856612, "rprd": 122.8583080769, "w": 0, "l": 1, "coil": null}, "gen8randombattle": {"elo": 1073.9184730331176, "gxe": 34.7, "rpr": 1373.3388784475715, "rprd": 124.26746908511808, "w": 7, "l": 19, "coil": null}, "gen8randomdoublesbattle": {"elo": 1000, "gxe": 45, "rpr": 1459.8393856612, "rprd": 122.8583080769, "w": 0, "l": 1, "coil": null}, "gen9brokencup": {"elo": 1044.7459737197225, "gxe": 46.7, "rpr": 1473.7327561909915, "rprd": 120.46673370285298, "w": 1, "l": 1, "coil": null}, "gen9doublesou": {"elo": 1193.6708908240075, "gxe": 44.4, "rpr": 1457.2755809384016, "rprd": 38.683757223133455, "w": 55, "l": 59, "coil": null}, "gen9doublesubers": {"elo": 1059.142067274542, "gxe": 38.7, "rpr": 1412.3371448171083, "rprd": 62.31408135167589, "w": 13, "l": 19, "coil": null}, "gen9hackmonscup": {"elo": 1027.9314164927025, "gxe": 34.2, "rpr": 1374.378981836423, "rprd": 74.48553916951298, "w": 6, "l": 16, "coil": null}, "gen9megainvasionrandombattle": {"elo": 1033.850195709969, "gxe": 45.6, "rpr": 1465.1901131722004, "rprd": 111.83883366776571, "w": 1, "l": 2, "coil": null}, "gen9monotyperandombattle": {"elo": 1000, "gxe": 44.5, "rpr": 1455.5550715767538, "rprd": 122.73104366973537, "w": 0, "l": 1, "coil": null}, "gen9randombattle": {"elo": 1321.013814585465, "gxe": 54.8, "rpr": 1536.4993556161635, "rprd": 33.21721885192521, "w": 223, "l": 229, "coil": null}, "gen9randombattleblitz": {"elo": 1071.0212498831963, "gxe": 41.6, "rpr": 1435.1374789199222, "rprd": 56.02531852854948, "w": 36, "l": 44, "coil": null}, "gen9randombattlesharedpowerb12p6": {"elo": 1028.6441456920788, "gxe": 39, "rpr": 1412.118087001783, "rprd": 101.98018803410679, "w": 2, "l": 4, "coil": null}, "gen9randomdoublesbattle": {"elo": 1221.4161479338493, "gxe": 48.5, "rpr": 1488.3765184974889, "rprd": 56.30433531270485, "w": 92, "l": 116, "coil": null}, "gen9randomroulette": {"elo": 1044.8750783656255, "gxe": 53.9, "rpr": 1530.8522864552338, "rprd": 122.8126538349401, "w": 1, "l": 0, "coil": null}, "gen9ubers": {"elo": 1000, "gxe": 45, "rpr": 1459.8393856609866, "rprd": 122.85830807679145, "w": 0, "l": 1, "coil": null}, "gen9vgc2026regi": {"elo": 1045.4380739192372, "gxe": 54.7, "rpr": 1537.5074239554494, "rprd": 122.53368826201218, "w": 1, "l": 0, "coil": null}, "gen9woomodrandombattle": {"elo": 1040, "gxe": 55, "rpr": 1540.1606143390134, "rprd": 122.85830807679145, "w": 1, "l": 0, "coil": null}}}