{"username": "calikuru", "userid": "calikuru", "registertime": 1685923200, "group": 1, "ratings": {"gen5randombattle": {"elo": 1000, "gxe": 42.8, "rpr": 1441.7682958606604, "rprd": 123.16966715011539, "w": 0, "l": 1, "coil": null}, "gen6randombattle": {"elo": 1349.5335854937855, "gxe": 66.7, "rpr": 1634.2898940416524, "rprd": 82.69191186080539, "w": 25, "l": 13, "coil": null}, "gen7randombattle": {"elo": 1096.986323769008, "gxe": 49.5, "rpr": 1495.975129356918, "rprd": 73.85706400066215, "w": 9, "l": 8, "coil": null}, "gen8nationaldex": {"elo": 1042.6538063877142, "gxe": 53.7, "rpr": 1530.0056770061233, "rprd": 122.81809613150938, "w": 1, "l": 0, "coil": null}, "gen9anythinggoes": {"elo": 1040, "gxe": 54.5, "rpr": 1536.3765060502305, "rprd": 122.84528504304464, "w": 1, "l": 0, "coil": null}, "gen9doublesou": {"elo": 1492.345366881202, "gxe": 69.1, "rpr": 1652.479868659751, "rprd": 43.49487038248631, "w": 43, "l": 24, "coil": null}, "gen9megainvasionrandombattle": {"elo": 1082.2282103488678, "gxe": 53, "rpr": 1523.7278245222856, "rprd": 95.14158366796254, "w": 4, "l": 3, "coil": null}, "gen9nationaldex": {"elo": 1024.761123968843, "gxe": 39.9, "rpr": 1419.4030845660063, "rprd": 106.23482713967918, "w": 1, "l": 3, "coil": null}, "gen9nationaldexdoubles": {"elo": 1040.8580935809691, "gxe": 51.6, "rpr": 1512.8635236867024, "rprd": 125.82592732629197, "w": 1, "l": 0, "coil": null}, "gen9nationaldexdoublesubers": {"elo": 1040, "gxe": 50, "rpr": 1500, "rprd": 116.77753930629355, "w": 1, "l": 1, "coil": null}, "gen9ou": {"elo": 1145.2557522063562, "gxe": 30.8, "rpr": 1347.4332874559632, "rprd": 25.01637818703799, "w": 272, "l": 426, "coil": null}, "gen9randombattle": {"elo": 1515.9862849712267, "gxe": 61.5, "rpr": 1588.0780792753774, "rprd": 28.476372631776865, "w": 156, "l": 137, "coil": null}, "gen9randombattleblitz": {"elo": 1000, "gxe": 44.3, "rpr": 1454.6218729188213, "rprd": 122.85230657909773, "w": 0, "l": 1, "coil": null}, "gen9randomdoublesbattle": {"elo": 1136.3490980389038, "gxe": 61.3, "rpr": 1590.10660460616, "rprd": 95.06669437414301, "w": 6, "l": 2, "coil": null}, "gen9ubers": {"elo": 1066.8131918260656, "gxe": 22.8, "rpr": 1268.2790518462068, "rprd": 48.07787621967088, "w": 63, "l": 120, "coil": null}}}