{"username": "cansermaro8", "userid": "cansermaro8", "registertime": 1735257600, "group": 1, "ratings": {"gen9championsrandombattle": {"elo": 1135.1291565804843, "gxe": 58.8, "rpr": 1568.4245093619859, "rprd": 77.00079502753741, "w": 10, "l": 6, "coil": null}, "gen9randombattle": {"elo": 2286.1931430063, "gxe": 88.6, "rpr": 1886.4345341621, "rprd": 26.492297502735, "w": 2591, "l": 2280, "coil": null}}}