{"username": "Casey2005_", "userid": "casey2005", "registertime": 1779062400, "group": 1, "ratings": {"gen9randombattle": {"elo": 1219.1627189041785, "gxe": 47.6, "rpr": 1482.15872472611, "rprd": 31.710622620731353, "w": 92, "l": 85, "coil": null}}}