{"username": "Casual\u274adot\u274aexe", "userid": "casualdotexe", "registertime": 1547424000, "group": 1, "ratings": {"digimondigimonshowdownmonotypedoubles": {"elo": 1044.584930701, "gxe": 54.6, "rpr": 1540.1606143388, "rprd": 203.69309313839, "w": 0, "l": 0, "coil": null}, "digimondigimonshowdownsingles": {"elo": 1040, "gxe": 55, "rpr": 1540.1606143388, "rprd": 122.8583080769, "w": 0, "l": 0, "coil": null}, "digimondigimonxpokemon": {"elo": 1040, "gxe": 55, "rpr": 1540.1606143388, "rprd": 122.8583080769, "w": 0, "l": 0, "coil": null}, "gen1randombattle": {"elo": 1344.9519914156, "gxe": 70.3, "rpr": 1667.2452320893, "rprd": 90.930903650475, "w": 68, "l": 46, "coil": null}, "gen2randombattle": {"elo": 1021.4822091096, "gxe": 42.2, "rpr": 1438.8539880837, "rprd": 90.392712853853, "w": 3, "l": 6, "coil": null}, "gen3randombattle": {"elo": 1376.059630401365, "gxe": 75.5, "rpr": 1713.0668993451998, "rprd": 46.693290112948326, "w": 37, "l": 21, "coil": null}, "gen4randombattle": {"elo": 1499.2897266659, "gxe": 79.2, "rpr": 1754.213258243, "rprd": 57.221484554308, "w": 533, "l": 297, "coil": null}, "gen5randombattle": {"elo": 1476.7911985692617, "gxe": 79, "rpr": 1761.2346161922787, "rprd": 106.55394418195371, "w": 337, "l": 186, "coil": null}, "gen6firstbloodrandombattle": {"elo": 1096.3481765116005, "gxe": 55.7, "rpr": 1544.5567495611658, "rprd": 98.72622528984681, "w": 4, "l": 2, "coil": null}, "gen6randombattle": {"elo": 1524.7975948485, "gxe": 84.2, "rpr": 1821.266014307, "rprd": 70.310104042596, "w": 538, "l": 269, "coil": null}, "gen6tripleschallengecup": {"elo": 1053.718288472724, "gxe": 54.6, "rpr": 1536.509902505707, "rprd": 122.35314632442844, "w": 1, "l": 0, "coil": null}, "gen7battlefactory": {"elo": 1371.0431518372, "gxe": 73.9, "rpr": 1726.7038300995, "rprd": 199.44318210583, "w": 529, "l": 291, "coil": null}, "gen7battlespotsingles": {"elo": 1039.1654420419, "gxe": 45.3, "rpr": 1462.391987567, "rprd": 111.00249828451, "w": 0, "l": 0, "coil": null}, "gen7bssfactory": {"elo": 1026.2132300136, "gxe": 39.3, "rpr": 1412.5878389365, "rprd": 125.35225607424, "w": 0, "l": 0, "coil": null}, "gen7challengecup1v1": {"elo": 1065.3980963213, "gxe": 53.2, "rpr": 1525.0575647318, "rprd": 110.52755584435, "w": 0, "l": 0, "coil": null}, "gen7crossevolution": {"elo": 1118.8592767162, "gxe": 58.6, "rpr": 1567.5704277473, "rprd": 89.401027187729, "w": 0, "l": 0, "coil": null}, "gen7godlygift": {"elo": 1093.0791744918, "gxe": 52.2, "rpr": 1517.203255996, "rprd": 89.353898458766, "w": 0, "l": 0, "coil": null}, "gen7hackmonscup": {"elo": 1261.0455442061, "gxe": 68.3, "rpr": 1645.282865674, "rprd": 39.918909337674, "w": 374, "l": 273, "coil": null}, "gen7linked": {"elo": 1111.0859320413, "gxe": 53.1, "rpr": 1524.3154116365, "rprd": 88.874221626195, "w": 5, "l": 4, "coil": null}, "gen7monotype": {"elo": 1448.9266810197, "gxe": 71.5, "rpr": 1704.9642092125, "rprd": 218.42251523423, "w": 92, "l": 52, "coil": null}, "gen7monotyperandombattle": {"elo": 1431.7421055543, "gxe": 71.4, "rpr": 1673.5773525784, "rprd": 43.716951201977, "w": 746, "l": 552, "coil": null}, "gen7nu": {"elo": 1422.4849397311, "gxe": 78.3, "rpr": 1745.2560453672, "rprd": 65.036898779207, "w": 40, "l": 15, "coil": null}, "gen7ou": {"elo": 1348.9067715451, "gxe": 67.3, "rpr": 1637.6010689737, "rprd": 63.535995397618, "w": 22, "l": 8, "coil": null}, "gen7pickyourteamrandombattle": {"elo": 1147.4456360989, "gxe": 66.6, "rpr": 1634.7829304518, "rprd": 94.826991647835, "w": 7, "l": 1, "coil": null}, "gen7pu": {"elo": 1499.8590383387, "gxe": 73.8, "rpr": 1772.1702497427, "rprd": 333.27759357634, "w": 77, "l": 34, "coil": null}, "gen7randombattle": {"elo": 1550.2300868588613, "gxe": 77, "rpr": 1732.284971828864, "rprd": 76.71649138914339, "w": 4572, "l": 3883, "coil": null}, "gen7randomdoublesbattle": {"elo": 1499.8915163517, "gxe": 76.7, "rpr": 1730.7442751408, "rprd": 82.768676536695, "w": 49, "l": 25, "coil": null}, "gen7ru": {"elo": 1390.5843012473, "gxe": 69.2, "rpr": 1680.7724646912, "rprd": 220.78405337181, "w": 47, "l": 23, "coil": null}, "gen7stabmons": {"elo": 1000, "gxe": 46.5, "rpr": 1471.9823462185, "rprd": 122.97480401132, "w": 0, "l": 0, "coil": null}, "gen7superstaffbrosbrawl": {"elo": 1499.1196177319, "gxe": 83.5, "rpr": 1904.8684332959, "rprd": 298.97776325193, "w": 1155, "l": 553, "coil": null}, "gen7ubers": {"elo": 1499.7002702382, "gxe": 80.7, "rpr": 1780.7358005132, "rprd": 100.84874911865, "w": 25, "l": 3, "coil": null}, "gen7ultimatez": {"elo": 1082.1712166607, "gxe": 55, "rpr": 1538.3064196597, "rprd": 73.567774422221, "w": 0, "l": 0, "coil": null}, "gen7uu": {"elo": 1334.4498598361, "gxe": 67.2, "rpr": 1661.0725120268, "rprd": 225.06710978474, "w": 20, "l": 9, "coil": null}, "gen7zu": {"elo": 1083.5856285559, "gxe": 58, "rpr": 1563.8335713581, "rprd": 106.48315937713, "w": 0, "l": 0, "coil": null}, "gen8battlefactory": {"elo": 1233.3314357592, "gxe": 60.2, "rpr": 1587.9634797269, "rprd": 182.42612644518, "w": 41, "l": 27, "coil": null}, "gen8bdsprandombattle": {"elo": 1000, "gxe": 38.7, "rpr": 1409.5205392925, "rprd": 106.22729991678, "w": 2, "l": 5, "coil": null}, "gen8bssfactory": {"elo": 1204.9065671605, "gxe": 69.6, "rpr": 1657.4385267022, "rprd": 45.607656479584, "w": 58, "l": 31, "coil": null}, "gen8cap1v1": {"elo": 1204.3739596003, "gxe": 65.8, "rpr": 1662.55518055, "rprd": 295.82142207752, "w": 116, "l": 71, "coil": null}, "gen8challengecup": {"elo": 1022.9724257308, "gxe": 45.3, "rpr": 1462.7528545323, "rprd": 98.246320357434, "w": 2, "l": 5, "coil": null}, "gen8challengecup1v1": {"elo": 1352.4704616821, "gxe": 66.9, "rpr": 1636.1474367828, "rprd": 84.915180197702, "w": 230, "l": 182, "coil": null}, "gen8doublesou": {"elo": 1071.7762056072, "gxe": 56, "rpr": 1548.1507509053, "rprd": 117.18330159456, "w": 2, "l": 0, "coil": null}, "gen8hackmonscup": {"elo": 1085.0991653465, "gxe": 40.3, "rpr": 1421.7057314213, "rprd": 120.40615672141, "w": 172, "l": 140, "coil": null}, "gen8monotype": {"elo": 1499.3655156822, "gxe": 79.2, "rpr": 1763.8942356491, "rprd": 107.19683380283, "w": 47, "l": 14, "coil": null}, "gen8monotyperandombattle": {"elo": 1482.2828826605, "gxe": 79, "rpr": 1765.3142170211, "rprd": 127.65504306788, "w": 291, "l": 221, "coil": null}, "gen8nu": {"elo": 1065.3257176666, "gxe": 52.7, "rpr": 1521.5669190424, "rprd": 104.99842767412, "w": 3, "l": 2, "coil": null}, "gen8ou": {"elo": 1399.951988463, "gxe": 74.7, "rpr": 1717.4624408035, "rprd": 128.36152081897, "w": 23, "l": 3, "coil": null}, "gen8pu": {"elo": 1410.1794975379, "gxe": 75.9, "rpr": 1718.3474822409, "rprd": 49.513930578274, "w": 40, "l": 15, "coil": null}, "gen8randombattle": {"elo": 1417.9486901659727, "gxe": 76.1, "rpr": 1731.31171605893, "rprd": 122.12959506760961, "w": 1767, "l": 1529, "coil": null}, "gen8randombattleblitz": {"elo": 1333.9810383737, "gxe": 63.7, "rpr": 1609.1897108705, "rprd": 86.122507071625, "w": 23, "l": 10, "coil": null}, "gen8randombattlenodmax": {"elo": 1276.5775004878, "gxe": 68.4, "rpr": 1646.5804046988, "rprd": 41.375111649884, "w": 75, "l": 41, "coil": null}, "gen8randomdoublesbattle": {"elo": 1499.7981924455, "gxe": 75.5, "rpr": 1738.8884829485, "rprd": 177.97933153128, "w": 161, "l": 115, "coil": null}, "gen8ru": {"elo": 1348.7311782856, "gxe": 71.5, "rpr": 1704.466865854, "rprd": 217.29131895074, "w": 40, "l": 13, "coil": null}, "gen8superstaffbros4": {"elo": 1299.7570342486, "gxe": 68.2, "rpr": 1683.3252178813, "rprd": 270.58355109329, "w": 125, "l": 77, "coil": null}, "gen8superstaffbros4wiiu": {"elo": 1000, "gxe": 45, "rpr": 1459.8393856612, "rprd": 122.8583080769, "w": 0, "l": 1, "coil": null}, "gen8uu": {"elo": 1040, "gxe": 50, "rpr": 1500, "rprd": 116.77753930647, "w": 0, "l": 0, "coil": null}, "gen9brokencup": {"elo": 1035.5035422844383, "gxe": 37.5, "rpr": 1398.2403839322742, "rprd": 122.13245276998882, "w": 2, "l": 3, "coil": null}, "gen9caprandombattle": {"elo": 1000, "gxe": 45, "rpr": 1459.8393856609866, "rprd": 122.85830807679145, "w": 0, "l": 1,