{"username": "cat3039", "userid": "cat3039", "registertime": 1670284800, "group": 1, "ratings": {"gen6randombattle": {"elo": 1214.2380756682423, "gxe": 58.8, "rpr": 1567.6643706898117, "rprd": 65.25328039898345, "w": 24, "l": 17, "coil": null}, "gen7randombattle": {"elo": 1430.8638684279097, "gxe": 66.9, "rpr": 1633.5810736616156, "rprd": 47.71445998167514, "w": 37, "l": 22, "coil": null}, "gen8ou": {"elo": 1306.4043625853, "gxe": 67.7, "rpr": 1643.1067981317, "rprd": 81.803503964634, "w": 12, "l": 2, "coil": null}, "gen8randombattle": {"elo": 1315.2605410704386, "gxe": 66.6, "rpr": 1638.454298822886, "rprd": 130, "w": 17, "l": 6, "coil": null}, "gen91v1": {"elo": 1042.740395965404, "gxe": 45.3, "rpr": 1462.772338298699, "rprd": 97.09633759912096, "w": 2, "l": 4, "coil": null}, "gen9babyrandombattle": {"elo": 1040, "gxe": 55, "rpr": 1540.1606143390134, "rprd": 122.85830807679145, "w": 1, "l": 0, "coil": null}, "gen9battlefactory": {"elo": 1000, "gxe": 39.3, "rpr": 1413.9762973687257, "rprd": 111.50043211569509, "w": 0, "l": 3, "coil": null}, "gen9challengecup1v1": {"elo": 1260.5650608691362, "gxe": 58.7, "rpr": 1566.873265490971, "rprd": 58.278740782378286, "w": 20, "l": 11, "coil": null}, "gen9challengecup2v2": {"elo": 1068.095206873293, "gxe": 56.5, "rpr": 1550.4237668832527, "rprd": 86.4257387576653, "w": 5, "l": 5, "coil": null}, "gen9computergeneratedteams": {"elo": 1073.0002178113741, "gxe": 58.6, "rpr": 1568.8567119263837, "rprd": 116.78696813421286, "w": 2, "l": 0, "coil": null}, "gen9metronomebattle": {"elo": 1349.6736754236, "gxe": 69, "rpr": 1656.3489630754, "rprd": 100.20466448385, "w": 37, "l": 18, "coil": null}, "gen9monkeyspawrandombattle": {"elo": 1040, "gxe": 55, "rpr": 1540.1606143390134, "rprd": 122.85830807679145, "w": 1, "l": 0, "coil": null}, "gen9nationaldex": {"elo": 1188.110626097286, "gxe": 51.3, "rpr": 1509.6235540480236, "rprd": 55.40536118445017, "w": 53, "l": 49, "coil": null}, "gen9ou": {"elo": 1412.1343896552323, "gxe": 64.2, "rpr": 1612.7603155007507, "rprd": 81.22659812112701, "w": 37, "l": 21, "coil": null}, "gen9randombattle": {"elo": 1595.0832785994842, "gxe": 78.5, "rpr": 1748.999959527895, "rprd": 72.58593883485429, "w": 767, "l": 698, "coil": null}, "gen9randombattleblitz": {"elo": 1033.1189950102591, "gxe": 44, "rpr": 1449.922805912111, "rprd": 98.82498341220293, "w": 2, "l": 4, "coil": null}, "gen9randombattlemayhem": {"elo": 1061.9898265033066, "gxe": 49.7, "rpr": 1497.897082483946, "rprd": 115.15444742744957, "w": 1, "l": 1, "coil": null}, "gen9randomdoublesbattle": {"elo": 1740.2995898701, "gxe": 76.5, "rpr": 1724.0742382192, "rprd": 47.238317592367, "w": 651, "l": 600, "coil": null}, "gen9randomroulette": {"elo": 1128.8564485342913, "gxe": 64.7, "rpr": 1619.2758070475218, "rprd": 109.85130652254595, "w": 4, "l": 0, "coil": null}}}