{"username": "ccdox", "userid": "ccdox", "registertime": 0, "group": 0, "ratings": {"gen9randombattle": {"elo": 1045.687486848923, "gxe": 55.5, "rpr": 1544.0229049185702, "rprd": 122.82111138492509, "w": 1, "l": 0, "coil": null}}}