{"username": "cdfgyhjk", "userid": "cdfgyhjk", "registertime": 0, "group": 0, "ratings": {"gen9randombattle": {"elo": 1043.5128453100688, "gxe": 43.3, "rpr": 1446.7630188217636, "rprd": 104.48636256412539, "w": 3, "l": 3, "coil": null}}}