{"username": "cdpv", "userid": "cdpv", "registertime": 1556150400, "group": 1, "ratings": {"gen1randombattle": {"elo": 1040, "gxe": 55, "rpr": 1540.1606143388, "rprd": 122.8583080769, "w": 1, "l": 0, "coil": null}, "gen3randombattle": {"elo": 1442.1828830304, "gxe": 71, "rpr": 1669.1045595727, "rprd": 25, "w": 232, "l": 207, "coil": null}, "gen4randombattle": {"elo": 1128.9007854497477, "gxe": 60.9, "rpr": 1588.6488018517748, "rprd": 128.7258975182526, "w": 7, "l": 5, "coil": null}, "gen5randombattle": {"elo": 1323.4516618252555, "gxe": 67.7, "rpr": 1639.980392391904, "rprd": 36.18399696692015, "w": 1774, "l": 1510, "coil": null}, "gen6randombattle": {"elo": 1386.8620801636034, "gxe": 66.6, "rpr": 1630.1836302221056, "rprd": 37.62692709085556, "w": 251, "l": 233, "coil": null}, "gen7anythinggoes": {"elo": 1000, "gxe": 46.5, "rpr": 1471.8234176581, "rprd": 123.14948401074, "w": 0, "l": 1, "coil": null}, "gen7randombattle": {"elo": 1395.493838758, "gxe": 59, "rpr": 1569.1134628836, "rprd": 37.851570037496, "w": 53, "l": 43, "coil": null}, "gen8randombattle": {"elo": 1302.0938365388117, "gxe": 64.5, "rpr": 1614.026482537439, "rprd": 60.9226098081791, "w": 81, "l": 74, "coil": null}, "gen9randombattle": {"elo": 1531.2797872286753, "gxe": 70.9, "rpr": 1668.003764897456, "rprd": 26.244151543182443, "w": 1599, "l": 1551, "coil": null}}}