{"username": "CebollaNegra", "userid": "cebollanegra", "registertime": 1421107200, "group": 1, "ratings": {"challengecup1v1": {"elo": 1206.6421814386, "gxe": 59.6, "rpr": 1574.6171596616, "rprd": 69.090508836486, "w": 14, "l": 8, "coil": null}, "gen1randombattle": {"elo": 1000, "gxe": 37.8, "rpr": 1401.2853931259, "rprd": 117.26058477607, "w": 0, "l": 3, "coil": null}, "gen3randombattle": {"elo": 1000, "gxe": 44.9, "rpr": 1458.874860266255, "rprd": 121.82744989122247, "w": 0, "l": 1, "coil": null}, "gen5randombattle": {"elo": 1000, "gxe": 45.3, "rpr": 1462.2585453350898, "rprd": 122.63494368869956, "w": 0, "l": 1, "coil": null}, "gen6randombattle": {"elo": 1000, "gxe": 45, "rpr": 1459.8393856609866, "rprd": 122.85830807679145, "w": 0, "l": 1, "coil": null}, "gen7challengecup1v1": {"elo": 1016.5006128276, "gxe": 39.7, "rpr": 1417.5535994396, "rprd": 106.25576905792, "w": 1, "l": 3, "coil": null}, "gen7randombattle": {"elo": 1251.4328886573, "gxe": 49.8, "rpr": 1498.8595506976, "rprd": 48.417338927202, "w": 27, "l": 25, "coil": null}, "gen7randomdoublesbattle": {"elo": 1000, "gxe": 44, "rpr": 1452.1714113459, "rprd": 121.95721680052, "w": 0, "l": 1, "coil": null}, "gen8randombattle": {"elo": 1067.5806875889, "gxe": 39.5, "rpr": 1416.9381921139, "rprd": 88.614364824657, "w": 13, "l": 14, "coil": null}, "gen9nu": {"elo": 1040, "gxe": 55, "rpr": 1540.1606143390134, "rprd": 122.85830807679145, "w": 1, "l": 0, "coil": 17.1875}, "gen9randombattle": {"elo": 1312.5711831056194, "gxe": 52.9, "rpr": 1522.2207227006513, "rprd": 38.98869830246896, "w": 1774, "l": 1870, "coil": null}, "ou": {"elo": 1096.7158676659, "gxe": 52, "rpr": 1515.7484621197, "rprd": 99.986916403713, "w": 4, "l": 2, "coil": null}, "randomdoublesbattle": {"elo": 1093.16620803, "gxe": 58.7, "rpr": 1570.3840707197, "rprd": 122.28502840405, "w": 2, "l": 0, "coil": null}, "randomtriplesbattle": {"elo": 1040, "gxe": 54.5, "rpr": 1536.3854585646, "rprd": 122.81392245608, "w": 1, "l": 0, "coil": null}}}