{"username": "cee09", "userid": "cee09", "registertime": 1747094400, "group": 1, "ratings": {"gen91v1": {"elo": 1000, "gxe": 46.1, "rpr": 1469.0434978375256, "rprd": 122.38895222556584, "w": 0, "l": 1, "coil": null}, "gen9randombattle": {"elo": 2253.5338231439614, "gxe": 83.9, "rpr": 1810.7141108811595, "rprd": 25.232560402591854, "w": 1795, "l": 1666, "coil": null}}}