{"username": "CentralLimitTheory", "userid": "centrallimittheory", "registertime": 1777939200, "group": 1, "ratings": {"gen8randombattle": {"elo": 1165.6223091957, "gxe": 54.4, "rpr": 1534.1227290906, "rprd": 83.908216472733, "w": 7, "l": 4, "coil": null}, "gen9championsrandombattle": {"elo": 1093.5846339632108, "gxe": 53, "rpr": 1523.7366776161114, "rprd": 96.10717298610828, "w": 4, "l": 3, "coil": null}, "gen9monotyperandombattle": {"elo": 1000, "gxe": 44.6, "rpr": 1456.7950678765208, "rprd": 121.95642623827698, "w": 0, "l": 1, "coil": null}, "gen9randombattle": {"elo": 1959.3806009873654, "gxe": 81.4, "rpr": 1778.3644470817994, "rprd": 30.45784673508466, "w": 228, "l": 177, "coil": null}}}