{"username": "cewki", "userid": "cewki", "registertime": 1548288000, "group": 1, "ratings": {"gen1randombattle": {"elo": 1080.5223595937623, "gxe": 38.9, "rpr": 1411.0738224127776, "rprd": 108.48414656852249, "w": 3, "l": 4, "coil": null}, "gen2randombattle": {"elo": 1000, "gxe": 44.9, "rpr": 1459.2000748707753, "rprd": 122.59655541420334, "w": 0, "l": 1, "coil": null}, "gen7anythinggoes": {"elo": 1166.3893106747, "gxe": 59.1, "rpr": 1583.5323619158, "rprd": 226.92377366183, "w": 9, "l": 3, "coil": null}, "gen7battlefactory": {"elo": 1036.2214671947, "gxe": 43, "rpr": 1443.4847309687, "rprd": 130, "w": 1, "l": 1, "coil": null}, "gen7monotypebattlefactory": {"elo": 1100.6156958275, "gxe": 56.3, "rpr": 1550.0195394238, "rprd": 102.10262693256, "w": 5, "l": 2, "coil": null}, "gen7monotyperandombattle": {"elo": 1125.045884236, "gxe": 45.7, "rpr": 1466.2400099685, "rprd": 98.438753479946, "w": 4, "l": 4, "coil": null}, "gen7ou": {"elo": 1181.6131227599, "gxe": 64, "rpr": 1611.905569492, "rprd": 93.986440435938, "w": 7, "l": 1, "coil": null}, "gen7oublitz": {"elo": 1167.4736763769, "gxe": 54.6, "rpr": 1535.1628980521, "rprd": 56.993693667554, "w": 21, "l": 17, "coil": null}, "gen7randombattle": {"elo": 1554.7856947143855, "gxe": 72.8, "rpr": 1687.5091378883933, "rprd": 57.01107140662757, "w": 733, "l": 716, "coil": null}, "gen7superstaffbrosbrawl": {"elo": 1000, "gxe": 36.7, "rpr": 1390.7525334863, "rprd": 130, "w": 0, "l": 2, "coil": null}, "gen8bdsprandombattle": {"elo": 1040, "gxe": 50.2, "rpr": 1501.6331756935, "rprd": 119.15011347964, "w": 1, "l": 1, "coil": null}, "gen8hackmonscup": {"elo": 1000, "gxe": 43.2, "rpr": 1445.2276655757, "rprd": 122.90421776874, "w": 0, "l": 1, "coil": null}, "gen8monotyperandombattle": {"elo": 1002.8303720857, "gxe": 21.9, "rpr": 1244.3913687508, "rprd": 130, "w": 1, "l": 4, "coil": null}, "gen8randombattle": {"elo": 1063.0087943381814, "gxe": 31.6, "rpr": 1345.651579289082, "rprd": 125.00060750102463, "w": 45, "l": 48, "coil": null}, "gen9anythinggoes": {"elo": 1413.2575404019474, "gxe": 76.3, "rpr": 1725.0386189194235, "rprd": 73.51898247621085, "w": 21, "l": 5, "coil": null}, "gen9championsrandombattle": {"elo": 1083.7908337654292, "gxe": 59, "rpr": 1572.567125829214, "rprd": 116.77753930629355, "w": 2, "l": 0, "coil": null}, "gen9chimera1v1randombattle": {"elo": 1050.2999902390893, "gxe": 42.5, "rpr": 1442.0921906916392, "rprd": 75.02063949245657, "w": 7, "l": 11, "coil": null}, "gen9monotyperandombattle": {"elo": 1000, "gxe": 40.2, "rpr": 1420.9225495528297, "rprd": 117.5838909179084, "w": 0, "l": 2, "coil": null}, "gen9ou": {"elo": 1083.7460379861052, "gxe": 57.2, "rpr": 1557.995226985587, "rprd": 116.5430103515596, "w": 2, "l": 0, "coil": null}, "gen9randombattle": {"elo": 1846.3225963785294, "gxe": 76.3, "rpr": 1720.011178155562, "rprd": 27.02035217167769, "w": 886, "l": 801, "coil": null}, "gen9randombattleblitz": {"elo": 1155.1920602857806, "gxe": 50.1, "rpr": 1500.4230958443954, "rprd": 88.56525859212951, "w": 7, "l": 7, "coil": null}}}