{"username": "ch3test8", "userid": "ch3test8", "registertime": 0, "group": 0, "ratings": {"gen4vgc2010": {"elo": 1002.8933675095, "gxe": 35.1, "rpr": 1380.7936031068, "rprd": 90.106604892583, "w": 2, "l": 8, "coil": null}, "gen9randombattle": {"elo": 1711.1555343479265, "gxe": 76.7, "rpr": 1724.7078930870437, "rprd": 28.04385898158498, "w": 238, "l": 202, "coil": null}}}