{"username": "ChadInteleonUser", "userid": "chadinteleonuser", "registertime": 1662768000, "group": 1, "ratings": {"gen8anythinggoes": {"elo": 1000, "gxe": 44.6, "rpr": 1456.4473282651, "rprd": 122.23000966238, "w": 0, "l": 1, "coil": null}, "gen8doublesou": {"elo": 1124.9702358094, "gxe": 51.1, "rpr": 1509.0853412651, "rprd": 193.11695150751, "w": 9, "l": 6, "coil": null}, "gen8metronomebattle": {"elo": 1053.1630977637, "gxe": 49.6, "rpr": 1496.8932975255, "rprd": 115.80661925918, "w": 1, "l": 1, "coil": null}, "gen8monotype": {"elo": 1000, "gxe": 44.3, "rpr": 1454.3977634255, "rprd": 121.88415461326, "w": 0, "l": 1, "coil": null}, "gen8nationaldexag": {"elo": 1051.9798130479, "gxe": 45.5, "rpr": 1464.9038285924, "rprd": 100.66794392677, "w": 3, "l": 3, "coil": null}, "gen8nu": {"elo": 1039.0707064391, "gxe": 40.6, "rpr": 1426.5691445224, "rprd": 81.233177637739, "w": 5, "l": 8, "coil": null}, "gen8ou": {"elo": 1178.055868903, "gxe": 59.5, "rpr": 1573.6646511043, "rprd": 72.878629514698, "w": 12, "l": 6, "coil": null}, "gen8pu": {"elo": 1035.1498549509, "gxe": 50.7, "rpr": 1505.3348740848, "rprd": 116.15586751851, "w": 1, "l": 1, "coil": null}, "gen8randombattle": {"elo": 1399.7533214716, "gxe": 59.9, "rpr": 1588.7323561864, "rprd": 212.71230620799, "w": 151, "l": 133, "coil": null}, "gen8randombattleblitz": {"elo": 1000, "gxe": 45.2, "rpr": 1461.6637143112, "rprd": 121.87898450664, "w": 0, "l": 1, "coil": null}, "gen8randomdoublesbattle": {"elo": 1058.287582152, "gxe": 51, "rpr": 1507.499667574, "rprd": 108.18263836175, "w": 2, "l": 2, "coil": null}, "gen9almostanyability": {"elo": 1019.3268168921203, "gxe": 43, "rpr": 1444.315887367367, "rprd": 111.69497579284814, "w": 1, "l": 2, "coil": null}, "gen9anythinggoes": {"elo": 1096.7087073408609, "gxe": 56, "rpr": 1547.316198795358, "rprd": 91.58566522208963, "w": 6, "l": 3, "coil": null}, "gen9cap": {"elo": 1000, "gxe": 42.4, "rpr": 1439.2551615937066, "rprd": 116.90791963284322, "w": 0, "l": 2, "coil": null}, "gen9championsou": {"elo": 1094.603071881882, "gxe": 52.9, "rpr": 1522.5431865972496, "rprd": 77.1647940017251, "w": 8, "l": 7, "coil": null}, "gen9championsvgc2026regma": {"elo": 1162.7807224293238, "gxe": 52.7, "rpr": 1520.5782182478906, "rprd": 54.458280899683714, "w": 22, "l": 17, "coil": null}, "gen9doublesou": {"elo": 1510.1242882313247, "gxe": 70.8, "rpr": 1667.8248641469036, "rprd": 42.99293247971002, "w": 64, "l": 39, "coil": null}, "gen9doublesuu": {"elo": 1121.3290316109403, "gxe": 53.1, "rpr": 1524.1124429721763, "rprd": 82.63431087233191, "w": 7, "l": 5, "coil": null}, "gen9monotype": {"elo": 1094.894902518417, "gxe": 54.1, "rpr": 1531.6431049697985, "rprd": 92.64401814787647, "w": 6, "l": 3, "coil": 1855.0759788940495}, "gen9nationaldex": {"elo": 1403.392533224768, "gxe": 59.8, "rpr": 1575.515123121784, "rprd": 42.824565791066625, "w": 188, "l": 162, "coil": null}, "gen9nationaldexag": {"elo": 1074.0129267029, "gxe": 50.7, "rpr": 1505.2393164701, "rprd": 109.40410614152, "w": 3, "l": 1, "coil": null}, "gen9nationaldexuu": {"elo": 1178.7265301489, "gxe": 56.6, "rpr": 1555.8986183982, "rprd": 173.3012477423, "w": 34, "l": 29, "coil": null}, "gen9nu": {"elo": 1095.3729189251528, "gxe": 58.5, "rpr": 1565.0131127888058, "rprd": 52.75915970693949, "w": 84, "l": 66, "coil": 2265.519428599946}, "gen9ou": {"elo": 1332.7579661002708, "gxe": 55.7, "rpr": 1543.6938387201694, "rprd": 58.94803442055284, "w": 12, "l": 13, "coil": null}, "gen9pu": {"elo": 1050.6053051474034, "gxe": 39.2, "rpr": 1414.4286972941222, "rprd": 94.35087774656675, "w": 3, "l": 7, "coil": 965.2172200624144}, "gen9randombattle": {"elo": 2141.158935055767, "gxe": 84.1, "rpr": 1813.7061554163145, "rprd": 25.667491358492583, "w": 2254, "l": 2075, "coil": null}, "gen9randombattleblitz": {"elo": 1206.2659930882753, "gxe": 55.8, "rpr": 1545.1810350769133, "rprd": 73.73132771981957, "w": 15, "l": 9, "coil": null}, "gen9randomdoublesbattle": {"elo": 1618.8086257153102, "gxe": 71.6, "rpr": 1674.5912850071488, "rprd": 35.49387490875457, "w": 165, "l": 141, "coil": null}, "gen9ru": {"elo": 1476.1693225405, "gxe": 72.7, "rpr": 1686.0981427122, "rprd": 53.658562362683, "w": 191, "l": 120, "coil": 2862.983251699464}, "gen9ubers": {"elo": 1072.8406513037912, "gxe": 56.8, "rpr": 1555.0622104581457, "rprd": 130, "w": 2, "l": 1, "coil": null}, "gen9uu": {"elo": 1379.4393617393523, "gxe": 68.7, "rpr": 1649.8713687922943, "rprd": 52.07905645608594, "w": 329, "l": 269, "coil": null}, "gen9vgc2023series2": {"elo": 1026.2313652956, "gxe": 48.6, "rpr": 1489.1131977284, "rprd": 116.28175188462, "w": 1, "l": 1, "coil": null}}}