{"username": "ChanceUser", "userid": "chanceuser", "registertime": 1678665600, "group": 1, "ratings": {"gen1randombattle": {"elo": 1075.8646487555575, "gxe": 51.4, "rpr": 1511.046495520442, "rprd": 108.0485795326883, "w": 2, "l": 2, "coil": null}, "gen3randombattle": {"elo": 1325.033780360316, "gxe": 74.6, "rpr": 1715.3774551257789, "rprd": 121.16146104847246, "w": 13, "l": 4, "coil": null}, "gen4randombattle": {"elo": 1321.9492219105155, "gxe": 64, "rpr": 1614.0849351563816, "rprd": 112.83465198826393, "w": 57, "l": 48, "coil": null}, "gen5randombattle": {"elo": 1480.4202199146155, "gxe": 80.6, "rpr": 1779.7890616762754, "rprd": 106.16967910852476, "w": 144, "l": 117, "coil": null}, "gen7randombattle": {"elo": 1336.8642792442242, "gxe": 54.8, "rpr": 1537.3018329977533, "rprd": 78.78763507881207, "w": 38, "l": 27, "coil": null}, "gen8randombattle": {"elo": 1415.9567378733, "gxe": 68.3, "rpr": 1650.0451117523, "rprd": 100.12552378156, "w": 227, "l": 159, "coil": null}, "gen9ou": {"elo": 1524.545338253253, "gxe": 65.2, "rpr": 1618.3663411306554, "rprd": 27.864590199901578, "w": 312, "l": 284, "coil": null}, "gen9randombattle": {"elo": 1911.6135795007256, "gxe": 80.8, "rpr": 1771.8567308961833, "rprd": 39.50531828513654, "w": 2233, "l": 2105, "coil": null}, "gen9randombattleblitz": {"elo": 1000, "gxe": 45, "rpr": 1459.8393856609866, "rprd": 122.85830807679145, "w": 0, "l": 1, "coil": null}, "gen9randomdoublesbattle": {"elo": 1352.3149861591414, "gxe": 63.8, "rpr": 1609.039235516803, "rprd": 73.95003873480607, "w": 34, "l": 20, "coil": null}}}