{"username": "Charizard is Mid", "userid": "charizardismid", "registertime": 1663632000, "group": 1, "ratings": {"gen6randombattle": {"elo": 1133.9896113303, "gxe": 63.9, "rpr": 1612.6550380901, "rprd": 106.33222193145, "w": 4, "l": 0, "coil": null}, "gen8almostanyability": {"elo": 1209.1723743931, "gxe": 62.9, "rpr": 1601.2022513514, "rprd": 69.53887656542, "w": 13, "l": 8, "coil": null}, "gen8anythinggoes": {"elo": 1027.6315163582, "gxe": 37.6, "rpr": 1400.2947892266, "rprd": 107.60750314982, "w": 1, "l": 3, "coil": null}, "gen8monotype": {"elo": 1049.1052375656, "gxe": 51.7, "rpr": 1513.6256026061, "rprd": 125.6083708721, "w": 1, "l": 0, "coil": null}, "gen8nationaldexag": {"elo": 1257.3996288403, "gxe": 61.2, "rpr": 1588.1729706471, "rprd": 80.676264059495, "w": 10, "l": 3, "coil": null}, "gen8ou": {"elo": 1236.0361701473, "gxe": 60.9, "rpr": 1585.1247642083, "rprd": 74.987063453705, "w": 13, "l": 5, "coil": null}, "gen8randombattle": {"elo": 1440.6202866971, "gxe": 70.6, "rpr": 1683.8345895106, "rprd": 170.23874224358, "w": 341, "l": 300, "coil": null}, "gen91v1factory": {"elo": 1000, "gxe": 44.6, "rpr": 1456.7427696795835, "rprd": 122.4899914211415, "w": 0, "l": 1, "coil": null}, "gen9almostanyability": {"elo": 1151.4079822125811, "gxe": 54, "rpr": 1531.0982320072596, "rprd": 95.0284899025845, "w": 6, "l": 4, "coil": null}, "gen9doublesbrokencup": {"elo": 1063.601561686445, "gxe": 50.2, "rpr": 1501.550389191668, "rprd": 92.48745693051532, "w": 4, "l": 4, "coil": null}, "gen9godlygift": {"elo": 1000, "gxe": 34.4, "rpr": 1373.106010050297, "rprd": 106.99413703344509, "w": 0, "l": 4, "coil": null}, "gen9hackmonscup": {"elo": 1049.7305940539322, "gxe": 50.5, "rpr": 1504.3289410226755, "rprd": 122.93275504687341, "w": 1, "l": 1, "coil": null}, "gen9monotype": {"elo": 1107.029959008235, "gxe": 59.6, "rpr": 1575.9950773751889, "rprd": 101.76056795411338, "w": 4, "l": 1, "coil": 1806.7341472803944}, "gen9nationaldex": {"elo": 1216.9722092213804, "gxe": 40.2, "rpr": 1421.895344482008, "rprd": 101.94370259548825, "w": 21, "l": 13, "coil": null}, "gen9nationaldexmonotype": {"elo": 1051.1647041408, "gxe": 53.9, "rpr": 1531.2210010404, "rprd": 122.74886161573, "w": 1, "l": 0, "coil": null}, "gen9nu": {"elo": 1104.8215298966502, "gxe": 57.7, "rpr": 1561.1678639701097, "rprd": 107.1344180262512, "w": 3, "l": 1, "coil": 686.17250535657}, "gen9ou": {"elo": 1112.9231555479332, "gxe": 45.3, "rpr": 1463.3591287617642, "rprd": 94.09954120089765, "w": 14, "l": 11, "coil": null}, "gen9randombattle": {"elo": 2010.9230143119098, "gxe": 81.7, "rpr": 1783.0801501323608, "rprd": 35.85957272281021, "w": 1017, "l": 836, "coil": null}, "gen9randomdoublesbattle": {"elo": 1000, "gxe": 45, "rpr": 1459.8393856609866, "rprd": 122.85830807679145, "w": 0, "l": 1, "coil": null}, "gen9sharedpower": {"elo": 1000, "gxe": 40.5, "rpr": 1423.2788775451813, "rprd": 115.60278425446522, "w": 0, "l": 2, "coil": null}}}