{"username": "cheese900", "userid": "cheese900", "registertime": 1780704000, "group": 1, "ratings": {"gen7doublesou": {"elo": 1000, "gxe": 37.5, "rpr": 1398.8626850258, "rprd": 111.06309466889, "w": 0, "l": 3, "coil": null}, "gen7randombattle": {"elo": 1000, "gxe": 45, "rpr": 1459.8393856612, "rprd": 122.8583080769, "w": 0, "l": 1, "coil": null}, "gen9ou": {"elo": 1013.7027218820749, "gxe": 34.2, "rpr": 1372.0637390377917, "rprd": 93.48888194320057, "w": 2, "l": 6, "coil": null}, "gen9randombattle": {"elo": 1261.85450299466, "gxe": 54.2, "rpr": 1531.8288514650246, "rprd": 59.54406038225923, "w": 20, "l": 13, "coil": null}, "randomdoublesbattle": {"elo": 1083.6354827213, "gxe": 54.7, "rpr": 1537.084911212, "rprd": 101.55738188456, "w": 3, "l": 2, "coil": null}}}