{"username": "Chickenadoboy", "userid": "chickenadoboy", "registertime": 1564876800, "group": 1, "ratings": {"gen7randombattle": {"elo": 1499.5946468191, "gxe": 77.7, "rpr": 1779.7750691559, "rprd": 220.34840988958, "w": 302, "l": 227, "coil": null}, "gen8randombattle": {"elo": 1436.1545507893, "gxe": 78.1, "rpr": 1768.3798365278, "rprd": 173.05577150886, "w": 2087, "l": 1827, "coil": null}, "gen8randombattlemayhem": {"elo": 1040, "gxe": 55, "rpr": 1540.1606143388, "rprd": 122.8583080769, "w": 1, "l": 0, "coil": null}, "gen9forceofthefallen": {"elo": 1120.5784375578162, "gxe": 57.3, "rpr": 1557.739713953986, "rprd": 105.45649139660365, "w": 3, "l": 1, "coil": null}, "gen9randombattle": {"elo": 2006.0061364616415, "gxe": 83.5, "rpr": 1806.3117515315528, "rprd": 35.63684171829524, "w": 3286, "l": 3025, "coil": null}}}