{"username": "Chicken347", "userid": "chicken347", "registertime": 1752278400, "group": 1, "ratings": {"gen8battlestadiumsingles": {"elo": 1050.9582742847, "gxe": 55, "rpr": 1540.1606143388, "rprd": 122.8583080769, "w": 1, "l": 0, "coil": null}, "gen8galarbeginnings": {"elo": 1040, "gxe": 55, "rpr": 1540.1606143388, "rprd": 122.8583080769, "w": 1, "l": 0, "coil": null}, "gen9championsrandombattle": {"elo": 1202.1479229170238, "gxe": 59.3, "rpr": 1572.4692615694944, "rprd": 73.2856928553993, "w": 11, "l": 7, "coil": null}, "gen9randombattle": {"elo": 1972.3918314688235, "gxe": 82, "rpr": 1785.6717995164686, "rprd": 29.959953161675074, "w": 204, "l": 149, "coil": null}}}