{"username": "chive456", "userid": "chive456", "registertime": 0, "group": 0, "ratings": {"gen8bdsprandombattle": {"elo": 1000, "gxe": 30.5, "rpr": 1341.9196230027, "rprd": 70.367696311677, "w": 5, "l": 16, "coil": null}, "gen8randombattle": {"elo": 1386.5584730581, "gxe": 58.7, "rpr": 1578.5884284547, "rprd": 219.12103448305, "w": 71, "l": 58, "coil": null}, "gen9battlefactory": {"elo": 1104.9505726031873, "gxe": 56, "rpr": 1547.9610672098445, "rprd": 122.04739620245518, "w": 6, "l": 4, "coil": null}, "gen9monkeyspawrandombattle": {"elo": 1024.4241295823927, "gxe": 50, "rpr": 1500, "rprd": 116.77753930629355, "w": 1, "l": 1, "coil": null}, "gen9ou": {"elo": 1329.150427119579, "gxe": 58.4, "rpr": 1564.370477841146, "rprd": 50.029651556135285, "w": 28, "l": 17, "coil": null}, "gen9randombattle": {"elo": 1602.8711935093168, "gxe": 70.2, "rpr": 1662.3667558772472, "rprd": 37.955131813529576, "w": 477, "l": 420, "coil": null}, "gen9randombattleblitz": {"elo": 1107.5400796864828, "gxe": 54.2, "rpr": 1533.8453447158342, "rprd": 121.8921204460373, "w": 15, "l": 11, "coil": null}}}