{"username": "ChriSD2nD", "userid": "chrisd2nd", "registertime": 1626220800, "group": 1, "ratings": {"gen6firstbloodrandombattle": {"elo": 1309.119510201212, "gxe": 53.4, "rpr": 1525.7030247301343, "rprd": 25, "w": 179, "l": 166, "coil": null}, "gen7randombattle": {"elo": 1023.1732499930492, "gxe": 45.2, "rpr": 1461.18346078573, "rprd": 121.92761037733624, "w": 1, "l": 2, "coil": null}, "gen81v1": {"elo": 1171.4912204717, "gxe": 50.9, "rpr": 1507.6696287283, "rprd": 215.61821200087, "w": 21, "l": 17, "coil": null}, "gen8anythinggoes": {"elo": 1097.9451746038, "gxe": 62.3, "rpr": 1599.2675350834, "rprd": 111.51861011339, "w": 0, "l": 0, "coil": null}, "gen8monotyperandombattle": {"elo": 1348.2006908686, "gxe": 69.5, "rpr": 1660.4957633149, "rprd": 94.185891408936, "w": 36, "l": 21, "coil": null}, "gen8ou": {"elo": 1345.3885323851, "gxe": 52, "rpr": 1515.4718347599, "rprd": 76.557838257116, "w": 322, "l": 337, "coil": null}, "gen8randombattle": {"elo": 1399.6014712859, "gxe": 61.5, "rpr": 1603.1769365738, "rprd": 210.3166236696, "w": 2467, "l": 2411, "coil": null}, "gen8randomdoublesbattle": {"elo": 1111.327013048, "gxe": 44.7, "rpr": 1458.4244777555, "rprd": 106.79008611076, "w": 9, "l": 10, "coil": null}, "gen8ubers": {"elo": 1261.5609239893, "gxe": 57.8, "rpr": 1570.5106109006, "rprd": 219.0818257624, "w": 251, "l": 241, "coil": null}, "gen8uu": {"elo": 1032.9978548523, "gxe": 38.1, "rpr": 1391.0887491544, "rprd": 222.6186246273, "w": 0, "l": 0, "coil": null}, "gen91v1factory": {"elo": 1040, "gxe": 55, "rpr": 1540.1606143390134, "rprd": 122.85830807679145, "w": 1, "l": 0, "coil": null}, "gen9babyrandombattle": {"elo": 1000, "gxe": 44.3, "rpr": 1454.6027844997332, "rprd": 121.96215754426215, "w": 0, "l": 1, "coil": null}, "gen9challengecup1v1": {"elo": 1000, "gxe": 43.2, "rpr": 1445.604642574802, "rprd": 122.33555417181392, "w": 0, "l": 1, "coil": null}, "gen9ou": {"elo": 1080.5151023007, "gxe": 56, "rpr": 1548.0772421138, "rprd": 117.56173439298, "w": 2, "l": 0, "coil": null}, "gen9randombattle": {"elo": 1473.129588603731, "gxe": 64.2, "rpr": 1610.1000870621367, "rprd": 29.3254445444894, "w": 6777, "l": 6625, "coil": null}, "gen9randomdoublesbattle": {"elo": 1103.5092161350817, "gxe": 59.7, "rpr": 1578.7791454227313, "rprd": 124.27253109683055, "w": 6, "l": 3, "coil": null}, "gen9ubers": {"elo": 1349.882034446947, "gxe": 65, "rpr": 1621.7189385589327, "rprd": 102.10574832377267, "w": 61, "l": 57, "coil": null}}}