{"username": "Chrqm", "userid": "chrqm", "registertime": 1632700800, "group": 1, "ratings": {"gen5ou": {"elo": 1242.710413128358, "gxe": 65.6, "rpr": 1624.6576105535805, "rprd": 85.48354973129322, "w": 9, "l": 2, "coil": null}, "gen61v1": {"elo": 1089.6261273, "gxe": 57.1, "rpr": 1556.0370544506, "rprd": 109.31820783213, "w": 3, "l": 1, "coil": null}, "gen6firstbloodrandombattle": {"elo": 1429.8275011883, "gxe": 66.4, "rpr": 1629.058311684, "rprd": 34.063275969945, "w": 288, "l": 203, "coil": null}, "gen6purehackmons": {"elo": 1000, "gxe": 35.2, "rpr": 1378.5544834335, "rprd": 117.12318052294, "w": 0, "l": 3, "coil": null}, "gen7ou": {"elo": 1272.671264446832, "gxe": 46, "rpr": 1467.5453275729224, "rprd": 130, "w": 47, "l": 45, "coil": null}, "gen7randombattle": {"elo": 1169.7789867969936, "gxe": 58.1, "rpr": 1564.425630094102, "rprd": 114.95304621294144, "w": 14, "l": 16, "coil": null}, "gen7ubers": {"elo": 1084.9961401698, "gxe": 59.4, "rpr": 1575.9910979969, "rprd": 116.85209668688, "w": 2, "l": 0, "coil": null}, "gen81v1": {"elo": 1159.1510704619, "gxe": 50.4, "rpr": 1504.0104436285, "rprd": 218.1427598301, "w": 39, "l": 39, "coil": null}, "gen8balancedhackmons": {"elo": 1283.9317540321, "gxe": 67.5, "rpr": 1641.2134427742, "rprd": 82.781211572035, "w": 15, "l": 6, "coil": null}, "gen8battlefactory": {"elo": 1131.9447961041521, "gxe": 65, "rpr": 1621.9290729986112, "rprd": 104.14990817714175, "w": 5, "l": 1, "coil": null}, "gen8bdspou": {"elo": 1163.7614738742, "gxe": 59, "rpr": 1571.3079058477, "rprd": 106.79768098984, "w": 19, "l": 13, "coil": null}, "gen8bdsprandombattle": {"elo": 1112.6732251891, "gxe": 64.7, "rpr": 1621.0355586137, "rprd": 125.23471729606, "w": 3, "l": 0, "coil": null}, "gen8cap": {"elo": 1087.6997006314, "gxe": 43.9, "rpr": 1452.7454185969, "rprd": 64.359703140713, "w": 38, "l": 40, "coil": null}, "gen8doublesou": {"elo": 1000, "gxe": 45, "rpr": 1459.8393856612, "rprd": 122.8583080769, "w": 0, "l": 1, "coil": null}, "gen8hackmonscup": {"elo": 1035.2852639102, "gxe": 49.6, "rpr": 1496.8587299524, "rprd": 115.85166253805, "w": 1, "l": 1, "coil": null}, "gen8joltemonsrandombattle": {"elo": 1000, "gxe": 46.6, "rpr": 1472.5867621252, "rprd": 123.32330926419, "w": 0, "l": 1, "coil": null}, "gen8lc": {"elo": 1024.4679340355, "gxe": 40.9, "rpr": 1429.3260812744, "rprd": 78.426255270018, "w": 5, "l": 9, "coil": null}, "gen8linked": {"elo": 1031.4951677363, "gxe": 44.6, "rpr": 1457.1911633674, "rprd": 110.36480841368, "w": 1, "l": 2, "coil": null}, "gen8mixandmega": {"elo": 1208.7035421703, "gxe": 69.5, "rpr": 1659.2814730196, "rprd": 85.044082288357, "w": 9, "l": 3, "coil": null}, "gen8nationaldexag": {"elo": 1386.5114039007, "gxe": 74.6, "rpr": 1713.1893725594, "rprd": 110.34257886561, "w": 17, "l": 3, "coil": null}, "gen8nfe": {"elo": 1072.2505824358, "gxe": 59.1, "rpr": 1572.7438554611, "rprd": 116.63702949375, "w": 2, "l": 0, "coil": null}, "gen8ou": {"elo": 1318.6371478807823, "gxe": 51.9, "rpr": 1514.7382223913114, "rprd": 83.2413256537316, "w": 190, "l": 193, "coil": null}, "gen8oublitz": {"elo": 1028.8713050031, "gxe": 51, "rpr": 1507.8181259988, "rprd": 130, "w": 1, "l": 1, "coil": null}, "gen8randombattle": {"elo": 1413.5069610585, "gxe": 69.8, "rpr": 1677.277487786, "rprd": 177.02056388945, "w": 1544, "l": 1499, "coil": null}, "gen8randomdoublesbattle": {"elo": 1026.8698231854, "gxe": 46.6, "rpr": 1472.7447732668, "rprd": 111.34105666724, "w": 1, "l": 2, "coil": null}, "gen8revelationmons": {"elo": 1135.4707197254, "gxe": 57.9, "rpr": 1562.0768922269, "rprd": 85.387492224511, "w": 7, "l": 4, "coil": null}, "gen8tiershift": {"elo": 1000, "gxe": 21.9, "rpr": 1256.8645647853, "rprd": 65.753301869385, "w": 4, "l": 25, "coil": null}, "gen8trademarked": {"elo": 1000, "gxe": 44.2, "rpr": 1453.5393146724, "rprd": 122.15851517588, "w": 0, "l": 1, "coil": null}, "gen8ubers": {"elo": 1167.9015181043, "gxe": 56.5, "rpr": 1559.1672847629, "rprd": 223.93031605068, "w": 15, "l": 9, "coil": null}, "gen8uu": {"elo": 1083.3662537637, "gxe": 50, "rpr": 1500.2383266124, "rprd": 109.32420613863, "w": 4, "l": 4, "coil": null}, "gen8vgc2021series11": {"elo": 1059.3642377898, "gxe": 47.1, "rpr": 1477.406919861, "rprd": 98.025393079093, "w": 4, "l": 3, "coil": null}, "gen8vgc2022": {"elo": 1000, "gxe": 42.4, "rpr": 1438.9869919314, "rprd": 123.93204776622, "w": 0, "l": 1, "coil": null}, "gen8zu": {"elo": 1037.5362411489, "gxe": 49.8, "rpr": 1498.5609939457, "rprd": 117.5274896133, "w": 1, "l": 1, "coil": null}, "gen91v1": {"elo": 1074.0758338850683, "gxe": 47.2, "rpr": 1478.4992393321445, "rprd": 76.55996671313927, "w": 8, "l": 8, "coil": null}, "gen9350cup": {"elo": 1000, "gxe": 38.3, "rpr": 1405.5933721558379, "rprd": 111.71202470274632, "w": 0, "l": 3, "coil": null}, "gen9almostanyability": {"elo": 1240.7286119569414, "gxe": 62.5, "rpr": 1596.6672588851739, "rprd": 50.57422898161124, "w": 40, "l": 29, "coil": null}, "gen9babyrandombattle": {"elo": 1159.095281441, "gxe": 63.2, "rpr": 1609.4308782926, "rprd": 137.38645824391, "w": 10, "l": 4, "coil": null}, "gen9battlefactory": {"elo": 1347.4922936145, "gxe": 62.7, "rpr": 1601.8288032924, "rprd": 100.12631547512, "w": 90, "l": 69, "coil": null}, "gen9brokencup": {"elo": 1159.984674198, "gxe": 59, "rpr": 1576.123086166, "rprd": 169.75561038467, "w": 67, "l": 61, "coil": null}, "gen9challengecup1v1": {"elo": 1088.467848508339, "gxe": 53.4, "rpr": 1526.7555268830608, "rprd": 110.198585567182, "w": 2, "l": 1, "coil": null}, "gen9chimera1v1randombattle": {"elo": 1224.1790786031, "gxe": 56.7, "rpr": 1551.1361178423, "rprd": 45.54175071198, "w": 37, "l": 29, "coil": null}, "gen9crossevolution": {"elo": 1263.0471527053, "gxe": 60.2, "rpr": 1583.7954366132, "rprd": 133.96435826445, "w": 139, "l": 63, "coil": null}, "gen9doublesbrokencup": {"elo": 1241.5907157368, "gxe": 65.7, "rpr": 1625.4354182993, "rprd": 77.191031378254, "w": 11, "l": 4, "coil": null}, "gen9doublesou": {"elo": 1119.8761869023, "gxe": 54.4, "rpr": 1533.6060478996, "rprd": 62.779674965219, "w": 17, "l": 13, "coil": null}, "gen9forceofthefallen": {"elo": 1332.8721374176, "gxe": 70.8, "rpr": 1668.4393595277, "rprd": 51.163718470071, "w": 63, "l": 25, "coil": null}, "gen9fortemons": {"elo": 1499.6962169307, "gxe": 72.7, "rpr": 1716.9184968754, "rprd": 211.494213942, "w": 35, "l": 10, "coil": null}, "gen9godlygift": {"elo": 1044.4823045921462, "gxe": 47.4, "rpr": 1479.7401541767106, "rprd": 102.79897312992134, "w": 2, "l": 3, "coil": null}, "gen9inheritance": {"elo": 1000, "gxe": 44.8, "rpr": 1458.2580133247134, "rprd": 122.11895265744766, "w": 0, "l": 1, "coil": 448}, "gen9lc": {"elo": 1114.8046179234848, "gxe": 63.6, "rpr": 1610.075890161032, "rprd": 111.13559550811667, "w": 3, "l": 0, "coil": null}, "gen9meowcup": {"elo": 1000, "gxe": 45.5, "rpr": 1464.3202999329878, "rprd": 122.84753904684159, "w": 0, "l": 1, "coil": null}, "gen9monotype": {"elo": 1000, "gxe": 42.7, "rpr": 1441.3517087754, "rprd": 123.16799255863, "w": 0, "l": 1, "coil": 427}, "gen9monotyperandombattle": {"elo": 1000, "gxe": 40.4, "rpr": 1422.758673088779, "rprd": 117.03304489812128, "w": 0, "l": 2, "coil": null}, "gen9nationaldex": {"elo": 1519.7863120769114, "gxe": 70.7, "rpr": 1669.4245903182, "rprd": 70.16713470680928, "w": 169, "l": 140, "coil": null}, "gen9ou": {"elo": 1349.8340603485194, "gxe": 55.5, "rpr": 1541.9048618542693, "rprd": 56.0714953059102, "w": 418, "l": 395, "coil": null}, "gen9pokebilities": {"elo": 1271.483321801, "gxe": 61, "rpr": 1592.6400306078, "rprd": 157.11731771057, "w": 49, "l": 36, "coil": null}, "gen9randombattle": {"elo": 1586.1583717212677, "gxe": 71.9, "rpr": 1677.8154958862508, "rprd": 43.955222628374024, "w": 1712, "l": 1511, "coil": null}, "gen9randombattleblitz": {"elo": 1288.1769215493982, "gxe": 49.9, "rpr": 1498.8410406174107, "rprd": 121.87288097568485, "w": 26, "l": 16, "coil": null}, "gen9randombattlemayhem": {"elo": 1054.2660365863114, "gxe": 54.5, "rpr": 1535.7141623635205, "rprd": 122.46545802593378, "w": 1, "l": 0,