{"username": "cityman16", "userid": "cityman16", "registertime": 1671408000, "group": 1, "ratings": {"gen9battlefactory": {"elo": 1061.3725478238, "gxe": 51.2, "rpr": 1510.2616574151, "rprd": 166.58729722232, "w": 4, "l": 4, "coil": null}, "gen9donotuserandombattle": {"elo": 1000, "gxe": 45, "rpr": 1459.8393856609866, "rprd": 122.85830807679145, "w": 0, "l": 1, "coil": null}, "gen9fortemons": {"elo": 1019.6169799652, "gxe": 38.6, "rpr": 1395.1090156055, "rprd": 225.42181457762, "w": 3, "l": 7, "coil": null}, "gen9livepatchbattlesver100": {"elo": 1022.8227161122072, "gxe": 50, "rpr": 1500, "rprd": 116.77753930629355, "w": 1, "l": 1, "coil": null}, "gen9monotype": {"elo": 1427.8895949462799, "gxe": 69.9, "rpr": 1661.041209295978, "rprd": 61.93713060554052, "w": 617, "l": 542, "coil": 2792.6576688141427}, "gen9monotyperandombattle": {"elo": 1183.4107509508676, "gxe": 55.6, "rpr": 1542.421204419589, "rprd": 53.530160188121386, "w": 494, "l": 473, "coil": null}, "gen9nationaldex": {"elo": 1282.4613251769229, "gxe": 53.1, "rpr": 1523.641304773161, "rprd": 42.80570586562261, "w": 39, "l": 28, "coil": null}, "gen9nationaldexmonotype": {"elo": 1250.9792044549865, "gxe": 59.9, "rpr": 1576.9978716642372, "rprd": 72.12471683303013, "w": 174, "l": 144, "coil": null}, "gen9ou": {"elo": 1267.1964703496292, "gxe": 51.2, "rpr": 1509.303606141877, "rprd": 49.62685187811244, "w": 40, "l": 35, "coil": null}, "gen9randombattle": {"elo": 1795.6963867601717, "gxe": 72.7, "rpr": 1684.5744184269226, "rprd": 30.280492025904937, "w": 1429, "l": 1303, "coil": null}, "gen9randombattleblitz": {"elo": 1074.5425759114084, "gxe": 41.6, "rpr": 1435.1341784522797, "rprd": 54.34319516515971, "w": 2064, "l": 2100, "coil": null}, "gen9randomdoublesbattle": {"elo": 1600.6213032899814, "gxe": 69.4, "rpr": 1654.9661040094836, "rprd": 44.59790005017118, "w": 69, "l": 41, "coil": null}, "gen9sharedpower": {"elo": 1040.7087159161429, "gxe": 46.3, "rpr": 1470.5568438716025, "rprd": 102.21226168875857, "w": 2, "l": 3, "coil": null}, "gen9ubersuu": {"elo": 1045.442729361697, "gxe": 47.9, "rpr": 1483.3472093873154, "rprd": 110.64321429823023, "w": 1, "l": 2, "coil": null}, "gen9uu": {"elo": 1089.9805876401658, "gxe": 41.2, "rpr": 1430.9795389778521, "rprd": 86.22965867266328, "w": 13, "l": 17, "coil": null}, "gen9vgc2023regulationc": {"elo": 1165.7182990695196, "gxe": 48, "rpr": 1484.7765420292892, "rprd": 50.14684329358401, "w": 24, "l": 23, "coil": null}, "gen9vgc2023series1": {"elo": 1102.7618483928, "gxe": 44.2, "rpr": 1455.6445815759, "rprd": 67.915163273773, "w": 10, "l": 11, "coil": null}}}