{"username": "cjvaldez", "userid": "cjvaldez", "registertime": 1419897600, "group": 1, "ratings": {"gen1randombattle": {"elo": 1000, "gxe": 45, "rpr": 1459.8393856612, "rprd": 122.8583080769, "w": 0, "l": 0, "coil": null}, "gen71v1": {"elo": 1000, "gxe": 45, "rpr": 1459.8393856612, "rprd": 122.8583080769, "w": 0, "l": 0, "coil": null}, "gen7randombattle": {"elo": 1457.7211571103, "gxe": 74.9, "rpr": 1709.7147347619, "rprd": 66.606604085523, "w": 810, "l": 708, "coil": null}, "gen8randombattle": {"elo": 1399.5077357892, "gxe": 62.5, "rpr": 1613.2683745338, "rprd": 210.48084369017, "w": 261, "l": 223, "coil": null}, "gen9championsrandombattle": {"elo": 1040, "gxe": 55, "rpr": 1540.1606143390134, "rprd": 122.85830807679145, "w": 1, "l": 0, "coil": null}, "gen9championsvgc2026regmb": {"elo": 1078.4219465130143, "gxe": 48.2, "rpr": 1486.3570615342635, "rprd": 93.1121213304206, "w": 4, "l": 4, "coil": null}, "gen9championsvgc2026regmbbo3": {"elo": 1048.4560724177154, "gxe": 46.7, "rpr": 1475.1288268377634, "rprd": 40.6974671689669, "w": 37, "l": 42, "coil": null}, "gen9randombattle": {"elo": 1876.048796418195, "gxe": 80.2, "rpr": 1764.3314281040518, "rprd": 33.464658742988405, "w": 1263, "l": 1131, "coil": null}, "ou": {"elo": 1088.6258974089, "gxe": 45.6, "rpr": 1464.7482344243, "rprd": 116.9321733979, "w": 0, "l": 0, "coil": null}}}