{"username": "cococem", "userid": "cococem", "registertime": 1781049600, "group": 1, "ratings": {"gen7randombattle": {"elo": 1238.6331023151577, "gxe": 64.5, "rpr": 1613.9048747724546, "rprd": 66.05028961668826, "w": 16, "l": 6, "coil": null}, "gen9monotype": {"elo": 1540.9132470219, "gxe": 80.9, "rpr": 1772.0584183207, "rprd": 32.388413598662, "w": 183, "l": 92, "coil": 3219.7281444161054}, "gen9randombattle": {"elo": 2127.2439148855, "gxe": 89.2, "rpr": 1898.2088063521, "rprd": 29.119498716143, "w": 149, "l": 70, "coil": null}}}