{"username": "coolguyinasuit", "userid": "coolguyinasuit", "registertime": 1598313600, "group": 1, "ratings": {"gen1ou": {"elo": 1013.574349037873, "gxe": 28.2, "rpr": 1315.415707051719, "rprd": 112.13779390058653, "w": 8, "l": 15, "coil": null}, "gen1randombattle": {"elo": 1249.787630405208, "gxe": 62.1, "rpr": 1595.8954924581851, "rprd": 89.35198119183322, "w": 23, "l": 15, "coil": null}, "gen2randombattle": {"elo": 1140.9009530500152, "gxe": 60.3, "rpr": 1583.9006114138044, "rprd": 123.19451733394433, "w": 15, "l": 9, "coil": null}, "gen3ou": {"elo": 1099.6361456937661, "gxe": 34, "rpr": 1368.8163261630648, "rprd": 115.4483384242241, "w": 28, "l": 31, "coil": null}, "gen3randombattle": {"elo": 1067.1140275026, "gxe": 47.3, "rpr": 1478.338123935, "rprd": 130, "w": 6, "l": 6, "coil": null}, "gen4randombattle": {"elo": 1196.3469528440928, "gxe": 61.3, "rpr": 1590.6381656876652, "rprd": 106.05793118946775, "w": 21, "l": 14, "coil": null}, "gen5ou": {"elo": 1144.4951381107, "gxe": 59.1, "rpr": 1569.4892651082, "rprd": 46.490913330096, "w": 36, "l": 31, "coil": null}, "gen5randombattle": {"elo": 1266.6721489525964, "gxe": 69.6, "rpr": 1659.957143875002, "rprd": 83.13286677922243, "w": 14, "l": 5, "coil": null}, "gen7battlefactory": {"elo": 1228.9285824696, "gxe": 57.6, "rpr": 1560.5283812408, "rprd": 107.64082286638, "w": 53, "l": 45, "coil": null}, "gen7ou": {"elo": 1422.1025554136381, "gxe": 63.3, "rpr": 1608.6002859952714, "rprd": 122.40819405991185, "w": 106, "l": 91, "coil": null}, "gen7randombattle": {"elo": 1629.025152638881, "gxe": 84.4, "rpr": 1836.1720682808711, "rprd": 121.80855185108256, "w": 78, "l": 50, "coil": null}, "gen7superstaffbrosbrawl": {"elo": 1118.0849527708, "gxe": 61, "rpr": 1588.3238426007, "rprd": 108.81916228458, "w": 3, "l": 1, "coil": null}, "gen81v1": {"elo": 1128.3997130073, "gxe": 55, "rpr": 1545.7600229123, "rprd": 229.79379243793, "w": 6, "l": 3, "coil": null}, "gen8alphabetcup": {"elo": 1015.7471113216, "gxe": 34, "rpr": 1369.6691819534, "rprd": 100.38954362748, "w": 1, "l": 5, "coil": null}, "gen8balancedhackmons": {"elo": 1150.9302261572, "gxe": 48.6, "rpr": 1488.925103509, "rprd": 86.820577740477, "w": 6, "l": 5, "coil": null}, "gen8battlefactory": {"elo": 1034.4855197944, "gxe": 39.7, "rpr": 1408.9719429058, "rprd": 201.73014633819, "w": 2, "l": 6, "coil": null}, "gen8bdsprandombattle": {"elo": 1140.7529347255, "gxe": 60.9, "rpr": 1585.9214422784, "rprd": 87.972707745449, "w": 7, "l": 3, "coil": null}, "gen8bssfactory": {"elo": 1059.042053932, "gxe": 48.7, "rpr": 1489.432326215, "rprd": 111.91296525856, "w": 1, "l": 2, "coil": null}, "gen8cap1v1": {"elo": 1106.7655403009, "gxe": 58.8, "rpr": 1569.5275505699, "rprd": 96.050106905103, "w": 5, "l": 2, "coil": null}, "gen8challengecup1v1": {"elo": 1196.5833855152, "gxe": 62.3, "rpr": 1600.7995866253, "rprd": 123.7447917344, "w": 30, "l": 21, "coil": null}, "gen8hackmonscup": {"elo": 1073.0846283909, "gxe": 44.9, "rpr": 1459.8953160559, "rprd": 102.85341639944, "w": 18, "l": 14, "coil": null}, "gen8monotyperandombattle": {"elo": 1403.2447795611, "gxe": 63.6, "rpr": 1610.3305175889, "rprd": 111.02893594016, "w": 78, "l": 64, "coil": null}, "gen8ou": {"elo": 1349.1685588606, "gxe": 63.2, "rpr": 1605.5751986356, "rprd": 97.534339690997, "w": 66, "l": 56, "coil": null}, "gen8randombattle": {"elo": 1399.4918937875354, "gxe": 66.4, "rpr": 1633.6393042364782, "rprd": 100.50202235726708, "w": 1031, "l": 974, "coil": null}, "gen8randombattlenodmax": {"elo": 1040, "gxe": 55, "rpr": 1540.1606143388, "rprd": 122.8583080769, "w": 1, "l": 0, "coil": null}, "gen8randomdoublesbattle": {"elo": 1166.6944597149, "gxe": 72.6, "rpr": 1696.4394440103, "rprd": 130, "w": 5, "l": 0, "coil": null}, "gen8uu": {"elo": 1052.3014988094, "gxe": 54.3, "rpr": 1534.158916521, "rprd": 122.21886560119, "w": 1, "l": 0, "coil": null}, "gen9battlefactory": {"elo": 1078.6429593350983, "gxe": 53.4, "rpr": 1526.6738790590155, "rprd": 110.56520022840706, "w": 2, "l": 1, "coil": null}, "gen9challengecup1v1": {"elo": 1167.6332831571272, "gxe": 54.2, "rpr": 1533.9560060402246, "rprd": 121.91867838882416, "w": 35, "l": 28, "coil": null}, "gen9hackmonscup": {"elo": 1223.6354261394113, "gxe": 57.7, "rpr": 1560.5852181499854, "rprd": 103.2440991380245, "w": 18, "l": 18, "coil": null}, "gen9monotyperandombattle": {"elo": 1134.0485943057613, "gxe": 60.7, "rpr": 1586.9329116732067, "rprd": 122.98373698667291, "w": 4, "l": 1, "coil": null}, "gen9ou": {"elo": 1086.571756310972, "gxe": 39.7, "rpr": 1417.6822183962797, "rprd": 111.35647293278812, "w": 5, "l": 8, "coil": null}, "gen9randombattle": {"elo": 1703.7310419216917, "gxe": 70.8, "rpr": 1666.9183173015235, "rprd": 26.70231090276437, "w": 3524, "l": 3423, "coil": null}, "gen9randombattleblitz": {"elo": 1188.5901243403528, "gxe": 39.7, "rpr": 1420.4023213762857, "rprd": 65.72444728424875, "w": 146, "l": 144, "coil": null}, "gen9randombattlemayhem": {"elo": 1046.2348302230384, "gxe": 53.8, "rpr": 1530.775469484579, "rprd": 123.06632882375817, "w": 1, "l": 0, "coil": null}, "gen9randomdoublesbattle": {"elo": 1034.3717865247831, "gxe": 48.6, "rpr": 1489.0246932418438, "rprd": 122.40612982857647, "w": 1, "l": 1, "coil": null}}}