{"username": "coolrip", "userid": "coolrip", "registertime": 1690588800, "group": 1, "ratings": {"gen9doublesou": {"elo": 1211.1985130559442, "gxe": 47.5, "rpr": 1481.1596343307472, "rprd": 31.620172330334363, "w": 130, "l": 114, "coil": null}, "gen9randombattle": {"elo": 1642.0123752868167, "gxe": 70.1, "rpr": 1660.8700167039622, "rprd": 28.187961610296124, "w": 740, "l": 724, "coil": null}, "gen9randomdoublesbattle": {"elo": 1300.779306112028, "gxe": 51.1, "rpr": 1508.800443263708, "rprd": 115.51741175129365, "w": 0, "l": 0, "coil": null}, "gen9vgc2023regulationd": {"elo": 1000, "gxe": 45.4, "rpr": 1463.0927993273956, "rprd": 122.797077893076, "w": 0, "l": 0, "coil": null}}}