{"username": "coolx1", "userid": "coolx1", "registertime": 1473638400, "group": 1, "ratings": {"1v1": {"elo": 1499.0614951704, "gxe": 63.2, "rpr": 1603.2881604123, "rprd": 61.569650947593, "w": 296, "l": 246, "coil": null}, "anythinggoes": {"elo": 1499.2106227448, "gxe": 76.2, "rpr": 1723.524354407, "rprd": 75.20688782169, "w": 40, "l": 16, "coil": null}, "battlefactory": {"elo": 1226.3599972047, "gxe": 70.8, "rpr": 1672.8094500527, "rprd": 96.540798947063, "w": 9, "l": 3, "coil": null}, "challengecup1v1": {"elo": 1184.2023362063, "gxe": 54, "rpr": 1530.0775427346, "rprd": 41.927463855735, "w": 51, "l": 49, "coil": null}, "gen1randombattle": {"elo": 1040, "gxe": 55, "rpr": 1540.1606143388, "rprd": 122.8583080769, "w": 1, "l": 0, "coil": null}, "gen7battlefactory": {"elo": 1110.817296652, "gxe": 60.3, "rpr": 1582.4438947787, "rprd": 111.55732547778, "w": 3, "l": 0, "coil": null}, "gen7bssfactory": {"elo": 1059.9349962499, "gxe": 55.2, "rpr": 1539.2286250059, "rprd": 25, "w": 111, "l": 101, "coil": null}, "gen7challengecup1v1": {"elo": 1189.1785253575, "gxe": 43.1, "rpr": 1445.5534608714, "rprd": 105.66810176949, "w": 254, "l": 223, "coil": null}, "gen7doublesou": {"elo": 1341.5520899025, "gxe": 64.2, "rpr": 1629.7272813372, "rprd": 212.7238315771, "w": 125, "l": 113, "coil": null}, "gen7fullpotential": {"elo": 1043.1100257777, "gxe": 41.8, "rpr": 1436.4327775284, "rprd": 69.158758900394, "w": 8, "l": 13, "coil": null}, "gen7inheritance": {"elo": 1159.087431115, "gxe": 51.8, "rpr": 1513.7228254464, "rprd": 33.371941918499, "w": 60, "l": 65, "coil": null}, "gen7mixandmega": {"elo": 1456.3720300479, "gxe": 79.1, "rpr": 1758.1791362685, "rprd": 87.639140447614, "w": 185, "l": 110, "coil": null}, "gen7monotype": {"elo": 1309.1471757835, "gxe": 53.8, "rpr": 1534.5222423225, "rprd": 223.60386522253, "w": 230, "l": 210, "coil": null}, "gen7randombattle": {"elo": 1340.4428872223, "gxe": 66.8, "rpr": 1631.6393608355, "rprd": 25, "w": 0, "l": 0, "coil": null}, "gen7randomdoublesbattle": {"elo": 1430.0450985782, "gxe": 63.6, "rpr": 1606.8650023247, "rprd": 59.71633028778, "w": 101, "l": 86, "coil": null}, "gen8monotyperandombattle": {"elo": 1384.7112534151, "gxe": 73.2, "rpr": 1692.0575167974, "rprd": 60.200503142606, "w": 23, "l": 7, "coil": null}, "gen8randombattle": {"elo": 1427.1643235115, "gxe": 72.9, "rpr": 1713.0083715799, "rprd": 188.6933240637, "w": 281, "l": 258, "coil": null}, "gen8randombattleblitz": {"elo": 1357.2855859229, "gxe": 69.2, "rpr": 1652.9185945193, "rprd": 39.541718856534, "w": 50, "l": 31, "coil": null}, "gen8randomdoublesbattle": {"elo": 1496.637109533136, "gxe": 71.9, "rpr": 1685.0697391953208, "rprd": 108.47607834980839, "w": 64, "l": 49, "coil": null}, "gen9monotyperandombattle": {"elo": 1056.1843809269, "gxe": 53.4, "rpr": 1527.1461446296, "rprd": 123.08766735081, "w": 1, "l": 0, "coil": null}, "gen9randombattle": {"elo": 1908.2768580272666, "gxe": 80.3, "rpr": 1764.621493800752, "rprd": 25.737077807851392, "w": 2934, "l": 2785, "coil": null}, "gen9randombattleblitz": {"elo": 1103.2759430955084, "gxe": 45.8, "rpr": 1467.8621524565206, "rprd": 78.0955818099709, "w": 7, "l": 7, "coil": null}, "gen9randomdoublesbattle": {"elo": 1111.1318917838944, "gxe": 57.8, "rpr": 1562.4002024894196, "rprd": 122.15793867957753, "w": 6, "l": 4, "coil": null}}}