{"username": "Coopman35", "userid": "coopman35", "registertime": 1518998400, "group": 1, "ratings": {"gen7doublesou": {"elo": 1204.2195643198, "gxe": 51.6, "rpr": 1514.2660970116, "rprd": 227.19608960705, "w": 306, "l": 293, "coil": null}, "gen7doublesubers": {"elo": 1130.9551430021, "gxe": 62.9, "rpr": 1603.3307406795, "rprd": 98.355983495641, "w": 5, "l": 1, "coil": null}, "gen7ou": {"elo": 1104.5081831749, "gxe": 52.3, "rpr": 1518.7629390934, "rprd": 127.9289022363, "w": 6, "l": 7, "coil": null}, "gen7randombattle": {"elo": 1499.0606580176, "gxe": 71.7, "rpr": 1707.7939803717, "rprd": 217.72877126833, "w": 3838, "l": 3747, "coil": null}, "gen7randomdoublesbattle": {"elo": 1116.1937958339, "gxe": 49.8, "rpr": 1498.440268378, "rprd": 99.894190514117, "w": 4, "l": 4, "coil": null}, "gen8doublesou": {"elo": 1371.818715348, "gxe": 66.8, "rpr": 1655.8563407131, "rprd": 219.05527583916, "w": 24, "l": 8, "coil": null}, "gen8randombattle": {"elo": 1399.7170687604, "gxe": 75.7, "rpr": 1751.1024793496, "rprd": 210.10450758989, "w": 7855, "l": 7602, "coil": null}, "gen8vgc2021": {"elo": 1132.5638612243, "gxe": 52.3, "rpr": 1517.4368595359, "rprd": 68.067145254365, "w": 12, "l": 9, "coil": null}, "gen9ou": {"elo": 1138.0442840413834, "gxe": 52.1, "rpr": 1516.1556379044478, "rprd": 80.0232989756039, "w": 8, "l": 5, "coil": null}, "gen9randombattle": {"elo": 1950.151715777417, "gxe": 78.6, "rpr": 1744.8746130776808, "rprd": 25.693340530089998, "w": 8904, "l": 8613, "coil": null}}}