{"username": "Copernicusthe54th", "userid": "copernicusthe54th", "registertime": 1690761600, "group": 1, "ratings": {"gen8randombattle": {"elo": 1000, "gxe": 39.8, "rpr": 1417.6132750959089, "rprd": 116.19804760396879, "w": 0, "l": 2, "coil": null}, "gen9championsvgc2026regma": {"elo": 1146.9017907883065, "gxe": 56.4, "rpr": 1550.3698187719879, "rprd": 89.56951820604566, "w": 6, "l": 3, "coil": null}, "gen9computergeneratedteams": {"elo": 1045.5683863904349, "gxe": 56.1, "rpr": 1548.6949403347353, "rprd": 122.92128149061728, "w": 1, "l": 0, "coil": null}, "gen9lc": {"elo": 1109.3307638241117, "gxe": 53.8, "rpr": 1529.839791507564, "rprd": 84.710687024696, "w": 6, "l": 5, "coil": null}, "gen9legendszaou": {"elo": 1120.8380327430843, "gxe": 50.8, "rpr": 1506.306782107647, "rprd": 51.78395812341195, "w": 24, "l": 20, "coil": null}, "gen9monotyperandombattle": {"elo": 1042.0112396703712, "gxe": 54.6, "rpr": 1536.9775926041127, "rprd": 122.54800765945916, "w": 1, "l": 0, "coil": null}, "gen9nationaldex": {"elo": 1465.6087864709032, "gxe": 60.8, "rpr": 1583.5008085667137, "rprd": 44.58386267179284, "w": 155, "l": 137, "coil": null}, "gen9nu": {"elo": 1088.459570515177, "gxe": 55.3, "rpr": 1541.9162415373723, "rprd": 98.49245017809243, "w": 4, "l": 2, "coil": 985.3339822632153}, "gen9ou": {"elo": 1298.6530108692875, "gxe": 50.3, "rpr": 1502.0351251420711, "rprd": 67.82717693135251, "w": 41, "l": 32, "coil": null}, "gen9pu": {"elo": 1047.512941612378, "gxe": 25.8, "rpr": 1296.0654315550028, "rprd": 77.08188778778552, "w": 2, "l": 14, "coil": 762.0422913047817}, "gen9randombattle": {"elo": 1872.090393602338, "gxe": 79.1, "rpr": 1751.232980761967, "rprd": 28.750939952749615, "w": 2116, "l": 2023, "coil": null}, "gen9randomdoublesbattle": {"elo": 1160.032206521689, "gxe": 46.3, "rpr": 1471.5063362045182, "rprd": 51.1007918339729, "w": 41, "l": 48, "coil": null}, "gen9ru": {"elo": 1079.0223854106373, "gxe": 41.5, "rpr": 1433.5717379107728, "rprd": 80.06914709693008, "w": 12, "l": 15, "coil": 1386.9578863901613}, "gen9vgc2023regulationd": {"elo": 1078.4235317530117, "gxe": 33.6, "rpr": 1371.5340404689023, "rprd": 39.390868905388416, "w": 92, "l": 140, "coil": null}, "gen9vgc2023regulatione": {"elo": 1157.6775414419142, "gxe": 44, "rpr": 1454.1099695110265, "rprd": 49.156581625695345, "w": 43, "l": 45, "coil": null}, "gen9vgc2023regulationebo3": {"elo": 1021.2455866558738, "gxe": 47, "rpr": 1476.0555940156949, "rprd": 110.31266525986233, "w": 1, "l": 2, "coil": null}, "gen9vgc2024regf": {"elo": 1050.1138056716932, "gxe": 28.1, "rpr": 1318.742173784299, "rprd": 82.40820357206462, "w": 2, "l": 11, "coil": null}, "gen9vgc2025regg": {"elo": 1082.5649232905305, "gxe": 46.2, "rpr": 1469.9351639370614, "rprd": 105.87071819950776, "w": 2, "l": 2, "coil": null}}}