{"username": "copet_setan", "userid": "copetsetan", "registertime": 1655510400, "group": 1, "ratings": {"gen5randombattle": {"elo": 1008.5415020914255, "gxe": 39.9, "rpr": 1419.4229042516681, "rprd": 101.4959091696359, "w": 1, "l": 4, "coil": null}, "gen7doublesou": {"elo": 1318.9609293909, "gxe": 71.1, "rpr": 1676.0171765685, "rprd": 100.07443457164, "w": 24, "l": 11, "coil": null}, "gen7monotypebattlefactory": {"elo": 1040, "gxe": 55, "rpr": 1540.1606143388, "rprd": 122.8583080769, "w": 1, "l": 0, "coil": null}, "gen7randombattle": {"elo": 1344.5689531182402, "gxe": 69.1, "rpr": 1658.1999620977795, "rprd": 102.22455639177595, "w": 24, "l": 11, "coil": null}, "gen8monotyperandombattle": {"elo": 1143.4218381168, "gxe": 56.7, "rpr": 1551.8523648663, "rprd": 68.618946122475, "w": 14, "l": 9, "coil": null}, "gen8nationaldexmonotype": {"elo": 1000, "gxe": 44.4, "rpr": 1455.1328963905, "rprd": 122.10505641367, "w": 0, "l": 1, "coil": null}, "gen8randombattle": {"elo": 1119.9450828721, "gxe": 45.9, "rpr": 1468.0599219777, "rprd": 88.721938779834, "w": 20, "l": 18, "coil": null}, "gen8randomdoublesbattle": {"elo": 1222.3809081209588, "gxe": 69.2, "rpr": 1662.4952192779676, "rprd": 130, "w": 14, "l": 7, "coil": null}, "gen8roulettemonsrandombattle": {"elo": 1040, "gxe": 55, "rpr": 1540.1606143388, "rprd": 122.8583080769, "w": 1, "l": 0, "coil": null}, "gen8ubers": {"elo": 1060.4619918231, "gxe": 49.5, "rpr": 1495.7466482328, "rprd": 107.09723676259, "w": 2, "l": 2, "coil": null}, "gen9doublesou": {"elo": 1392.9288328805367, "gxe": 59.8, "rpr": 1575.7270810656194, "rprd": 56.24129273786695, "w": 99, "l": 80, "coil": null}, "gen9doublesubers": {"elo": 1168.511626557745, "gxe": 45, "rpr": 1460.8149936091193, "rprd": 97.3573401007679, "w": 37, "l": 32, "coil": null}, "gen9monotype": {"elo": 1040, "gxe": 48.7, "rpr": 1489.5509176899193, "rprd": 116.8730102639877, "w": 1, "l": 1, "coil": 974}, "gen9ou": {"elo": 1041.0703460929187, "gxe": 37.9, "rpr": 1402.3990535853993, "rprd": 115.16847462472363, "w": 2, "l": 4, "coil": null}, "gen9randombattle": {"elo": 1367.0361973632857, "gxe": 59.4, "rpr": 1572.1282927944787, "rprd": 38.70945478902403, "w": 223, "l": 206, "coil": null}, "gen9randombattleblitz": {"elo": 1318.0652368049502, "gxe": 53.4, "rpr": 1525.7193746066703, "rprd": 38.63518592862863, "w": 64, "l": 61, "coil": null}, "gen9randomdoublesbattle": {"elo": 1060.2194776414276, "gxe": 37.8, "rpr": 1402.4954137510422, "rprd": 96.31099062079082, "w": 64, "l": 65, "coil": null}}}