{"username": "corgie98", "userid": "corgie98", "registertime": 1673654400, "group": 1, "ratings": {"gen9ou": {"elo": 1172.2356666147728, "gxe": 48.3, "rpr": 1486.8510264872898, "rprd": 90.08035787294229, "w": 18, "l": 17, "coil": null}, "gen9randombattle": {"elo": 1408.8949909250516, "gxe": 60.2, "rpr": 1578.5140990362602, "rprd": 50.35169004230454, "w": 645, "l": 674, "coil": null}, "gen9ubers": {"elo": 1088.0062426887123, "gxe": 49.6, "rpr": 1496.7479063263374, "rprd": 92.0782394290755, "w": 4, "l": 4, "coil": null}}}