{"username": "Count.Slapula", "userid": "countslapula", "registertime": 1758931200, "group": 1, "ratings": {"gen7randombattle": {"elo": 1040, "gxe": 48.7, "rpr": 1489.6188599553846, "rprd": 116.16010922549394, "w": 1, "l": 1, "coil": null}, "gen9randombattle": {"elo": 1541.319461215802, "gxe": 64.3, "rpr": 1610.857641103349, "rprd": 27.691852954598914, "w": 274, "l": 247, "coil": null}}}