{"username": "cqtaclysm", "userid": "cqtaclysm", "registertime": 1641427200, "group": 1, "ratings": {"battlefactory": {"elo": 1062.3987731187, "gxe": 56.9, "rpr": 1555.5680497352, "rprd": 122.77073455808, "w": 1, "l": 0, "coil": null}, "gen4sharedpowerrandombattle": {"elo": 1000, "gxe": 45, "rpr": 1459.8393856612, "rprd": 122.8583080769, "w": 0, "l": 1, "coil": null}, "gen5pokebilitiesrandombattle": {"elo": 1101.9587987260986, "gxe": 58.2, "rpr": 1564.9203428940525, "rprd": 100.67271266930463, "w": 4, "l": 2, "coil": null}, "gen6firstbloodrandombattle": {"elo": 1104.4302113559463, "gxe": 48, "rpr": 1484.2333578406983, "rprd": 80.6355386474661, "w": 7, "l": 8, "coil": null}, "gen6tripleschallengecup": {"elo": 1066.7206437409, "gxe": 44.8, "rpr": 1460.5519661975304, "rprd": 41.6004731063932, "w": 30, "l": 44, "coil": null}, "gen7battlefactory": {"elo": 1041.1323960797, "gxe": 43.1, "rpr": 1445.4296253093, "rprd": 105.40430020705, "w": 1, "l": 3, "coil": null}, "gen7bssfactory": {"elo": 1000, "gxe": 44.9, "rpr": 1459.4815339858, "rprd": 121.82812888986, "w": 0, "l": 1, "coil": null}, "gen7doublesou": {"elo": 1028.8935650089, "gxe": 31.7, "rpr": 1353.5899806636, "rprd": 59.604471941022, "w": 49, "l": 97, "coil": null}, "gen7hackmonscup": {"elo": 1120.4134616753, "gxe": 51.4, "rpr": 1510.7583083431, "rprd": 27.197148662332, "w": 525, "l": 608, "coil": null}, "gen7monotyperandombattle": {"elo": 1085.8548452356, "gxe": 51.8, "rpr": 1514.4003066564, "rprd": 117.02072687168, "w": 4, "l": 2, "coil": null}, "gen7ou": {"elo": 1012.2824963674514, "gxe": 21.4, "rpr": 1248.9564016477798, "rprd": 81.62066959987061, "w": 202, "l": 365, "coil": null}, "gen7randombattle": {"elo": 1489.9426674395, "gxe": 59.9, "rpr": 1580.1118164912, "rprd": 122.28144167645, "w": 2887, "l": 2836, "coil": null}, "gen7randombattleapexabilities": {"elo": 1172.1332864825247, "gxe": 51.4, "rpr": 1510.4548041439878, "rprd": 59.51103279435895, "w": 24, "l": 22, "coil": null}, "gen7randomdoublesbattle": {"elo": 1257.1338264388, "gxe": 58.6, "rpr": 1565.4964818129, "rprd": 25.344253280196, "w": 2183, "l": 2200, "coil": null}, "gen7ru": {"elo": 1040.7165456668, "gxe": 35.7, "rpr": 1368.1123023972, "rprd": 223.36779590047, "w": 6, "l": 13, "coil": null}, "gen7superstaffbrosbrawl": {"elo": 1022.1660277196, "gxe": 50, "rpr": 1500, "rprd": 116.77753930647, "w": 1, "l": 1, "coil": null}, "gen7ubers": {"elo": 1124.8664721309, "gxe": 36.5, "rpr": 1377.0149261104, "rprd": 217.29651869075, "w": 19, "l": 33, "coil": null}, "gen8anythinggoes": {"elo": 1000, "gxe": 44.6, "rpr": 1456.7944808037, "rprd": 121.98320413008, "w": 0, "l": 1, "coil": null}, "gen8bdsprandombattle": {"elo": 1043.6582183009, "gxe": 54, "rpr": 1531.7139304441, "rprd": 122.34323604815, "w": 1, "l": 0, "coil": null}, "gen8cap1v1": {"elo": 1000, "gxe": 41, "rpr": 1427.4328741711, "rprd": 116.77753930647, "w": 0, "l": 2, "coil": null}, "gen8doublesou": {"elo": 1199.965702926, "gxe": 62, "rpr": 1595.9768196847, "rprd": 100.21513786023, "w": 1432, "l": 1379, "coil": null}, "gen8doublesuu": {"elo": 1014.3975877076, "gxe": 43.8, "rpr": 1450.8560890219, "rprd": 105.62350040276, "w": 1, "l": 3, "coil": null}, "gen8hackmonscup": {"elo": 1162.5999500089695, "gxe": 51.6, "rpr": 1512.125260849465, "rprd": 74.92672825510631, "w": 954, "l": 1149, "coil": null}, "gen8joltemonsrandombattle": {"elo": 1056.7012108642, "gxe": 56.9, "rpr": 1555.6122970494, "rprd": 122.56310743244, "w": 1, "l": 0, "coil": null}, "gen8monotyperandombattle": {"elo": 1140.0185826006, "gxe": 58.8, "rpr": 1569.6900539583, "rprd": 101.06134548622, "w": 7, "l": 5, "coil": null}, "gen8ou": {"elo": 1098.8181457704516, "gxe": 27.8, "rpr": 1318.78718788216, "rprd": 54.53008163773929, "w": 70, "l": 155, "coil": null}, "gen8randombattle": {"elo": 1309.4966601869, "gxe": 56.4, "rpr": 1548.3026551927, "rprd": 36.816323812751, "w": 1593, "l": 1579, "coil": null}, "gen8randombattleblitz": {"elo": 1040, "gxe": 54.8, "rpr": 1538.0513981386, "rprd": 122.29939534334, "w": 1, "l": 0, "coil": null}, "gen8randombattlemayhem": {"elo": 1075.4648366593, "gxe": 53.2, "rpr": 1525.5812653478, "rprd": 110.89617281876, "w": 2, "l": 1, "coil": null}, "gen8randomdoublesbattle": {"elo": 1257.4008135073, "gxe": 54.6, "rpr": 1538.6086780204, "rprd": 172.07909967527, "w": 1130, "l": 1118, "coil": null}, "gen9b6p4randomdoublesbattlebo3": {"elo": 1040, "gxe": 55, "rpr": 1540.1606143388, "rprd": 123.03963956633, "w": 1, "l": 0, "coil": null}, "gen9caprandombattle": {"elo": 1084.88487231048, "gxe": 51.7, "rpr": 1512.884790525782, "rprd": 57.8272310896541, "w": 21, "l": 22, "coil": null}, "gen9chimera1v1randombattle": {"elo": 1000, "gxe": 41, "rpr": 1427.432874170786, "rprd": 116.77753930629355, "w": 0, "l": 2, "coil": null}, "gen9doublesbrokencup": {"elo": 1148.5927941776636, "gxe": 44.8, "rpr": 1460.6295651962923, "rprd": 41.16422999896057, "w": 36, "l": 43, "coil": null}, "gen9doublesou": {"elo": 1134.8705176223, "gxe": 33.6, "rpr": 1370.9913433394, "rprd": 47.593280412183, "w": 23, "l": 42, "coil": null}, "gen9forceofthefallenrandomroulette": {"elo": 1086.5009095512498, "gxe": 41.1, "rpr": 1431.8355713900864, "rprd": 48.67652151341667, "w": 38, "l": 61, "coil": null}, "gen9hackmonscup": {"elo": 1097.7246066319576, "gxe": 46.7, "rpr": 1474.7373275011862, "rprd": 48.63216212262483, "w": 587, "l": 784, "coil": null}, "gen9monkeyspawrandombattle": {"elo": 1040, "gxe": 55, "rpr": 1540.1606143390134, "rprd": 122.85830807679145, "w": 1, "l": 0, "coil": null}, "gen9monotyperandombattle": {"elo": 1041.9454717733163, "gxe": 55.6, "rpr": 1544.8144777617324, "rprd": 121.82668387787263, "w": 1, "l": 0, "coil": null}, "gen9ou": {"elo": 1030.7876033182704, "gxe": 31.2, "rpr": 1344.6861161113313, "rprd": 101.83546607736575, "w": 4, "l": 7, "coil": null}, "gen9partnersincrimerandombattle": {"elo": 1177.1581704963833, "gxe": 49.3, "rpr": 1494.6189061913979, "rprd": 29.812182151416884, "w": 76, "l": 86, "coil": null}, "gen9partnersincrimerandombattle6moves": {"elo": 1099.9878817380181, "gxe": 48.5, "rpr": 1488.4453046416088, "rprd": 35.20427633533857, "w": 83, "l": 95, "coil": null}, "gen9pu": {"elo": 1049.337984679958, "gxe": 35.5, "rpr": 1385.9288498815467, "rprd": 66.89903803030406, "w": 7, "l": 17, "coil": 1160.0799718011808}, "gen9randombattle": {"elo": 1330.6972296203082, "gxe": 56.9, "rpr": 1552.487054256612, "rprd": 39.64956798029598, "w": 1268, "l": 1269, "coil": null}, "gen9randombattlehyperblitzautochoose": {"elo": 1000, "gxe": 45, "rpr": 1459.8393856609866, "rprd": 122.85830807679145, "w": 0, "l": 1, "coil": null}, "gen9randombattlesharedpowerb12p6": {"elo": 1069.9091508902336, "gxe": 42.2, "rpr": 1440.4653364716098, "rprd": 53.76224931516028, "w": 146, "l": 168, "coil": null}, "gen9randomdoublesbattle": {"elo": 1245.8307901712749, "gxe": 52.4, "rpr": 1518.3253142099782, "rprd": 42.65186712291298, "w": 656, "l": 679, "coil": null}, "gen9randomroulette": {"elo": 1000, "gxe": 42.3, "rpr": 1437.5759593021053, "rprd": 122.8870511937903, "w": 0, "l": 2, "coil": null}, "gen9ru": {"elo": 1012.749126707082, "gxe": 22.7, "rpr": 1259.9751461736803, "rprd": 103.01871832304961, "w": 9, "l": 26, "coil": 790.4599114728807}, "gen9ubers": {"elo": 1033.4602916538897, "gxe": 29.8, "rpr": 1338.013995551253, "rprd": 43.47100848155626, "w": 30, "l": 62, "coil": null}, "gen9uu": {"elo": 1104.5187941882882, "gxe": 44.3, "rpr": 1455.9170575494668, "rprd": 81.63979829384145, "w": 7, "l": 9, "coil": null}, "lc": {"elo": 1052.5333408589, "gxe": 36.1, "rpr": 1391.085947227, "rprd": 55.852869823556, "w": 12, "l": 25, "coil": null}, "nu": {"elo": 1003.6318477746, "gxe": 41.8, "rpr": 1434.4439158703, "rprd": 106.3477629166, "w": 1, "l": 3, "coil": null}, "ou": {"elo": 1251.4215224581, "gxe": 60.7, "rpr": 1585.8381650214, "rprd": 106.94127211831, "w": 13, "l": 4, "coil": null}, "pu": {"elo": 1000, "gxe": 45, "rpr": 1459.8393856612, "rprd": 122.8583080769, "w": 0, "l": 1, "coil": null}, "randomdoublesbattle": {"elo": 1023.2466884141, "gxe": 47.5,