{"username": "Crabpeople333", "userid": "crabpeople333", "registertime": 1649980800, "group": 1, "ratings": {"gen7randombattle": {"elo": 1314.7100981885, "gxe": 63.8, "rpr": 1607.0184020817, "rprd": 26.653164905996, "w": 1163, "l": 1203, "coil": null}, "gen8monotyperandombattle": {"elo": 1000, "gxe": 45, "rpr": 1459.8393856612, "rprd": 122.8583080769, "w": 0, "l": 1, "coil": null}, "gen8randombattle": {"elo": 1416.2964424254, "gxe": 70.5, "rpr": 1683.7005041001, "rprd": 174.87710845006, "w": 1864, "l": 1736, "coil": null}, "gen8randomdoublesbattle": {"elo": 1064.1407691493, "gxe": 45.8, "rpr": 1461.8934233283, "rprd": 228.93074427201, "w": 4, "l": 5, "coil": null}, "gen9randombattle": {"elo": 1837.243086582003, "gxe": 78.3, "rpr": 1742.5104369161247, "rprd": 34.59671160346053, "w": 3143, "l": 2942, "coil": null}, "gen9randombattleblitz": {"elo": 1000, "gxe": 44.2, "rpr": 1453.1148441078, "rprd": 122.23257377739, "w": 0, "l": 1, "coil": null}}}