{"username": "Crysys1", "userid": "crysys1", "registertime": 1752278400, "group": 1, "ratings": {"gen9randombattle": {"elo": 2157.7592538643, "gxe": 86.7, "rpr": 1853.9791417432, "rprd": 25.876418629631, "w": 2240, "l": 2098, "coil": null}}}