{"username": "curcumafrita", "userid": "curcumafrita", "registertime": 0, "group": 0, "ratings": {"gen9randombattle": {"elo": 1050.51002297325, "gxe": 42.2, "rpr": 1440.6695128635452, "rprd": 39.57755926613498, "w": 188, "l": 212, "coil": null}}}