{"username": "cynda49.50", "userid": "cynda4950", "registertime": 1780012800, "group": 1, "ratings": {"gen9championsrandombattle": {"elo": 1106.9230946662515, "gxe": 45.4, "rpr": 1464.6420877292653, "rprd": 57.52009951519529, "w": 15, "l": 20, "coil": null}, "gen9championsvgc2026regma": {"elo": 1086.9738600971448, "gxe": 37.7, "rpr": 1405.288584048216, "rprd": 40.00714225768667, "w": 35, "l": 46, "coil": null}, "gen9championsvgc2026regmabo3": {"elo": 1075.1721936448432, "gxe": 59.4, "rpr": 1575.7621990852128, "rprd": 116.10697836292083, "w": 2, "l": 0, "coil": null}, "gen9championsvgc2026regmb": {"elo": 1049.78947060205, "gxe": 35.4, "rpr": 1386.438898244116, "rprd": 35.73259417167291, "w": 40, "l": 73, "coil": null}, "gen9megainvasionrandombattle": {"elo": 1000, "gxe": 45, "rpr": 1459.5945983513311, "rprd": 121.84357926558734, "w": 0, "l": 1, "coil": null}, "gen9randombattle": {"elo": 1001.6642739258892, "gxe": 37.8, "rpr": 1404.0337088451834, "rprd": 72.74080788596022, "w": 7, "l": 12, "coil": null}, "gen9randomdoublesbattle": {"elo": 1093.654144733099, "gxe": 49.5, "rpr": 1495.9700740972328, "rprd": 95.07806955945831, "w": 4, "l": 4, "coil": null}}}