{"username": "Daan0112?", "userid": "daan0112", "registertime": 1753920000, "group": 1, "ratings": {"gen8nationaldex": {"elo": 1000, "gxe": 38.7, "rpr": 1408.3132507685368, "rprd": 116.59530662933034, "w": 0, "l": 0, "coil": null}, "gen9championsvgc2026regma": {"elo": 1229.8392534253667, "gxe": 44.9, "rpr": 1460.9227927021454, "rprd": 39.23676126483421, "w": 4, "l": 3, "coil": null}, "gen9championsvgc2026regmabo3": {"elo": 1000, "gxe": 45.6, "rpr": 1464.458466329124, "rprd": 122.46225103121067, "w": 0, "l": 0, "coil": null}, "gen9championsvgc2026regmb": {"elo": 1116.0760585619264, "gxe": 42.9, "rpr": 1445.4949399719533, "rprd": 50.565914565300204, "w": 21, "l": 28, "coil": null}, "gen9championsvgc2026regmbbo3": {"elo": 1054.0471327851187, "gxe": 47.6, "rpr": 1480.877424341752, "rprd": 108.52552749463658, "w": 2, "l": 2, "coil": null}, "gen9megainvasionrandombattle": {"elo": 1000, "gxe": 45, "rpr": 1459.8393856609866, "rprd": 122.85830807679145, "w": 0, "l": 0, "coil": null}, "gen9randombattle": {"elo": 1447.5402634891389, "gxe": 56.7, "rpr": 1550.8523476966836, "rprd": 34.186140465006766, "w": 0, "l": 1, "coil": null}, "gen9randombattleblitz": {"elo": 1026.9498653131193, "gxe": 36.2, "rpr": 1387.047812659569, "rprd": 118.38674148967645, "w": 0, "l": 1, "coil": null}, "gen9randomdoublesbattle": {"elo": 1263.8218805928875, "gxe": 56.9, "rpr": 1553.1107272091244, "rprd": 66.76928170217244, "w": 0, "l": 0, "coil": null}, "gen9vgc2025regj": {"elo": 1148.796752848452, "gxe": 48.1, "rpr": 1485.865873323662, "rprd": 43.31168885603951, "w": 0, "l": 0, "coil": null}}}