{"username": "dadegamer02", "userid": "dadegamer02", "registertime": 1670630400, "group": 1, "ratings": {"gen4randombattle": {"elo": 1075.4126585965, "gxe": 46.8, "rpr": 1475.6162635193, "rprd": 68.408997347467, "w": 10, "l": 11, "coil": null}, "gen8randombattle": {"elo": 1176.9325701282, "gxe": 51, "rpr": 1507.7238460962, "rprd": 39.798454624305, "w": 39, "l": 36, "coil": null}, "gen9ou": {"elo": 1177.4473474647, "gxe": 47.3, "rpr": 1479.9290598181, "rprd": 38.003513833017, "w": 43, "l": 42, "coil": null}, "gen9randombattle": {"elo": 1497.6571231226292, "gxe": 63.9, "rpr": 1607.9745709686615, "rprd": 32.422342941913826, "w": 1074, "l": 1065, "coil": null}, "gen9randombattleblitz": {"elo": 1051.3957227832, "gxe": 56.5, "rpr": 1552.250035991, "rprd": 122.79984369308, "w": 1, "l": 0, "coil": null}, "gen9ru": {"elo": 1045.5049272378, "gxe": 51.1, "rpr": 1508.8865023343, "rprd": 106.53912040878, "w": 2, "l": 2, "coil": 607.6848357663904}}}