{"username": "dagadg23tgadsg", "userid": "dagadg23tgadsg", "registertime": 0, "group": 0, "ratings": {"gen9randombattle": {"elo": 1167.3403235282087, "gxe": 61.3, "rpr": 1590.0586786866322, "rprd": 97.25928409032075, "w": 9, "l": 3, "coil": null}}}