{"username": "Dahrkphoenix", "userid": "dahrkphoenix", "registertime": 1528070400, "group": 1, "ratings": {"gen7anythinggoes": {"elo": 1015.8970083652, "gxe": 45.1, "rpr": 1461.2168331069, "rprd": 110.80415387307, "w": 1, "l": 2, "coil": null}, "gen7ou": {"elo": 1048.7839762355, "gxe": 33.1, "rpr": 1362.6804815267, "rprd": 94.086671801893, "w": 0, "l": 0, "coil": null}, "gen7randombattle": {"elo": 1094.0251972992, "gxe": 42.3, "rpr": 1438.3153186802, "rprd": 114.47329136037, "w": 0, "l": 0, "coil": null}, "gen8bdspou": {"elo": 1055.2824157369, "gxe": 44.3, "rpr": 1454.3715667778, "rprd": 111.15579294141, "w": 2, "l": 2, "coil": null}, "gen8nationaldexag": {"elo": 1000, "gxe": 45, "rpr": 1459.8393856612, "rprd": 122.8583080769, "w": 0, "l": 1, "coil": null}, "gen8ou": {"elo": 1081.7269668436, "gxe": 45, "rpr": 1460.0251184162, "rprd": 130, "w": 0, "l": 0, "coil": null}, "gen8randombattle": {"elo": 1151.9698707038, "gxe": 46.2, "rpr": 1471.5607122647, "rprd": 30.454295624381, "w": 0, "l": 0, "coil": null}, "gen9bssregh": {"elo": 1000, "gxe": 44, "rpr": 1452.228540990179, "rprd": 122.03358980495607, "w": 0, "l": 1, "coil": null}, "gen9championsou": {"elo": 1043.857971111346, "gxe": 55, "rpr": 1540.1606143390134, "rprd": 122.85830807679145, "w": 1, "l": 0, "coil": null}, "gen9championsrandombattle": {"elo": 1000, "gxe": 36.9, "rpr": 1393.9876183808328, "rprd": 110.65341893658074, "w": 0, "l": 3, "coil": null}, "gen9doublesou": {"elo": 1040, "gxe": 45.6, "rpr": 1464.480942077907, "rprd": 130, "w": 1, "l": 2, "coil": null}, "gen9nationaldex": {"elo": 1000, "gxe": 42.4, "rpr": 1438.9579486115708, "rprd": 123.0931202313496, "w": 0, "l": 1, "coil": null}, "gen9ou": {"elo": 1000, "gxe": 20.3, "rpr": 1224.4238496537287, "rprd": 130, "w": 0, "l": 2, "coil": null}, "gen9randombattle": {"elo": 1655.399862965155, "gxe": 69.7, "rpr": 1657.0135827158567, "rprd": 34.40487448596832, "w": 386, "l": 369, "coil": null}, "gen9randombattleblitz": {"elo": 1044.035019179378, "gxe": 46.9, "rpr": 1474.665099401212, "rprd": 130, "w": 2, "l": 2, "coil": null}, "gen9randomdoublesbattle": {"elo": 1091.7688392949872, "gxe": 58.7, "rpr": 1569.7986984210308, "rprd": 115.84481991196556, "w": 2, "l": 0, "coil": null}, "gen9ubers": {"elo": 1000, "gxe": 43.2, "rpr": 1445.6252606719597, "rprd": 122.68991195772527, "w": 0, "l": 1, "coil": null}, "gen9vgc2024regh": {"elo": 1032.3940260987908, "gxe": 35.3, "rpr": 1382.0617202600847, "rprd": 94.50809030605289, "w": 2, "l": 5, "coil": null}}}