{"username": "daktey", "userid": "daktey", "registertime": 1503878400, "group": 1, "ratings": {"gen7battlespotsingles": {"elo": 1333.530054362, "gxe": 49, "rpr": 1492.0911665004, "rprd": 85.407565486318, "w": 0, "l": 0, "coil": null}, "gen7randombattle": {"elo": 1499.3694543627, "gxe": 76, "rpr": 1734.3993338448, "rprd": 142.13307158078, "w": 546, "l": 466, "coil": null}, "gen8battlestadiumsingles": {"elo": 1401.6011016941, "gxe": 63.9, "rpr": 1607.537440526, "rprd": 26.853996151088, "w": 304, "l": 242, "coil": null}, "gen8monotype": {"elo": 1166.1558616818, "gxe": 65.6, "rpr": 1626.9021931434, "rprd": 101.89162747627, "w": 5, "l": 0, "coil": null}, "gen8monotyperandombattle": {"elo": 1499.2012865166, "gxe": 78.1, "rpr": 1744.5109634305, "rprd": 74.959806581526, "w": 687, "l": 487, "coil": null}, "gen8randombattle": {"elo": 1399.7327009076, "gxe": 79.5, "rpr": 1799.7444111922, "rprd": 210.10450758989, "w": 708, "l": 502, "coil": null}, "gen8randombattleblitz": {"elo": 1471.3855772955, "gxe": 68.5, "rpr": 1647.5163210153, "rprd": 47.934945957788, "w": 47, "l": 27, "coil": null}, "gen8randomdoublesbattle": {"elo": 1053.1624484764, "gxe": 50, "rpr": 1500.0113780693, "rprd": 115.95973683098, "w": 1, "l": 1, "coil": null}, "gen9battlestadiumsinglesseries1": {"elo": 1499.6618247277, "gxe": 58.5, "rpr": 1565.6713702584, "rprd": 74.712339415123, "w": 162, "l": 139, "coil": null}, "gen9randombattle": {"elo": 1807.5005400007353, "gxe": 80.9, "rpr": 1773.5262855474841, "rprd": 43.138905250606, "w": 1066, "l": 847, "coil": null}, "gen9randombattleblitz": {"elo": 1478.4772129231915, "gxe": 61.8, "rpr": 1596.4355032172457, "rprd": 130, "w": 74, "l": 44, "coil": null}}}