{"username": "DalmiroM1", "userid": "dalmirom1", "registertime": 1431820800, "group": 1, "ratings": {"battlefactory": {"elo": 1059.313622353, "gxe": 50.7, "rpr": 1505.8734266729, "rprd": 105.73020834127, "w": 2, "l": 2, "coil": null}, "challengecup1v1": {"elo": 1000, "gxe": 35.4, "rpr": 1380.6714765575, "rprd": 112.44717850302, "w": 0, "l": 3, "coil": null}, "digimondigimonshowdownsingles": {"elo": 1070.1028089042, "gxe": 59, "rpr": 1572.5671258289, "rprd": 116.77753930647, "w": 2, "l": 0, "coil": null}, "digimondigimonxpokemon": {"elo": 1040, "gxe": 55, "rpr": 1540.1606143388, "rprd": 122.8583080769, "w": 1, "l": 0, "coil": null}, "gen1randombattle": {"elo": 1173.7715583415, "gxe": 62.4, "rpr": 1596.9697282161, "rprd": 71.358999888022, "w": 17, "l": 11, "coil": null}, "gen2randombattle": {"elo": 1052.2177445188, "gxe": 48.7, "rpr": 1489.9424407382, "rprd": 90.703499841249, "w": 4, "l": 5, "coil": null}, "gen3randombattle": {"elo": 1134.1918609441, "gxe": 62.5, "rpr": 1600.6885864808, "rprd": 104.2814353135, "w": 4, "l": 1, "coil": null}, "gen4randombattle": {"elo": 1134.0706718061, "gxe": 64.9, "rpr": 1620.4810551896, "rprd": 102.20953309535, "w": 4, "l": 1, "coil": null}, "gen5randombattle": {"elo": 1061.5972675261, "gxe": 55, "rpr": 1540.006000374, "rprd": 112.01520611252, "w": 2, "l": 1, "coil": null}, "gen6megasrevisitedrandombattle": {"elo": 1042.2304130857947, "gxe": 45.5, "rpr": 1464.0886328244007, "rprd": 110.31938416372982, "w": 1, "l": 2, "coil": null}, "gen6randombattle": {"elo": 1095.7610759779, "gxe": 68.2, "rpr": 1652.3341734896, "rprd": 124.26583686527, "w": 3, "l": 0, "coil": null}, "gen7battlefactory": {"elo": 1000, "gxe": 44.3, "rpr": 1454.5683841075, "rprd": 122.15640921582, "w": 0, "l": 1, "coil": null}, "gen7bssfactory": {"elo": 1000, "gxe": 43.2, "rpr": 1445.3970605702, "rprd": 122.89738588753, "w": 0, "l": 1, "coil": null}, "gen7letsgorandombattle": {"elo": 1042.864870675, "gxe": 55, "rpr": 1540.1606143388, "rprd": 122.8583080769, "w": 1, "l": 0, "coil": null}, "gen7monotyperandombattle": {"elo": 1024.2272767439, "gxe": 47.8, "rpr": 1482.0638486993, "rprd": 130, "w": 1, "l": 1, "coil": null}, "gen7randombattle": {"elo": 1494.8334003104, "gxe": 70.1, "rpr": 1661.2543371604, "rprd": 44.207513987551, "w": 1235, "l": 1130, "coil": null}, "gen7randomdoublesbattle": {"elo": 1499.3574628468, "gxe": 69.5, "rpr": 1657.9893507339, "rprd": 69.875308739637, "w": 699, "l": 653, "coil": null}, "gen7superstaffbrosbrawl": {"elo": 1065.5145266637, "gxe": 51.7, "rpr": 1513.6513847725, "rprd": 130, "w": 3, "l": 2, "coil": null}, "gen8monotyperandombattle": {"elo": 1207.6622783627, "gxe": 57.8, "rpr": 1560.6032652745, "rprd": 75.112940974513, "w": 15, "l": 10, "coil": null}, "gen8randombattle": {"elo": 1399.0330479563, "gxe": 70, "rpr": 1674.9180712897, "rprd": 156.54300248996, "w": 730, "l": 691, "coil": null}, "gen8randomdoublesbattle": {"elo": 1499.5963212395, "gxe": 62.8, "rpr": 1608.6245329385, "rprd": 162.06027800782, "w": 457, "l": 435, "coil": null}, "gen9battlefactory": {"elo": 1040, "gxe": 55, "rpr": 1540.1606143390134, "rprd": 122.85830807679145, "w": 1, "l": 0, "coil": null}, "gen9bssfactorybo3": {"elo": 1043.2083901176811, "gxe": 45.7, "rpr": 1465.6374845292864, "rprd": 113.20923325082853, "w": 1, "l": 2, "coil": null}, "gen9ccapm2025randombattle": {"elo": 1000, "gxe": 45, "rpr": 1459.8393856609866, "rprd": 122.85830807679145, "w": 0, "l": 1, "coil": null}, "gen9championsrandombattle": {"elo": 1102.4995926811857, "gxe": 57.5, "rpr": 1559.48454066916, "rprd": 107.67849430820698, "w": 3, "l": 1, "coil": null}, "gen9godlygiftrandombattle": {"elo": 1056.9140614916248, "gxe": 56.2, "rpr": 1549.790456342052, "rprd": 122.38407343992213, "w": 1, "l": 0, "coil": null}, "gen9livepatchbattlesver100": {"elo": 1044.2862330527576, "gxe": 55, "rpr": 1540.1606143390134, "rprd": 122.85830807679145, "w": 1, "l": 0, "coil": null}, "gen9megainvasionrandombattle": {"elo": 1100.9451400401063, "gxe": 55.9, "rpr": 1546.06510956565, "rprd": 100.03624021697786, "w": 4, "l": 2, "coil": null}, "gen9monotyperandombattle": {"elo": 1395.987459505409, "gxe": 67.7, "rpr": 1639.8931346541258, "rprd": 39.74157122613922, "w": 160, "l": 131, "coil": null}, "gen9randombattle": {"elo": 1923.2969609611039, "gxe": 82.9, "rpr": 1798.8943865603085, "rprd": 40.668785269118274, "w": 175, "l": 108, "coil": null}, "gen9randombattleblitz": {"elo": 1040, "gxe": 55, "rpr": 1540.1606143390134, "rprd": 122.85830807679145, "w": 1, "l": 0, "coil": null}, "gen9randombattlemayhem": {"elo": 1460.1704096164046, "gxe": 76.3, "rpr": 1722.003058538364, "rprd": 47.99328558404403, "w": 80, "l": 56, "coil": null}, "gen9randombattlesharedpowerb12p6": {"elo": 1297.0641241641151, "gxe": 57.7, "rpr": 1558.798715813292, "rprd": 43.428405550641465, "w": 107, "l": 91, "coil": null}, "gen9randomdoublesbattle": {"elo": 1617.627437457569, "gxe": 70.6, "rpr": 1666.5120124925295, "rprd": 53.93450150877222, "w": 68, "l": 45, "coil": null}, "gen9randomroulette": {"elo": 1313.8429397377263, "gxe": 71.1, "rpr": 1670.186674251666, "rprd": 39.846437619226826, "w": 132, "l": 80, "coil": null}, "gen9regenerationrandombattle": {"elo": 1000, "gxe": 46.4, "rpr": 1471.0550046938847, "rprd": 122.7588316607611, "w": 0, "l": 1, "coil": null}, "gen9sixbysixrandombattle": {"elo": 1040, "gxe": 55, "rpr": 1540.1606143388, "rprd": 123.94231767275, "w": 1, "l": 0, "coil": null}, "hackmonscup": {"elo": 1090.3308915249, "gxe": 57.8, "rpr": 1562.4962605329, "rprd": 116.43837447154, "w": 2, "l": 0, "coil": null}, "mixandmega": {"elo": 1000, "gxe": 45, "rpr": 1459.8393856612, "rprd": 122.8583080769, "w": 0, "l": 1, "coil": null}, "ou": {"elo": 1093.8360785497, "gxe": 44.7, "rpr": 1459.310897713, "rprd": 55.798618810833, "w": 25, "l": 25, "coil": null}, "randomdoublesbattle": {"elo": 1202.117632438, "gxe": 57.9, "rpr": 1560.6709464261, "rprd": 57.677390613002, "w": 58, "l": 55, "coil": null}, "randomtriplesbattle": {"elo": 1397.6850076496, "gxe": 69.4, "rpr": 1656.6536007991, "rprd": 66.228976528207, "w": 38, "l": 23, "coil": null}, "seasonalfireworksfrenzy": {"elo": 1000, "gxe": 45, "rpr": 1459.8393856612, "rprd": 122.8583080769, "w": 0, "l": 1, "coil": null}}}