{"username": "Damoistavocado", "userid": "damoistavocado", "registertime": 1478044800, "group": 1, "ratings": {"gen1randombattleblitz": {"elo": 1048.3540274303, "gxe": 55, "rpr": 1540.1606143388, "rprd": 122.8583080769, "w": 1, "l": 0, "coil": null}, "gen4randombattle": {"elo": 1127.6105201904, "gxe": 66, "rpr": 1633.2389680832, "rprd": 130, "w": 4, "l": 2, "coil": null}, "gen4sharedpowerrandombattle": {"elo": 1049.6371453221, "gxe": 55, "rpr": 1540.1606143388, "rprd": 122.8583080769, "w": 1, "l": 0, "coil": null}, "gen6firstbloodrandombattle": {"elo": 1110.2251103781553, "gxe": 49.5, "rpr": 1496.3809581000066, "rprd": 73.24512799528023, "w": 10, "l": 10, "coil": null}, "gen6randombattle": {"elo": 1079.3949854756263, "gxe": 49.5, "rpr": 1495.8723496706837, "rprd": 130, "w": 2, "l": 2, "coil": null}, "gen71v1": {"elo": 1362.913708817, "gxe": 60.3, "rpr": 1579.1090572652, "rprd": 34.04784779682, "w": 296, "l": 260, "coil": null}, "gen7bssfactory": {"elo": 1130.5397395352, "gxe": 56.8, "rpr": 1553.410586449, "rprd": 93.277023658386, "w": 5, "l": 3, "coil": null}, "gen7doublesou": {"elo": 1000, "gxe": 45, "rpr": 1459.8393856612, "rprd": 122.8583080769, "w": 0, "l": 1, "coil": null}, "gen7monotype": {"elo": 1101.3291988303, "gxe": 50.8, "rpr": 1506.1236059984, "rprd": 111.92194362826, "w": 6, "l": 4, "coil": null}, "gen7ou": {"elo": 1309.9725002157, "gxe": 60, "rpr": 1577.160956421, "rprd": 62.332354122242, "w": 106, "l": 92, "coil": null}, "gen7randombattle": {"elo": 1378.9818128153, "gxe": 67.7, "rpr": 1643.905181513, "rprd": 90.167066782503, "w": 804, "l": 760, "coil": null}, "gen7ru": {"elo": 1050.4851043711, "gxe": 46.4, "rpr": 1467.2845223861, "rprd": 225.39360010225, "w": 6, "l": 8, "coil": null}, "gen7uu": {"elo": 1103.0659776888, "gxe": 46.9, "rpr": 1475.7423311618, "rprd": 101.56843357987, "w": 33, "l": 34, "coil": null}, "gen7vgc2017": {"elo": 1079.3635261575, "gxe": 47.6, "rpr": 1478.4820981638, "rprd": 216.8478606686, "w": 39, "l": 38, "coil": null}, "gen8battlefactory": {"elo": 1064.846779783374, "gxe": 49.8, "rpr": 1498.219511362929, "rprd": 130, "w": 1, "l": 2, "coil": null}, "gen8bdsprandombattle": {"elo": 1000, "gxe": 45.3, "rpr": 1462.3828162055, "rprd": 123.02109170499, "w": 0, "l": 1, "coil": null}, "gen8bssfactory": {"elo": 1032.4749331784, "gxe": 46.8, "rpr": 1475.3111407823, "rprd": 96.472621404969, "w": 3, "l": 4, "coil": null}, "gen8challengecup1v1": {"elo": 1288.38371493, "gxe": 58.3, "rpr": 1562.7752494454, "rprd": 25.924027147985, "w": 109, "l": 90, "coil": null}, "gen8metronomebattle": {"elo": 1348.2085874785, "gxe": 65.6, "rpr": 1622.4882315511, "rprd": 44.939281113441, "w": 38, "l": 21, "coil": null}, "gen8monotyperandombattle": {"elo": 1169.3366524053, "gxe": 64.1, "rpr": 1612.4564628738, "rprd": 86.165290795843, "w": 9, "l": 3, "coil": null}, "gen8randombattle": {"elo": 1437.6004761017, "gxe": 73, "rpr": 1708.9085755155, "rprd": 169.98368173091, "w": 5776, "l": 5595, "coil": null}, "gen8randombattleblitz": {"elo": 1328.0391629263, "gxe": 57.8, "rpr": 1560.2542092404, "rprd": 72.016913722932, "w": 205, "l": 184, "coil": null}, "gen8randombattlemayhem": {"elo": 1022.1660277196, "gxe": 49.8, "rpr": 1498.6865214056, "rprd": 118.69352566336, "w": 1, "l": 1, "coil": null}, "gen8randomdoublesbattle": {"elo": 1499.4750090416, "gxe": 63.1, "rpr": 1612.7546734294, "rprd": 173.10770166896, "w": 74, "l": 52, "coil": null}, "gen91v1": {"elo": 1220.8349202100892, "gxe": 55.4, "rpr": 1541.3952689520597, "rprd": 39.66222194440139, "w": 43, "l": 35, "coil": null}, "gen91v1factory": {"elo": 1399.0412281955457, "gxe": 58.3, "rpr": 1563.1476676326045, "rprd": 40.353752634309224, "w": 87, "l": 75, "coil": null}, "gen9battlefactory": {"elo": 1000, "gxe": 45, "rpr": 1459.8393856609866, "rprd": 122.85830807679145, "w": 0, "l": 1, "coil": null}, "gen9brokencup": {"elo": 1045.274579870449, "gxe": 55, "rpr": 1540.1606143390134, "rprd": 122.85830807679145, "w": 1, "l": 0, "coil": null}, "gen9bssfactorybo3": {"elo": 1067.9994417438393, "gxe": 48, "rpr": 1484.5584317093642, "rprd": 105.87453769976929, "w": 2, "l": 3, "coil": null}, "gen9challengecup1v1": {"elo": 1267.916861214488, "gxe": 54.8, "rpr": 1538.0898590440356, "rprd": 107.07088224811856, "w": 415, "l": 312, "coil": null}, "gen9challengecup2v2": {"elo": 1217.1451274988, "gxe": 61.7, "rpr": 1601.1348937512, "rprd": 176.42791983296, "w": 22, "l": 14, "coil": null}, "gen9computergeneratedteams": {"elo": 1076.8373372171088, "gxe": 60.5, "rpr": 1585.6877338393108, "rprd": 130, "w": 2, "l": 0, "coil": null}, "gen9metronomebattle": {"elo": 1076.7915338204, "gxe": 49.8, "rpr": 1498.4667592414, "rprd": 106.8990436637, "w": 2, "l": 2, "coil": null}, "gen9monotyperandombattle": {"elo": 1082.1711466714, "gxe": 59, "rpr": 1572.5671258289, "rprd": 116.77753930647, "w": 2, "l": 0, "coil": null}, "gen9randombattle": {"elo": 1781.2968872509455, "gxe": 76.4, "rpr": 1721.7584404270197, "rprd": 25, "w": 4607, "l": 4387, "coil": null}, "gen9randombattleblitz": {"elo": 1396.7739284878437, "gxe": 58.3, "rpr": 1563.3820572748177, "rprd": 50.51403382372109, "w": 495, "l": 478, "coil": null}, "gen9randombattlemayhem": {"elo": 1066.4667862458264, "gxe": 48.1, "rpr": 1484.9471947215013, "rprd": 130, "w": 2, "l": 2, "coil": null}, "gen9randomdoublesbattle": {"elo": 1291.801615112227, "gxe": 56.5, "rpr": 1551.1815448118848, "rprd": 97.73861792237578, "w": 63, "l": 51, "coil": null}, "gen9randomroulette": {"elo": 1040, "gxe": 55, "rpr": 1540.1606143390134, "rprd": 122.85830807679145, "w": 1, "l": 0, "coil": null}, "gen9sixbysixrandombattle": {"elo": 1040, "gxe": 55, "rpr": 1540.1606143388, "rprd": 123.58203764262, "w": 1, "l": 0, "coil": null}, "gen9vgc2026regf": {"elo": 1216.403468339834, "gxe": 49, "rpr": 1492.187982752704, "rprd": 53.64293540560649, "w": 24, "l": 19, "coil": null}, "ou": {"elo": 1384.2663996741, "gxe": 63.2, "rpr": 1602.3509774447, "rprd": 40.100439952498, "w": 63, "l": 42, "coil": null}, "ru": {"elo": 1274.8821371595, "gxe": 65.2, "rpr": 1620.2857595298, "rprd": 67.081902262318, "w": 34, "l": 21, "coil": null}, "ubers": {"elo": 1126.0069899921, "gxe": 58.1, "rpr": 1563.5185804332, "rprd": 96.066898064084, "w": 5, "l": 2, "coil": null}, "uu": {"elo": 1254.5199760633, "gxe": 60.4, "rpr": 1580.5346069453, "rprd": 56.101243185527, "w": 22, "l": 13, "coil": null}}}