{"username": "Danaliel", "userid": "danaliel", "registertime": 1663804800, "group": 1, "ratings": {"gen1randombattle": {"elo": 1123.1804203190277, "gxe": 62.7, "rpr": 1604.5954170932657, "rprd": 130, "w": 9, "l": 6, "coil": null}, "gen2randombattle": {"elo": 1066.18800706, "gxe": 48.5, "rpr": 1487.9789784765, "rprd": 111.6146305604, "w": 2, "l": 3, "coil": null}, "gen3randombattle": {"elo": 1195.7635374663216, "gxe": 55.9, "rpr": 1545.6262957212834, "rprd": 61.35875089243658, "w": 20, "l": 16, "coil": null}, "gen4randombattle": {"elo": 1008.7789014382245, "gxe": 24.4, "rpr": 1272.3065331102066, "rprd": 130, "w": 2, "l": 6, "coil": null}, "gen5randombattle": {"elo": 1040, "gxe": 55, "rpr": 1540.1606143388, "rprd": 122.8583080769, "w": 1, "l": 0, "coil": null}, "gen6randombattle": {"elo": 1073.7802445563009, "gxe": 58.3, "rpr": 1567.355979618843, "rprd": 130, "w": 2, "l": 0, "coil": null}, "gen7anythinggoes": {"elo": 1000, "gxe": 44.6, "rpr": 1456.4213401556, "rprd": 121.92941090201, "w": 0, "l": 1, "coil": null}, "gen7battlefactory": {"elo": 1000, "gxe": 41, "rpr": 1427.8073625448, "rprd": 115.94226272293, "w": 0, "l": 2, "coil": null}, "gen7monotypebattlefactory": {"elo": 1082.2532343006, "gxe": 57, "rpr": 1556.2643869691, "rprd": 114.97967169481, "w": 2, "l": 1, "coil": null}, "gen7pickyourteamrandombattle": {"elo": 1027.640099804, "gxe": 40.9, "rpr": 1427.699184851, "rprd": 106.51278061128, "w": 1, "l": 3, "coil": null}, "gen7randombattle": {"elo": 1000, "gxe": 45.1, "rpr": 1460.8916468783, "rprd": 121.85851095828, "w": 0, "l": 1, "coil": null}, "gen8anythinggoes": {"elo": 1236.1028048352, "gxe": 47.5, "rpr": 1481.2749624737, "rprd": 35.576825481523, "w": 964, "l": 1049, "coil": null}, "gen8battlefactory": {"elo": 1044.584930701, "gxe": 54.3, "rpr": 1534.7969298151, "rprd": 122.88540191371, "w": 1, "l": 0, "coil": null}, "gen8battlestadiumsingles": {"elo": 1048.4201316138, "gxe": 43.2, "rpr": 1447.3614764948, "rprd": 62.277915379548, "w": 14, "l": 19, "coil": null}, "gen8bdsprandombattle": {"elo": 1000, "gxe": 45, "rpr": 1459.8393856612, "rprd": 122.8583080769, "w": 0, "l": 1, "coil": null}, "gen8monotyperandombattle": {"elo": 1095.1255456743, "gxe": 49.6, "rpr": 1497.1606821146, "rprd": 87.369539826344, "w": 6, "l": 5, "coil": null}, "gen8randombattle": {"elo": 1129.9437745096736, "gxe": 49.6, "rpr": 1497.268816070766, "rprd": 89.72133983777877, "w": 39, "l": 43, "coil": null}, "gen8randombattleblitz": {"elo": 1040.1472391324, "gxe": 48.8, "rpr": 1490.1930734593, "rprd": 120.43260276138, "w": 1, "l": 1, "coil": null}, "gen8randombattlemayhem": {"elo": 1040.3009120613, "gxe": 55, "rpr": 1540.2893618516, "rprd": 122.2211417678, "w": 1, "l": 0, "coil": null}, "gen8randomdoublesbattle": {"elo": 1058.2680605366, "gxe": 33.3, "rpr": 1363.8008043906, "rprd": 102.45500091421, "w": 2, "l": 8, "coil": null}, "gen8superstaffbros4": {"elo": 1093.7176627926, "gxe": 62.3, "rpr": 1599.2675350834, "rprd": 111.51861011339, "w": 3, "l": 0, "coil": null}, "gen8ubers": {"elo": 1000, "gxe": 44.2, "rpr": 1453.4291742465, "rprd": 122.62967502239, "w": 0, "l": 1, "coil": null}, "gen8uu": {"elo": 1000, "gxe": 26.2, "rpr": 1276.6923799999, "rprd": 193.39473336287, "w": 4, "l": 20, "coil": null}, "gen9anythinggoes": {"elo": 1355.0811293133136, "gxe": 62.8, "rpr": 1601.5576466099194, "rprd": 92.6006845661616, "w": 327, "l": 337, "coil": null}, "gen9challengecup1v1": {"elo": 1050.0557871386, "gxe": 54.3, "rpr": 1534.8045521289, "rprd": 122.06041424099, "w": 1, "l": 0, "coil": null}, "gen9challengecup2v2": {"elo": 1048.7893508753, "gxe": 50, "rpr": 1500.2872840389, "rprd": 116.27348475408, "w": 1, "l": 1, "coil": null}, "gen9doublesou": {"elo": 1024.3648881257, "gxe": 40.6, "rpr": 1424.6363952397, "rprd": 107.49494326008, "w": 1, "l": 3, "coil": null}, "gen9doublesubers": {"elo": 1000, "gxe": 42.6, "rpr": 1439.9970959496604, "rprd": 123.41531612714377, "w": 0, "l": 1, "coil": null}, "gen9megainvasionrandombattle": {"elo": 1000, "gxe": 45.4, "rpr": 1463.2843626616852, "rprd": 122.25845673485576, "w": 0, "l": 1, "coil": null}, "gen9monotype": {"elo": 1071.542469178392, "gxe": 43.2, "rpr": 1445.7462193863482, "rprd": 122.53496046459776, "w": 8, "l": 8, "coil": 1584.5829866576719}, "gen9monotyperandombattle": {"elo": 1087.82909254514, "gxe": 38.4, "rpr": 1405.4893712033859, "rprd": 122.61551013450426, "w": 40, "l": 59, "coil": null}, "gen9nationaldex": {"elo": 1289.6662030424459, "gxe": 52.8, "rpr": 1521.402755679539, "rprd": 46.949031424800765, "w": 1348, "l": 1594, "coil": null}, "gen9nationaldexag": {"elo": 1211.8509875207, "gxe": 45.3, "rpr": 1464.422590889, "rprd": 35.969536987484, "w": 657, "l": 715, "coil": null}, "gen9nationaldexmonotype": {"elo": 1039.6900341975593, "gxe": 27.7, "rpr": 1317.059085493019, "rprd": 55.60838634534557, "w": 18, "l": 42, "coil": null}, "gen9nationaldexubers": {"elo": 1160.9794485020157, "gxe": 44.4, "rpr": 1456.8994269959098, "rprd": 54.3229967863435, "w": 183, "l": 203, "coil": null}, "gen9ou": {"elo": 1069.214052109249, "gxe": 28.2, "rpr": 1319.8587825391662, "rprd": 78.37409821509429, "w": 120, "l": 194, "coil": null}, "gen9randombattle": {"elo": 1438.6888286322824, "gxe": 62.4, "rpr": 1595.425605413538, "rprd": 35.24988617515347, "w": 1967, "l": 2013, "coil": null}, "gen9randombattlemayhem": {"elo": 1000, "gxe": 40.9, "rpr": 1427.3506406741, "rprd": 115.67915967881, "w": 0, "l": 2, "coil": null}, "gen9ubers": {"elo": 1268.0636291615474, "gxe": 64.4, "rpr": 1615.315940977722, "rprd": 90.04560357053286, "w": 27, "l": 37, "coil": null}}}