{"username": "DarkWight", "userid": "darkwight", "registertime": 1717286400, "group": 1, "ratings": {"gen9ou": {"elo": 1529.7711482657921, "gxe": 70.7, "rpr": 1666.5269160212308, "rprd": 43.32711813919947, "w": 83, "l": 56, "coil": null}, "gen9randombattle": {"elo": 1886.29554760259, "gxe": 78.7, "rpr": 1746.061840354268, "rprd": 26.973103512978117, "w": 2947, "l": 2833, "coil": null}}}