{"username": "Darkblade2083", "userid": "darkblade2083", "registertime": 1777420800, "group": 1, "ratings": {"gen8randombattle": {"elo": 1000, "gxe": 38.9, "rpr": 1410.7554789997312, "rprd": 112.52873609106197, "w": 0, "l": 3, "coil": null}, "gen9babyrandombattle": {"elo": 1075.3451218144285, "gxe": 58.7, "rpr": 1570.0145120611437, "rprd": 116.84877029403556, "w": 2, "l": 0, "coil": null}, "gen9megainvasionrandombattle": {"elo": 1064.499966667196, "gxe": 47.8, "rpr": 1483.1695714045848, "rprd": 81.38870052024156, "w": 6, "l": 6, "coil": null}, "gen9ou": {"elo": 1104.0351507043881, "gxe": 60, "rpr": 1579.8687699070663, "rprd": 111.03753034097919, "w": 3, "l": 0, "coil": null}, "gen9randombattle": {"elo": 1214.5085075410018, "gxe": 50.3, "rpr": 1502.1761948753024, "rprd": 53.88266544028202, "w": 25, "l": 21, "coil": null}, "gen9randomdoublesbattle": {"elo": 1218.3799590217673, "gxe": 54.9, "rpr": 1537.2026707605876, "rprd": 56.67480999450644, "w": 28, "l": 20, "coil": null}}}