{"username": "darkRio32", "userid": "darkrio32", "registertime": 1360108800, "group": 1, "ratings": {"digimondigimonshowdownsingles": {"elo": 1040, "gxe": 55, "rpr": 1540.1606143388, "rprd": 122.8583080769, "w": 1, "l": 0, "coil": null}, "gen1randombattle": {"elo": 1076.6949465340863, "gxe": 41.5, "rpr": 1431.7908840513076, "rprd": 117.60725899708738, "w": 21, "l": 28, "coil": null}, "gen1randombattleblitz": {"elo": 1049.67373734, "gxe": 55, "rpr": 1540.1606143388, "rprd": 122.8583080769, "w": 1, "l": 0, "coil": null}, "gen2randombattle": {"elo": 1111.0366679015, "gxe": 64.8, "rpr": 1621.9403861116, "rprd": 123.23139073092, "w": 4, "l": 1, "coil": null}, "gen3randombattle": {"elo": 1046.6931775338, "gxe": 44, "rpr": 1451.8946683941, "rprd": 130, "w": 2, "l": 2, "coil": null}, "gen4randombattle": {"elo": 1046.8262679957, "gxe": 55, "rpr": 1540.1606143388, "rprd": 122.8583080769, "w": 1, "l": 0, "coil": null}, "gen5randombattle": {"elo": 1000, "gxe": 45.8, "rpr": 1466.2177879311, "rprd": 122.2655863307, "w": 0, "l": 1, "coil": null}, "gen6purehackmons": {"elo": 1334.8847903061, "gxe": 63, "rpr": 1618.8811366589, "rprd": 216.71297126229, "w": 36, "l": 20, "coil": null}, "gen6randombattle": {"elo": 1091.269866131, "gxe": 66.8, "rpr": 1640.8703228738, "rprd": 130, "w": 2, "l": 0, "coil": null}, "gen7battlefactory": {"elo": 1017.4356974215, "gxe": 41.6, "rpr": 1432.11929119, "rprd": 130, "w": 1, "l": 2, "coil": null}, "gen7doublesou": {"elo": 1052.6237115708, "gxe": 55, "rpr": 1540.1007440176, "rprd": 121.89350091036, "w": 1, "l": 0, "coil": null}, "gen7hackmonscup": {"elo": 1129.2310698639, "gxe": 61.4, "rpr": 1591.9908672411, "rprd": 113.16850861329, "w": 4, "l": 1, "coil": null}, "gen7letsgorandombattle": {"elo": 1131.7946548575, "gxe": 63.8, "rpr": 1610.508227231, "rprd": 97.635709423059, "w": 9, "l": 5, "coil": null}, "gen7monotyperandombattle": {"elo": 1000, "gxe": 45, "rpr": 1459.8393856612, "rprd": 122.8583080769, "w": 0, "l": 1, "coil": null}, "gen7randombattle": {"elo": 1085.6625356032, "gxe": 42.4, "rpr": 1440.3308918565, "rprd": 87.537330495737, "w": 9, "l": 10, "coil": null}, "gen7randomdoublesbattle": {"elo": 1000, "gxe": 44.7, "rpr": 1457.3104095392, "rprd": 121.83465430154, "w": 0, "l": 1, "coil": null}, "gen7superstaffbrosbrawl": {"elo": 1071.2603049443, "gxe": 50.5, "rpr": 1503.8667656088, "rprd": 125.23108762819, "w": 2, "l": 1, "coil": null}, "gen8balancedhackmons": {"elo": 1095.4481649516, "gxe": 59.1, "rpr": 1572.330133266, "rprd": 102.45415245067, "w": 4, "l": 1, "coil": null}, "gen8bdsprandombattle": {"elo": 1167.7718191839, "gxe": 55.7, "rpr": 1544.8786999285, "rprd": 101.8376230447, "w": 51, "l": 49, "coil": null}, "gen8doublesou": {"elo": 1141.3895666162, "gxe": 48.3, "rpr": 1486.5467804106, "rprd": 121.79589244994, "w": 7, "l": 4, "coil": null}, "gen8doublesubers": {"elo": 1180.5892410912, "gxe": 51.7, "rpr": 1513.31053039, "rprd": 67.511459298334, "w": 54, "l": 54, "coil": null}, "gen8joltemonsrandombattle": {"elo": 1054.3492806217, "gxe": 56.2, "rpr": 1549.5577037808, "rprd": 122.1489283581, "w": 1, "l": 0, "coil": null}, "gen8monotyperandombattle": {"elo": 1174.1084545442, "gxe": 55.1, "rpr": 1538.9927709815, "rprd": 59.951411897645, "w": 157, "l": 141, "coil": null}, "gen8nationaldexag": {"elo": 1214.2111164748, "gxe": 59.2, "rpr": 1573.3306818294, "rprd": 105.98691769566, "w": 11, "l": 3, "coil": null}, "gen8ou": {"elo": 1023.626844321, "gxe": 29.9, "rpr": 1332.1552558097, "rprd": 105.2351070789, "w": 5, "l": 9, "coil": null}, "gen8randombattle": {"elo": 1289.19248409, "gxe": 58.2, "rpr": 1563.9545114553, "rprd": 75.487423569325, "w": 574, "l": 570, "coil": null}, "gen8randombattleblitz": {"elo": 1050.6054075925, "gxe": 43.6, "rpr": 1449.4504627931, "rprd": 105.19072485569, "w": 6, "l": 8, "coil": null}, "gen8randombattlemayhem": {"elo": 1000, "gxe": 36.5, "rpr": 1388.9658965495, "rprd": 125.83091821978, "w": 0, "l": 3, "coil": null}, "gen8randombattlenodmax": {"elo": 1203.0372840785, "gxe": 61.2, "rpr": 1587.5122870175, "rprd": 77.555628369181, "w": 14, "l": 11, "coil": null}, "gen8randomdoublesbattle": {"elo": 1330.4915098638, "gxe": 57.2, "rpr": 1561.4255639503, "rprd": 180.23399529472, "w": 79, "l": 68, "coil": null}, "gen8superstaffbros4": {"elo": 1108.3150931162, "gxe": 63.5, "rpr": 1609.7898436304, "rprd": 111.0984409237, "w": 3, "l": 0, "coil": null}, "gen8ubers": {"elo": 1122.291870111, "gxe": 50, "rpr": 1499.7361298022, "rprd": 103.38078296971, "w": 88, "l": 97, "coil": null}, "gen9doublesou": {"elo": 1130.6444009377992, "gxe": 43.8, "rpr": 1451.7844672707104, "rprd": 93.66759929372415, "w": 188, "l": 186, "coil": null}, "gen9metronomebattle": {"elo": 1000, "gxe": 43.8, "rpr": 1450.247740295496, "rprd": 122.7455352972046, "w": 0, "l": 1, "coil": null}, "gen9monkeyspawrandombattle": {"elo": 1093.7176627925605, "gxe": 62.3, "rpr": 1599.7301639224277, "rprd": 112.05711563422611, "w": 3, "l": 0, "coil": null}, "gen9monotype": {"elo": 1128.1916372861835, "gxe": 45.5, "rpr": 1463.799812824765, "rprd": 116.24131921797586, "w": 13, "l": 12, "coil": 1721.8249170405845}, "gen9monotyperandombattle": {"elo": 1079.5112416722784, "gxe": 50, "rpr": 1500.0085667889991, "rprd": 98.57049700457173, "w": 3, "l": 3, "coil": null}, "gen9ou": {"elo": 1050.4178928446834, "gxe": 34.8, "rpr": 1374.9349389435138, "rprd": 122.64513662280237, "w": 3, "l": 5, "coil": null}, "gen9randombattle": {"elo": 1515.2478494456038, "gxe": 61.4, "rpr": 1588.02612189595, "rprd": 38.948391681721326, "w": 1127, "l": 1110, "coil": null}, "gen9randombattleblitz": {"elo": 1126.608189365532, "gxe": 42.9, "rpr": 1443.8876520008992, "rprd": 98.8811430841833, "w": 50, "l": 51, "coil": null}, "gen9randomdoublesbattle": {"elo": 1444.18685262967, "gxe": 62.9, "rpr": 1601.3418334759922, "rprd": 71.36576995002109, "w": 240, "l": 229, "coil": null}, "gen9randomroulette": {"elo": 1075.0735449968179, "gxe": 57.3, "rpr": 1558.5299773089803, "rprd": 116.10756663965137, "w": 2, "l": 1, "coil": null}}}