{"username": "DarkoBoss", "userid": "darkoboss", "registertime": 1742601600, "group": 1, "ratings": {"gen5randombattle": {"elo": 1045.3541578228171, "gxe": 54.8, "rpr": 1538.4002294498848, "rprd": 122.08607412848164, "w": 1, "l": 0, "coil": null}, "gen6randombattle": {"elo": 1083.7958481366634, "gxe": 54.3, "rpr": 1534.5280277755858, "rprd": 115.31314782076052, "w": 2, "l": 1, "coil": null}, "gen7randombattle": {"elo": 1000, "gxe": 45, "rpr": 1459.8393856609866, "rprd": 122.85830807679145, "w": 0, "l": 1, "coil": null}, "gen9megainvasionrandombattle": {"elo": 1040, "gxe": 55, "rpr": 1540.1606143390134, "rprd": 122.85830807679145, "w": 1, "l": 0, "coil": null}, "gen9monotyperandombattle": {"elo": 1382.9880469255938, "gxe": 64.1, "rpr": 1609.264811970319, "rprd": 31.604570172755867, "w": 162, "l": 145, "coil": null}, "gen9randombattle": {"elo": 1877.7585779863095, "gxe": 75.8, "rpr": 1715.224715022274, "rprd": 33.27896451600108, "w": 1152, "l": 1098, "coil": null}, "gen9randomdoublesbattle": {"elo": 1000, "gxe": 45, "rpr": 1459.8393856609866, "rprd": 122.85830807679145, "w": 0, "l": 1, "coil": null}}}