{"username": "darkreaper1560", "userid": "darkreaper1560", "registertime": 0, "group": 0, "ratings": {"gen4ou": {"elo": 1000, "gxe": 43.4, "rpr": 1446.7607297177, "rprd": 122.34490278718, "w": 0, "l": 1, "coil": null}, "gen6ou": {"elo": 1125.2600560303476, "gxe": 40, "rpr": 1419.3264814617237, "rprd": 123.96337086066367, "w": 13, "l": 15, "coil": null}, "gen7ou": {"elo": 1142.2326726084, "gxe": 42.2, "rpr": 1439.2457922859, "rprd": 71.436792924315, "w": 10, "l": 10, "coil": null}, "gen7ubers": {"elo": 1045.0038275265, "gxe": 41.4, "rpr": 1422.1154000301, "rprd": 222.99558508637, "w": 8, "l": 11, "coil": null}, "gen81v1": {"elo": 1096.5668255658, "gxe": 50.9, "rpr": 1508.3805010652, "rprd": 232.76567233794, "w": 4, "l": 3, "coil": null}, "gen8anythinggoes": {"elo": 1092.9639566853, "gxe": 55.2, "rpr": 1541.1523773899, "rprd": 106.30220553204, "w": 3, "l": 1, "coil": null}, "gen8doublesuu": {"elo": 1024.9516436821, "gxe": 46.4, "rpr": 1471.6111422561, "rprd": 111.51195896637, "w": 1, "l": 2, "coil": null}, "gen8ou": {"elo": 1111.216030400234, "gxe": 58.4, "rpr": 1568.1736974610312, "rprd": 130, "w": 5, "l": 3, "coil": null}, "gen8randombattle": {"elo": 1083.3919975692, "gxe": 56.3, "rpr": 1550.0504993202, "rprd": 106.60894798673, "w": 3, "l": 1, "coil": null}, "gen8ubers": {"elo": 1047.7161614064, "gxe": 42, "rpr": 1426.1527210837, "rprd": 232.77370315696, "w": 2, "l": 5, "coil": null}, "gen8uu": {"elo": 1081.3979021087, "gxe": 49.9, "rpr": 1499.5630514294, "rprd": 113.02990532102, "w": 2, "l": 1, "coil": null}, "gen9doublesubers": {"elo": 1067.7048510058103, "gxe": 45.6, "rpr": 1465.6331234304291, "rprd": 88.23885565793243, "w": 5, "l": 5, "coil": null}, "gen9ou": {"elo": 1077.4699541504626, "gxe": 46.6, "rpr": 1472.3133816294276, "rprd": 125.9353191538877, "w": 4, "l": 4, "coil": null}, "gen9randombattle": {"elo": 1378.3294756046, "gxe": 54.2, "rpr": 1531.983608374327, "rprd": 45.43790524912435, "w": 101, "l": 86, "coil": null}, "gen9ubers": {"elo": 1048.3299055785, "gxe": 49.9, "rpr": 1498.9389430768, "rprd": 110.78162962913, "w": 2, "l": 2, "coil": null}}}