{"username": "darm12345", "userid": "darm12345", "registertime": 0, "group": 0, "ratings": {"gen9randombattle": {"elo": 1114.3750780323498, "gxe": 44, "rpr": 1453.6287244908572, "rprd": 86.13473933068, "w": 5, "l": 6, "coil": null}}}