{"username": "Datboydougy", "userid": "datboydougy", "registertime": 1645228800, "group": 1, "ratings": {"gen6firstbloodrandombattle": {"elo": 1071.8538733821956, "gxe": 49.8, "rpr": 1498.602231445217, "rprd": 100.26506459879658, "w": 3, "l": 3, "coil": null}, "gen7randombattle": {"elo": 1422.4841274976313, "gxe": 53.8, "rpr": 1530.7039529502886, "rprd": 130, "w": 39, "l": 23, "coil": null}, "gen8monotyperandombattle": {"elo": 1123.5570934381, "gxe": 48.9, "rpr": 1491.8954644287, "rprd": 78.192156347361, "w": 7, "l": 7, "coil": null}, "gen8randombattle": {"elo": 1384.8523460994597, "gxe": 62, "rpr": 1598.875214163685, "rprd": 130, "w": 900, "l": 818, "coil": null}, "gen8randombattleblitz": {"elo": 1155.9777439935, "gxe": 67.3, "rpr": 1642.9401274331, "rprd": 113.37255735469, "w": 5, "l": 0, "coil": null}, "gen9championsrandombattle": {"elo": 1319.292387277048, "gxe": 63.6, "rpr": 1605.9198865475394, "rprd": 49.851389388167, "w": 28, "l": 19, "coil": null}, "gen9monotyperandombattle": {"elo": 1252.43504286185, "gxe": 69.1, "rpr": 1659.9991931609238, "rprd": 117.92637799438536, "w": 108, "l": 100, "coil": null}, "gen9partnersincrimerandombattle6moves": {"elo": 1000, "gxe": 39.2, "rpr": 1412.61279731152, "rprd": 117.07354283425293, "w": 0, "l": 2, "coil": null}, "gen9randombattle": {"elo": 2192.734315966769, "gxe": 86.6, "rpr": 1850.9995545600286, "rprd": 26.646867869504156, "w": 2869, "l": 2560, "coil": null}, "gen9randombattleblitz": {"elo": 1164.4811120388927, "gxe": 47.4, "rpr": 1479.7758731615238, "rprd": 97.991693666407, "w": 16, "l": 15, "coil": null}, "gen9randombattlesharedpowerb12p6": {"elo": 1421.6531915067362, "gxe": 66.3, "rpr": 1628.4963242974554, "rprd": 54.65968307992111, "w": 723, "l": 577, "coil": null}, "gen9randomroulette": {"elo": 1000, "gxe": 44.4, "rpr": 1455.0403546834564, "rprd": 122.04917491618211, "w": 0, "l": 1, "coil": null}}}