{"username": "DAZHULAN", "userid": "dazhulan", "registertime": 1762473600, "group": 1, "ratings": {"gen9randombattle": {"elo": 1734.94156052735, "gxe": 78.4, "rpr": 1743.9515444922504, "rprd": 38.02388851180837, "w": 803, "l": 732, "coil": null}}}