{"username": "decadegen", "userid": "decadegen", "registertime": 0, "group": 0, "ratings": {"gen9randombattle": {"elo": 1577.8260450680298, "gxe": 68.1, "rpr": 1643.4425152233325, "rprd": 29.587949913624513, "w": 590, "l": 566, "coil": null}}}