{"username": "deflexy", "userid": "deflexy", "registertime": 1725235200, "group": 1, "ratings": {"gen3randombattle": {"elo": 1000, "gxe": 45, "rpr": 1459.8393856609866, "rprd": 122.85830807679145, "w": 0, "l": 1, "coil": null}, "gen9randombattle": {"elo": 1778.7175630355864, "gxe": 79.4, "rpr": 1754.2677177336514, "rprd": 28.168523437671134, "w": 3597, "l": 3450, "coil": null}}}