{"username": "delinayay", "userid": "delinayay", "registertime": 1665014400, "group": 1, "ratings": {"gen5randombattle": {"elo": 1075.4851331052664, "gxe": 43.7, "rpr": 1448.918076734505, "rprd": 130, "w": 4, "l": 4, "coil": null}, "gen6randombattle": {"elo": 1132.0448858887, "gxe": 50.6, "rpr": 1504.5816867241, "rprd": 32.120288384739, "w": 63, "l": 62, "coil": null}, "gen7ou": {"elo": 1178.1695761703, "gxe": 61.4, "rpr": 1589.414805963, "rprd": 80.260321778943, "w": 11, "l": 6, "coil": null}, "gen7randombattle": {"elo": 1040, "gxe": 43.6, "rpr": 1448.8047689930195, "rprd": 123.32527835571187, "w": 1, "l": 2, "coil": null}, "gen8lc": {"elo": 1000, "gxe": 43.9, "rpr": 1451.0879209314, "rprd": 122.11151482424, "w": 0, "l": 1, "coil": null}, "gen8nu": {"elo": 1057.2602337998, "gxe": 49, "rpr": 1492.148258855, "rprd": 116.62119396611, "w": 1, "l": 1, "coil": null}, "gen8ou": {"elo": 1367.7724831431, "gxe": 63.4, "rpr": 1623.1079942909, "rprd": 218.51712047145, "w": 28, "l": 14, "coil": null}, "gen8randombattle": {"elo": 1404.2650505563, "gxe": 59.9, "rpr": 1585.3097330992, "rprd": 182.01761167234, "w": 815, "l": 813, "coil": null}, "gen8uu": {"elo": 1079.49484115, "gxe": 48.3, "rpr": 1485.0650534184, "rprd": 198.93255773278, "w": 4, "l": 5, "coil": null}, "gen9babyrandombattle": {"elo": 1000, "gxe": 45, "rpr": 1459.8393856609866, "rprd": 122.85830807679145, "w": 0, "l": 1, "coil": null}, "gen9ou": {"elo": 1178.5238948715685, "gxe": 59.8, "rpr": 1576.677024809036, "rprd": 84.56254433105758, "w": 9, "l": 3, "coil": null}, "gen9randombattle": {"elo": 1849.6163303613625, "gxe": 77.2, "rpr": 1730.0861704568315, "rprd": 28.8676963243761, "w": 6613, "l": 6385, "coil": null}, "gen9randombattleblitz": {"elo": 1077.49420613571, "gxe": 45.5, "rpr": 1464.8537431459067, "rprd": 106.1293443702386, "w": 2, "l": 2, "coil": null}, "gen9randomdoublesbattle": {"elo": 1084.7834967276149, "gxe": 59.2, "rpr": 1573.5397725825057, "rprd": 116.17339682705133, "w": 2, "l": 0, "coil": null}}}