{"username": "DemiSemiHemiQuaver", "userid": "demisemihemiquaver", "registertime": 1595548800, "group": 1, "ratings": {"gen1ou": {"elo": 1108.4633647094854, "gxe": 44.3, "rpr": 1454.0652716757559, "rprd": 118.73547678617985, "w": 29, "l": 31, "coil": null}, "gen6ubers": {"elo": 1063.5698546474, "gxe": 48.8, "rpr": 1490.3410436672, "rprd": 104.40864934855, "w": 2, "l": 3, "coil": null}, "gen7monotypebattlefactory": {"elo": 1000, "gxe": 45, "rpr": 1459.8393856612, "rprd": 122.8583080769, "w": 0, "l": 1, "coil": null}, "gen81v1": {"elo": 1150.3563175558, "gxe": 45.1, "rpr": 1455.3936807655, "rprd": 231.40454483299, "w": 19, "l": 18, "coil": null}, "gen8alphabetcup": {"elo": 1081.295803313, "gxe": 45.6, "rpr": 1465.5010459619, "rprd": 95.627046744959, "w": 3, "l": 4, "coil": null}, "gen8anythinggoes": {"elo": 1317.7656633421, "gxe": 65, "rpr": 1620.6753147867, "rprd": 93.718636703617, "w": 34, "l": 21, "coil": null}, "gen8categoryswap": {"elo": 1000, "gxe": 41.1, "rpr": 1428.3286151789, "rprd": 116.12684587584, "w": 0, "l": 2, "coil": null}, "gen8doublesou": {"elo": 1101.9173826949, "gxe": 40.2, "rpr": 1410.2896640816, "rprd": 225.52922745193, "w": 49, "l": 50, "coil": null}, "gen8doublesubers": {"elo": 1040, "gxe": 50, "rpr": 1500, "rprd": 116.77753930647, "w": 1, "l": 1, "coil": null}, "gen8doublesuu": {"elo": 1157.5096693506, "gxe": 56.3, "rpr": 1548.6406370422, "rprd": 73.871228904003, "w": 14, "l": 12, "coil": null}, "gen8firstblood": {"elo": 1131.3720228371, "gxe": 55.9, "rpr": 1544.5308571337, "rprd": 43.034396280058, "w": 48, "l": 41, "coil": null}, "gen8lc": {"elo": 1175.8771847697, "gxe": 64.4, "rpr": 1614.8305502646, "rprd": 82.803602017373, "w": 9, "l": 3, "coil": null}, "gen8maxberries": {"elo": 1029.6259708659, "gxe": 48.3, "rpr": 1486.4125605942, "rprd": 117.85446340544, "w": 1, "l": 1, "coil": null}, "gen8monotype": {"elo": 1262.7986903306, "gxe": 56.1, "rpr": 1547.6707151001, "rprd": 88.346636413219, "w": 168, "l": 160, "coil": null}, "gen8monotyperandombattle": {"elo": 1210.2330204372, "gxe": 63.2, "rpr": 1604.3416843783, "rprd": 79.116059266544, "w": 12, "l": 5, "coil": null}, "gen8nationaldexag": {"elo": 1279.932956737, "gxe": 58.6, "rpr": 1567.4817534241, "rprd": 86.951675914404, "w": 26, "l": 19, "coil": null}, "gen8nationaldexmonotype": {"elo": 1089.934091839, "gxe": 41.7, "rpr": 1434.82015498, "rprd": 93.887294060028, "w": 11, "l": 18, "coil": null}, "gen8nationaldexuu": {"elo": 1144.7652373041, "gxe": 52.3, "rpr": 1521.0708676701, "rprd": 230.20842432801, "w": 22, "l": 20, "coil": null}, "gen8natureswap": {"elo": 1117.4933596932, "gxe": 48.1, "rpr": 1484.93978302, "rprd": 92.363838674333, "w": 4, "l": 4, "coil": null}, "gen8nfe": {"elo": 1106.3711328585, "gxe": 62.9, "rpr": 1603.9966991345, "rprd": 111.69225811442, "w": 3, "l": 0, "coil": null}, "gen8ou": {"elo": 1057.476837746, "gxe": 28.7, "rpr": 1323.459476698, "rprd": 88.816164918668, "w": 41, "l": 45, "coil": null}, "gen8partnersincrime": {"elo": 1029.0875405016, "gxe": 46, "rpr": 1467.9717622918, "rprd": 110.21128769293, "w": 1, "l": 2, "coil": null}, "gen8pokebilities": {"elo": 1027.5157177969, "gxe": 47.1, "rpr": 1476.8173402636, "rprd": 112.27939705402, "w": 1, "l": 2, "coil": null}, "gen8pu": {"elo": 1026.0538750112, "gxe": 41.2, "rpr": 1429.6981909013, "rprd": 106.44820070719, "w": 1, "l": 3, "coil": null}, "gen8randombattle": {"elo": 1433.7433779507, "gxe": 70, "rpr": 1666.3422315386, "rprd": 103.09423493013, "w": 75, "l": 55, "coil": null}, "gen8randomdoublesbattle": {"elo": 1072.1290702971, "gxe": 54.5, "rpr": 1535.3774337994, "rprd": 110.05083974076, "w": 2, "l": 1, "coil": null}, "gen8ru": {"elo": 1026.9599957784, "gxe": 29.7, "rpr": 1331.0591974842, "rprd": 101.04356261456, "w": 6, "l": 18, "coil": null}, "gen8trademarked": {"elo": 1084.707641943, "gxe": 54.2, "rpr": 1533.2804027816, "rprd": 102.08624536748, "w": 3, "l": 2, "coil": null}, "gen8ubers": {"elo": 1134.0337218853, "gxe": 48.7, "rpr": 1490.1052534167, "rprd": 100.54632698842, "w": 25, "l": 40, "coil": null}, "gen8uu": {"elo": 1110.7550075655, "gxe": 47.1, "rpr": 1474.0660796649, "rprd": 225.99287149483, "w": 21, "l": 21, "coil": null}, "gen8vgc2021": {"elo": 1000, "gxe": 35.2, "rpr": 1378.9874103987, "rprd": 110.80786267042, "w": 0, "l": 3, "coil": null}, "gen8vgc2021series10": {"elo": 1077.287770259, "gxe": 46.9, "rpr": 1476.1770724871, "rprd": 92.122843157774, "w": 4, "l": 4, "coil": null}, "gen8zu": {"elo": 1070.7796655428, "gxe": 52.5, "rpr": 1522.140627623, "rprd": 219.53581627025, "w": 23, "l": 25, "coil": null}, "gen91v1": {"elo": 1310.292788294299, "gxe": 65.5, "rpr": 1621.7657403541657, "rprd": 43.75864692615881, "w": 63, "l": 36, "coil": null}, "gen9350cup": {"elo": 1000, "gxe": 40.3, "rpr": 1421.5757613880892, "rprd": 116.53393120254496, "w": 0, "l": 2, "coil": null}, "gen9biomechmons": {"elo": 1000, "gxe": 45, "rpr": 1459.8393856609866, "rprd": 122.85830807679145, "w": 0, "l": 1, "coil": null}, "gen9doublesou": {"elo": 1071.4676115585917, "gxe": 44.7, "rpr": 1458.7828255970953, "rprd": 83.975032300929, "w": 9, "l": 9, "coil": null}, "gen9doublesubers": {"elo": 1214.635558231821, "gxe": 54.3, "rpr": 1533.8046286706804, "rprd": 110.66809468306617, "w": 35, "l": 26, "coil": null}, "gen9doublesuu": {"elo": 1000, "gxe": 34.2, "rpr": 1370.6447833509503, "rprd": 110.83994355433188, "w": 1, "l": 4, "coil": null}, "gen9forceofthefallen": {"elo": 1059.986008183364, "gxe": 54, "rpr": 1532.0187116769262, "rprd": 111.35231613530871, "w": 2, "l": 1, "coil": null}, "gen9franticfusions": {"elo": 1078.0327878078872, "gxe": 53.7, "rpr": 1529.6717873122059, "rprd": 110.96280451183445, "w": 2, "l": 1, "coil": null}, "gen9godlygift": {"elo": 1052.612403125541, "gxe": 50.5, "rpr": 1503.6394231503846, "rprd": 116.75453222752417, "w": 1, "l": 1, "coil": null}, "gen9monotype": {"elo": 1268.1146295141002, "gxe": 50.1, "rpr": 1500.6979342300356, "rprd": 115.3143412147354, "w": 19, "l": 12, "coil": 1916.357042950495}, "gen9nationaldexubers": {"elo": 1041.6801501437778, "gxe": 49, "rpr": 1492.2588306558798, "rprd": 116.04603626399708, "w": 1, "l": 1, "coil": null}, "gen9nu": {"elo": 1098.20141570927, "gxe": 48, "rpr": 1484.0202520722364, "rprd": 104.7211031001083, "w": 4, "l": 4, "coil": 1046.8874233586473}, "gen9ou": {"elo": 1248.1460083898583, "gxe": 59.3, "rpr": 1572.6120985516816, "rprd": 76.8900243319189, "w": 21, "l": 16, "coil": null}, "gen9pokebilities": {"elo": 1000, "gxe": 41.1, "rpr": 1428.8174709935688, "rprd": 116.07330961429582, "w": 0, "l": 2, "coil": null}, "gen9pokebilitiesaaa": {"elo": 1000, "gxe": 31.2, "rpr": 1344.4164215503133, "rprd": 102.24340323449702, "w": 0, "l": 5, "coil": null}, "gen9randombattle": {"elo": 1574.1568725464292, "gxe": 71.4, "rpr": 1673.4019369991656, "rprd": 48.95569338745349, "w": 336, "l": 303, "coil": null}, "gen9randomdoublesbattle": {"elo": 1000, "gxe": 43.9, "rpr": 1450.9994724198118, "rprd": 122.68410977606558, "w": 0, "l": 1, "coil": null}, "gen9randomroulette": {"elo": 1253.643370078757, "gxe": 67, "rpr": 1639.3382602154952, "rprd": 102.09131307546551, "w": 20, "l": 17, "coil": null}, "gen9ubers": {"elo": 1111.7307412463597, "gxe": 50.7, "rpr": 1505.5657642676501, "rprd": 130, "w": 6, "l": 4, "coil": null}, "gen9uu": {"elo": 1117.042972880719, "gxe": 61.3, "rpr": 1591.6557006953528, "rprd": 117.12367640379402, "w": 3, "l": 0, "coil": null}, "gen9vgc2023regulationd": {"elo": 1094.4866303214565, "gxe": 47.5, "rpr": 1480.669242427992, "rprd": 102.73580678527243, "w": 3, "l": 2, "coil": null}, "gen9vgc2023regulatione": {"elo": 1010.6734875899754, "gxe": 40.6, "rpr": 1426.1548540750855, "rprd": 83.29814638496164, "w": 4, "l": 8, "coil": null}}}