{"username": "DeMoivresTheorem", "userid": "demoivrestheorem", "registertime": 1589587200, "group": 1, "ratings": {"gen6ou": {"elo": 1327.9939056491, "gxe": 66.2, "rpr": 1628.9333810942, "rprd": 74.274706809438, "w": 78, "l": 54, "coil": null}, "gen6randombattle": {"elo": 1441.5358478552, "gxe": 65.2, "rpr": 1618.7448630001, "rprd": 36.967263755101, "w": 53, "l": 38, "coil": null}, "gen7ou": {"elo": 1495.9683601161, "gxe": 69, "rpr": 1659.7077639962, "rprd": 119.87439517506, "w": 59, "l": 36, "coil": null}, "gen7randombattle": {"elo": 1387.0262688861, "gxe": 70.7, "rpr": 1668.2301818545, "rprd": 66.019655880515, "w": 21, "l": 6, "coil": null}, "gen7uu": {"elo": 1000, "gxe": 41, "rpr": 1427.4328741711, "rprd": 116.77753930647, "w": 0, "l": 2, "coil": null}, "gen8nu": {"elo": 1123.3657282971, "gxe": 62.3, "rpr": 1599.7471906171, "rprd": 114.79569883544, "w": 3, "l": 0, "coil": null}, "gen8ou": {"elo": 1283.1318086205, "gxe": 65.5, "rpr": 1627.1348026626, "rprd": 116.41256189528, "w": 32, "l": 23, "coil": null}, "gen8randombattle": {"elo": 1457.3802177999173, "gxe": 81.3, "rpr": 1792.2353257019422, "rprd": 117.96250611590331, "w": 3221, "l": 3000, "coil": null}, "gen8randomdoublesbattle": {"elo": 1000, "gxe": 45.5, "rpr": 1463.6995491658, "rprd": 122.9094286312, "w": 0, "l": 1, "coil": null}, "gen8ru": {"elo": 1146.0799670406, "gxe": 55.4, "rpr": 1549.0712841892, "rprd": 231.63795320934, "w": 7, "l": 7, "coil": null}, "gen8uu": {"elo": 1139.8958256073, "gxe": 47.8, "rpr": 1479.8526639788, "rprd": 225.85249258213, "w": 8, "l": 8, "coil": null}, "gen9randombattle": {"elo": 1996.9621490056124, "gxe": 83.7, "rpr": 1808.5852900738091, "rprd": 33.16208482409555, "w": 2326, "l": 2121, "coil": null}}}