{"username": "Denverlepointeur", "userid": "denverlepointeur", "registertime": 1778889600, "group": 1, "ratings": {"gen9nationaldexubers": {"elo": 1221.1128834440499, "gxe": 52.9, "rpr": 1521.9163570056417, "rprd": 51.90838502216831, "w": 25, "l": 18, "coil": null}, "gen9randombattle": {"elo": 1498.0326685512634, "gxe": 62.6, "rpr": 1597.5679328571532, "rprd": 31.348950812075454, "w": 175, "l": 155, "coil": null}}}