{"username": "Derpager", "userid": "derpager", "registertime": 1634947200, "group": 1, "ratings": {"gen6tripleschallengecup": {"elo": 1062.1416721976022, "gxe": 56.2, "rpr": 1549.4995720211784, "rprd": 122.01691396324318, "w": 1, "l": 0, "coil": null}, "gen8nationaldexmonotype": {"elo": 1043.0744625653, "gxe": 55, "rpr": 1540.1606143388, "rprd": 122.8583080769, "w": 1, "l": 0, "coil": null}, "gen9anythinggoes": {"elo": 1001.4867108511717, "gxe": 21.5, "rpr": 1250.574515053324, "rprd": 76.72622472608364, "w": 4, "l": 20, "coil": null}, "gen9bssregh": {"elo": 1000, "gxe": 43.7, "rpr": 1449.028524921316, "rprd": 122.70798177600733, "w": 0, "l": 1, "coil": null}, "gen9challengecup1v1": {"elo": 1299.675439311978, "gxe": 56, "rpr": 1546.3229175502183, "rprd": 73.73419976968519, "w": 150, "l": 107, "coil": null}, "gen9fusionevolutionrandombattle": {"elo": 1040, "gxe": 55, "rpr": 1540.1606143388, "rprd": 123.22070420879, "w": 1, "l": 0, "coil": null}, "gen9hackmonscup": {"elo": 1040, "gxe": 55, "rpr": 1540.1606143390134, "rprd": 122.85830807679145, "w": 1, "l": 0, "coil": null}, "gen9randombattle": {"elo": 2134.1496099000888, "gxe": 87.1, "rpr": 1860.4422088102717, "rprd": 27.05729240266384, "w": 3116, "l": 2850, "coil": null}, "gen9randombattleblitz": {"elo": 1129.867673680127, "gxe": 56.8, "rpr": 1553.8423327976645, "rprd": 98.47427380910104, "w": 4, "l": 2, "coil": null}, "gen9randomdoublesbattle": {"elo": 1173.6521009512924, "gxe": 64.3, "rpr": 1617.286240082994, "rprd": 122.9799475733323, "w": 7, "l": 2, "coil": null}, "gen9vgc2024reghbo3": {"elo": 1119.304342772082, "gxe": 51.2, "rpr": 1509.7543862152033, "rprd": 103.0329467919076, "w": 3, "l": 2, "coil": null}}}