{"username": "DerpyEspeon", "userid": "derpyespeon", "registertime": 1706832000, "group": 1, "ratings": {"gen8nationaldex": {"elo": 1028.6621063842535, "gxe": 50.9, "rpr": 1507.4746628115272, "rprd": 116.12320156181438, "w": 1, "l": 1, "coil": null}, "gen8randombattle": {"elo": 1082.274112423994, "gxe": 56.4, "rpr": 1550.9809934789293, "rprd": 117.92862406388282, "w": 2, "l": 0, "coil": null}, "gen9nationaldex": {"elo": 1138.6446520214004, "gxe": 51.1, "rpr": 1508.7474191320434, "rprd": 61.28157035033778, "w": 17, "l": 13, "coil": null}, "gen9randombattle": {"elo": 1235.3733823374544, "gxe": 52.9, "rpr": 1521.6392489641864, "rprd": 39.489126798080115, "w": 212, "l": 211, "coil": null}}}