{"username": "Detective Salad", "userid": "detectivesalad", "registertime": 1637020800, "group": 1, "ratings": {"gen9randombattle": {"elo": 1177.5963226875524, "gxe": 53.6, "rpr": 1527.5066475292144, "rprd": 41.21351219266168, "w": 2286, "l": 2261, "coil": null}}}