{"username": "DEVILICEMIN", "userid": "devilicemin", "registertime": 1532390400, "group": 1, "ratings": {"gen7randombattle": {"elo": 1530.8269428744, "gxe": 71.2, "rpr": 1672.5767029618, "rprd": 61.506351435916, "w": 1593, "l": 1454, "coil": null}, "gen7randomdoublesbattle": {"elo": 1499.7101653877, "gxe": 74.8, "rpr": 1716.76345448, "rprd": 118.9837144166, "w": 70, "l": 47, "coil": null}, "gen8monotyperandombattle": {"elo": 1161.9227913698, "gxe": 68.6, "rpr": 1653.0496963207, "rprd": 101.68522656614, "w": 5, "l": 0, "coil": null}, "gen8randombattle": {"elo": 1415.7017984766, "gxe": 69, "rpr": 1669.0190193266, "rprd": 174.90648306943, "w": 2255, "l": 2028, "coil": null}, "gen8randomdoublesbattle": {"elo": 1499.3566037414, "gxe": 71.4, "rpr": 1691.9234630172, "rprd": 170.55695662557, "w": 218, "l": 177, "coil": null}, "gen9randombattle": {"elo": 1989.2798327384173, "gxe": 79.7, "rpr": 1757.2561397941597, "rprd": 25.685387103945054, "w": 3917, "l": 3677, "coil": null}, "gen9randombattleblitz": {"elo": 1127.5149247899906, "gxe": 55.7, "rpr": 1544.900889157304, "rprd": 97.46879617602377, "w": 4, "l": 2, "coil": null}, "gen9randomdoublesbattle": {"elo": 1655.9187968201913, "gxe": 74.7, "rpr": 1704.8011757279496, "rprd": 39.489991184751275, "w": 851, "l": 757, "coil": null}}}