{"username": "dfgaegaf", "userid": "dfgaegaf", "registertime": 0, "group": 0, "ratings": {"gen9randombattle": {"elo": 1026.4627182618658, "gxe": 38.2, "rpr": 1404.8375824383818, "rprd": 108.87612458309869, "w": 1, "l": 3, "coil": null}}}