{"username": "Dfrrnspa97", "userid": "dfrrnspa97", "registertime": 1438560000, "group": 1, "ratings": {"anythinggoes": {"elo": 1000, "gxe": 44.4, "rpr": 1455.0661568265, "rprd": 122.25877470801, "w": 0, "l": 0, "coil": null}, "gen6randombattle": {"elo": 1046.562496105074, "gxe": 54.2, "rpr": 1533.6080541979807, "rprd": 122.31090184448439, "w": 0, "l": 0, "coil": null}, "gen7randombattle": {"elo": 1525.9517035322087, "gxe": 73, "rpr": 1697.4729877251154, "rprd": 115.61914065152244, "w": 0, "l": 0, "coil": null}, "gen8bdsprandombattle": {"elo": 1040, "gxe": 49.9, "rpr": 1499.053746305, "rprd": 119.5271637583, "w": 0, "l": 0, "coil": null}, "gen8randombattle": {"elo": 1399.9015759854, "gxe": 80.7, "rpr": 1814.8710220911, "rprd": 209.41327710782, "w": 0, "l": 0, "coil": null}, "gen9randombattle": {"elo": 2197.499697192417, "gxe": 86.7, "rpr": 1853.064925875449, "rprd": 25.530368658704443, "w": 1399, "l": 1294, "coil": null}}}