{"username": "Dggg", "userid": "dggg", "registertime": 1471132800, "group": 1, "ratings": {"1v1": {"elo": 1000, "gxe": 27.7, "rpr": 1314.7070475894, "rprd": 83.419991760244, "w": 2, "l": 10, "coil": null}, "anythinggoes": {"elo": 1052.709632292, "gxe": 53, "rpr": 1523.8540561414, "rprd": 111.33851419983, "w": 2, "l": 1, "coil": null}, "battlefactory": {"elo": 1000, "gxe": 37.3, "rpr": 1397.6458335775, "rprd": 110.79068927615, "w": 0, "l": 3, "coil": null}, "battlespotsingles": {"elo": 1102.2558238422, "gxe": 52.4, "rpr": 1518.5611806519, "rprd": 101.10406103712, "w": 3, "l": 2, "coil": null}, "challengecup1v1": {"elo": 1000, "gxe": 45, "rpr": 1459.8393856612, "rprd": 122.8583080769, "w": 0, "l": 1, "coil": null}, "gen7randombattle": {"elo": 1410.7710227001, "gxe": 67.2, "rpr": 1636.8585716112, "rprd": 66.016578627959, "w": 710, "l": 662, "coil": null}, "gen8randombattle": {"elo": 1418.5523940735, "gxe": 67.8, "rpr": 1656.9275578845, "rprd": 172.8450489858, "w": 3014, "l": 2917, "coil": null}, "gen8randomdoublesbattle": {"elo": 1064.1352772502, "gxe": 44.8, "rpr": 1459.2513298297, "rprd": 104.7189963063, "w": 2, "l": 3, "coil": null}, "gen8superstaffbros4": {"elo": 1069.0927067281, "gxe": 56.1, "rpr": 1547.6348123773, "rprd": 98.957444588525, "w": 4, "l": 2, "coil": null}, "gen9randombattle": {"elo": 1988.1052474278747, "gxe": 81.6, "rpr": 1780.8821536925202, "rprd": 31.79196381351458, "w": 6416, "l": 6152, "coil": null}, "hackmonscup": {"elo": 1000, "gxe": 39, "rpr": 1410.7162345841, "rprd": 116.92556011828, "w": 0, "l": 2, "coil": null}, "ou": {"elo": 1143.8196152592, "gxe": 40.2, "rpr": 1423.5849177643, "rprd": 76.392607712116, "w": 35, "l": 46, "coil": null}, "randomdoublesbattle": {"elo": 1079.1117398987, "gxe": 52.4, "rpr": 1519.0649883139, "rprd": 102.06166368891, "w": 3, "l": 2, "coil": null}, "ru": {"elo": 1015.663484162, "gxe": 45.3, "rpr": 1462.5991833817, "rprd": 111.14638088681, "w": 1, "l": 2, "coil": null}, "ubers": {"elo": 1060.4922811719, "gxe": 51.7, "rpr": 1513.09971282, "rprd": 112.38560308083, "w": 2, "l": 1, "coil": null}, "uu": {"elo": 1041.7702874056, "gxe": 41, "rpr": 1428.5081759991, "rprd": 109.86996618964, "w": 3, "l": 5, "coil": null}}}