{"username": "dh2v", "userid": "dh2v", "registertime": 1646956800, "group": 1, "ratings": {"gen5randombattle": {"elo": 1022.1660277196, "gxe": 44.8, "rpr": 1457.904977552, "rprd": 130, "w": 1, "l": 1, "coil": null}, "gen6randombattle": {"elo": 1048.3933709643, "gxe": 55.3, "rpr": 1542.7910833348, "rprd": 121.94656032364, "w": 1, "l": 0, "coil": null}, "gen7randombattle": {"elo": 1097.8028168153, "gxe": 47.2, "rpr": 1477.5697888411, "rprd": 130, "w": 3, "l": 2, "coil": null}, "gen8bdsprandombattle": {"elo": 1038.4028706051, "gxe": 45.9, "rpr": 1467.2683121013, "rprd": 117.34227743313, "w": 2, "l": 3, "coil": null}, "gen8monotyperandombattle": {"elo": 1254.1664919023, "gxe": 56.4, "rpr": 1549.0170824906, "rprd": 46.946683768937, "w": 65, "l": 63, "coil": null}, "gen8randombattle": {"elo": 1381.5368522298052, "gxe": 66.2, "rpr": 1635.1333454757107, "rprd": 130, "w": 670, "l": 673, "coil": null}, "gen8randombattleblitz": {"elo": 1107.9089873755, "gxe": 59.1, "rpr": 1572.421323523, "rprd": 106.05038663509, "w": 3, "l": 1, "coil": null}, "gen8randombattlemayhem": {"elo": 1148.7216976204, "gxe": 60.3, "rpr": 1581.8280769752, "rprd": 94.633578930224, "w": 5, "l": 2, "coil": null}, "gen8randomdoublesbattle": {"elo": 1043.3280290496, "gxe": 47.2, "rpr": 1477.5029238787, "rprd": 130, "w": 1, "l": 2, "coil": null}, "gen9monotyperandombattle": {"elo": 1229.2078600863556, "gxe": 54.2, "rpr": 1532.3708171925382, "rprd": 81.47087257297278, "w": 80, "l": 86, "coil": null}, "gen9randombattle": {"elo": 1646.0284244772126, "gxe": 68.1, "rpr": 1642.6956463422355, "rprd": 26.437139640462142, "w": 2146, "l": 2127, "coil": null}}}