{"username": "dhcarr", "userid": "dhcarr", "registertime": 1690243200, "group": 1, "ratings": {"gen1randombattle": {"elo": 1027.7176482907278, "gxe": 50, "rpr": 1499.936298988379, "rprd": 116.2228835158259, "w": 1, "l": 1, "coil": null}, "gen3randombattle": {"elo": 1040, "gxe": 41.6, "rpr": 1433.1438055039566, "rprd": 107.03699246132422, "w": 1, "l": 3, "coil": null}, "gen5randombattle": {"elo": 1000, "gxe": 41.5, "rpr": 1431.668906964686, "rprd": 124.29416079337075, "w": 0, "l": 1, "coil": null}, "gen6firstbloodrandombattle": {"elo": 1000, "gxe": 44.9, "rpr": 1459.1022344858504, "rprd": 121.82868692664384, "w": 0, "l": 1, "coil": null}, "gen6randombattle": {"elo": 1040, "gxe": 20.1, "rpr": 1223.5817299073124, "rprd": 126.52750112572946, "w": 14, "l": 59, "coil": null}, "gen9randombattle": {"elo": 1137.3965507535306, "gxe": 40.6, "rpr": 1427.849625665591, "rprd": 34.369369152793176, "w": 155, "l": 274, "coil": null}, "gen9randombattleblitz": {"elo": 1019.4710227424728, "gxe": 29.8, "rpr": 1328.726817837415, "rprd": 125.42744556768614, "w": 3, "l": 6, "coil": null}}}