{"username": "dhdhdyududhfr", "userid": "dhdhdyududhfr", "registertime": 0, "group": 0, "ratings": {"gen9randombattle": {"elo": 1152.8877948061802, "gxe": 63.2, "rpr": 1606.1365249521043, "rprd": 103.00297980106447, "w": 5, "l": 0, "coil": null}}}