{"username": "dhiwjw", "userid": "dhiwjw", "registertime": 0, "group": 0, "ratings": {"gen8randombattle": {"elo": 1035.820475533, "gxe": 39.5, "rpr": 1417.3264427598, "rprd": 80.575182975575, "w": 5, "l": 8, "coil": null}, "gen9randombattle": {"elo": 1185.4570157869884, "gxe": 59.3, "rpr": 1573.2405976654948, "rprd": 84.47010622539729, "w": 8, "l": 3, "coil": null}, "gen9randombattleblitz": {"elo": 1085.5242247625401, "gxe": 58.7, "rpr": 1569.8634186631066, "rprd": 115.99302384140626, "w": 2, "l": 0, "coil": null}}}