{"username": "DIAPERABUSER2009", "userid": "diaperabuser2009", "registertime": 1680652800, "group": 1, "ratings": {"gen9nationaldex": {"elo": 1204.348868314949, "gxe": 54.9, "rpr": 1538.2743368787728, "rprd": 99.19713335752292, "w": 26, "l": 18, "coil": null}, "gen9nationaldexubers": {"elo": 1144.3420076659813, "gxe": 57.5, "rpr": 1558.641693180474, "rprd": 96.26154644760985, "w": 5, "l": 2, "coil": null}, "gen9randombattle": {"elo": 1870.325976780866, "gxe": 79.5, "rpr": 1756.0008561402162, "rprd": 31.48869507408888, "w": 2287, "l": 2102, "coil": null}, "gen9randombattleblitz": {"elo": 1477.6765999829397, "gxe": 62.6, "rpr": 1597.4583667592215, "rprd": 42.051298246959306, "w": 46, "l": 27, "coil": null}}}