{"username": "DieGodPRIME", "userid": "diegodprime", "registertime": 1723248000, "group": 1, "ratings": {"gen1ou": {"elo": 1013.2688886060714, "gxe": 39.6, "rpr": 1416.9994002734363, "rprd": 101.9284160752978, "w": 1, "l": 4, "coil": null}, "gen4ou": {"elo": 1022.6518044721358, "gxe": 25.9, "rpr": 1296.9758373206212, "rprd": 83.87072114354925, "w": 13, "l": 25, "coil": null}, "gen6randombattle": {"elo": 1140.3388987608196, "gxe": 57.1, "rpr": 1556.7624144168374, "rprd": 117.7428392908679, "w": 4, "l": 2, "coil": null}, "gen7randombattle": {"elo": 1199.381621290136, "gxe": 56.6, "rpr": 1551.5718830038538, "rprd": 80.63471152259187, "w": 16, "l": 13, "coil": null}, "gen8nationaldex": {"elo": 1076.9850678741636, "gxe": 58.8, "rpr": 1570.2493738343776, "rprd": 115.94192590405153, "w": 2, "l": 0, "coil": null}, "gen91v1": {"elo": 1081.73605945817, "gxe": 46.5, "rpr": 1472.3409831634194, "rprd": 122.17573158910237, "w": 5, "l": 5, "coil": null}, "gen92v2doubles": {"elo": 1069.7433166312758, "gxe": 55.4, "rpr": 1543.3743678443761, "rprd": 122.30821223644773, "w": 2, "l": 1, "coil": null}, "gen9championsvgc2026regma": {"elo": 1046.556525009232, "gxe": 52.3, "rpr": 1518.5935489213225, "rprd": 124.39605490072569, "w": 1, "l": 0, "coil": null}, "gen9computergeneratedteams": {"elo": 1000, "gxe": 45, "rpr": 1459.8393856609866, "rprd": 122.85830807679145, "w": 0, "l": 1, "coil": null}, "gen9doublesou": {"elo": 1146.8546283721425, "gxe": 49.7, "rpr": 1497.484599659564, "rprd": 72.83203767853325, "w": 14, "l": 13, "coil": null}, "gen9doublesubers": {"elo": 1072.0685927063087, "gxe": 47.4, "rpr": 1479.4644319942086, "rprd": 116.84559433327374, "w": 3, "l": 3, "coil": null}, "gen9fusionevolutionrandombattle": {"elo": 1000, "gxe": 47.1, "rpr": 1476.3940627624308, "rprd": 123.50645174506622, "w": 0, "l": 1, "coil": null}, "gen9metronomebattle": {"elo": 1091.6843404539195, "gxe": 39.8, "rpr": 1418.7492581717072, "rprd": 108.78726561304265, "w": 7, "l": 9, "coil": null}, "gen9monotype": {"elo": 1179.7069415406688, "gxe": 48.7, "rpr": 1489.833504607371, "rprd": 111.344478014211, "w": 27, "l": 26, "coil": 1897.7077450284607}, "gen9ou": {"elo": 1041.2361471942538, "gxe": 38.3, "rpr": 1405.967640255455, "rprd": 107.64512884319414, "w": 1, "l": 3, "coil": null}, "gen9randombattle": {"elo": 1405.9030507728185, "gxe": 59.3, "rpr": 1571.6895246823628, "rprd": 51.056638652035666, "w": 506, "l": 501, "coil": null}, "gen9randombattleblitz": {"elo": 1000, "gxe": 35.3, "rpr": 1379.3125167377393, "rprd": 116.06978605418219, "w": 0, "l": 3, "coil": null}, "gen9randomdoublesbattle": {"elo": 1514.9255886921871, "gxe": 63.9, "rpr": 1609.004905783139, "rprd": 66.91353440976424, "w": 230, "l": 205, "coil": null}, "gen9randomroulette": {"elo": 1091.5266661671021, "gxe": 51, "rpr": 1507.9447088609156, "rprd": 103.45167168032555, "w": 16, "l": 18, "coil": null}, "gen9revelationmons": {"elo": 1000, "gxe": 43.4, "rpr": 1447.042645885165, "rprd": 122.47475530295183, "w": 0, "l": 1, "coil": null}, "gen9ubers": {"elo": 1067.7603917331226, "gxe": 42, "rpr": 1437.335436622932, "rprd": 83.66304121077097, "w": 8, "l": 10, "coil": null}, "gen9vgc2024regg": {"elo": 1000, "gxe": 45.1, "rpr": 1460.401280403008, "rprd": 122.25481669651911, "w": 0, "l": 1, "coil": null}, "gen9vgc2024regh": {"elo": 1057.4454581512873, "gxe": 27.9, "rpr": 1320.2218139377899, "rprd": 39.691709578747634, "w": 34, "l": 68, "coil": null}, "gen9vgc2025regg": {"elo": 1000, "gxe": 25.1, "rpr": 1289.3258660973315, "rprd": 76.57840760286956, "w": 3, "l": 13, "coil": null}, "gen9vgc2025regi": {"elo": 1023.1922177907311, "gxe": 31.2, "rpr": 1345.4256844398537, "rprd": 94.38614936136634, "w": 1, "l": 7, "coil": null}, "gen9vgc2026regi": {"elo": 1099.0064101749845, "gxe": 51.6, "rpr": 1512.5071982480988, "rprd": 85.87805390942783, "w": 7, "l": 5, "coil": null}}}