{"username": "Digit304", "userid": "digit304", "registertime": 1776643200, "group": 1, "ratings": {"gen1randombattle": {"elo": 1050.9981436495, "gxe": 56.4, "rpr": 1551.7207263226, "rprd": 122.35261678471, "w": 0, "l": 0, "coil": null}, "gen4randombattle": {"elo": 1000, "gxe": 45, "rpr": 1459.8393856612, "rprd": 122.8583080769, "w": 0, "l": 0, "coil": null}, "gen5randombattle": {"elo": 1151.9275032762, "gxe": 63.8, "rpr": 1611.222727932, "rprd": 101.324200043, "w": 0, "l": 0, "coil": null}, "gen6randombattle": {"elo": 1122.8011929373, "gxe": 64.1, "rpr": 1614.6593402349, "rprd": 109.23467406251, "w": 0, "l": 0, "coil": null}, "gen71v1": {"elo": 1000, "gxe": 34.2, "rpr": 1370.576891748, "rprd": 110.4080724289, "w": 0, "l": 0, "coil": null}, "gen7anythinggoes": {"elo": 1208.9995956565, "gxe": 46.4, "rpr": 1467.7070851937, "rprd": 220.81860695588, "w": 0, "l": 0, "coil": null}, "gen7doublesou": {"elo": 1000, "gxe": 45, "rpr": 1459.8393856612, "rprd": 122.8583080769, "w": 0, "l": 0, "coil": null}, "gen7hackmonscup": {"elo": 1000, "gxe": 45.1, "rpr": 1460.751767679, "rprd": 122.65258186593, "w": 0, "l": 0, "coil": null}, "gen7monotyperandombattle": {"elo": 1024.8172044243, "gxe": 36.9, "rpr": 1394.524757207, "rprd": 102.08625470294, "w": 0, "l": 0, "coil": null}, "gen7randombattle": {"elo": 1000, "gxe": 34.2, "rpr": 1372.2529913547, "rprd": 95.747021901491, "w": 0, "l": 0, "coil": null}, "gen7randomdoublesbattle": {"elo": 1079.7668558819, "gxe": 56.7, "rpr": 1553.4855424989, "rprd": 117.612209581, "w": 0, "l": 0, "coil": null}, "gen7ubers": {"elo": 1043.5620453886, "gxe": 34.7, "rpr": 1358.3898812333, "rprd": 219.05070448701, "w": 0, "l": 0, "coil": null}, "gen8monotyperandombattle": {"elo": 1042.0931817584, "gxe": 55.1, "rpr": 1540.8996817122, "rprd": 122.67399113656, "w": 0, "l": 0, "coil": null}, "gen8randombattle": {"elo": 1058.6778708586, "gxe": 51.6, "rpr": 1512.9017531547, "rprd": 103.04048700159, "w": 0, "l": 0, "coil": null}, "gen9anythinggoes": {"elo": 1000, "gxe": 31.2, "rpr": 1344.0560920776195, "rprd": 106.52588346072625, "w": 0, "l": 2, "coil": null}, "gen9nu": {"elo": 1016.748160073849, "gxe": 40, "rpr": 1420.1466515389532, "rprd": 102.386301875109, "w": 0, "l": 0, "coil": 0}, "gen9randombattle": {"elo": 1072.989123474679, "gxe": 40.5, "rpr": 1427.0931451503357, "rprd": 33.44426331051254, "w": 154, "l": 179, "coil": null}, "gen9ru": {"elo": 1040.1641866437203, "gxe": 34.7, "rpr": 1375.8357922036064, "rprd": 99.36603527259142, "w": 2, "l": 6, "coil": 756.8123664696889}}}