{"username": "dlkjskjdnasd", "userid": "dlkjskjdnasd", "registertime": 0, "group": 0, "ratings": {"gen9randombattle": {"elo": 1233.9545641904442, "gxe": 63.2, "rpr": 1604.0105550342184, "rprd": 79.529777524865, "w": 10, "l": 3, "coil": null}}}