{"username": "dlorktoro", "userid": "dlorktoro", "registertime": 0, "group": 0, "ratings": {"gen9randombattle": {"elo": 1097.3227897409793, "gxe": 54.3, "rpr": 1533.2526520411463, "rprd": 84.59315082346178, "w": 7, "l": 4, "coil": null}}}