{"username": "Dolfin99", "userid": "dolfin99", "registertime": 1740355200, "group": 1, "ratings": {"gen1randombattle": {"elo": 1000, "gxe": 40.6, "rpr": 1423.9103402756866, "rprd": 122.93275504687341, "w": 0, "l": 2, "coil": null}, "gen91v1": {"elo": 1000, "gxe": 35.2, "rpr": 1380.2078043274607, "rprd": 106.37137117201694, "w": 0, "l": 4, "coil": null}, "gen9b6p4randomdoublesbattlebo3": {"elo": 1000, "gxe": 45, "rpr": 1459.8393856609866, "rprd": 122.85830807679145, "w": 0, "l": 1, "coil": null}, "gen9battlefactory": {"elo": 1040, "gxe": 55, "rpr": 1540.1606143390134, "rprd": 122.85830807679145, "w": 1, "l": 0, "coil": null}, "gen9challengecup1v1": {"elo": 1000, "gxe": 40.1, "rpr": 1420.236565200184, "rprd": 115.78963182295313, "w": 0, "l": 2, "coil": null}, "gen9computergeneratedteams": {"elo": 1044.5849307009835, "gxe": 55, "rpr": 1540.1606143390134, "rprd": 122.85830807679145, "w": 1, "l": 0, "coil": null}, "gen9draftfactory": {"elo": 1070.102808904164, "gxe": 59.1, "rpr": 1573.3094994685453, "rprd": 118.08078695365226, "w": 2, "l": 0, "coil": null}, "gen9fusionevolutionrandombattle": {"elo": 1000, "gxe": 45, "rpr": 1459.8393856609866, "rprd": 122.85830807679145, "w": 0, "l": 1, "coil": null}, "gen9monkeyspawrandombattle": {"elo": 1055.9149973724407, "gxe": 55.4, "rpr": 1543.2740534527472, "rprd": 121.96828529867616, "w": 1, "l": 0, "coil": null}, "gen9monotyperandombattle": {"elo": 1000, "gxe": 40, "rpr": 1418.825497515829, "rprd": 122.95506856417937, "w": 0, "l": 2, "coil": null}, "gen9nationaldex": {"elo": 1000, "gxe": 44.3, "rpr": 1454.2146493018652, "rprd": 122.60765219891267, "w": 0, "l": 1, "coil": null}, "gen9ou": {"elo": 1028.0261775311708, "gxe": 34.1, "rpr": 1374.23703901692, "rprd": 53.95541369345111, "w": 53, "l": 77, "coil": null}, "gen9partnersincrimerandombattle6moves": {"elo": 1000, "gxe": 44.1, "rpr": 1452.7440209730937, "rprd": 121.94195957862502, "w": 0, "l": 1, "coil": null}, "gen9pickyourteamrandombattle": {"elo": 1040, "gxe": 55, "rpr": 1540.1606143390134, "rprd": 122.85830807679145, "w": 1, "l": 0, "coil": null}, "gen9randombattle": {"elo": 1391.7535891652287, "gxe": 59.6, "rpr": 1573.8773848240119, "rprd": 47.01825184437472, "w": 122, "l": 136, "coil": null}, "gen9randombattleblitz": {"elo": 1087.6708409434086, "gxe": 51.9, "rpr": 1515.2059970736102, "rprd": 93.94958719952363, "w": 6, "l": 4, "coil": null}, "gen9randombattlehyperblitzautochoose": {"elo": 1000, "gxe": 41.1, "rpr": 1428.1821414710505, "rprd": 117.28579638754637, "w": 0, "l": 2, "coil": null}, "gen9randombattlemayhem": {"elo": 1000, "gxe": 41.1, "rpr": 1428.2518669105652, "rprd": 121.51075718315813, "w": 0, "l": 2, "coil": null}, "gen9randomdoublesbattle": {"elo": 1026.7574625016891, "gxe": 35.2, "rpr": 1384.5274793138428, "rprd": 38.94174956831977, "w": 84, "l": 121, "coil": null}, "gen9randomroulette": {"elo": 1000, "gxe": 45.9, "rpr": 1466.9712914544214, "rprd": 122.4602305748498, "w": 0, "l": 1, "coil": null}}}