{"username": "domstaaaa", "userid": "domstaaaa", "registertime": 1752796800, "group": 1, "ratings": {"gen9randombattle": {"elo": 1708.5590259868195, "gxe": 70.8, "rpr": 1666.9847152801628, "rprd": 25.7521186543466, "w": 2029, "l": 1983, "coil": null}}}