{"username": "dontcheeseme", "userid": "dontcheeseme", "registertime": 1677456000, "group": 1, "ratings": {"gen5randombattle": {"elo": 1044.584930701, "gxe": 55, "rpr": 1540.1606143388, "rprd": 122.8583080769, "w": 1, "l": 0, "coil": null}, "gen7doublesou": {"elo": 1010.6776987966, "gxe": 39.7, "rpr": 1417.7686511047, "rprd": 105.79097196949, "w": 1, "l": 3, "coil": null}, "gen7ou": {"elo": 1026.1633002677831, "gxe": 30.8, "rpr": 1343.4017876232956, "rprd": 80.06554883867246, "w": 112, "l": 125, "coil": null}, "gen7pickyourteamrandombattle": {"elo": 1118.1331582892, "gxe": 50.3, "rpr": 1501.9684457524, "rprd": 60.011899675961, "w": 16, "l": 14, "coil": null}, "gen7randombattle": {"elo": 1104.9908515107393, "gxe": 45.8, "rpr": 1465.9735089712215, "rprd": 122.76763867998474, "w": 27, "l": 25, "coil": null}, "gen7ubers": {"elo": 1101.4594387655, "gxe": 43.4, "rpr": 1446.2280559726, "rprd": 130, "w": 13, "l": 18, "coil": null}, "gen8battlefactory": {"elo": 1000, "gxe": 44.5, "rpr": 1455.7266365041, "rprd": 122.34457489243, "w": 0, "l": 1, "coil": null}, "gen8bdsprandombattle": {"elo": 1040, "gxe": 55, "rpr": 1540.1606143388, "rprd": 122.8583080769, "w": 1, "l": 0, "coil": null}, "gen8hackmonscup": {"elo": 1000, "gxe": 46.5, "rpr": 1472.3702851879, "rprd": 122.81955205913, "w": 0, "l": 1, "coil": null}, "gen8monotyperandombattle": {"elo": 1174.3849505896, "gxe": 69.6, "rpr": 1662.0726476904, "rprd": 101.9438460437, "w": 6, "l": 0, "coil": null}, "gen8nationaldexag": {"elo": 1094.5102724414, "gxe": 52.7, "rpr": 1521.6923156444, "rprd": 109.68636357995, "w": 2, "l": 1, "coil": null}, "gen8ou": {"elo": 1123.0779641230924, "gxe": 41, "rpr": 1431.39619096398, "rprd": 36.26656424043164, "w": 314, "l": 393, "coil": null}, "gen8randombattle": {"elo": 1068.6310923498, "gxe": 37.1, "rpr": 1399.9489661685, "rprd": 50.183149673349, "w": 40, "l": 53, "coil": null}, "gen8randombattleblitz": {"elo": 1044.8216775946, "gxe": 54.9, "rpr": 1539.0671315712, "rprd": 121.98097654461, "w": 1, "l": 0, "coil": null}, "gen8randomdoublesbattle": {"elo": 1051.425469823, "gxe": 50.2, "rpr": 1501.2130932308, "rprd": 122.04311994004, "w": 1, "l": 1, "coil": null}, "gen8uu": {"elo": 1069.5709027163, "gxe": 55.5, "rpr": 1543.7792480259, "rprd": 110.91273640419, "w": 2, "l": 1, "coil": null}, "gen9doublesou": {"elo": 1044.1867712749793, "gxe": 35.1, "rpr": 1381.7219520527296, "rprd": 78.84902187121293, "w": 5, "l": 9, "coil": null}, "gen9ou": {"elo": 1065.022913017874, "gxe": 28.3, "rpr": 1316.4560755873622, "rprd": 106.86634615671255, "w": 65, "l": 108, "coil": null}, "gen9randombattle": {"elo": 1421.2350848904787, "gxe": 58.1, "rpr": 1561.9700543957197, "rprd": 32.184136484737486, "w": 4003, "l": 4084, "coil": null}, "gen9randombattleblitz": {"elo": 1144.4473713693321, "gxe": 60.4, "rpr": 1583.9186832271578, "rprd": 112.9656805238154, "w": 9, "l": 4, "coil": null}, "gen9randomdoublesbattle": {"elo": 1000, "gxe": 45, "rpr": 1459.8393856609866, "rprd": 122.85830807679145, "w": 0, "l": 1, "coil": null}, "gen9randomroulette": {"elo": 1090.4758460934281, "gxe": 60, "rpr": 1580.4474259777264, "rprd": 116.68777696852322, "w": 2, "l": 0, "coil": null}, "gen9ubers": {"elo": 1120.463930611808, "gxe": 36.3, "rpr": 1388.7696274602604, "rprd": 114.87171004162754, "w": 176, "l": 174, "coil": null}, "gen9uu": {"elo": 1042.7241562388372, "gxe": 43.3, "rpr": 1448.3910640226825, "rprd": 78.27863487219206, "w": 7, "l": 9, "coil": null}}}