{"username": "Dooopsdiiips", "userid": "dooopsdiiips", "registertime": 1683849600, "group": 1, "ratings": {"gen1randombattle": {"elo": 1423.0219205758196, "gxe": 80.1, "rpr": 1777.3683500653995, "rprd": 122.09239656734934, "w": 37, "l": 22, "coil": null}, "gen2randombattle": {"elo": 1464.5438555643, "gxe": 83.4, "rpr": 1821.8214811462, "rprd": 119.2620564984, "w": 42, "l": 15, "coil": null}, "gen3randombattle": {"elo": 1547.359518391, "gxe": 85.4, "rpr": 1837.3857815789, "rprd": 62.38789527011, "w": 1341, "l": 601, "coil": null}, "gen4randombattle": {"elo": 1555.9883462563, "gxe": 84.4, "rpr": 1820.4258872516, "rprd": 49.093942248302, "w": 1183, "l": 603, "coil": null}, "gen5randombattle": {"elo": 1555.8963057199, "gxe": 82.1, "rpr": 1790.3581417792, "rprd": 57.733712600483, "w": 167, "l": 81, "coil": null}, "gen9challengecup1v1": {"elo": 1125.2903409122632, "gxe": 63.4, "rpr": 1608.2017657613792, "rprd": 110.18124575208529, "w": 3, "l": 0, "coil": null}, "gen9championsrandombattle": {"elo": 1045.1769695527344, "gxe": 55, "rpr": 1540.1606143390134, "rprd": 122.85830807679145, "w": 1, "l": 0, "coil": null}, "gen9monotyperandombattle": {"elo": 1047.7211692306275, "gxe": 49.7, "rpr": 1497.5852955814898, "rprd": 116.40889930908219, "w": 1, "l": 1, "coil": null}, "gen9pu": {"elo": 1375.9778568833, "gxe": 71.2, "rpr": 1680.0815178996, "rprd": 119.23754325339, "w": 35, "l": 14, "coil": 2579.5009958236064}, "gen9randombattle": {"elo": 2053.59224486494, "gxe": 84.2, "rpr": 1814.730032410089, "rprd": 25.39573635869452, "w": 261, "l": 203, "coil": null}, "gen9superstaffbrosultimate": {"elo": 1000, "gxe": 45, "rpr": 1459.8393856609866, "rprd": 122.85830807679145, "w": 0, "l": 1, "coil": null}}}