{"username": "dopamine zombie", "userid": "dopaminezombie", "registertime": 1735084800, "group": 1, "ratings": {"gen9randombattle": {"elo": 2128.924444177, "gxe": 86.8, "rpr": 1855.8947197699, "rprd": 37.524703369146, "w": 492, "l": 333, "coil": null}}}