{"username": "DoragonDaddy", "userid": "doragondaddy", "registertime": 1575590400, "group": 1, "ratings": {"gen6randombattle": {"elo": 1112.2855510336533, "gxe": 63.2, "rpr": 1607.6817435979694, "rprd": 122.54746617328159, "w": 4, "l": 1, "coil": null}, "gen7randombattle": {"elo": 1034.945753900292, "gxe": 37, "rpr": 1393.3775416860883, "rprd": 122.21452785108582, "w": 2, "l": 5, "coil": null}, "gen7superstaffbrosbrawl": {"elo": 1000, "gxe": 45, "rpr": 1459.8393856612, "rprd": 122.8583080769, "w": 0, "l": 1, "coil": null}, "gen8monotyperandombattle": {"elo": 1040, "gxe": 55, "rpr": 1540.1606143388, "rprd": 122.8583080769, "w": 1, "l": 0, "coil": null}, "gen8randombattle": {"elo": 1182.0393694273084, "gxe": 52.4, "rpr": 1519.1911460550743, "rprd": 121.99578869434139, "w": 179, "l": 176, "coil": null}, "gen8randomdoublesbattle": {"elo": 1187.404808546, "gxe": 51, "rpr": 1509.1040851704, "rprd": 219.53300697699, "w": 34, "l": 44, "coil": null}, "gen8vgc2020": {"elo": 1131.9052475422, "gxe": 40, "rpr": 1423.2708138294, "rprd": 44.230627255065, "w": 40, "l": 44, "coil": null}, "gen8vgc2021": {"elo": 1050.6510619501, "gxe": 53.7, "rpr": 1529.6352056603, "rprd": 112.53491914554, "w": 2, "l": 1, "coil": null}, "gen8vgc2021series10": {"elo": 1000, "gxe": 45, "rpr": 1459.8393856612, "rprd": 122.8583080769, "w": 0, "l": 1, "coil": null}, "gen9championsrandombattle": {"elo": 1052.414694835321, "gxe": 54.4, "rpr": 1535.4928350455461, "rprd": 122.26781943123027, "w": 1, "l": 0, "coil": null}, "gen9championsvgc2026regmb": {"elo": 1064.825754438901, "gxe": 40.9, "rpr": 1429.2093380623621, "rprd": 80.10750074252388, "w": 5, "l": 8, "coil": null}, "gen9randombattle": {"elo": 1463.3238395357607, "gxe": 55.7, "rpr": 1543.0469770930854, "rprd": 33.436233046277145, "w": 154, "l": 140, "coil": null}, "gen9randomdoublesbattle": {"elo": 1033.112790383889, "gxe": 48.6, "rpr": 1488.7742303077375, "rprd": 106.31294495922333, "w": 2, "l": 2, "coil": null}}}