{"username": "Dots_jkj", "userid": "dotsjkj", "registertime": 1710720000, "group": 1, "ratings": {"gen1ou": {"elo": 1040.552379018341, "gxe": 42.5, "rpr": 1440.2127020669104, "rprd": 107.03848872142036, "w": 4, "l": 7, "coil": null}, "gen2ou": {"elo": 1000, "gxe": 44.5, "rpr": 1455.5613427044925, "rprd": 121.86974800174703, "w": 0, "l": 1, "coil": null}, "gen3ou": {"elo": 1121.6757044634328, "gxe": 43.2, "rpr": 1447.7822563921634, "rprd": 71.13767986448096, "w": 18, "l": 21, "coil": null}, "gen5ou": {"elo": 1000, "gxe": 45, "rpr": 1459.7085222279045, "rprd": 121.86011261534739, "w": 0, "l": 1, "coil": null}, "gen6randombattle": {"elo": 1080.363885734235, "gxe": 57.5, "rpr": 1560.4041117854238, "rprd": 116.8348325841677, "w": 2, "l": 0, "coil": null}, "gen91v1": {"elo": 1156.8872159283949, "gxe": 56.2, "rpr": 1548.7233288035561, "rprd": 101.87827867073142, "w": 5, "l": 4, "coil": null}, "gen91v1factory": {"elo": 1125.9260901999803, "gxe": 51.1, "rpr": 1508.6540869542498, "rprd": 70.55624416327476, "w": 10, "l": 9, "coil": null}, "gen9almostanyability": {"elo": 1000, "gxe": 45, "rpr": 1459.8393856609866, "rprd": 122.85830807679145, "w": 0, "l": 1, "coil": null}, "gen9anythinggoes": {"elo": 1000, "gxe": 43.1, "rpr": 1444.6877972275622, "rprd": 122.51000393856262, "w": 0, "l": 1, "coil": null}, "gen9balancedhackmons": {"elo": 1212.3287569352472, "gxe": 59.3, "rpr": 1574.1509743875813, "rprd": 106.51954682966924, "w": 19, "l": 14, "coil": null}, "gen9championsou": {"elo": 1000, "gxe": 40.9, "rpr": 1426.6041973069398, "rprd": 118.23439888258993, "w": 0, "l": 2, "coil": null}, "gen9champoinsou": {"elo": 1000, "gxe": 45.3, "rpr": 1462.6273583472814, "rprd": 122.32152689833872, "w": 0, "l": 1, "coil": null}, "gen9doublesou": {"elo": 1249.4800787466954, "gxe": 55.6, "rpr": 1543.9605244043264, "rprd": 85.97945044274896, "w": 53, "l": 45, "coil": null}, "gen9doublesubers": {"elo": 1402.9341575228295, "gxe": 67.9, "rpr": 1647.7042307470333, "rprd": 105.74099940077876, "w": 65, "l": 41, "coil": null}, "gen9godlygiftrandombattle": {"elo": 1000, "gxe": 45, "rpr": 1459.8393856609866, "rprd": 122.85830807679145, "w": 0, "l": 1, "coil": null}, "gen9lc": {"elo": 1053.48991573476, "gxe": 40.4, "rpr": 1422.4778036119365, "rprd": 117.55147385397316, "w": 2, "l": 6, "coil": null}, "gen9legendszaou": {"elo": 1000, "gxe": 39, "rpr": 1411.0079737565318, "rprd": 117.3611964276922, "w": 0, "l": 2, "coil": null}, "gen9monkeyspawrandombattle": {"elo": 1000, "gxe": 45, "rpr": 1459.8393856609866, "rprd": 122.85830807679145, "w": 0, "l": 1, "coil": null}, "gen9monotype": {"elo": 1123.322016125024, "gxe": 59.9, "rpr": 1580.076515547504, "rprd": 121.91878808046022, "w": 4, "l": 1, "coil": 1815.8284466794569}, "gen9nationaldex": {"elo": 1413.8458926384103, "gxe": 56.6, "rpr": 1550.4010362835993, "rprd": 49.948692512826234, "w": 293, "l": 276, "coil": null}, "gen9nationaldexaaa": {"elo": 1000, "gxe": 39.6, "rpr": 1416.2211367663583, "rprd": 116.09828164751872, "w": 0, "l": 2, "coil": null}, "gen9nationaldexdoubles": {"elo": 1154.3930885882332, "gxe": 44.1, "rpr": 1454.5920880292729, "rprd": 64.56479430716485, "w": 26, "l": 35, "coil": null}, "gen9nationaldexru": {"elo": 1079.3140212451203, "gxe": 60.5, "rpr": 1584.613803687539, "rprd": 116.63211705710329, "w": 2, "l": 0, "coil": null}, "gen9nationaldexubers": {"elo": 1491.3854422832612, "gxe": 72.5, "rpr": 1685.8984970125716, "rprd": 68.54786123621514, "w": 59, "l": 41, "coil": null}, "gen9nu": {"elo": 1000, "gxe": 44.3, "rpr": 1453.9209221224073, "rprd": 122.92375503369671, "w": 0, "l": 1, "coil": 13.84375}, "gen9ou": {"elo": 1293.9697127779796, "gxe": 58.5, "rpr": 1566.595077601569, "rprd": 86.93714189774379, "w": 183, "l": 180, "coil": null}, "gen9pickyourteamrandombattle": {"elo": 1040, "gxe": 55, "rpr": 1540.1606143390134, "rprd": 122.85830807679145, "w": 1, "l": 0, "coil": null}, "gen9pokebilitiesaaa": {"elo": 1194.384649251816, "gxe": 53.9, "rpr": 1529.99371273513, "rprd": 59.5368754423864, "w": 29, "l": 21, "coil": null}, "gen9pu": {"elo": 1040, "gxe": 55, "rpr": 1540.1606143390134, "rprd": 122.85830807679145, "w": 1, "l": 0, "coil": 17.1875}, "gen9randombattle": {"elo": 1456.56201794193, "gxe": 66.2, "rpr": 1627.165522408247, "rprd": 40.80942503607952, "w": 557, "l": 537, "coil": null}, "gen9randombattleblitz": {"elo": 1000, "gxe": 36.6, "rpr": 1389.1620353821727, "rprd": 130, "w": 0, "l": 2, "coil": null}, "gen9randomdoublesbattle": {"elo": 1287.6436477634118, "gxe": 54.8, "rpr": 1536.9014907766689, "rprd": 52.21606078958017, "w": 68, "l": 62, "coil": null}, "gen9ru": {"elo": 1059.883885818822, "gxe": 37.7, "rpr": 1399.7957121985125, "rprd": 122.08902810987249, "w": 5, "l": 7, "coil": 1006.4692500442059}, "gen9sharedpower": {"elo": 1030.1917233429594, "gxe": 47, "rpr": 1475.6039275833132, "rprd": 123.03928453603088, "w": 1, "l": 1, "coil": null}, "gen9ubers": {"elo": 1174.224355818311, "gxe": 54.5, "rpr": 1535.279641025523, "rprd": 100.45357165371695, "w": 29, "l": 26, "coil": null}, "gen9uu": {"elo": 1070.14995522689, "gxe": 42.2, "rpr": 1438.807831876532, "rprd": 88.57719837140432, "w": 9, "l": 13, "coil": null}, "gen9vgc2024regh": {"elo": 1239.9616191649836, "gxe": 50.6, "rpr": 1504.5255145029832, "rprd": 52.19750248423086, "w": 33, "l": 26, "coil": null}, "gen9vgc2025regg": {"elo": 1235.559019448753, "gxe": 48, "rpr": 1485.0095496308722, "rprd": 36.82780702097244, "w": 66, "l": 66, "coil": null}, "gen9vgc2025regh": {"elo": 1020.4460171019564, "gxe": 35.9, "rpr": 1385.8892008658281, "rprd": 103.5881593574277, "w": 2, "l": 5, "coil": null}, "gen9vgc2025regi": {"elo": 1173.7657010807504, "gxe": 40.7, "rpr": 1428.1062315442193, "rprd": 57.68621883694221, "w": 49, "l": 64, "coil": null}, "gen9vgc2025regibo3": {"elo": 1040, "gxe": 55, "rpr": 1540.1606143390134, "rprd": 122.85830807679145, "w": 1, "l": 0, "coil": null}, "gen9vgc2025regj": {"elo": 1090.9558182525075, "gxe": 53.7, "rpr": 1528.7947510856836, "rprd": 86.93483765786223, "w": 6, "l": 4, "coil": null}, "gen9vgc2026regf": {"elo": 1327.948773395623, "gxe": 53.6, "rpr": 1527.448836439661, "rprd": 44.26871835130378, "w": 68, "l": 57, "coil": null}, "gen9vgc2026regi": {"elo": 1113.874031189496, "gxe": 43.6, "rpr": 1450.6670506038752, "rprd": 71.35993507592, "w": 19, "l": 22, "coil": null}}}