{"username": "dragonlift", "userid": "dragonlift", "registertime": 1646784000, "group": 1, "ratings": {"gen1ou": {"elo": 1029.036907711405, "gxe": 31.8, "rpr": 1346.864999624721, "rprd": 130, "w": 0, "l": 0, "coil": null}, "gen6firstbloodrandombattle": {"elo": 1075.3023913391967, "gxe": 48.8, "rpr": 1490.5152864120705, "rprd": 62.76119046983063, "w": 16, "l": 16, "coil": null}, "gen81v1": {"elo": 1316.0203577731, "gxe": 64, "rpr": 1628.6248887846, "rprd": 220.19990334655, "w": 19, "l": 7, "coil": null}, "gen8lc": {"elo": 1130.8667770015, "gxe": 54.6, "rpr": 1535.7225494148, "rprd": 84.694044001363, "w": 5, "l": 3, "coil": null}, "gen8monotype": {"elo": 1479.5871600027, "gxe": 69.7, "rpr": 1658.6696803717, "rprd": 54.955205575089, "w": 225, "l": 180, "coil": null}, "gen8ou": {"elo": 1380.1592047908, "gxe": 62.8, "rpr": 1616.9524796998, "rprd": 217.75508509383, "w": 30, "l": 15, "coil": null}, "gen8randombattle": {"elo": 1411.3349183658, "gxe": 70, "rpr": 1684.3836602552, "rprd": 197.26552216653, "w": 213, "l": 165, "coil": null}, "gen8randomdoublesbattle": {"elo": 1040, "gxe": 50.3, "rpr": 1502.2859079128, "rprd": 115.98156443105, "w": 0, "l": 0, "coil": null}, "gen8ubers": {"elo": 1201.5822080479, "gxe": 61, "rpr": 1600.1714148781, "rprd": 219.39800207837, "w": 19, "l": 11, "coil": null}, "gen8vgc2022": {"elo": 1033.5447132221, "gxe": 38.1, "rpr": 1390.2376064774, "rprd": 228.54987623871, "w": 0, "l": 0, "coil": null}, "gen9championsbssregmb": {"elo": 1070.102808904164, "gxe": 59.1, "rpr": 1572.8772531708587, "rprd": 117.3084010799348, "w": 2, "l": 0, "coil": null}, "gen9championsrandombattle": {"elo": 1079.0406251153145, "gxe": 54, "rpr": 1531.3067503904674, "rprd": 87.44865900801332, "w": 6, "l": 4, "coil": null}, "gen9championsvgc2026regma": {"elo": 1148.905493069174, "gxe": 50.4, "rpr": 1503.0421089884892, "rprd": 52.56192946634806, "w": 39, "l": 33, "coil": null}, "gen9championsvgc2026regmb": {"elo": 1170.8533960921443, "gxe": 50.4, "rpr": 1502.7546510527864, "rprd": 68.48881626376652, "w": 11, "l": 11, "coil": null}, "gen9monotype": {"elo": 1105.931567888359, "gxe": 46.8, "rpr": 1474.639449131765, "rprd": 122.53035976409821, "w": 4, "l": 3, "coil": 1535.6677864462984}, "gen9ou": {"elo": 1303.230196164193, "gxe": 44.7, "rpr": 1458.3358748585915, "rprd": 101.84787268617822, "w": 41, "l": 30, "coil": null}, "gen9randombattle": {"elo": 2198.3023804479, "gxe": 83.9, "rpr": 1810.9682912857, "rprd": 27.416273950115, "w": 124, "l": 99, "coil": null}, "gen9randomdoublesbattle": {"elo": 1199.8215856829477, "gxe": 61.9, "rpr": 1593.9557996516423, "rprd": 84.0991400671614, "w": 11, "l": 5, "coil": null}}}