{"username": "dragoncoolguy6ix", "userid": "dragoncoolguy6ix", "registertime": 1768780800, "group": 1, "ratings": {"gen9championsou": {"elo": 1028.1650746702749, "gxe": 45.2, "rpr": 1461.9675631696803, "rprd": 105.9623592516254, "w": 2, "l": 3, "coil": null}, "gen9championsrandombattle": {"elo": 1059.5983907891562, "gxe": 45.7, "rpr": 1466.8746785813016, "rprd": 66.78777559599439, "w": 10, "l": 13, "coil": null}, "gen9championsvgc2026regma": {"elo": 1109.4306696538597, "gxe": 51, "rpr": 1507.6956340871188, "rprd": 39.14559237112467, "w": 49, "l": 46, "coil": null}, "gen9championsvgc2026regmabo3": {"elo": 1054.3238017909528, "gxe": 50, "rpr": 1500, "rprd": 106.91164920533053, "w": 2, "l": 2, "coil": null}, "gen9megainvasionrandombattle": {"elo": 1151.2413523901455, "gxe": 50.5, "rpr": 1503.8287860427422, "rprd": 52.84974810787127, "w": 21, "l": 23, "coil": null}, "gen9ou": {"elo": 1121.5187446870323, "gxe": 49.6, "rpr": 1496.5712077857993, "rprd": 93.04589913852419, "w": 5, "l": 3, "coil": null}, "gen9randombattle": {"elo": 1418.3515148645774, "gxe": 62.5, "rpr": 1596.6637366634432, "rprd": 25.735898485706937, "w": 481, "l": 459, "coil": null}, "gen9randomdoublesbattle": {"elo": 1108.9132174980527, "gxe": 54.1, "rpr": 1532.1663196103789, "rprd": 90.80707516833847, "w": 6, "l": 3, "coil": null}, "gen9sharedpower": {"elo": 1019.8378814968072, "gxe": 43.2, "rpr": 1446.162196824567, "rprd": 105.9969567874589, "w": 1, "l": 3, "coil": null}}}