{"username": "DRODDROD", "userid": "droddrod", "registertime": 1555027200, "group": 1, "ratings": {"gen1randombattle": {"elo": 1027.7796696156, "gxe": 31.1, "rpr": 1339.941217288, "rprd": 130, "w": 3, "l": 7, "coil": null}, "gen3randombattle": {"elo": 1223.795621575, "gxe": 70.5, "rpr": 1670.7710721323, "rprd": 98.144542611974, "w": 7, "l": 0, "coil": null}, "gen4randombattle": {"elo": 1081.7730815538, "gxe": 58.9, "rpr": 1571.4221620942, "rprd": 116.66179450126, "w": 2, "l": 0, "coil": null}, "gen4sharedpowerrandombattle": {"elo": 1300.9558724679, "gxe": 62, "rpr": 1592.4179401776, "rprd": 45.450261268044, "w": 55, "l": 38, "coil": null}, "gen5randombattle": {"elo": 1155.8991200493, "gxe": 65, "rpr": 1620.2365108177, "rprd": 89.586399995402, "w": 7, "l": 2, "coil": null}, "gen71v1": {"elo": 1172.6210534079, "gxe": 44.6, "rpr": 1459.197353145, "rprd": 38.135658755877, "w": 51, "l": 60, "coil": null}, "gen7anythinggoes": {"elo": 1474.0796054525, "gxe": 70, "rpr": 1693.1211113766, "rprd": 233.20788213155, "w": 64, "l": 39, "coil": null}, "gen7balancedhackmons": {"elo": 1123.6209645866, "gxe": 36.6, "rpr": 1393.2721726872, "rprd": 90.210156929644, "w": 14, "l": 25, "coil": null}, "gen7battlefactory": {"elo": 1025.5682734669, "gxe": 42.8, "rpr": 1442.5462999606, "rprd": 120.83465544557, "w": 1, "l": 2, "coil": null}, "gen7bssfactory": {"elo": 1057.1692683793, "gxe": 51.2, "rpr": 1509.6879823659, "rprd": 110.57735748449, "w": 2, "l": 2, "coil": null}, "gen7challengecup1v1": {"elo": 1027.608221463, "gxe": 45.6, "rpr": 1465.3569142044, "rprd": 106.21038502745, "w": 2, "l": 4, "coil": null}, "gen7hackmonscup": {"elo": 1083.5137461829, "gxe": 47.1, "rpr": 1477.6545742732, "rprd": 78.723631714561, "w": 6, "l": 9, "coil": null}, "gen7mixandmega": {"elo": 1063.5485433785, "gxe": 45.2, "rpr": 1462.4068913932, "rprd": 101.38394781895, "w": 2, "l": 3, "coil": null}, "gen7monotype": {"elo": 1217.0050139389, "gxe": 43.5, "rpr": 1441.8549532508, "rprd": 212.63593557038, "w": 336, "l": 417, "coil": null}, "gen7monotypebattlefactory": {"elo": 1296.1944056385, "gxe": 69.3, "rpr": 1653.4922390844, "rprd": 37.624247369427, "w": 58, "l": 32, "coil": null}, "gen7monotyperandombattle": {"elo": 1135.3108868638, "gxe": 47.2, "rpr": 1478.5185942485, "rprd": 35.584579167363, "w": 175, "l": 199, "coil": null}, "gen7ou": {"elo": 1149.9648120912, "gxe": 38.2, "rpr": 1408.6493947888, "rprd": 54.639391630697, "w": 43, "l": 56, "coil": null}, "gen7oublitz": {"elo": 1120.8509629284, "gxe": 43.2, "rpr": 1446.492459464, "rprd": 96.671251086738, "w": 5, "l": 7, "coil": null}, "gen7pickyourteamrandombattle": {"elo": 1346.2778215802, "gxe": 63.6, "rpr": 1605.0322884321, "rprd": 35.467572871036, "w": 54, "l": 43, "coil": null}, "gen7pokebilitiesrandombattle": {"elo": 1323.1314663646, "gxe": 69.1, "rpr": 1675.0905914364, "rprd": 200.09397139556, "w": 51, "l": 24, "coil": null}, "gen7randombattle": {"elo": 1240.7161851639, "gxe": 62.8, "rpr": 1603.2386493464, "rprd": 103.69782753076, "w": 267, "l": 266, "coil": null}, "gen7ru": {"elo": 1000, "gxe": 24.8, "rpr": 1248.7765627789, "rprd": 228.4862565393, "w": 0, "l": 12, "coil": null}, "gen7superstaffbrosbrawl": {"elo": 1158.5116815623, "gxe": 57.2, "rpr": 1556.0108043038, "rprd": 71.514313458534, "w": 11, "l": 10, "coil": null}, "gen7ubers": {"elo": 1486.5844035966, "gxe": 65.3, "rpr": 1640.0309249573, "rprd": 215.17182066072, "w": 113, "l": 100, "coil": null}, "gen7uu": {"elo": 1000, "gxe": 26.1, "rpr": 1291.8453002236, "rprd": 123.8362399511, "w": 0, "l": 6, "coil": null}, "gen81v1": {"elo": 1352.7745830757, "gxe": 51, "rpr": 1508.7685856629, "rprd": 224.6830453125, "w": 291, "l": 297, "coil": null}, "gen8almostanyability": {"elo": 1000, "gxe": 45, "rpr": 1459.8393856612, "rprd": 122.8583080769, "w": 0, "l": 1, "coil": null}, "gen8anythinggoes": {"elo": 1000, "gxe": 45.1, "rpr": 1460.6837719116, "rprd": 121.99515801744, "w": 0, "l": 1, "coil": null}, "gen8balancedhackmons": {"elo": 1000, "gxe": 22.9, "rpr": 1265.1692379105, "rprd": 84.461078725153, "w": 1, "l": 12, "coil": null}, "gen8battlefactory": {"elo": 1305.8504373923, "gxe": 57.7, "rpr": 1566.0597773143, "rprd": 178.54041183729, "w": 60, "l": 49, "coil": null}, "gen8challengecup1v1": {"elo": 1241.4488505318, "gxe": 58.5, "rpr": 1565.4077869827, "rprd": 68.171900257065, "w": 22, "l": 17, "coil": null}, "gen8doublesou": {"elo": 1012.7024881711, "gxe": 25.7, "rpr": 1260.6291675572, "rprd": 227.33865528846, "w": 24, "l": 62, "coil": null}, "gen8godlygift": {"elo": 1061.6847270684, "gxe": 53.4, "rpr": 1526.4868374553, "rprd": 102.44270152837, "w": 3, "l": 2, "coil": null}, "gen8hackmonscup": {"elo": 1037.7911167403, "gxe": 42.9, "rpr": 1443.8347710158, "rprd": 99.877563965601, "w": 2, "l": 4, "coil": null}, "gen8monotype": {"elo": 1471.279147564, "gxe": 69.2, "rpr": 1659.8393779033, "rprd": 111.60114869969, "w": 146, "l": 98, "coil": null}, "gen8monotyperandombattle": {"elo": 1499.7326298616, "gxe": 67.6, "rpr": 1644.3694269718, "rprd": 102.70699475687, "w": 368, "l": 334, "coil": null}, "gen8nationaldexuu": {"elo": 1110.7688089841, "gxe": 57.8, "rpr": 1572.0239320584, "rprd": 233.31086670331, "w": 4, "l": 2, "coil": null}, "gen8ou": {"elo": 1353.8568928041, "gxe": 57.2, "rpr": 1555.3910205527, "rprd": 55.254374509845, "w": 254, "l": 244, "coil": null}, "gen8oublitz": {"elo": 1171.2193843367, "gxe": 55.2, "rpr": 1541.0689996803, "rprd": 111.60970709192, "w": 17, "l": 12, "coil": null}, "gen8randombattle": {"elo": 1390.0797182887, "gxe": 65, "rpr": 1638.3548292149, "rprd": 218.63843144059, "w": 1543, "l": 1427, "coil": null}, "gen8randombattlemayhem": {"elo": 1085.1071508754, "gxe": 49.8, "rpr": 1498.7160040795, "rprd": 98.223027192029, "w": 4, "l": 4, "coil": null}, "gen8randomdoublesbattle": {"elo": 1465.5856748091, "gxe": 62.9, "rpr": 1614.5223950795, "rprd": 193.63532558831, "w": 162, "l": 131, "coil": null}, "gen8ru": {"elo": 1172.2259042638, "gxe": 54.7, "rpr": 1542.5046768353, "rprd": 222.20560276646, "w": 11, "l": 9, "coil": null}, "gen8ubers": {"elo": 1354.9308074762, "gxe": 66.1, "rpr": 1651.7168567742, "rprd": 229.60352642685, "w": 38, "l": 40, "coil": null}, "gen8uu": {"elo": 1110.7490332515, "gxe": 47.2, "rpr": 1478.3844428667, "rprd": 100.83211120149, "w": 3, "l": 3, "coil": null}, "gen8vgc2020": {"elo": 1432.7267043867, "gxe": 55.8, "rpr": 1543.6272465502, "rprd": 28.935663317698, "w": 322, "l": 301, "coil": null}, "gen8vgc2021": {"elo": 1254.6198244835, "gxe": 47.4, "rpr": 1480.2326993034, "rprd": 40.283762566805, "w": 204, "l": 206, "coil": null}, "gen8vgc2021series10": {"elo": 1022.1660277196, "gxe": 50, "rpr": 1500, "rprd": 116.77753930647, "w": 1, "l": 1, "coil": null}, "gen8vgc2021series9": {"elo": 1062.5577329004, "gxe": 52.1, "rpr": 1516.8395861183, "rprd": 110.34229135856, "w": 2, "l": 1, "coil": null}, "gen8vgc2022": {"elo": 1000, "gxe": 38.4, "rpr": 1406.2355214498, "rprd": 117.34672697967, "w": 0, "l": 2, "coil": null}, "gen91v1": {"elo": 1152.7039490076, "gxe": 52.7, "rpr": 1520.7125300084, "rprd": 74.476642970694, "w": 11, "l": 9, "coil": null}, "gen91v1factory": {"elo": 1326.533796740338, "gxe": 54, "rpr": 1530.4924238475894, "rprd": 35.11747042633819, "w": 283, "l": 265, "coil": null}, "gen9computergeneratedteams": {"elo": 1040, "gxe": 55, "rpr": 1540.1606143390134, "rprd": 122.85830807679145, "w": 1, "l": 0, "coil": null}, "gen9monotype": {"elo": 1323.7056149710613, "gxe": 66.4, "rpr": 1633.4279115026884, "rprd": 99.54586356906611, "w": 203, "l": 146, "coil": 2645.4707888298044}, "gen9monotyperandombattle": {"elo": 1174.4580255837786, "gxe": 61.4, "rpr": 1591.5097783822564, "rprd": 106.48694657639872, "w": 7, "l": 2, "coil": null}, "gen9nationaldex": {"elo": 1577.4358785092138, "gxe": 64.6, "rpr": 1613.8236128380722, "rprd": 34.51924905994415, "w": 105, "l": 80, "coil": null}, "gen9ou": {"elo": 1534.636605116822, "gxe": 67.1, "rpr": 1634.8719986681676, "rprd": 41.59089406967519, "w": 194, "l": 174, "coil": null}, "gen9randombattle": {"elo": 1945.755143010436,