{"username": "drop 6 nukers", "userid": "drop6nukers", "registertime": 1694131200, "group": 1, "ratings": {"gen4ou": {"elo": 1079.0801386004168, "gxe": 40, "rpr": 1421.7610720415819, "rprd": 75.78222393042367, "w": 5, "l": 9, "coil": null}, "gen5ou": {"elo": 1176.912842347799, "gxe": 58.3, "rpr": 1565.6790517769873, "rprd": 106.46127508836427, "w": 9, "l": 6, "coil": null}, "gen5uu": {"elo": 1127.5015957491978, "gxe": 56.2, "rpr": 1548.0009454809265, "rprd": 88.16233984735801, "w": 6, "l": 4, "coil": null}, "gen6ou": {"elo": 1125.3171355496004, "gxe": 57.1, "rpr": 1556.0017014760365, "rprd": 98.38920102798721, "w": 5, "l": 2, "coil": null}, "gen6uu": {"elo": 1000, "gxe": 40.7, "rpr": 1424.8939278821047, "rprd": 119.3532005691333, "w": 0, "l": 2, "coil": null}, "gen6zu": {"elo": 1053.887350674, "gxe": 50, "rpr": 1500.2573900555, "rprd": 143.74617495692, "w": 6, "l": 7, "coil": null}, "gen7ou": {"elo": 1226.3574947944628, "gxe": 51.3, "rpr": 1509.7321307235898, "rprd": 69.01025314265452, "w": 22, "l": 16, "coil": null}, "gen7ru": {"elo": 1000, "gxe": 47.8, "rpr": 1482.1353793351263, "rprd": 124.78341731621124, "w": 0, "l": 1, "coil": null}, "gen8nationaldex": {"elo": 1398.8260939132, "gxe": 83.3, "rpr": 1814.8786077163, "rprd": 100.12682246724, "w": 23, "l": 3, "coil": null}, "gen8ou": {"elo": 1204.8207258296557, "gxe": 71.1, "rpr": 1677.2037011248608, "rprd": 103.7142633616148, "w": 9, "l": 3, "coil": null}, "gen8randombattle": {"elo": 1048.8493339960107, "gxe": 54.1, "rpr": 1532.2034986990598, "rprd": 113.04907980649017, "w": 2, "l": 1, "coil": null}, "gen91v1": {"elo": 1339.1669559296713, "gxe": 73.2, "rpr": 1694.7206535988796, "rprd": 88.3372158145407, "w": 60, "l": 48, "coil": null}, "gen91v1factory": {"elo": 1107.3142132919454, "gxe": 53.7, "rpr": 1528.3731612473134, "rprd": 75.51928677912659, "w": 10, "l": 8, "coil": null}, "gen92v2doubles": {"elo": 1040.9189738749847, "gxe": 42.2, "rpr": 1437.9923961271024, "rprd": 113.77829557332502, "w": 3, "l": 7, "coil": null}, "gen9350cup": {"elo": 1148.0047459895, "gxe": 63.5, "rpr": 1619.112793977, "rprd": 191.33489547757, "w": 6, "l": 1, "coil": null}, "gen9almostanyability": {"elo": 1337.1150825534571, "gxe": 65.9, "rpr": 1626.982625212701, "rprd": 79.86261094357639, "w": 51, "l": 27, "coil": null}, "gen9anythinggoes": {"elo": 1214.7594757645504, "gxe": 61.9, "rpr": 1593.7003979954916, "rprd": 76.1430079644694, "w": 12, "l": 6, "coil": null}, "gen9balancedhackmons": {"elo": 1267.4749729798953, "gxe": 66.3, "rpr": 1628.5595680505687, "rprd": 49.89642520767826, "w": 49, "l": 27, "coil": null}, "gen9bssfactorybo3": {"elo": 1040, "gxe": 55, "rpr": 1540.1606143388, "rprd": 123.03963956633, "w": 1, "l": 0, "coil": null}, "gen9cap": {"elo": 1146.4679701999294, "gxe": 63.2, "rpr": 1606.5632701091236, "rprd": 102.96645838293173, "w": 7, "l": 4, "coil": null}, "gen9convergence": {"elo": 1066.6928044802776, "gxe": 54.1, "rpr": 1532.5796858611352, "rprd": 101.76586552516468, "w": 3, "l": 2, "coil": null}, "gen9doublesou": {"elo": 1419.922170478201, "gxe": 66.9, "rpr": 1634.8250546857141, "rprd": 66.87547833057215, "w": 44, "l": 29, "coil": null}, "gen9doublesubers": {"elo": 1400.9228628573662, "gxe": 77.3, "rpr": 1735.2812069141737, "rprd": 71.41267943095193, "w": 18, "l": 5, "coil": null}, "gen9doublesuu": {"elo": 1061.9975589115945, "gxe": 51.2, "rpr": 1509.5780150216203, "rprd": 96.34662931776683, "w": 4, "l": 3, "coil": null}, "gen9fullpotential": {"elo": 1206.1459304693, "gxe": 58, "rpr": 1562.3211978375, "rprd": 71.722974035908, "w": 23, "l": 15, "coil": null}, "gen9godlygift": {"elo": 1095.6950138734048, "gxe": 55.4, "rpr": 1542.5857805575047, "rprd": 111.41845008614588, "w": 2, "l": 1, "coil": null}, "gen9lc": {"elo": 1122.7120021640176, "gxe": 62.1, "rpr": 1598.582130162943, "rprd": 123.60268983909133, "w": 3, "l": 0, "coil": null}, "gen9mixandmega": {"elo": 1281.4461524798, "gxe": 75.7, "rpr": 1718.203919874, "rprd": 71.283311848311, "w": 18, "l": 7, "coil": null}, "gen9monotype": {"elo": 1332.8112939970235, "gxe": 58.9, "rpr": 1571.6064203349113, "rprd": 113.33461520144542, "w": 198, "l": 170, "coil": 2347.1413985191352}, "gen9nationaldex": {"elo": 1699.1161645378, "gxe": 77.9, "rpr": 1738.9470200698, "rprd": 49.306906299487, "w": 168, "l": 123, "coil": null}, "gen9nationaldexmonotype": {"elo": 1413.2429067978, "gxe": 69.2, "rpr": 1658.5727971112, "rprd": 100.01052236083, "w": 65, "l": 37, "coil": null}, "gen9nationaldexubers": {"elo": 1499.9645960451, "gxe": 73.6, "rpr": 1699.4589288578, "rprd": 93.796521855965, "w": 40, "l": 17, "coil": null}, "gen9nationaldexuu": {"elo": 1178.1452212861, "gxe": 57.5, "rpr": 1559.3129364145, "rprd": 100.08997859336, "w": 27, "l": 21, "coil": null}, "gen9nu": {"elo": 1337.3143845144, "gxe": 69.7, "rpr": 1658.7561838042, "rprd": 51.773417130961, "w": 481, "l": 319, "coil": 2771.141848869197}, "gen9ou": {"elo": 1602.9302436580579, "gxe": 70.9, "rpr": 1668.5515531296176, "rprd": 45.459781413818604, "w": 223, "l": 177, "coil": null}, "gen9pokemoves": {"elo": 1046.7614851699207, "gxe": 48.1, "rpr": 1485.1702913058778, "rprd": 82.68440932005132, "w": 6, "l": 7, "coil": null}, "gen9pu": {"elo": 1422.5448141229, "gxe": 76.9, "rpr": 1729.5741556144, "rprd": 61.983352774999, "w": 289, "l": 187, "coil": 3044.8045464776296}, "gen9randombattle": {"elo": 1657.5158350237966, "gxe": 72.8, "rpr": 1687.0815336405024, "rprd": 48.682058126744, "w": 170, "l": 137, "coil": null}, "gen9randombattlemayhem": {"elo": 1028.8025402200258, "gxe": 48.8, "rpr": 1490.8122082602736, "rprd": 111.91951800469651, "w": 1, "l": 2, "coil": null}, "gen9ru": {"elo": 1244.6536669997963, "gxe": 69.3, "rpr": 1654.0598435260076, "rprd": 42.77661273316156, "w": 388, "l": 270, "coil": 2751.63471022695}, "gen9sharedpower": {"elo": 1308.917702985, "gxe": 65.7, "rpr": 1626.937170408, "rprd": 100.10898778488, "w": 20, "l": 10, "coil": null}, "gen9tiershift": {"elo": 1147.7554896825, "gxe": 53.4, "rpr": 1526.9301203173, "rprd": 113.67896702119, "w": 13, "l": 10, "coil": null}, "gen9ubers": {"elo": 1505.0486986483, "gxe": 83.4, "rpr": 1810.5619717688, "rprd": 78.043486468973, "w": 116, "l": 73, "coil": null}, "gen9ubersuu": {"elo": 1040, "gxe": 50, "rpr": 1500, "rprd": 116.77753930629355, "w": 1, "l": 1, "coil": null}, "gen9uu": {"elo": 1499.7834392296, "gxe": 78.6, "rpr": 1755.221813127, "rprd": 100.03193321778, "w": 260, "l": 197, "coil": null}, "gen9vgc2025regi": {"elo": 1403.8892065849332, "gxe": 58.8, "rpr": 1567.2448646602134, "rprd": 42.4054174967881, "w": 41, "l": 27, "coil": null}, "gen9zu": {"elo": 1308.488342979857, "gxe": 62.9, "rpr": 1603.584959662051, "rprd": 97.43867869776233, "w": 148, "l": 109, "coil": 2489.0025698610357}}}