{"username": "drumsticks17", "userid": "drumsticks17", "registertime": 0, "group": 0, "ratings": {"gen9randombattle": {"elo": 1169.6230780998683, "gxe": 37.7, "rpr": 1404.03645730118, "rprd": 65.58841805750528, "w": 151, "l": 298, "coil": null}, "gen9randomdoublesbattle": {"elo": 1000, "gxe": 45, "rpr": 1459.8393856609866, "rprd": 122.85830807679145, "w": 0, "l": 1, "coil": null}, "gen9vgc2024regf": {"elo": 1000, "gxe": 42.9, "rpr": 1442.9401151279553, "rprd": 122.62836845598076, "w": 0, "l": 1, "coil": null}, "gen9vgc2024regh": {"elo": 1089.7321779900212, "gxe": 34.2, "rpr": 1373.883200121824, "rprd": 78.32570034179824, "w": 5, "l": 11, "coil": null}, "gen9vgc2024reghbo3": {"elo": 1000, "gxe": 38.1, "rpr": 1404.0974972692518, "rprd": 111.51175389517324, "w": 0, "l": 3, "coil": null}, "gen9vgc2025regg": {"elo": 1124.9899606259687, "gxe": 64, "rpr": 1613.012679642608, "rprd": 107.16884339658496, "w": 4, "l": 0, "coil": null}}}