{"username": "dsuck3000", "userid": "dsuck3000", "registertime": 1759449600, "group": 1, "ratings": {"gen7anythinggoes": {"elo": 1000, "gxe": 45.2, "rpr": 1461.1755663529402, "rprd": 122.33825719152331, "w": 0, "l": 1, "coil": null}, "gen8randombattle": {"elo": 1000, "gxe": 44.6, "rpr": 1456.3467011910786, "rprd": 121.93786078043607, "w": 0, "l": 1, "coil": null}, "gen9anythinggoes": {"elo": 1096.3159560138506, "gxe": 42.3, "rpr": 1440.6114235972211, "rprd": 55.72065177986915, "w": 69, "l": 75, "coil": null}, "gen9doublesou": {"elo": 1000, "gxe": 44, "rpr": 1451.9412421714637, "rprd": 122.60654616663366, "w": 0, "l": 1, "coil": null}, "gen9doublesubers": {"elo": 1017.7358126618072, "gxe": 40.3, "rpr": 1422.8597207261676, "rprd": 106.52567353087132, "w": 1, "l": 3, "coil": null}, "gen9monsterhunterrandombattle": {"elo": 1000, "gxe": 45, "rpr": 1459.8393856609866, "rprd": 122.85830807679145, "w": 0, "l": 1, "coil": null}, "gen9randombattle": {"elo": 1240.639972643545, "gxe": 46.2, "rpr": 1471.2079330027843, "rprd": 34.70274872368881, "w": 214, "l": 263, "coil": null}, "gen9randombattlemayhem": {"elo": 1000, "gxe": 44.4, "rpr": 1455.2659275427757, "rprd": 122.28161954086798, "w": 0, "l": 1, "coil": null}, "gen9randomdoublesbattle": {"elo": 1105.6371139083321, "gxe": 56.3, "rpr": 1549.7726139878566, "rprd": 106.19809278377123, "w": 3, "l": 1, "coil": null}}}