{"username": "Duck Cop", "userid": "duckcop", "registertime": 1615507200, "group": 1, "ratings": {"gen3randombattle": {"elo": 1106.1564262013796, "gxe": 56.8, "rpr": 1553.792831746775, "rprd": 105.87326667110776, "w": 3, "l": 1, "coil": null}, "gen4ou": {"elo": 1476.4270335593, "gxe": 69.4, "rpr": 1677.3290366043, "rprd": 196.66416033291, "w": 104, "l": 73, "coil": null}, "gen4randombattle": {"elo": 1154.0843635930005, "gxe": 53.1, "rpr": 1524.6852148279859, "rprd": 103.29083409411325, "w": 12, "l": 7, "coil": null}, "gen5ou": {"elo": 1063.7850836393, "gxe": 49.5, "rpr": 1496.1411858252, "rprd": 130, "w": 2, "l": 1, "coil": null}, "gen5randombattle": {"elo": 1117.0113988434982, "gxe": 56.4, "rpr": 1551.3231381993653, "rprd": 122.70820065020284, "w": 3, "l": 1, "coil": null}, "gen6ou": {"elo": 1242.340745322225, "gxe": 55.8, "rpr": 1545.2646274009558, "rprd": 81.40706152107356, "w": 36, "l": 27, "coil": null}, "gen6randombattle": {"elo": 1433.0397102553484, "gxe": 75.1, "rpr": 1710.6699116195168, "rprd": 64.13220218201808, "w": 1, "l": 2, "coil": null}, "gen7battlefactory": {"elo": 1195.2454638398, "gxe": 65.5, "rpr": 1630.2470332263, "rprd": 137.38086850589, "w": 14, "l": 7, "coil": null}, "gen7randombattle": {"elo": 1409.4273666692686, "gxe": 76.9, "rpr": 1733.9061510563397, "rprd": 90.17676572642262, "w": 0, "l": 0, "coil": null}, "gen8bdsprandombattle": {"elo": 1156.6835156659, "gxe": 52.9, "rpr": 1522.3871790471, "rprd": 61.043580068153, "w": 28, "l": 26, "coil": null}, "gen8randombattle": {"elo": 1399.0806588766, "gxe": 76, "rpr": 1727.5216056567, "rprd": 111.33960144223, "w": 0, "l": 0, "coil": null}, "gen8uu": {"elo": 1332.5178623818, "gxe": 62.5, "rpr": 1612.9261417979, "rprd": 212.26442863953, "w": 40, "l": 25, "coil": null}, "gen9championsrandombattle": {"elo": 1101.7060322513844, "gxe": 59.9, "rpr": 1578.6753998657505, "rprd": 103.34675586661663, "w": 4, "l": 1, "coil": null}, "gen9championsvgc2026regmabo3": {"elo": 1024.5883131776534, "gxe": 44.3, "rpr": 1454.211031526651, "rprd": 119.55862144977485, "w": 1, "l": 1, "coil": null}, "gen9monotype": {"elo": 1108.7047189046616, "gxe": 56.5, "rpr": 1551.4640760680165, "rprd": 103.0418581327186, "w": 0, "l": 0, "coil": 0}, "gen9partnersincrimerandombattle": {"elo": 1048.6023711718542, "gxe": 55, "rpr": 1540.1606143390134, "rprd": 122.85830807679145, "w": 1, "l": 0, "coil": null}, "gen9randombattle": {"elo": 1964.3303222161514, "gxe": 81, "rpr": 1773.4833474681031, "rprd": 32.11834229261569, "w": 180, "l": 157, "coil": null}, "gen9randombattleblitz": {"elo": 1000, "gxe": 40.6, "rpr": 1423.9103402756866, "rprd": 122.93275504687341, "w": 0, "l": 2, "coil": null}, "gen9randombattlemayhem": {"elo": 1070.0591410413288, "gxe": 49.9, "rpr": 1499.202885347452, "rprd": 108.06545923538205, "w": 2, "l": 3, "coil": null}, "gen9randomdoublesbattle": {"elo": 1072.5002683721962, "gxe": 59, "rpr": 1572.567125829214, "rprd": 116.77753930629355, "w": 2, "l": 0, "coil": null}, "gen9ru": {"elo": 1000, "gxe": 44.8, "rpr": 1458.7074202559947, "rprd": 122.13567159588473, "w": 0, "l": 1, "coil": 14}, "gen9superstaffbrosultimate": {"elo": 1102.9372545646634, "gxe": 61.4, "rpr": 1591.7985950650514, "rprd": 110.86386805782048, "w": 3, "l": 1, "coil": null}, "gen9vgc2025regh": {"elo": 1060.1874155119715, "gxe": 52.5, "rpr": 1519.7943852757282, "rprd": 101.48760550856605, "w": 3, "l": 2, "coil": null}}}