{"username": "dugtrio is broken", "userid": "dugtrioisbroken", "registertime": 1524787200, "group": 1, "ratings": {"gen9ou": {"elo": 1030.413023053086, "gxe": 41.3, "rpr": 1430.3896070335645, "rprd": 113.77598554057808, "w": 0, "l": 0, "coil": null}}}