{"username": "dumbidiotgirl", "userid": "dumbidiotgirl", "registertime": 1733875200, "group": 1, "ratings": {"gen6randombattle": {"elo": 1000, "gxe": 45.7, "rpr": 1465.759404718066, "rprd": 122.16391371588435, "w": 0, "l": 1, "coil": null}, "gen8randombattle": {"elo": 1046.0188019477082, "gxe": 55, "rpr": 1540.1606143390134, "rprd": 122.85830807679145, "w": 1, "l": 0, "coil": null}, "gen9anythinggoes": {"elo": 1029.1421744657932, "gxe": 43.3, "rpr": 1446.0432565170704, "rprd": 123.18708745309611, "w": 1, "l": 2, "coil": null}, "gen9doublesubers": {"elo": 1129.9821150940586, "gxe": 52.3, "rpr": 1518.3374191614068, "rprd": 96.03326257917284, "w": 8, "l": 7, "coil": null}, "gen9ou": {"elo": 1107.3349587882913, "gxe": 37.3, "rpr": 1400.7308744385027, "rprd": 64.94792541444477, "w": 15, "l": 19, "coil": null}, "gen9randombattle": {"elo": 1339.4382840509645, "gxe": 57.6, "rpr": 1557.7791858534742, "rprd": 28.952877619565818, "w": 1148, "l": 1171, "coil": null}}}