{"username": "DustyHey1", "userid": "dustyhey1", "registertime": 1597363200, "group": 1, "ratings": {"gen1randombattle": {"elo": 1136.9449348492, "gxe": 55.9, "rpr": 1546.2719644695, "rprd": 97.253958079245, "w": 5, "l": 3, "coil": null}, "gen3randombattle": {"elo": 1000, "gxe": 37.9, "rpr": 1402.0012104709, "rprd": 110.99509608236, "w": 0, "l": 3, "coil": null}, "gen4randombattle": {"elo": 1071.6952441959, "gxe": 52.4, "rpr": 1518.8453360237, "rprd": 93.129258063319, "w": 5, "l": 4, "coil": null}, "gen5randombattle": {"elo": 1065.0255426374, "gxe": 47.4, "rpr": 1479.989833406, "rprd": 88.15520354474, "w": 5, "l": 6, "coil": null}, "gen6randombattle": {"elo": 1102.7832217608, "gxe": 60.9, "rpr": 1586.9609055093, "rprd": 100.7044575356, "w": 4, "l": 1, "coil": null}, "gen7randombattle": {"elo": 1057.2430338274, "gxe": 43.8, "rpr": 1451.3089180319, "rprd": 88.893235521413, "w": 4, "l": 5, "coil": null}, "gen8challengecup1v1": {"elo": 1075.385294828, "gxe": 51.7, "rpr": 1513.5205280092, "rprd": 112.00481040815, "w": 2, "l": 1, "coil": null}, "gen8hackmonscup": {"elo": 1040, "gxe": 50, "rpr": 1500.3511415106, "rprd": 117.30840108011, "w": 1, "l": 1, "coil": null}, "gen8monotyperandombattle": {"elo": 1040, "gxe": 55, "rpr": 1540.1606143388, "rprd": 122.8583080769, "w": 1, "l": 0, "coil": null}, "gen8randombattle": {"elo": 1000, "gxe": 22.8, "rpr": 1260.403935121, "rprd": 105.27572369844, "w": 83, "l": 108, "coil": null}, "gen8randomdoublesbattle": {"elo": 1000, "gxe": 45, "rpr": 1459.8393856612, "rprd": 122.8583080769, "w": 0, "l": 1, "coil": null}, "gen9randombattle": {"elo": 1425.7828471440125, "gxe": 58.5, "rpr": 1564.492328540271, "rprd": 25, "w": 138, "l": 129, "coil": null}}}