{"username": "duuhhao", "userid": "duuhhao", "registertime": 1470441600, "group": 1, "ratings": {"gen7ou": {"elo": 1466.3847722112, "gxe": 65.7, "rpr": 1622.3674301188, "rprd": 33.027469615958, "w": 0, "l": 0, "coil": null}, "gen7randombattle": {"elo": 1499.3792090477, "gxe": 80.4, "rpr": 1816.4250874695, "rprd": 222.17295496484, "w": 139, "l": 130, "coil": null}, "gen8randombattle": {"elo": 1413.4303471621, "gxe": 74.3, "rpr": 1724.2074249186, "rprd": 175.67140147301, "w": 1185, "l": 1154, "coil": null}, "gen9randombattle": {"elo": 2045.98162277137, "gxe": 85.3, "rpr": 1832.0215489001528, "rprd": 25, "w": 1927, "l": 1823, "coil": null}}}