{"username": "dyfufy", "userid": "dyfufy", "registertime": 0, "group": 0, "ratings": {"gen7monotype": {"elo": 1000, "gxe": 40.7, "rpr": 1425.1188249677, "rprd": 116.64061232639, "w": 0, "l": 2, "coil": null}, "gen7randombattle": {"elo": 1024.8271216549, "gxe": 42.7, "rpr": 1440.4962212867, "rprd": 130, "w": 1, "l": 1, "coil": null}, "gen9randombattle": {"elo": 1000, "gxe": 29.9, "rpr": 1331.2611953549826, "rprd": 111.38279464481877, "w": 0, "l": 5, "coil": null}}}