{"username": "dyzastre", "userid": "dyzastre", "registertime": 1762560000, "group": 1, "ratings": {"gen9randombattle": {"elo": 1035.793649658918, "gxe": 39.3, "rpr": 1415.1515025722597, "rprd": 98.88274927044718, "w": 2, "l": 5, "coil": null}}}