{"username": "edio333", "userid": "edio333", "registertime": 1672531200, "group": 1, "ratings": {"gen5randombattle": {"elo": 1000, "gxe": 44.7, "rpr": 1457.3531880927706, "rprd": 121.91836355534876, "w": 0, "l": 1, "coil": null}, "gen6randombattle": {"elo": 1084.8761546443736, "gxe": 43.3, "rpr": 1446.902893791957, "rprd": 100.96353228041829, "w": 2, "l": 4, "coil": null}, "gen7randombattleapexabilities": {"elo": 1050.3883211194313, "gxe": 54.4, "rpr": 1535.6070579118423, "rprd": 122.00911284185518, "w": 1, "l": 0, "coil": null}, "gen8randombattle": {"elo": 1010.502934273, "gxe": 46.3, "rpr": 1470.5079920684, "rprd": 112.50918954112, "w": 1, "l": 2, "coil": null}, "gen8randomdoublesbattle": {"elo": 1095.6297882405, "gxe": 55.5, "rpr": 1543.1524848905, "rprd": 106.66947633805, "w": 3, "l": 1, "coil": null}, "gen9hackmonscup": {"elo": 1000, "gxe": 45, "rpr": 1459.8393856609866, "rprd": 122.85830807679145, "w": 0, "l": 1, "coil": null}, "gen9randombattle": {"elo": 1158.4018971654211, "gxe": 39.5, "rpr": 1419.2855555987792, "rprd": 35.8493126151706, "w": 295, "l": 376, "coil": null}, "gen9randombattlemayhem": {"elo": 1040, "gxe": 55, "rpr": 1540.1606143390134, "rprd": 122.85830807679145, "w": 1, "l": 0, "coil": null}, "gen9randomdoublesbattle": {"elo": 1000, "gxe": 37.1, "rpr": 1395.345419716603, "rprd": 114.60290354187944, "w": 0, "l": 3, "coil": null}, "gen9randomroulette": {"elo": 1000, "gxe": 45.9, "rpr": 1466.8193093999043, "rprd": 122.50999094163706, "w": 0, "l": 1, "coil": null}}}