{"username": "ediss puthie", "userid": "edissputhie", "registertime": 1677974400, "group": 1, "ratings": {"gen7randombattle": {"elo": 1042.0888923403345, "gxe": 52.5, "rpr": 1520.2545607802404, "rprd": 124.04830630435067, "w": 1, "l": 0, "coil": null}, "gen7randombattleapexabilities": {"elo": 1000, "gxe": 36.3, "rpr": 1388.515801187736, "rprd": 113.56477647120342, "w": 0, "l": 3, "coil": null}, "gen9ou": {"elo": 1098.8469047568083, "gxe": 32, "rpr": 1352.3747264111596, "rprd": 102.16236409496378, "w": 29, "l": 39, "coil": null}, "gen9randombattle": {"elo": 1190.4120300841419, "gxe": 40.9, "rpr": 1429.5875900419076, "rprd": 63.321825641732886, "w": 81, "l": 76, "coil": null}, "gen9randomdoublesbattle": {"elo": 1068.1680351183863, "gxe": 52.9, "rpr": 1522.9212098656776, "rprd": 103.03173539540595, "w": 3, "l": 2, "coil": null}}}