{"username": "edryx", "userid": "edryx", "registertime": 1497657600, "group": 1, "ratings": {"gen1randombattle": {"elo": 1055.5220851297, "gxe": 54.9, "rpr": 1538.9652403667, "rprd": 121.98613017399, "w": 1, "l": 0, "coil": null}, "gen4randombattle": {"elo": 1038.6536083783, "gxe": 47.1, "rpr": 1476.9735308545, "rprd": 111.02349012915, "w": 1, "l": 2, "coil": null}, "gen6randombattle": {"elo": 1050.0002895767302, "gxe": 48.9, "rpr": 1491.127012655796, "rprd": 116.51302628743488, "w": 1, "l": 1, "coil": null}, "gen7anythinggoes": {"elo": 1342.4484906352, "gxe": 60, "rpr": 1590.6262431967, "rprd": 222.4972231236, "w": 112, "l": 79, "coil": null}, "gen7battlefactory": {"elo": 1000, "gxe": 45, "rpr": 1459.8393856612, "rprd": 122.8583080769, "w": 0, "l": 1, "coil": null}, "gen7challengecup1v1": {"elo": 1191.4533939321, "gxe": 51.7, "rpr": 1513.2916282597, "rprd": 65.103851117621, "w": 78, "l": 78, "coil": null}, "gen7ou": {"elo": 1224.293673833, "gxe": 35.2, "rpr": 1378.0673084137, "rprd": 124.49242722266, "w": 267, "l": 264, "coil": null}, "gen7pu": {"elo": 1305.7197498477, "gxe": 59.1, "rpr": 1570.3435044411, "rprd": 66.188164105647, "w": 35, "l": 27, "coil": null}, "gen7randombattle": {"elo": 1040.3071264591, "gxe": 33.9, "rpr": 1370.21525146, "rprd": 87.854435753904, "w": 105, "l": 107, "coil": null}, "gen7randomdoublesbattle": {"elo": 1038.9263830332, "gxe": 49.1, "rpr": 1493.0270015073, "rprd": 106.89667839463, "w": 2, "l": 2, "coil": null}, "gen7ru": {"elo": 1078.7414949024, "gxe": 48.2, "rpr": 1485.7993479819, "rprd": 106.48958369326, "w": 6, "l": 6, "coil": null}, "gen7ubers": {"elo": 1326.8385859952, "gxe": 67.8, "rpr": 1649.8826397498, "rprd": 130, "w": 23, "l": 13, "coil": null}, "gen7uu": {"elo": 1177.1068601479, "gxe": 51.5, "rpr": 1513.4178944866, "rprd": 216.15239562792, "w": 52, "l": 48, "coil": null}, "gen8ou": {"elo": 1172.0642525001647, "gxe": 44.8, "rpr": 1458.0751831539205, "rprd": 130, "w": 11, "l": 6, "coil": null}, "gen8randombattle": {"elo": 1271.3254794344, "gxe": 54.8, "rpr": 1536.7678550457, "rprd": 60.074173488697, "w": 138, "l": 125, "coil": null}, "gen9anythinggoes": {"elo": 1104.4797769362383, "gxe": 59.8, "rpr": 1577.7895376515921, "rprd": 102.57248846298047, "w": 4, "l": 1, "coil": null}, "gen9ou": {"elo": 1354.360574189341, "gxe": 54.7, "rpr": 1536.002950327927, "rprd": 39.84049711731607, "w": 332, "l": 324, "coil": null}, "gen9randombattle": {"elo": 1389.9849817964898, "gxe": 67.9, "rpr": 1641.2777445596582, "rprd": 30.926402841148256, "w": 702, "l": 669, "coil": null}, "gen9randomdoublesbattle": {"elo": 1041.792433690192, "gxe": 55.3, "rpr": 1542.4004973995395, "rprd": 122.1994343361792, "w": 1, "l": 0, "coil": null}, "gen9ru": {"elo": 1188.864313537601, "gxe": 52.8, "rpr": 1522.0805595075014, "rprd": 86.80138602767894, "w": 30, "l": 24, "coil": 1930.507561449435}, "gen9ubers": {"elo": 1444.601614756177, "gxe": 78.1, "rpr": 1740.7285097442814, "rprd": 40.644018554455776, "w": 73, "l": 44, "coil": null}, "gen9uu": {"elo": 1160.0101501098168, "gxe": 54.1, "rpr": 1531.6788814403, "rprd": 76.03227556906215, "w": 38, "l": 32, "coil": null}, "ou": {"elo": 1157.3801519978, "gxe": 55.1, "rpr": 1539.7188655064, "rprd": 89.33148992104, "w": 7, "l": 3, "coil": null}}}