{"username": "Eepsilon", "userid": "eepsilon", "registertime": 1475366400, "group": 1, "ratings": {"gen5ou": {"elo": 1133.1387189752, "gxe": 64, "rpr": 1613.140786464, "rprd": 106.49822177301, "w": 4, "l": 0, "coil": null}, "gen6ou": {"elo": 1000, "gxe": 39, "rpr": 1410.7396904698, "rprd": 116.79633133334, "w": 0, "l": 2, "coil": null}, "gen71v1": {"elo": 1455.5090327635, "gxe": 62, "rpr": 1591.9404847355, "rprd": 25, "w": 610, "l": 561, "coil": null}, "gen7anythinggoes": {"elo": 1000, "gxe": 43.5, "rpr": 1447.6530364635, "rprd": 122.17209094269, "w": 0, "l": 1, "coil": null}, "gen7battlefactory": {"elo": 1091.29534191, "gxe": 60.8, "rpr": 1588.2236002025, "rprd": 130, "w": 2, "l": 0, "coil": null}, "gen7battlespotdoubles": {"elo": 1051.856605043, "gxe": 48.8, "rpr": 1490.7622752989, "rprd": 115.76232504407, "w": 1, "l": 1, "coil": null}, "gen7challengecup1v1": {"elo": 1089.9644277628, "gxe": 45.6, "rpr": 1466.3277430344, "rprd": 68.241411507719, "w": 10, "l": 13, "coil": null}, "gen7doublesou": {"elo": 1077.2853216851, "gxe": 58.9, "rpr": 1571.5886976439, "rprd": 116.12639554879, "w": 2, "l": 0, "coil": null}, "gen7monotype": {"elo": 1484.1999336678, "gxe": 75.6, "rpr": 1727.6188600546, "rprd": 130, "w": 53, "l": 37, "coil": null}, "gen7ou": {"elo": 1499.1244091235, "gxe": 67.9, "rpr": 1666.1721958411, "rprd": 214.82066906096, "w": 554, "l": 502, "coil": null}, "gen7oublitz": {"elo": 1150.4962672622, "gxe": 48.7, "rpr": 1490.4115191934, "rprd": 43.329656790612, "w": 50, "l": 51, "coil": null}, "gen7randombattle": {"elo": 1518.2759097422, "gxe": 70.5, "rpr": 1666.5916079452, "rprd": 64.338291666118, "w": 617, "l": 577, "coil": null}, "gen7randomdoublesbattle": {"elo": 1135.385859157, "gxe": 58.2, "rpr": 1564.886282724, "rprd": 95.112823612367, "w": 7, "l": 4, "coil": null}, "gen7ubers": {"elo": 1447.0845185441, "gxe": 71.4, "rpr": 1703.7251591287, "rprd": 215.60212161276, "w": 56, "l": 31, "coil": null}, "gen8doublesou": {"elo": 1499.2907348794, "gxe": 81, "rpr": 1813.125981807, "rprd": 191.36512486459, "w": 57, "l": 21, "coil": null}, "gen8monotyperandombattle": {"elo": 1082.7490391013, "gxe": 53.6, "rpr": 1528.5298754483, "rprd": 110.04149793083, "w": 2, "l": 1, "coil": null}, "gen8ou": {"elo": 1290.1626207186, "gxe": 52.3, "rpr": 1517.4099462201, "rprd": 47.090482032263, "w": 201, "l": 204, "coil": null}, "gen8oublitz": {"elo": 1000, "gxe": 45.1, "rpr": 1460.616058419, "rprd": 122.39458760928, "w": 0, "l": 1, "coil": null}, "gen8randombattle": {"elo": 1349.9890677296, "gxe": 60.6, "rpr": 1581.7489200238, "rprd": 53.888475037648, "w": 641, "l": 559, "coil": null}, "gen8vgc2020": {"elo": 1350.9098014496, "gxe": 51, "rpr": 1507.5143118824, "rprd": 63.730480589996, "w": 98, "l": 84, "coil": null}, "gen9nationaldex": {"elo": 1519.4701374815997, "gxe": 64.4, "rpr": 1612.0865209625306, "rprd": 29.76917921645145, "w": 101, "l": 82, "coil": null}, "gen9ou": {"elo": 1626.6940622754046, "gxe": 63.5, "rpr": 1605.144387751997, "rprd": 42.55498855963369, "w": 143, "l": 113, "coil": null}, "gen9randombattle": {"elo": 1588.2359870863265, "gxe": 71.7, "rpr": 1675.5326807033582, "rprd": 36.42593946192994, "w": 837, "l": 731, "coil": null}, "gen9vgc2023regulationd": {"elo": 1272.424889919188, "gxe": 51.2, "rpr": 1509.0298909053945, "rprd": 35.35481951868765, "w": 61, "l": 49, "coil": null}, "gen9vgc2023series2": {"elo": 1022.0291627889, "gxe": 32.5, "rpr": 1360.342180955, "rprd": 65.591334629148, "w": 7, "l": 17, "coil": null}}}