{"username": "efalunt", "userid": "efalunt", "registertime": 1355961600, "group": 1, "ratings": {"gen7randombattle": {"elo": 1499.7380509993, "gxe": 77.4, "rpr": 1775.6539751469, "rprd": 222.05208285282, "w": 2648, "l": 2367, "coil": null}, "gen8randombattle": {"elo": 1399.4741451485, "gxe": 80.7, "rpr": 1815.7828499835, "rprd": 210.3166236696, "w": 5515, "l": 5170, "coil": null}, "gen9randombattle": {"elo": 2203.4639185640435, "gxe": 85.7, "rpr": 1837.9260979910705, "rprd": 25.335064333399544, "w": 7895, "l": 7527, "coil": null}, "gen9randomdoublesbattle": {"elo": 1121.4256483047254, "gxe": 54.2, "rpr": 1532.9085723816243, "rprd": 97.52118051014, "w": 4, "l": 2, "coil": null}}}