{"username": "efefggdg", "userid": "efefggdg", "registertime": 0, "group": 0, "ratings": {"gen9randombattle": {"elo": 1107.8947953960378, "gxe": 45.9, "rpr": 1468.5264095579687, "rprd": 71.98460867371116, "w": 9, "l": 9, "coil": null}}}