{"username": "eheg", "userid": "eheg", "registertime": 1716681600, "group": 1, "ratings": {"anythinggoes": {"elo": 1428.5568949103, "gxe": 71.3, "rpr": 1672.6966663145, "rprd": 41.423579659817, "w": 2714, "l": 2454, "coil": null}, "battlespotsingles": {"elo": 1000, "gxe": 37.2, "rpr": 1396.824477361, "rprd": 110.4489049795, "w": 0, "l": 3, "coil": null}, "gen1randombattle": {"elo": 1044.584930701, "gxe": 55, "rpr": 1540.1606143388, "rprd": 122.8583080769, "w": 1, "l": 0, "coil": null}, "gen71v1": {"elo": 1000, "gxe": 45, "rpr": 1459.8393856612, "rprd": 122.8583080769, "w": 0, "l": 1, "coil": null}, "gen7anythinggoes": {"elo": 1443.2984247266, "gxe": 68, "rpr": 1667.2546956638, "rprd": 213.04273169602, "w": 103, "l": 74, "coil": null}, "gen7ou": {"elo": 1392.8478422142, "gxe": 49.9, "rpr": 1499.0406284451, "rprd": 130, "w": 1706, "l": 1694, "coil": null}, "gen7randombattle": {"elo": 1468.9103128069746, "gxe": 49.3, "rpr": 1494.1592494656718, "rprd": 130, "w": 2514, "l": 2477, "coil": null}, "gen8nationaldexag": {"elo": 1049.1566346355, "gxe": 53.9, "rpr": 1531.3532964352, "rprd": 122.40029251348, "w": 1, "l": 0, "coil": null}, "gen8ou": {"elo": 1152.311904203, "gxe": 53.6, "rpr": 1528.5262125126, "rprd": 117.33035376373, "w": 14, "l": 9, "coil": null}, "gen8randombattle": {"elo": 1372.2211584474, "gxe": 64, "rpr": 1628.6804324003, "rprd": 219.16353383892, "w": 7933, "l": 7772, "coil": null}, "gen8ubers": {"elo": 1059.1376755108, "gxe": 49.6, "rpr": 1496.6810408223, "rprd": 233.12646026579, "w": 3, "l": 3, "coil": null}, "gen9randombattle": {"elo": 1803.3180131413712, "gxe": 78.3, "rpr": 1741.978549700843, "rprd": 28.008937678986083, "w": 6903, "l": 6672, "coil": null}, "kantoclassic": {"elo": 1077.279993108, "gxe": 45.9, "rpr": 1467.5198135192, "rprd": 107.20400677521, "w": 2, "l": 2, "coil": null}, "ou": {"elo": 1080.896969062, "gxe": 37.2, "rpr": 1401.277312651, "rprd": 39.17170141647, "w": 211, "l": 427, "coil": null}}}