{"username": "einorepo", "userid": "einorepo", "registertime": 0, "group": 0, "ratings": {"gen9randombattle": {"elo": 1192.7123232443146, "gxe": 52.8, "rpr": 1521.2459516760891, "rprd": 42.29085706421546, "w": 755, "l": 755, "coil": null}, "gen9randombattleblitz": {"elo": 1109.1153416486072, "gxe": 43.3, "rpr": 1447.3256832589643, "rprd": 105.46605120373692, "w": 4, "l": 7, "coil": null}, "gen9randomdoublesbattle": {"elo": 1246.57398986829, "gxe": 53.8, "rpr": 1528.8591708636693, "rprd": 66.79747978787216, "w": 15, "l": 12, "coil": null}}}