{"username": "Elite 4 Waally", "userid": "elite4waally", "registertime": 1531958400, "group": 1, "ratings": {"gen1randombattle": {"elo": 1102.5787136438, "gxe": 61.5, "rpr": 1594.074290719, "rprd": 130, "w": 3, "l": 1, "coil": null}, "gen7battlefactory": {"elo": 1499.7441895439, "gxe": 77.5, "rpr": 1775.5433863323, "rprd": 217.22824459103, "w": 2005, "l": 1246, "coil": null}, "gen7bssfactory": {"elo": 1051.6713425004, "gxe": 53.9, "rpr": 1531.2078805844, "rprd": 122.39627658328, "w": 1, "l": 0, "coil": null}, "gen7challengecup1v1": {"elo": 1152.9726514856, "gxe": 44.4, "rpr": 1455.3671649946, "rprd": 105.1603863777, "w": 24, "l": 22, "coil": null}, "gen7ou": {"elo": 1249.0386063462, "gxe": 65.1, "rpr": 1620.3576918834, "rprd": 75.959869579711, "w": 13, "l": 3, "coil": null}, "gen7pu": {"elo": 1361.7619475217, "gxe": 74.6, "rpr": 1705.678837764, "rprd": 61.952459495033, "w": 24, "l": 4, "coil": null}, "gen7randombattle": {"elo": 1499.212084789, "gxe": 80.9, "rpr": 1823.6281717777, "rprd": 220.15685566407, "w": 1324, "l": 1090, "coil": null}, "gen7ubers": {"elo": 1032.4691302099, "gxe": 50, "rpr": 1500, "rprd": 116.77753930647, "w": 1, "l": 1, "coil": null}, "gen7uu": {"elo": 1000, "gxe": 44.6, "rpr": 1456.7213477998, "rprd": 122.56326108845, "w": 0, "l": 1, "coil": null}, "gen8battlefactory": {"elo": 1359.4074182712, "gxe": 70.8, "rpr": 1685.6939316772, "rprd": 169.85247426423, "w": 165, "l": 75, "coil": null}, "gen8bssfactory": {"elo": 1056.885597434, "gxe": 57, "rpr": 1556.2696668132, "rprd": 123.08638229888, "w": 1, "l": 0, "coil": null}, "gen8challengecup1v1": {"elo": 1006.6333863319, "gxe": 30.7, "rpr": 1338.0434727723, "rprd": 121.1587177239, "w": 2, "l": 5, "coil": null}, "gen8randombattle": {"elo": 1406.8719187432027, "gxe": 77.8, "rpr": 1751.893527041916, "rprd": 130, "w": 4553, "l": 4012, "coil": null}, "gen9battlefactory": {"elo": 1345.6393342006, "gxe": 67.2, "rpr": 1640.223449142, "rprd": 100.06119496769, "w": 83, "l": 56, "coil": null}, "gen9challengecup1v1": {"elo": 1070.0523893293016, "gxe": 37, "rpr": 1392.9803371749986, "rprd": 125.62366804211064, "w": 5, "l": 7, "coil": null}, "gen9ou": {"elo": 1000, "gxe": 43.4, "rpr": 1446.8058658373507, "rprd": 122.24064252874159, "w": 0, "l": 1, "coil": null}, "gen9randombattle": {"elo": 2058.258432073935, "gxe": 82.7, "rpr": 1794.3380425939747, "rprd": 25.77183038021945, "w": 9406, "l": 8623, "coil": null}}}