{"username": "elpablocs", "userid": "elpablocs", "registertime": 1500854400, "group": 1, "ratings": {"gen1ou": {"elo": 1000, "gxe": 47.1, "rpr": 1476.7500800189, "rprd": 123.47604243753, "w": 0, "l": 1, "coil": null}, "gen1randombattle": {"elo": 1244.4011036568, "gxe": 78.6, "rpr": 1755.114707269, "rprd": 103.20358395984, "w": 12, "l": 3, "coil": null}, "gen2randombattle": {"elo": 1124.9695197196, "gxe": 60, "rpr": 1579.7559744613, "rprd": 102.25208371722, "w": 7, "l": 4, "coil": null}, "gen3randombattle": {"elo": 1110.0281131257, "gxe": 53.6, "rpr": 1528.1058077258, "rprd": 108.60528507985, "w": 6, "l": 4, "coil": null}, "gen4randombattle": {"elo": 1110.9229271766, "gxe": 47.1, "rpr": 1477.4098654927, "rprd": 79.838064857105, "w": 10, "l": 12, "coil": null}, "gen5randombattle": {"elo": 1140.9057376466014, "gxe": 67.4, "rpr": 1644.81414695747, "rprd": 118.15335144269874, "w": 6, "l": 1, "coil": null}, "gen7randombattle": {"elo": 1453.6548813592, "gxe": 71.3, "rpr": 1683.0034207706, "rprd": 128.26059196503, "w": 139, "l": 116, "coil": null}, "gen7ubers": {"elo": 1000, "gxe": 41, "rpr": 1427.4328741711, "rprd": 116.77753930647, "w": 0, "l": 2, "coil": null}, "gen8ou": {"elo": 1049.9375499225, "gxe": 49.5, "rpr": 1496.0326240353, "rprd": 114.86981933979, "w": 2, "l": 1, "coil": null}, "gen8randombattle": {"elo": 1399.0955834294, "gxe": 61.6, "rpr": 1604.6746174611, "rprd": 211.43713518474, "w": 135, "l": 111, "coil": null}, "gen9randombattle": {"elo": 1548.2404195595147, "gxe": 71.6, "rpr": 1676.8434708910445, "rprd": 63.60217392306243, "w": 1021, "l": 945, "coil": null}, "gen9randomdoublesbattle": {"elo": 1029.4498424872854, "gxe": 48.8, "rpr": 1490.3445798963917, "rprd": 116.53333817678809, "w": 1, "l": 1, "coil": null}}}