{"username": "elvinyl", "userid": "elvinyl", "registertime": 1781395200, "group": 1, "ratings": {"gen9randombattle": {"elo": 1173.331183903528, "gxe": 46.2, "rpr": 1471.03201894806, "rprd": 35.8219828340172, "w": 59, "l": 57, "coil": null}, "gen9randomdoublesbattle": {"elo": 1091.8558922418956, "gxe": 47.9, "rpr": 1483.4693628925306, "rprd": 98.72181886693697, "w": 3, "l": 3, "coil": null}}}