{"username": "Elysia773", "userid": "elysia773", "registertime": 1700438400, "group": 1, "ratings": {"gen8randombattle": {"elo": 1076.1560718415578, "gxe": 59, "rpr": 1572.567125829214, "rprd": 116.77753930629355, "w": 2, "l": 0, "coil": null}, "gen9championsrandombattle": {"elo": 1168.0667100928388, "gxe": 58.2, "rpr": 1563.4289848762774, "rprd": 56.14452354061043, "w": 20, "l": 16, "coil": null}, "gen9megainvasionrandombattle": {"elo": 1419.0555232182, "gxe": 71.3, "rpr": 1672.128361432, "rprd": 40.28773577946, "w": 61, "l": 37, "coil": null}, "gen9randombattle": {"elo": 2030.6710677825379, "gxe": 82.7, "rpr": 1794.6274809823346, "rprd": 25.292907459816053, "w": 2525, "l": 2426, "coil": null}, "gen9randombattleblitz": {"elo": 1233.1033509721206, "gxe": 68.3, "rpr": 1649.3948828730738, "rprd": 88.6835249319407, "w": 11, "l": 3, "coil": null}, "gen9randomdoublesbattle": {"elo": 1142.3882915291763, "gxe": 58.7, "rpr": 1569.5440687954917, "rprd": 110.41981571999845, "w": 5, "l": 2, "coil": null}, "gen9randomroulette": {"elo": 1000, "gxe": 40.2, "rpr": 1421.6664552989987, "rprd": 112.15452697707616, "w": 0, "l": 3, "coil": null}}}