{"username": "EmperorTiger", "userid": "emperortiger", "registertime": 1778284800, "group": 1, "ratings": {"gen7anythinggoes": {"elo": 1085.7852019922, "gxe": 54, "rpr": 1531.0816825148, "rprd": 101.36509205272, "w": 3, "l": 2, "coil": null}, "gen7doublesou": {"elo": 1095.1337873415, "gxe": 55.1, "rpr": 1540.3399995, "rprd": 107.18892016409, "w": 3, "l": 1, "coil": null}, "gen7randombattle": {"elo": 1158.8511575011, "gxe": 67.3, "rpr": 1645.1201620235, "rprd": 130, "w": 5, "l": 1, "coil": null}, "gen9ou": {"elo": 1044.233190966534, "gxe": 53, "rpr": 1524.1724753426681, "rprd": 123.44335848399335, "w": 1, "l": 0, "coil": null}, "gen9randombattle": {"elo": 1901.0460555598056, "gxe": 84.1, "rpr": 1816.0955361798467, "rprd": 42.69502372014021, "w": 60, "l": 18, "coil": null}}}