{"username": "EmpereurLoutre", "userid": "empereurloutre", "registertime": 1498176000, "group": 1, "ratings": {"digimondigimonshowdownsingles": {"elo": 1000, "gxe": 45, "rpr": 1459.8393856612, "rprd": 122.8583080769, "w": 0, "l": 1, "coil": null}, "gen7anythinggoes": {"elo": 1136.1319297793, "gxe": 53.8, "rpr": 1534.499685614, "rprd": 230.21937573164, "w": 10, "l": 5, "coil": null}, "gen7letsgorandombattle": {"elo": 1062.6817897494, "gxe": 57, "rpr": 1556.0759240478, "rprd": 122.48968432388, "w": 1, "l": 0, "coil": null}, "gen7monotype": {"elo": 1117.2757154425, "gxe": 52.7, "rpr": 1524.2681589223, "rprd": 228.12490147578, "w": 7, "l": 4, "coil": null}, "gen7monotyperandombattle": {"elo": 1064.2751543255, "gxe": 42.2, "rpr": 1439.4113142464, "rprd": 67.399240229489, "w": 9, "l": 13, "coil": null}, "gen7ou": {"elo": 1353.4941659079, "gxe": 51.6, "rpr": 1512.3283152333, "rprd": 41.641131057724, "w": 356, "l": 380, "coil": null}, "gen7randombattle": {"elo": 1292.3577660385, "gxe": 52, "rpr": 1515.0160753392, "rprd": 51.734165623798, "w": 117, "l": 113, "coil": null}, "gen7superstaffbrosbrawl": {"elo": 1223.649910304, "gxe": 60.9, "rpr": 1587.9176572624, "rprd": 115.44231559073, "w": 16, "l": 9, "coil": null}, "gen7ubers": {"elo": 1386.7906241392, "gxe": 61, "rpr": 1599.5708357244, "rprd": 213.58956446126, "w": 85, "l": 77, "coil": null}, "gen7uu": {"elo": 1142.2069652881, "gxe": 53.2, "rpr": 1528.4210110908, "rprd": 220.75210762238, "w": 15, "l": 11, "coil": null}, "gen8monotyperandombattle": {"elo": 1046.3867735115, "gxe": 46.4, "rpr": 1471.9600148884, "rprd": 101.61374950573, "w": 2, "l": 3, "coil": null}, "gen8ou": {"elo": 1389.9203844953, "gxe": 54.3, "rpr": 1538.7608154591, "rprd": 217.81602345218, "w": 554, "l": 550, "coil": null}, "gen8randombattle": {"elo": 1264.2653104504, "gxe": 55.9, "rpr": 1544.7328889246, "rprd": 39.130080572311, "w": 173, "l": 170, "coil": null}, "gen9ou": {"elo": 1500.4242755408743, "gxe": 56.8, "rpr": 1551.5188961970346, "rprd": 25, "w": 857, "l": 834, "coil": null}, "gen9randombattle": {"elo": 1552.3817020740953, "gxe": 69.2, "rpr": 1652.6819625713374, "rprd": 28.187046723165786, "w": 3758, "l": 3671, "coil": null}}}