{"username": "emuhoujo", "userid": "emuhoujo", "registertime": 0, "group": 0, "ratings": {"gen8nationaldex": {"elo": 1000, "gxe": 31.7, "rpr": 1349.5228797527382, "rprd": 101.06616165276436, "w": 1, "l": 6, "coil": null}, "gen91v1": {"elo": 1083.9650123421525, "gxe": 50.1, "rpr": 1500.6473243580801, "rprd": 99.20408696827343, "w": 3, "l": 3, "coil": null}, "gen92v2doubles": {"elo": 1109.279817961237, "gxe": 50.9, "rpr": 1506.7201634007338, "rprd": 67.18382940968546, "w": 13, "l": 13, "coil": null}, "gen9legendszaou": {"elo": 1000, "gxe": 18.2, "rpr": 1209.4570430923156, "rprd": 82.97226510822792, "w": 0, "l": 14, "coil": null}, "gen9randombattle": {"elo": 1061.3675781218494, "gxe": 29, "rpr": 1329.2144708916487, "rprd": 62.50862875469094, "w": 12, "l": 29, "coil": null}, "gen9randombattleblitz": {"elo": 1000, "gxe": 40, "rpr": 1419.2634995439685, "rprd": 116.08072527030967, "w": 0, "l": 2, "coil": null}, "gen9randomdoublesbattle": {"elo": 1024.5654860250202, "gxe": 28.8, "rpr": 1326.4431185076417, "rprd": 67.25078993181955, "w": 8, "l": 19, "coil": null}}}