{"username": "Ennetty", "userid": "ennetty", "registertime": 1717113600, "group": 1, "ratings": {"gen9randombattle": {"elo": 1338.7821780611982, "gxe": 55.6, "rpr": 1542.571075024652, "rprd": 28.99691234732121, "w": 1171, "l": 1233, "coil": null}, "gen9randomdoublesbattle": {"elo": 1372.4990324051462, "gxe": 58.4, "rpr": 1564.4090146754734, "rprd": 52.44919862641844, "w": 74, "l": 67, "coil": null}}}