{"username": "EoNeMora", "userid": "eonemora", "registertime": 1741478400, "group": 1, "ratings": {"gen92v2doubles": {"elo": 1000, "gxe": 45, "rpr": 1459.8393856609866, "rprd": 122.85830807679145, "w": 0, "l": 1, "coil": null}, "gen9randombattle": {"elo": 1241.7037920759262, "gxe": 50.4, "rpr": 1503.4068402666971, "rprd": 65.34916427664972, "w": 92, "l": 106, "coil": null}}}