{"username": "epicgamer65", "userid": "epicgamer65", "registertime": 1693612800, "group": 1, "ratings": {"gen1randombattle": {"elo": 1106.343448216653, "gxe": 57.1, "rpr": 1556.5325529676809, "rprd": 108.70175930576303, "w": 4, "l": 2, "coil": null}, "gen8anythinggoes": {"elo": 1000, "gxe": 45, "rpr": 1459.6418700168, "rprd": 122.38518658281, "w": 0, "l": 1, "coil": null}, "gen9randombattle": {"elo": 1798.6241985635438, "gxe": 77.9, "rpr": 1737.807421739336, "rprd": 31.53691823396166, "w": 1948, "l": 1787, "coil": null}, "gen9randomdoublesbattle": {"elo": 1070.102808904164, "gxe": 58, "rpr": 1563.7710400481672, "rprd": 116.61404134504305, "w": 2, "l": 0, "coil": null}}}