{"username": "ErikHarbin", "userid": "erikharbin", "registertime": 1762560000, "group": 1, "ratings": {"gen1randombattle": {"elo": 1070.102808904164, "gxe": 43.2, "rpr": 1445.796265098522, "rprd": 109.26065533952296, "w": 2, "l": 5, "coil": null}, "gen2randombattle": {"elo": 1041.7775928114938, "gxe": 49.7, "rpr": 1497.3072673159415, "rprd": 107.71520877800447, "w": 2, "l": 3, "coil": null}, "gen3frlgou": {"elo": 1014.2434185646, "gxe": 38.2, "rpr": 1405.2986482949, "rprd": 102.64661060136, "w": 1, "l": 4, "coil": null}, "gen3ou": {"elo": 1045.5032228167177, "gxe": 46.6, "rpr": 1473.2490950102099, "rprd": 107.69402104604991, "w": 2, "l": 2, "coil": null}, "gen3randombattle": {"elo": 1100.7597627498192, "gxe": 49.8, "rpr": 1498.556789302898, "rprd": 100.85016581221561, "w": 7, "l": 8, "coil": null}, "gen4randombattle": {"elo": 1186.247066004116, "gxe": 57.9, "rpr": 1561.3083430437296, "rprd": 79.69817366364643, "w": 15, "l": 12, "coil": null}, "gen5randombattle": {"elo": 1156.3806595942915, "gxe": 55.5, "rpr": 1543.1949936773335, "rprd": 96.64924276494612, "w": 8, "l": 6, "coil": null}, "gen6randombattle": {"elo": 1000, "gxe": 33.5, "rpr": 1363.4682851412806, "rprd": 117.90133025018578, "w": 0, "l": 4, "coil": null}, "gen7randombattle": {"elo": 1062.9802743291348, "gxe": 47.3, "rpr": 1478.4034061389239, "rprd": 114.10564294511745, "w": 2, "l": 2, "coil": null}, "gen8randombattle": {"elo": 1048.5838543437321, "gxe": 49.4, "rpr": 1495.2387491860707, "rprd": 114.15274208930651, "w": 2, "l": 2, "coil": null}, "gen9babyrandombattle": {"elo": 1048.8965461896457, "gxe": 55.4, "rpr": 1543.1472955255135, "rprd": 122.4510676841168, "w": 1, "l": 0, "coil": null}, "gen9bssfactorybo3": {"elo": 1000, "gxe": 46.1, "rpr": 1469.050970195202, "rprd": 122.84886911310623, "w": 0, "l": 1, "coil": null}, "gen9hackmonscup": {"elo": 1068.516391548731, "gxe": 57.2, "rpr": 1557.8774527532, "rprd": 122.67488376081604, "w": 1, "l": 0, "coil": null}, "gen9legendszaou": {"elo": 1000, "gxe": 34.4, "rpr": 1375.2905448649726, "rprd": 82.18044738662604, "w": 3, "l": 9, "coil": null}, "gen9monotyperandombattle": {"elo": 1123.5356721782218, "gxe": 49.7, "rpr": 1497.5252903821922, "rprd": 92.92988374746517, "w": 9, "l": 8, "coil": null}, "gen9randombattle": {"elo": 1352.288318786928, "gxe": 56.7, "rpr": 1550.947462604282, "rprd": 28.561870212161026, "w": 1153, "l": 1157, "coil": null}, "gen9randomdoublesbattle": {"elo": 1028.5162801492893, "gxe": 49.2, "rpr": 1493.708250133627, "rprd": 116.68287805667792, "w": 1, "l": 1, "coil": null}, "gen9randomroulette": {"elo": 1070.102808904164, "gxe": 59, "rpr": 1572.567125829214, "rprd": 116.77753930629355, "w": 2, "l": 0, "coil": null}, "gen9uu": {"elo": 1026.1721743947642, "gxe": 41.7, "rpr": 1434.1897266227834, "rprd": 108.87393235660518, "w": 1, "l": 3, "coil": null}}}