{"username": "erobbbrittdivorce", "userid": "erobbbrittdivorce", "registertime": 1752624000, "group": 1, "ratings": {"gen9randombattle": {"elo": 1881.6783874662697, "gxe": 83, "rpr": 1798.4050392757065, "rprd": 26.090635695028382, "w": 1321, "l": 1262, "coil": null}}}