{"username": "espeonagee", "userid": "espeonagee", "registertime": 1510876800, "group": 1, "ratings": {"gen1ou": {"elo": 1000, "gxe": 42.8, "rpr": 1441.8352319000007, "rprd": 123.22190346565571, "w": 0, "l": 1, "coil": null}, "gen3ou": {"elo": 1157.0803930027, "gxe": 62.2, "rpr": 1595.8757765998, "rprd": 70.987078156295, "w": 0, "l": 0, "coil": null}, "gen4randombattle": {"elo": 1000, "gxe": 45, "rpr": 1459.8393856612, "rprd": 122.8583080769, "w": 0, "l": 1, "coil": null}, "gen7anythinggoes": {"elo": 1020.7245721908, "gxe": 42.6, "rpr": 1440.0279893941, "rprd": 124.24641381142, "w": 1, "l": 2, "coil": null}, "gen7challengecup1v1": {"elo": 1164.248362285, "gxe": 58.5, "rpr": 1566.1502529127, "rprd": 77.992019951316, "w": 11, "l": 6, "coil": null}, "gen7lc": {"elo": 1254.0837964732, "gxe": 64.7, "rpr": 1616.8963150781, "rprd": 78.794593444829, "w": 10, "l": 5, "coil": null}, "gen7letsgorandombattle": {"elo": 1044.584930701, "gxe": 55, "rpr": 1540.1606143388, "rprd": 122.8583080769, "w": 1, "l": 0, "coil": null}, "gen7nu": {"elo": 1429.4354103123, "gxe": 77.1, "rpr": 1729.0683671672, "rprd": 33.278621357426, "w": 38, "l": 18, "coil": null}, "gen7ou": {"elo": 1387.1851112169095, "gxe": 64.5, "rpr": 1613.8647290497456, "rprd": 59.8347850948813, "w": 231, "l": 191, "coil": null}, "gen7oublitz": {"elo": 1076.1606606416, "gxe": 59, "rpr": 1572.5671258289, "rprd": 116.77753930647, "w": 2, "l": 0, "coil": null}, "gen7pu": {"elo": 1191.9666115876, "gxe": 66.8, "rpr": 1636.6821806234, "rprd": 97.255974938445, "w": 7, "l": 1, "coil": null}, "gen7randombattle": {"elo": 1439.8528243278, "gxe": 72.1, "rpr": 1681.3493228125, "rprd": 66.835247694684, "w": 35, "l": 16, "coil": null}, "gen7ru": {"elo": 1480.3697257176, "gxe": 73.3, "rpr": 1726.3928561479, "rprd": 223.29536540448, "w": 44, "l": 15, "coil": null}, "gen7uu": {"elo": 1176.8899681304, "gxe": 64.4, "rpr": 1632.9597068921, "rprd": 220.24000663827, "w": 0, "l": 0, "coil": null}, "gen8anythinggoes": {"elo": 1050.0744214313, "gxe": 44.7, "rpr": 1458.0909495676, "rprd": 110.95000829795, "w": 1, "l": 2, "coil": null}, "gen8challengecup1v1": {"elo": 1319.9870845294, "gxe": 61.1, "rpr": 1589.3287747127, "rprd": 115.65192539128, "w": 27, "l": 14, "coil": null}, "gen8nu": {"elo": 1343.4208806719, "gxe": 63.7, "rpr": 1611.6764000358, "rprd": 116.02211539912, "w": 94, "l": 54, "coil": null}, "gen8ou": {"elo": 1408.630637202, "gxe": 62.9, "rpr": 1619.3261994152, "rprd": 227.7683809909, "w": 63, "l": 45, "coil": null}, "gen8randombattle": {"elo": 1377.1334150611, "gxe": 65.7, "rpr": 1645.3943120734, "rprd": 222.58450597317, "w": 599, "l": 488, "coil": null}, "gen8ru": {"elo": 1313.2029026771, "gxe": 65.3, "rpr": 1641.5255126033, "rprd": 223.00092673307, "w": 53, "l": 36, "coil": null}, "gen8uu": {"elo": 1306.0630084455, "gxe": 62.2, "rpr": 1610.5419824739, "rprd": 214.88400923196, "w": 44, "l": 32, "coil": null}, "gen9challengecup1v1": {"elo": 1284.373665624, "gxe": 64, "rpr": 1618.8851898572, "rprd": 158.67440835162, "w": 19, "l": 7, "coil": null}, "gen9championsou": {"elo": 1066.4907606077588, "gxe": 45.5, "rpr": 1465.2739164936074, "rprd": 62.88777794745017, "w": 12, "l": 15, "coil": null}, "gen9championsvgc2026regma": {"elo": 1118.9858549323546, "gxe": 59.5, "rpr": 1575.1625391288194, "rprd": 98.29192893736214, "w": 6, "l": 2, "coil": null}, "gen9nu": {"elo": 1157.888524280803, "gxe": 56.5, "rpr": 1550.4631867331216, "rprd": 71.01624005776395, "w": 11, "l": 8, "coil": 1750.663395761321}, "gen9ou": {"elo": 1386.8433701689946, "gxe": 63.5, "rpr": 1605.42434182707, "rprd": 61.153855293548105, "w": 62, "l": 46, "coil": null}, "gen9randombattle": {"elo": 1990.251490832642, "gxe": 85.3, "rpr": 1831.288788726081, "rprd": 25, "w": 1609, "l": 1492, "coil": null}}}