{"username": "Eumorpha", "userid": "eumorpha", "registertime": 1644969600, "group": 1, "ratings": {"gen8almostanyability": {"elo": 1000, "gxe": 40.6, "rpr": 1424.4009549586, "rprd": 116.12526572184, "w": 0, "l": 2, "coil": null}, "gen8nationaldexag": {"elo": 1038.1486894049, "gxe": 41.6, "rpr": 1435.1678886305, "rprd": 59.703371167663, "w": 13, "l": 17, "coil": null}, "gen8nu": {"elo": 1061.1051226688, "gxe": 47.6, "rpr": 1481.1396527807, "rprd": 91.749544077446, "w": 4, "l": 5, "coil": null}, "gen8ou": {"elo": 1136.5752285939, "gxe": 51.3, "rpr": 1509.8316922274, "rprd": 54.947140028334, "w": 20, "l": 16, "coil": null}, "gen8randombattle": {"elo": 1365.0722523591, "gxe": 59.7, "rpr": 1587.0370886872, "rprd": 213.77769223696, "w": 111, "l": 90, "coil": null}, "gen9ou": {"elo": 1240.43844742308, "gxe": 50.9, "rpr": 1506.8279018018686, "rprd": 42.893156140959505, "w": 51, "l": 45, "coil": null}, "gen9randombattle": {"elo": 1384.296770141156, "gxe": 56.3, "rpr": 1547.7556299283688, "rprd": 38.89756250309474, "w": 155, "l": 143, "coil": null}, "gen9uu": {"elo": 1042.6380971963006, "gxe": 41.7, "rpr": 1434.4179993743755, "rprd": 92.52595343357656, "w": 3, "l": 5, "coil": null}}}