{"username": "euphoricpoptarts", "userid": "euphoricpoptarts", "registertime": 1702080000, "group": 1, "ratings": {"gen3randombattle": {"elo": 1077.244215200129, "gxe": 53.4, "rpr": 1527.2313050611872, "rprd": 123.2638616652049, "w": 2, "l": 1, "coil": null}, "gen9ou": {"elo": 1201.672066046223, "gxe": 68.6, "rpr": 1653.873791602741, "rprd": 104.04173996867469, "w": 8, "l": 1, "coil": null}, "gen9randombattle": {"elo": 2057.315782042486, "gxe": 84.9, "rpr": 1825.054532844971, "rprd": 25, "w": 2162, "l": 2069, "coil": null}, "gen9ubers": {"elo": 1145.6659061089351, "gxe": 60.5, "rpr": 1582.902496224086, "rprd": 93.82195976561987, "w": 6, "l": 2, "coil": null}}}