{"username": "Exovedate", "userid": "exovedate", "registertime": 1593129600, "group": 1, "ratings": {"gen1randombattle": {"elo": 1154.6669014553447, "gxe": 54.1, "rpr": 1532.5616763818234, "rprd": 113.47289043828442, "w": 63, "l": 63, "coil": null}, "gen2randombattle": {"elo": 1127.2264454806532, "gxe": 49.1, "rpr": 1493.2947403379587, "rprd": 107.2487252666027, "w": 36, "l": 32, "coil": null}, "gen3randombattle": {"elo": 1119.7343317487616, "gxe": 41.3, "rpr": 1430.6579791574923, "rprd": 107.43075066387382, "w": 29, "l": 29, "coil": null}, "gen4randombattle": {"elo": 1271.864181745262, "gxe": 60.4, "rpr": 1583.5374768333927, "rprd": 116.44518714897713, "w": 25, "l": 15, "coil": null}, "gen5randombattle": {"elo": 1003.3049849025613, "gxe": 24.5, "rpr": 1277.7186191293342, "rprd": 108.77194722461576, "w": 19, "l": 29, "coil": null}, "gen6randombattle": {"elo": 1042.6533121706393, "gxe": 34.1, "rpr": 1369.8426478790923, "rprd": 107.24717522123542, "w": 19, "l": 24, "coil": null}, "gen7battlefactory": {"elo": 1052.0317926602, "gxe": 56.1, "rpr": 1548.9016291922, "rprd": 122.48236000917, "w": 1, "l": 0, "coil": null}, "gen7randombattle": {"elo": 1238.0081233179837, "gxe": 61.5, "rpr": 1593.0031401748315, "rprd": 114.05817257973855, "w": 36, "l": 42, "coil": null}, "gen8bdsprandombattle": {"elo": 1111.2458315523, "gxe": 60.8, "rpr": 1587.0205752065, "rprd": 113.63342591169, "w": 3, "l": 0, "coil": null}, "gen8challengecup1v1": {"elo": 1000, "gxe": 40.6, "rpr": 1424.2090918104, "rprd": 116.23446740334, "w": 0, "l": 2, "coil": null}, "gen8hackmonscup": {"elo": 1023.4822361257, "gxe": 49.4, "rpr": 1495.0945845545, "rprd": 123.7266435982, "w": 1, "l": 1, "coil": null}, "gen8monotype": {"elo": 1035.111184033, "gxe": 41, "rpr": 1426.9802571843, "rprd": 130, "w": 1, "l": 2, "coil": null}, "gen8monotyperandombattle": {"elo": 1201.5474206979, "gxe": 55.6, "rpr": 1543.0354543286, "rprd": 78.785479579591, "w": 154, "l": 157, "coil": null}, "gen8ou": {"elo": 1040, "gxe": 55, "rpr": 1540.1606143388, "rprd": 122.8583080769, "w": 1, "l": 0, "coil": null}, "gen8randombattle": {"elo": 1272.5269735754036, "gxe": 54.5, "rpr": 1535.518814118479, "rprd": 97.67217672019883, "w": 1350, "l": 1369, "coil": null}, "gen8randomdoublesbattle": {"elo": 1000, "gxe": 45, "rpr": 1459.8393856612, "rprd": 122.8583080769, "w": 0, "l": 1, "coil": null}, "gen9computergeneratedteams": {"elo": 1040, "gxe": 55, "rpr": 1540.1606143390134, "rprd": 122.85830807679145, "w": 1, "l": 0, "coil": null}, "gen9hackmonscup": {"elo": 1000, "gxe": 45.5, "rpr": 1463.8935618047449, "rprd": 122.81837611562099, "w": 0, "l": 1, "coil": null}, "gen9monotyperandombattle": {"elo": 1075.350709883992, "gxe": 40.3, "rpr": 1421.7771051260215, "rprd": 117.06750371924409, "w": 15, "l": 18, "coil": null}, "gen9randombattle": {"elo": 1212.7303447710672, "gxe": 49.1, "rpr": 1493.5263494181158, "rprd": 37.056063185729506, "w": 648, "l": 665, "coil": null}, "gen9randombattleblitz": {"elo": 1027.916258512068, "gxe": 48.6, "rpr": 1488.7864214058195, "rprd": 122.10835210489975, "w": 1, "l": 1, "coil": null}}}