{"username": "extreme72", "userid": "extreme72", "registertime": 1497484800, "group": 1, "ratings": {"gen1randombattle": {"elo": 1407.9647612186, "gxe": 61.2, "rpr": 1591.7592261832, "rprd": 131.97798114286, "w": 64, "l": 49, "coil": null}, "gen2randombattle": {"elo": 1408.3405122906, "gxe": 69.7, "rpr": 1664.3827122992, "rprd": 110.93840077774, "w": 198, "l": 138, "coil": null}, "gen3randombattle": {"elo": 1411.6119510185035, "gxe": 66.3, "rpr": 1633.341830458693, "rprd": 103.95558603506115, "w": 389, "l": 384, "coil": null}, "gen4randombattle": {"elo": 1402.6881605805443, "gxe": 57.7, "rpr": 1558.2048590509469, "rprd": 25, "w": 134, "l": 124, "coil": null}, "gen5randombattle": {"elo": 1420.1008702183626, "gxe": 60.1, "rpr": 1577.221612638281, "rprd": 25, "w": 118, "l": 101, "coil": null}, "gen6randombattle": {"elo": 1409.2627213054232, "gxe": 59.1, "rpr": 1569.176070929558, "rprd": 34.2814179969054, "w": 60, "l": 44, "coil": null}, "gen71v1": {"elo": 1043.0870531566, "gxe": 40.4, "rpr": 1425.5607551568, "rprd": 75.303050510376, "w": 7, "l": 10, "coil": null}, "gen7battlefactory": {"elo": 1073.645682086675, "gxe": 59, "rpr": 1572.567125829214, "rprd": 116.77753930629355, "w": 2, "l": 0, "coil": null}, "gen7challengecup1v1": {"elo": 1040.2579619341, "gxe": 53.1, "rpr": 1525.0873829528, "rprd": 123.23853056417, "w": 1, "l": 0, "coil": null}, "gen7randombattle": {"elo": 1404.019252411145, "gxe": 62.9, "rpr": 1600.6927210114593, "rprd": 52.917339994788044, "w": 61, "l": 57, "coil": null}, "gen7randomdoublesbattle": {"elo": 1000, "gxe": 45, "rpr": 1459.8393856612, "rprd": 122.8583080769, "w": 0, "l": 1, "coil": null}, "gen8battlefactory": {"elo": 1023.7168334512581, "gxe": 43.4, "rpr": 1447.8891808701987, "rprd": 108.95610743789652, "w": 1, "l": 3, "coil": null}, "gen8joltemonsrandombattle": {"elo": 1000, "gxe": 45.5, "rpr": 1463.9568173463117, "rprd": 122.87179842361486, "w": 0, "l": 1, "coil": null}, "gen8randombattle": {"elo": 1434.554982841721, "gxe": 64.1, "rpr": 1615.6236002067305, "rprd": 122.1295424877599, "w": 123, "l": 122, "coil": null}, "gen8randomdoublesbattle": {"elo": 1000, "gxe": 36.7, "rpr": 1390.6142460152046, "rprd": 130, "w": 0, "l": 2, "coil": null}, "gen91v1factory": {"elo": 1127.9861206714256, "gxe": 55.3, "rpr": 1541.1086711962473, "rprd": 94.11783189055208, "w": 5, "l": 3, "coil": null}, "gen9battlefactory": {"elo": 1000, "gxe": 45.5, "rpr": 1463.9474537271904, "rprd": 122.86677578889534, "w": 0, "l": 1, "coil": null}, "gen9brokencup": {"elo": 1044.9239245285635, "gxe": 56.3, "rpr": 1550.22583874894, "rprd": 122.79814030678861, "w": 1, "l": 0, "coil": null}, "gen9challengecup1v1": {"elo": 1095.6726922879118, "gxe": 51.5, "rpr": 1511.8396225766987, "rprd": 122.91493969659149, "w": 2, "l": 2, "coil": null}, "gen9challengecup2v2": {"elo": 1092.3095842113437, "gxe": 56.2, "rpr": 1549.1638547688906, "rprd": 110.74560705053543, "w": 2, "l": 1, "coil": null}, "gen9championsrandombattle": {"elo": 1000, "gxe": 45.2, "rpr": 1461.937667699173, "rprd": 122.04332887173646, "w": 0, "l": 1, "coil": null}, "gen9computergeneratedteams": {"elo": 1053.576240672311, "gxe": 57.1, "rpr": 1557.2817974206553, "rprd": 122.99700455687409, "w": 1, "l": 0, "coil": null}, "gen9monotyperandombattle": {"elo": 1060.279623177403, "gxe": 48.4, "rpr": 1487.2711201058191, "rprd": 119.2482878253948, "w": 2, "l": 2, "coil": null}, "gen9ou": {"elo": 1000, "gxe": 42.3, "rpr": 1438.0419634565808, "rprd": 123.23584044257409, "w": 0, "l": 1, "coil": null}, "gen9randombattle": {"elo": 1683.4057647162977, "gxe": 73.5, "rpr": 1692.6342813812064, "rprd": 34.132526310243684, "w": 2784, "l": 2674, "coil": null}, "gen9randombattleblitz": {"elo": 1257.7179888220876, "gxe": 60.4, "rpr": 1583.9128399904575, "rprd": 115.83152723675275, "w": 19, "l": 13, "coil": null}, "gen9randombattlehyperblitzautochoose": {"elo": 1000, "gxe": 45, "rpr": 1459.8393856609866, "rprd": 122.85830807679145, "w": 0, "l": 1, "coil": null}, "gen9randomdoublesbattle": {"elo": 1192.095533616994, "gxe": 60.1, "rpr": 1582.0147202203977, "rprd": 122.20032981594979, "w": 31, "l": 40, "coil": null}, "gen9vaporemonsrandombattle": {"elo": 1078.2725047652, "gxe": 60, "rpr": 1583.2738440816, "rprd": 147.78033560318, "w": 2, "l": 0, "coil": null}}}