{"username": "faaskaas", "userid": "faaskaas", "registertime": 1660003200, "group": 1, "ratings": {"gen1randombattle": {"elo": 1074.0798065070717, "gxe": 51.6, "rpr": 1512.5084512362973, "rprd": 130, "w": 3, "l": 1, "coil": null}, "gen1randombattleblitz": {"elo": 1036.5171372077, "gxe": 46.9, "rpr": 1475.6953312694, "rprd": 107.68828737996, "w": 2, "l": 3, "coil": null}, "gen2randombattle": {"elo": 1085.418133553, "gxe": 60.5, "rpr": 1586.0018808097, "rprd": 130, "w": 2, "l": 1, "coil": null}, "gen3randombattle": {"elo": 1040, "gxe": 55, "rpr": 1540.1606143388, "rprd": 122.8583080769, "w": 1, "l": 0, "coil": null}, "gen4randombattle": {"elo": 1050.7693853537, "gxe": 54.6, "rpr": 1536.8355383923, "rprd": 121.94186708096, "w": 1, "l": 0, "coil": null}, "gen4sharedpowerrandombattle": {"elo": 1028.640264902, "gxe": 29.5, "rpr": 1333.164106858, "rprd": 71.313199007424, "w": 4, "l": 17, "coil": null}, "gen5pokebilitiesrandombattle": {"elo": 1000, "gxe": 45, "rpr": 1459.8393856609866, "rprd": 122.85830807679145, "w": 0, "l": 1, "coil": null}, "gen5randombattle": {"elo": 1000, "gxe": 45.5, "rpr": 1463.975523621, "rprd": 122.88182248757, "w": 0, "l": 1, "coil": null}, "gen6firstbloodrandombattle": {"elo": 1211.2188284322929, "gxe": 51.1, "rpr": 1508.6046235074311, "rprd": 46.218994668758754, "w": 40, "l": 39, "coil": null}, "gen6randombattle": {"elo": 1117.6383061494646, "gxe": 39.6, "rpr": 1416.8167881227607, "rprd": 110.98646177392405, "w": 53, "l": 100, "coil": null}, "gen6tripleschallengecup": {"elo": 1022.9122460587942, "gxe": 49.1, "rpr": 1492.9393402801873, "rprd": 116.65460240309639, "w": 1, "l": 1, "coil": null}, "gen7pickyourteamrandombattle": {"elo": 1060.9890580739, "gxe": 48.1, "rpr": 1484.8553154285, "rprd": 106.36407170204, "w": 2, "l": 2, "coil": null}, "gen7pokebilitiesrandombattle": {"elo": 1088.3174259684874, "gxe": 52.2, "rpr": 1517.3665385095196, "rprd": 80.96483956268222, "w": 10, "l": 9, "coil": null}, "gen7randombattle": {"elo": 1031.4053272764, "gxe": 50, "rpr": 1500, "rprd": 116.77753930647, "w": 1, "l": 1, "coil": null}, "gen7randombattleapexabilities": {"elo": 1000, "gxe": 44.4, "rpr": 1455.2086106968934, "rprd": 122.83395520743242, "w": 0, "l": 1, "coil": null}, "gen8bssfactory": {"elo": 1000, "gxe": 44.5, "rpr": 1455.5956714991, "rprd": 123.22398582605, "w": 0, "l": 1, "coil": null}, "gen8challengecup1v1": {"elo": 1058.2865096274, "gxe": 50.6, "rpr": 1504.4676176527, "rprd": 117.20273641087, "w": 1, "l": 1, "coil": null}, "gen8joltemonsrandombattle": {"elo": 1000, "gxe": 36.9, "rpr": 1393.0498225983, "rprd": 124.70912788155, "w": 0, "l": 3, "coil": null}, "gen8lc": {"elo": 1118.3723193777, "gxe": 57, "rpr": 1555.9682678933, "rprd": 108.89478793819, "w": 3, "l": 1, "coil": null}, "gen8monotype": {"elo": 1042.9910656215, "gxe": 35.9, "rpr": 1387.425924143, "rprd": 86.973814365807, "w": 3, "l": 7, "coil": null}, "gen8monotyperandombattle": {"elo": 1026.0286158632, "gxe": 32.7, "rpr": 1355.1697229212, "rprd": 130, "w": 1, "l": 8, "coil": null}, "gen8randombattle": {"elo": 1287.5846172733, "gxe": 52, "rpr": 1515.3510472984, "rprd": 46.70882757427, "w": 132, "l": 131, "coil": null}, "gen8randombattleblitz": {"elo": 1147.2170640307, "gxe": 52.9, "rpr": 1522.5790033232, "rprd": 96.03542816758, "w": 6, "l": 5, "coil": null}, "gen8randomdoublesbattle": {"elo": 1293.0770020371, "gxe": 56.7, "rpr": 1558.4275140757, "rprd": 195.53399784467, "w": 36, "l": 27, "coil": null}, "gen8superstaffbros4": {"elo": 1103.7342655373, "gxe": 59.9, "rpr": 1578.657197765, "rprd": 95.890703774816, "w": 5, "l": 3, "coil": null}, "gen8vgc2021series11": {"elo": 1118.2908369576, "gxe": 44.7, "rpr": 1458.8053068992, "rprd": 76.423915237468, "w": 8, "l": 8, "coil": null}, "gen8vgc2022": {"elo": 1097.3023594695, "gxe": 46.2, "rpr": 1465.6681503653, "rprd": 229.22774066441, "w": 6, "l": 6, "coil": null}, "gen9b6p4randomdoublesbattlebo3": {"elo": 1049.4903442929317, "gxe": 54.4, "rpr": 1535.2599636333787, "rprd": 122.16661206960775, "w": 1, "l": 0, "coil": null}, "gen9babyrandombattle": {"elo": 1070.102808904164, "gxe": 49.5, "rpr": 1496.319937663043, "rprd": 122.23302244730486, "w": 2, "l": 2, "coil": null}, "gen9brokencup": {"elo": 1000, "gxe": 35.8, "rpr": 1385.3965907664133, "rprd": 100.31273989786429, "w": 1, "l": 6, "coil": null}, "gen9bssfactory": {"elo": 1000, "gxe": 45.9, "rpr": 1467.1072966964425, "rprd": 122.92123760257256, "w": 0, "l": 1, "coil": null}, "gen9bssfactorybo3": {"elo": 1000, "gxe": 44.5, "rpr": 1455.663745926459, "rprd": 122.38445838100392, "w": 0, "l": 1, "coil": null}, "gen9caprandombattle": {"elo": 1000, "gxe": 45, "rpr": 1459.8393856609866, "rprd": 122.85830807679145, "w": 0, "l": 1, "coil": null}, "gen9challengecup1v1": {"elo": 1066.873730319614, "gxe": 47.3, "rpr": 1478.4283658635363, "rprd": 130, "w": 2, "l": 2, "coil": null}, "gen9challengecup2v2": {"elo": 1000, "gxe": 41, "rpr": 1427.4328741711, "rprd": 116.77753930647, "w": 0, "l": 2, "coil": null}, "gen9chimera1v1randombattle": {"elo": 1200.575684425423, "gxe": 49.4, "rpr": 1495.6437922335663, "rprd": 75.7952912773717, "w": 10, "l": 11, "coil": null}, "gen9computergeneratedteams": {"elo": 1000, "gxe": 40.3, "rpr": 1422.1461732842, "rprd": 119.00854084088, "w": 0, "l": 2, "coil": null}, "gen9doublesbrokencup": {"elo": 1000, "gxe": 41.5, "rpr": 1431.2421379586292, "rprd": 124.34069953250287, "w": 0, "l": 1, "coil": null}, "gen9forceofthefallenrandomroulette": {"elo": 1040, "gxe": 42.3, "rpr": 1439.1765093239828, "rprd": 106.91164920533053, "w": 1, "l": 3, "coil": null}, "gen9lc": {"elo": 1000, "gxe": 45, "rpr": 1459.8393856609866, "rprd": 122.85830807679145, "w": 0, "l": 1, "coil": null}, "gen9megainvasionrandombattle": {"elo": 1000, "gxe": 40.6, "rpr": 1424.4623000416318, "rprd": 121.98482341424015, "w": 0, "l": 2, "coil": null}, "gen9metronomebattle": {"elo": 1000, "gxe": 32.3, "rpr": 1354.3129199249, "rprd": 102.82284027039, "w": 0, "l": 5, "coil": null}, "gen9mixandmegacup": {"elo": 1000, "gxe": 39.6, "rpr": 1416.016624897081, "rprd": 120.63751954526356, "w": 0, "l": 2, "coil": null}, "gen9monotyperandombattle": {"elo": 1051.4742815310296, "gxe": 46.2, "rpr": 1470.0788670663298, "rprd": 104.74598620804377, "w": 3, "l": 4, "coil": null}, "gen9partnersincrimerandombattle": {"elo": 1049.1763943618496, "gxe": 29.5, "rpr": 1333.0382566192739, "rprd": 70.84726581571788, "w": 7, "l": 27, "coil": null}, "gen9partnersincrimerandombattle6moves": {"elo": 1054.0266916030316, "gxe": 45.7, "rpr": 1466.1705355302793, "rprd": 93.19834422523083, "w": 3, "l": 5, "coil": null}, "gen9randombattle": {"elo": 2213.450193380582, "gxe": 84.6, "rpr": 1820.685256466456, "rprd": 25.572252509881285, "w": 1891, "l": 1718, "coil": null}, "gen9randombattleblitz": {"elo": 1097.4619021908884, "gxe": 45.2, "rpr": 1461.4123699092902, "rprd": 120.69925167076505, "w": 90, "l": 95, "coil": null}, "gen9randombattlehyperblitzautochoose": {"elo": 1040, "gxe": 55, "rpr": 1540.1606143390134, "rprd": 122.85830807679145, "w": 1, "l": 0, "coil": null}, "gen9randombattlemayhem": {"elo": 1032.9263146693079, "gxe": 42.8, "rpr": 1441.5512374647503, "rprd": 130, "w": 1, "l": 3, "coil": null}, "gen9randombattlesharedpowerb12p6": {"elo": 1000, "gxe": 34, "rpr": 1368.5956876877874, "rprd": 110.37189377358038, "w": 0, "l": 4, "coil": null}, "gen9randomdoublesbattle": {"elo": 1000, "gxe": 37, "rpr": 1392.5392941476202, "rprd": 130, "w": 0, "l": 2, "coil": null}, "gen9randomroulette": {"elo": 1028.4237273877, "gxe": 35.2, "rpr": 1370.9274081181, "rprd": 175.71252195002, "w": 1, "l": 7, "coil": null}, "gen9ru": {"elo": 1000, "gxe": 44.9, "rpr": 1459.509390629689, "rprd": 122.15323997060025, "w": 0, "l": 1, "coil": 14.03125}, "gen9superstaffbrosultimate": {"elo": 1000, "gxe": 31.6, "rpr": 1346.676241805642, "rprd": 118.84475466410527, "w": 1, "l": 5, "coil": null}, "gen9ubers": {"elo": 1101.7873863769, "gxe": 57.2, "rpr": 1557.1684373969, "rprd": 106.69867542581, "w": 3, "l": 1, "coil": null}, "gen9uu": {"elo": 1000, "gxe": 44.4,