{"username": "facund0caballerou", "userid": "facund0caballerou", "registertime": 0, "group": 0, "ratings": {"gen92v2doubles": {"elo": 1000, "gxe": 35.2, "rpr": 1378.9781361578705, "rprd": 111.12365123531696, "w": 0, "l": 3, "coil": null}, "gen9doublesou": {"elo": 1000, "gxe": 38.3, "rpr": 1405.292398304874, "rprd": 115.82494487469289, "w": 0, "l": 2, "coil": null}, "gen9ou": {"elo": 1000, "gxe": 34.9, "rpr": 1377.5041727316711, "rprd": 99.9797008204669, "w": 1, "l": 5, "coil": null}, "gen9randombattle": {"elo": 1013.5774907679241, "gxe": 35.8, "rpr": 1384.9003443244756, "rprd": 105.34597900230597, "w": 1, "l": 4, "coil": null}, "gen9randomdoublesbattle": {"elo": 1047.7428106249317, "gxe": 54.4, "rpr": 1535.487428478377, "rprd": 122.21806405168589, "w": 1, "l": 0, "coil": null}}}