{"username": "Failtacular3245", "userid": "failtacular3245", "registertime": 1646352000, "group": 1, "ratings": {"gen1randombattle": {"elo": 1297.4662965752113, "gxe": 69.4, "rpr": 1660.576489666821, "rprd": 103.86244194057953, "w": 46, "l": 31, "coil": null}, "gen2randombattle": {"elo": 1069.274441462014, "gxe": 54.2, "rpr": 1533.543300747535, "rprd": 130, "w": 3, "l": 2, "coil": null}, "gen3randombattle": {"elo": 1425.5498760793207, "gxe": 75.2, "rpr": 1723.5677402430115, "rprd": 130, "w": 38, "l": 19, "coil": null}, "gen4randombattle": {"elo": 1374.3089546586018, "gxe": 64.7, "rpr": 1617.904662203044, "rprd": 89.08507158280106, "w": 71, "l": 62, "coil": null}, "gen5randombattle": {"elo": 1135.5501870117448, "gxe": 70.9, "rpr": 1679.5404415075247, "rprd": 130, "w": 5, "l": 2, "coil": null}, "gen6randombattle": {"elo": 1539.456293567018, "gxe": 75.6, "rpr": 1722.8671243099723, "rprd": 109.4377712274653, "w": 66, "l": 39, "coil": null}, "gen7randombattle": {"elo": 1464.8796734070233, "gxe": 67.7, "rpr": 1642.8042437995848, "rprd": 80.57861333985156, "w": 171, "l": 154, "coil": null}, "gen8bdsprandombattle": {"elo": 1029.9438276207, "gxe": 48, "rpr": 1484.2752806767, "rprd": 122.536793869, "w": 1, "l": 1, "coil": null}, "gen8monotyperandombattle": {"elo": 1305.8071167737, "gxe": 65, "rpr": 1618.9356524966, "rprd": 71.848617663792, "w": 21, "l": 10, "coil": null}, "gen8ou": {"elo": 1180.3776041991, "gxe": 46, "rpr": 1468.3902333477, "rprd": 94.02021478167, "w": 31, "l": 25, "coil": null}, "gen8randombattle": {"elo": 1426.7767435823, "gxe": 67.6, "rpr": 1654.3443362006, "rprd": 169.85002462989, "w": 1047, "l": 998, "coil": null}, "gen8roulettemonsrandombattle": {"elo": 1040, "gxe": 55, "rpr": 1540.1606143388, "rprd": 123.22070420879, "w": 1, "l": 0, "coil": null}, "gen9monotyperandombattle": {"elo": 1363.9132603952703, "gxe": 69.3, "rpr": 1657.44042934756, "rprd": 85.11072494516513, "w": 32, "l": 17, "coil": null}, "gen9randombattle": {"elo": 1738.3111752619093, "gxe": 77.5, "rpr": 1733.6795732082176, "rprd": 27.036171303715584, "w": 5591, "l": 5388, "coil": null}, "gen9randombattlemayhem": {"elo": 1081.2867190317, "gxe": 50.5, "rpr": 1503.8913301939, "rprd": 105.53689899096, "w": 2, "l": 2, "coil": null}}}