{"username": "FalinksIsBestBois", "userid": "falinksisbestbois", "registertime": 1763510400, "group": 1, "ratings": {"gen9randombattle": {"elo": 1709.939401671165, "gxe": 74.8, "rpr": 1705.0038876325827, "rprd": 29.464828462240945, "w": 493, "l": 429, "coil": null}}}