{"username": "fartsbloods", "userid": "fartsbloods", "registertime": 0, "group": 0, "ratings": {"gen9randombattle": {"elo": 1088.917758326737, "gxe": 53.1, "rpr": 1524.3700356925413, "rprd": 95.5392946500341, "w": 4, "l": 3, "coil": null}}}