{"username": "faze_dingerboy", "userid": "fazedingerboy", "registertime": 1595203200, "group": 1, "ratings": {"gen1randombattle": {"elo": 1040, "gxe": 55, "rpr": 1540.1606143388, "rprd": 122.8583080769, "w": 1, "l": 0, "coil": null}, "gen3randombattle": {"elo": 1040, "gxe": 55, "rpr": 1540.1606143388, "rprd": 122.8583080769, "w": 1, "l": 0, "coil": null}, "gen6firstbloodrandombattle": {"elo": 1052.7958300402431, "gxe": 54.9, "rpr": 1539.5513126105036, "rprd": 121.90861751261805, "w": 1, "l": 0, "coil": null}, "gen6tripleschallengecup": {"elo": 1052.21418603655, "gxe": 55.5, "rpr": 1543.7759337267114, "rprd": 122.29452992658379, "w": 1, "l": 0, "coil": null}, "gen7battlefactory": {"elo": 1119.4131171824, "gxe": 54.6, "rpr": 1536.7284258369, "rprd": 129.46482646082, "w": 5, "l": 5, "coil": null}, "gen7randombattle": {"elo": 1255.3185688998938, "gxe": 70.5, "rpr": 1670.3739289501043, "rprd": 94.78262116648065, "w": 15, "l": 7, "coil": null}, "gen81v1": {"elo": 1186.246206826, "gxe": 62.7, "rpr": 1604.7194611517, "rprd": 130, "w": 10, "l": 4, "coil": null}, "gen8battlefactory": {"elo": 1209.8286398955, "gxe": 51.5, "rpr": 1512.697667518, "rprd": 179.40252121588, "w": 49, "l": 47, "coil": null}, "gen8bdsprandombattle": {"elo": 1391.0836154862, "gxe": 63.7, "rpr": 1608.4300208688, "rprd": 82.126178356021, "w": 42, "l": 25, "coil": null}, "gen8bdspuu": {"elo": 1071.7228752651, "gxe": 55.1, "rpr": 1540.7650951147, "rprd": 110.01417156748, "w": 2, "l": 1, "coil": null}, "gen8bssfactory": {"elo": 1030.9834600778, "gxe": 46.9, "rpr": 1475.1543690155, "rprd": 124.2542464115, "w": 1, "l": 2, "coil": null}, "gen8challengecup1v1": {"elo": 1269.1976873373, "gxe": 64.1, "rpr": 1616.3578273563, "rprd": 130, "w": 24, "l": 24, "coil": null}, "gen8crazyhouse": {"elo": 1000, "gxe": 45.4, "rpr": 1463.1545097269, "rprd": 122.65371012049, "w": 0, "l": 1, "coil": null}, "gen8doublesou": {"elo": 1000, "gxe": 44.2, "rpr": 1453.2821743455, "rprd": 121.87894178078, "w": 0, "l": 1, "coil": null}, "gen8hackmonscup": {"elo": 1306.3156338767, "gxe": 61.1, "rpr": 1586.877386419, "rprd": 78.304725435992, "w": 58, "l": 53, "coil": null}, "gen8lc": {"elo": 1040, "gxe": 55, "rpr": 1540.1606143388, "rprd": 122.8583080769, "w": 1, "l": 0, "coil": null}, "gen8metronomebattle": {"elo": 1100.9275399329, "gxe": 54.9, "rpr": 1538.1611996461, "rprd": 91.972001421087, "w": 5, "l": 3, "coil": null}, "gen8monotyperandombattle": {"elo": 1367.3672372343, "gxe": 66, "rpr": 1625.4215837719, "rprd": 42.720211091297, "w": 248, "l": 236, "coil": null}, "gen8ou": {"elo": 1154.7858139986, "gxe": 44.7, "rpr": 1459.2968782472, "rprd": 80.23581779154, "w": 218, "l": 212, "coil": null}, "gen8pu": {"elo": 1102.1457110968, "gxe": 54, "rpr": 1531.0905755184, "rprd": 86.794455870036, "w": 5, "l": 5, "coil": null}, "gen8randombattle": {"elo": 1436.4177951364, "gxe": 76.3, "rpr": 1746.0773496014, "rprd": 171.06782785694, "w": 2142, "l": 2018, "coil": null}, "gen8randombattleblitz": {"elo": 1312.3437620232, "gxe": 61.6, "rpr": 1592.0141388307, "rprd": 92.285634992384, "w": 17, "l": 9, "coil": null}, "gen8randombattlemayhem": {"elo": 1020.450415145, "gxe": 45.2, "rpr": 1461.2629253477, "rprd": 130, "w": 1, "l": 2, "coil": null}, "gen8randomdoublesbattle": {"elo": 1061.9553629782, "gxe": 41.1, "rpr": 1427.5076610604, "rprd": 127.40338647027, "w": 79, "l": 84, "coil": null}, "gen8reevolution": {"elo": 1000, "gxe": 46.3, "rpr": 1470.5850683914, "rprd": 122.85905864982, "w": 0, "l": 1, "coil": null}, "gen8ru": {"elo": 1000, "gxe": 37.5, "rpr": 1398.8134186323, "rprd": 114.39817351581, "w": 0, "l": 3, "coil": null}, "gen8tiershift": {"elo": 1083.9791266543, "gxe": 52.8, "rpr": 1521.9082273693, "rprd": 95.859516505624, "w": 4, "l": 3, "coil": null}, "gen8uu": {"elo": 1295.4833648924, "gxe": 61.7, "rpr": 1604.313330508, "rprd": 206.44041862697, "w": 30, "l": 20, "coil": null}, "gen8vgc2021series9": {"elo": 1007.2966950284, "gxe": 37.2, "rpr": 1397.3021510104, "rprd": 102.16946773119, "w": 1, "l": 4, "coil": null}, "gen91v1factory": {"elo": 1108.8702226709277, "gxe": 51.9, "rpr": 1515.1087562021528, "rprd": 87.05341267610396, "w": 7, "l": 6, "coil": null}, "gen9b6p4randomdoublesbattlebo3": {"elo": 1040, "gxe": 55, "rpr": 1540.1606143390134, "rprd": 122.85830807679145, "w": 1, "l": 0, "coil": null}, "gen9babyrandombattle": {"elo": 1046.4605970298053, "gxe": 55, "rpr": 1540.1606143390134, "rprd": 122.85830807679145, "w": 1, "l": 0, "coil": null}, "gen9battlefactory": {"elo": 1195.3908167784, "gxe": 58.2, "rpr": 1566.6355768909, "rprd": 133.79646621321, "w": 11, "l": 7, "coil": null}, "gen9brokencup": {"elo": 1052.8059274056, "gxe": 43.3, "rpr": 1446.6014614151, "rprd": 112.05065106459, "w": 1, "l": 2, "coil": null}, "gen9championsou": {"elo": 1345.6435796434505, "gxe": 68.3, "rpr": 1647.2635231940671, "rprd": 66.91483555512372, "w": 20, "l": 7, "coil": null}, "gen9championsrandombattle": {"elo": 1135.066159040593, "gxe": 60.1, "rpr": 1577.6441418747565, "rprd": 52.65194748408931, "w": 25, "l": 18, "coil": null}, "gen9computergeneratedteams": {"elo": 1009.5244947915985, "gxe": 39.6, "rpr": 1414.881722300298, "rprd": 130, "w": 1, "l": 3, "coil": null}, "gen9hackmonscup": {"elo": 1085.7757260100407, "gxe": 55.9, "rpr": 1547.9784620174985, "rprd": 130, "w": 2, "l": 1, "coil": null}, "gen9legendszaou": {"elo": 1367.1483885257135, "gxe": 64.7, "rpr": 1615.292016046236, "rprd": 46.258834973284294, "w": 46, "l": 33, "coil": null}, "gen9megainvasionrandombattle": {"elo": 1047.2210843034356, "gxe": 49.6, "rpr": 1496.9354510422756, "rprd": 116.15704994251742, "w": 1, "l": 1, "coil": null}, "gen9monotype": {"elo": 1027.3657241382805, "gxe": 50, "rpr": 1500, "rprd": 116.77753930629355, "w": 1, "l": 1, "coil": 1000}, "gen9monotyperandombattle": {"elo": 1499.9210293723, "gxe": 75.9, "rpr": 1725.8237254497, "rprd": 107.27559198094, "w": 39, "l": 15, "coil": null}, "gen9nationaldexaaa": {"elo": 1034.9392155509872, "gxe": 47.9, "rpr": 1483.6465790418786, "rprd": 115.86837701670927, "w": 1, "l": 1, "coil": null}, "gen9nfe": {"elo": 1029.0450533437554, "gxe": 48.1, "rpr": 1485.1571650150156, "rprd": 118.58707140373865, "w": 1, "l": 1, "coil": null}, "gen9nu": {"elo": 1304.627527922765, "gxe": 69, "rpr": 1652.5385987350583, "rprd": 55.60891939797204, "w": 26, "l": 11, "coil": 2420.7919208311937}, "gen9ou": {"elo": 1503.5713968745767, "gxe": 68.2, "rpr": 1645.8907970861976, "rprd": 58.214848293865266, "w": 198, "l": 168, "coil": null}, "gen9pickyourteamrandombattle": {"elo": 1044.5849307009835, "gxe": 55.1, "rpr": 1540.611345385581, "rprd": 122.66906684763762, "w": 1, "l": 0, "coil": null}, "gen9randombattle": {"elo": 1988.3416736209704, "gxe": 85, "rpr": 1828.103606588493, "rprd": 41.48538398076131, "w": 2232, "l": 1845, "coil": null}, "gen9randombattleblitz": {"elo": 1516.2060206315828, "gxe": 59.2, "rpr": 1572.8942403730873, "rprd": 93.83731414408851, "w": 198, "l": 164, "coil": null}, "gen9randombattlemayhem": {"elo": 1000, "gxe": 38.6, "rpr": 1408.1139374314942, "rprd": 113.66918239673176, "w": 0, "l": 3, "coil": null}, "gen9randombattlesharedpowerb12p6": {"elo": 1393.5281925773934, "gxe": 60.3, "rpr": 1580.7870606507383, "rprd": 82.32187430355724, "w": 179, "l": 156, "coil": null}, "gen9randomdoublesbattle": {"elo": 1072.8453060005163, "gxe": 59, "rpr": 1572.567125829214, "rprd": 116.77753930629355, "w": 2, "l": 0, "coil": null}, "gen9ru": {"elo": 1203.6042741058407, "gxe": 60.4, "rpr": 1581.2516695282422, "rprd": 77.66271481741306, "w": 24, "l": 14, "coil": 2126.395458334413}, "gen9uu": {"elo": 1104.506575378246, "gxe": 53.6, "rpr": 1528.200319940104, "rprd": 110.22974632513747, "w": 6, "l": 4, "coil": null}, "gen9vgc2026regibo3": {"elo": 1050.25712676394, "gxe": 55, "rpr": 1540.1606143390134, "rprd": 122.85830807679145, "w": 1, "l": 0, "coil": null}}}