{"username": "faze dialga", "userid": "fazedialga", "registertime": 1471824000, "group": 1, "ratings": {"anythinggoes": {"elo": 1051.5433030167, "gxe": 34, "rpr": 1371.1858473415, "rprd": 84.816823424431, "w": 5, "l": 9, "coil": null}, "challengecup1v1": {"elo": 1047.7720190119, "gxe": 48.4, "rpr": 1487.6194517524, "rprd": 116.16541323584, "w": 1, "l": 1, "coil": null}, "doublesubers": {"elo": 1034.2107847694, "gxe": 41.7, "rpr": 1434.9049181735, "rprd": 82.198095472987, "w": 5, "l": 9, "coil": null}, "gen1randombattle": {"elo": 1040, "gxe": 55, "rpr": 1540.1606143388, "rprd": 122.8583080769, "w": 1, "l": 0, "coil": null}, "gen6tripleschallengecup": {"elo": 1000, "gxe": 45, "rpr": 1459.8393856609866, "rprd": 122.85830807679145, "w": 0, "l": 1, "coil": null}, "gen7doublesou": {"elo": 1086.275424719, "gxe": 56.7, "rpr": 1553.0651699434, "rprd": 106.26810984766, "w": 3, "l": 1, "coil": null}, "gen7randombattle": {"elo": 1313.8730596877, "gxe": 59.6, "rpr": 1575.075749341, "rprd": 80.837084894257, "w": 28, "l": 17, "coil": null}, "gen7randombattleapexabilities": {"elo": 1356.0085585976065, "gxe": 61.7, "rpr": 1589.6646988031107, "rprd": 32.1414452642631, "w": 79, "l": 65, "coil": null}, "gen7randomdoublesbattle": {"elo": 1303.9096194813, "gxe": 54.5, "rpr": 1534.8429311252, "rprd": 67.517730524328, "w": 39, "l": 32, "coil": null}, "gen7vgc2017": {"elo": 1012.917279381, "gxe": 29.8, "rpr": 1306.2910613165, "rprd": 229.37336686324, "w": 3, "l": 12, "coil": null}, "gen8metronomebattle": {"elo": 1048.5851356916, "gxe": 51.6, "rpr": 1512.6522213333, "rprd": 92.305428766522, "w": 4, "l": 4, "coil": null}, "gen8monotyperandombattle": {"elo": 1329.638933769, "gxe": 68.4, "rpr": 1650.3331769935, "rprd": 89.759603132983, "w": 35, "l": 25, "coil": null}, "gen8ou": {"elo": 1423.6082808748, "gxe": 66.6, "rpr": 1656.8066957626, "rprd": 233.07428372862, "w": 53, "l": 38, "coil": null}, "gen8oublitz": {"elo": 1148.5357825614, "gxe": 54.1, "rpr": 1531.7778500008, "rprd": 69.46742750623, "w": 15, "l": 13, "coil": null}, "gen8randombattle": {"elo": 1399.9009754656, "gxe": 72.8, "rpr": 1698.1433971273, "rprd": 133.1254201931, "w": 305, "l": 269, "coil": null}, "gen8randomdoublesbattle": {"elo": 1499.2464446281, "gxe": 69.4, "rpr": 1678.7546910504, "rprd": 200.68980017038, "w": 80, "l": 63, "coil": null}, "gen9battlefactory": {"elo": 1104.5645906176, "gxe": 49.6, "rpr": 1496.3155506942, "rprd": 148.57454693685, "w": 9, "l": 9, "coil": null}, "gen9challengecup1v1": {"elo": 1048.4288643656143, "gxe": 50.9, "rpr": 1507.3568860908633, "rprd": 115.29361188357548, "w": 1, "l": 1, "coil": null}, "gen9monotyperandombattle": {"elo": 1433.8531429261593, "gxe": 64.5, "rpr": 1613.2007953203863, "rprd": 47.27632844380817, "w": 80, "l": 65, "coil": null}, "gen9pickyourteamrandombattle": {"elo": 1000, "gxe": 45, "rpr": 1459.8393856609866, "rprd": 122.85830807679145, "w": 0, "l": 1, "coil": null}, "gen9randombattle": {"elo": 1556.3282434606963, "gxe": 61.9, "rpr": 1591.4225374451914, "rprd": 27.732404973629645, "w": 476, "l": 416, "coil": null}, "gen9randombattleblitz": {"elo": 1070.102808904164, "gxe": 59, "rpr": 1572.567125829214, "rprd": 116.77753930629355, "w": 2, "l": 0, "coil": null}, "gen9randombattlesharedpowerb12p6": {"elo": 1354.048579922, "gxe": 61.9, "rpr": 1595.3721914034, "rprd": 101.83218861686, "w": 70, "l": 55, "coil": null}, "gen9randomdoublesbattle": {"elo": 1681.6159965318036, "gxe": 69.8, "rpr": 1659.134175793183, "rprd": 47.265413096409496, "w": 307, "l": 269, "coil": null}, "randomdoublesbattle": {"elo": 1179.9115325872, "gxe": 48.2, "rpr": 1486.4967983812, "rprd": 44.450104771411, "w": 77, "l": 90, "coil": null}, "randomtriplesbattle": {"elo": 1047.8216635206, "gxe": 53.6, "rpr": 1528.6422887522, "rprd": 113.51542769286, "w": 2, "l": 1, "coil": null}, "ubers": {"elo": 1265.4468582642, "gxe": 63.7, "rpr": 1608.2759365739, "rprd": 69.939616715882, "w": 21, "l": 7, "coil": null}, "vgc2016": {"elo": 1188.8303306066, "gxe": 38.8, "rpr": 1413.553286868, "rprd": 52.642089261664, "w": 42, "l": 59, "coil": null}}}