{"username": "Fckdis", "userid": "fckdis", "registertime": 1581292800, "group": 1, "ratings": {"gen7ou": {"elo": 1094.2276395337, "gxe": 48.4, "rpr": 1488.0167174489, "rprd": 46.557622194556, "w": 28, "l": 28, "coil": null}, "gen7oublitz": {"elo": 1000, "gxe": 30.6, "rpr": 1339.2977634422, "rprd": 103.10168815214, "w": 0, "l": 5, "coil": null}, "gen7randombattle": {"elo": 1407.3922252865, "gxe": 62.6, "rpr": 1597.0766306884, "rprd": 35.670299601263, "w": 139, "l": 123, "coil": null}, "gen7ru": {"elo": 1268.8944015202, "gxe": 54.5, "rpr": 1539.7205534837, "rprd": 214.63930040087, "w": 48, "l": 49, "coil": null}, "gen7uu": {"elo": 1189.4626812517, "gxe": 54, "rpr": 1536.0754573513, "rprd": 221.1724402216, "w": 14, "l": 11, "coil": null}, "gen8ou": {"elo": 1396.7549172649, "gxe": 59.1, "rpr": 1582.4145833855, "rprd": 218.98420754285, "w": 75, "l": 69, "coil": null}, "gen8oublitz": {"elo": 1119.6620502886, "gxe": 60.2, "rpr": 1581.9932923507, "rprd": 110.21333111397, "w": 5, "l": 2, "coil": null}, "gen8randombattle": {"elo": 1431.1224024315, "gxe": 76.8, "rpr": 1751.7219660356, "rprd": 170.56014722889, "w": 2779, "l": 2601, "coil": null}, "gen8ubers": {"elo": 1047.8358045407, "gxe": 55, "rpr": 1540.1606143388, "rprd": 122.8583080769, "w": 1, "l": 0, "coil": null}, "gen8uu": {"elo": 1052.466679251, "gxe": 47, "rpr": 1476.3703438779, "rprd": 116.32745561266, "w": 1, "l": 1, "coil": null}, "gen9randombattle": {"elo": 2097.208998883102, "gxe": 83.7, "rpr": 1809.0619232566216, "rprd": 29.286539271713913, "w": 2780, "l": 2563, "coil": null}}}