{"username": "fdvdvdvd", "userid": "fdvdvdvd", "registertime": 1716076800, "group": 1, "ratings": {"gen7pokebankdoublesou": {"elo": 1085.4680586358, "gxe": 48.4, "rpr": 1487.289397092, "rprd": 98.454624145657, "w": 3, "l": 3, "coil": null}, "gen8randombattle": {"elo": 1202.7357772375, "gxe": 68.5, "rpr": 1650.649070023, "rprd": 88.156553294437, "w": 8, "l": 1, "coil": null}, "gen9randombattle": {"elo": 1102.9188143688825, "gxe": 45, "rpr": 1462.2919267891014, "rprd": 28.532984059391154, "w": 139, "l": 155, "coil": null}, "gen9randombattleblitz": {"elo": 1000, "gxe": 42.7, "rpr": 1441.4721813881458, "rprd": 122.90782025604906, "w": 0, "l": 1, "coil": null}}}