{"username": "Ferrothornxd", "userid": "ferrothornxd", "registertime": 1459382400, "group": 1, "ratings": {"battlefactory": {"elo": 1149.4907597263, "gxe": 66.5, "rpr": 1636.7753712457, "rprd": 124.33271700557, "w": 5, "l": 0, "coil": null}, "gen7battlefactory": {"elo": 1044.312503401, "gxe": 55, "rpr": 1540.1606143388, "rprd": 122.8583080769, "w": 1, "l": 0, "coil": null}, "gen7bssfactory": {"elo": 1046.0622450897, "gxe": 56.4, "rpr": 1551.7734014201, "rprd": 122.91309145894, "w": 1, "l": 0, "coil": null}, "gen7challengecup1v1": {"elo": 1232.2054623005, "gxe": 56, "rpr": 1546.4395282299, "rprd": 70.553094824883, "w": 17, "l": 12, "coil": null}, "gen7hackmonscup": {"elo": 1263.043345508, "gxe": 74.4, "rpr": 1712.7186445089, "rprd": 122.86965117588, "w": 17, "l": 8, "coil": null}, "gen7randombattle": {"elo": 1492.0137923259, "gxe": 70.9, "rpr": 1667.4849829671, "rprd": 25, "w": 1674, "l": 1599, "coil": null}, "gen7randomdoublesbattle": {"elo": 1173.7008784755, "gxe": 63, "rpr": 1606.0269856477, "rprd": 122.70836233835, "w": 9, "l": 5, "coil": null}, "gen8hackmonscup": {"elo": 1040, "gxe": 54.3, "rpr": 1534.1933379594, "rprd": 122.1034329734, "w": 1, "l": 0, "coil": null}, "gen8randombattle": {"elo": 1395.537352041, "gxe": 61.9, "rpr": 1608.0285029386, "rprd": 218.1133481997, "w": 1247, "l": 1195, "coil": null}, "gen8randomdoublesbattle": {"elo": 1061.678105672, "gxe": 52.9, "rpr": 1522.7634669755, "rprd": 113.56328672257, "w": 2, "l": 1, "coil": null}, "gen9randombattle": {"elo": 1393.358386918561, "gxe": 58.1, "rpr": 1561.961946816368, "rprd": 34.58202752067741, "w": 2002, "l": 1992, "coil": null}, "gen9randomdoublesbattle": {"elo": 1077.3912548566163, "gxe": 53.1, "rpr": 1524.8183728417202, "rprd": 111.44571181715297, "w": 3, "l": 2, "coil": null}, "hackmonscup": {"elo": 1037.0962033856, "gxe": 50, "rpr": 1500.291577507, "rprd": 115.99597514231, "w": 1, "l": 1, "coil": null}, "randomdoublesbattle": {"elo": 1159.064731584, "gxe": 55.2, "rpr": 1540.3942995323, "rprd": 69.31748321168, "w": 16, "l": 12, "coil": null}, "seasonalfireworksfrenzy": {"elo": 1000, "gxe": 45.4, "rpr": 1463.2568925441, "rprd": 122.66964902321, "w": 0, "l": 1, "coil": null}, "seasonaljunejubileerevenge": {"elo": 1079.1123530844, "gxe": 58.9, "rpr": 1570.5456330901, "rprd": 106.93969633732, "w": 3, "l": 1, "coil": null}, "seasonalsuperstaffbrosmelee": {"elo": 1116.1568334193, "gxe": 60.1, "rpr": 1579.5538197668, "rprd": 87.773155285847, "w": 7, "l": 3, "coil": null}}}