{"username": "festywesty", "userid": "festywesty", "registertime": 1614211200, "group": 1, "ratings": {"gen1randombattle": {"elo": 1050.2443783243846, "gxe": 36, "rpr": 1384.110697114638, "rprd": 130, "w": 2, "l": 8, "coil": null}, "gen5randombattle": {"elo": 1000, "gxe": 44.1, "rpr": 1452.9176168864, "rprd": 122.31675003616, "w": 0, "l": 1, "coil": null}, "gen6randombattle": {"elo": 1000, "gxe": 37.3, "rpr": 1396.8294983777, "rprd": 119.3575802438, "w": 0, "l": 3, "coil": null}, "gen7anythinggoes": {"elo": 1035.852501163, "gxe": 49.6, "rpr": 1496.989720767, "rprd": 116.11012219786, "w": 1, "l": 1, "coil": null}, "gen7battlefactory": {"elo": 1000, "gxe": 38.4, "rpr": 1404.7316876107327, "rprd": 130, "w": 0, "l": 2, "coil": null}, "gen7ou": {"elo": 1054.6448841852, "gxe": 40.9, "rpr": 1428.2548268896, "rprd": 93.168206083014, "w": 3, "l": 5, "coil": null}, "gen7randombattle": {"elo": 1068.0099320555514, "gxe": 44.4, "rpr": 1454.6026432543326, "rprd": 130, "w": 5, "l": 5, "coil": null}, "gen8anythinggoes": {"elo": 1135.5231844116, "gxe": 49.2, "rpr": 1493.700935424, "rprd": 66.330891769793, "w": 14, "l": 12, "coil": null}, "gen8camomons": {"elo": 1000, "gxe": 45.6, "rpr": 1464.6129928433, "rprd": 122.20619990706, "w": 0, "l": 1, "coil": null}, "gen8challengecup1v1": {"elo": 1052.019013323, "gxe": 50.1, "rpr": 1500.5187781835, "rprd": 116.64327886299, "w": 1, "l": 1, "coil": null}, "gen8doublesou": {"elo": 1000, "gxe": 43.2, "rpr": 1445.7050653899, "rprd": 122.47529964624, "w": 0, "l": 1, "coil": null}, "gen8hackmonscup": {"elo": 1046.5112587517, "gxe": 55.3, "rpr": 1542.6083104607, "rprd": 121.97110672088, "w": 1, "l": 0, "coil": null}, "gen8joltemonsrandombattle": {"elo": 1041.2921540561, "gxe": 55.6, "rpr": 1544.6378209882, "rprd": 122.88432409659, "w": 1, "l": 0, "coil": null}, "gen8megasforall": {"elo": 1000, "gxe": 45, "rpr": 1459.8393856612, "rprd": 122.8583080769, "w": 0, "l": 1, "coil": null}, "gen8monotyperandombattle": {"elo": 1000, "gxe": 40.9, "rpr": 1427.2093424124, "rprd": 117.15305015553, "w": 0, "l": 2, "coil": null}, "gen8ou": {"elo": 1023.1792539567, "gxe": 34.9, "rpr": 1377.1843229654, "rprd": 104.06704809644, "w": 1, "l": 4, "coil": null}, "gen8oublitz": {"elo": 1000, "gxe": 44, "rpr": 1451.762100297, "rprd": 122.90160848129, "w": 0, "l": 1, "coil": null}, "gen8randombattle": {"elo": 1050.2317736266, "gxe": 35.6, "rpr": 1387.8478361473, "rprd": 43.833869308968, "w": 84, "l": 139, "coil": null}, "gen8randombattleblitz": {"elo": 1036.5252850661, "gxe": 42.1, "rpr": 1436.9973689689, "rprd": 111.76021862025, "w": 1, "l": 3, "coil": null}, "gen8randomdoublesbattle": {"elo": 1026.3504452003, "gxe": 26.2, "rpr": 1293.4068554873, "rprd": 120.69567708304, "w": 4, "l": 12, "coil": null}, "gen8ubers": {"elo": 1032.5944094599, "gxe": 40.1, "rpr": 1408.9712117409, "rprd": 229.52981999816, "w": 3, "l": 7, "coil": null}, "gen9anythinggoes": {"elo": 1135.4146865376515, "gxe": 45, "rpr": 1461.9479808766855, "rprd": 59.115592488929565, "w": 46, "l": 43, "coil": null}, "gen9doublesubers": {"elo": 1117.3797514675314, "gxe": 47.9, "rpr": 1483.3348516094823, "rprd": 93.18649589288795, "w": 17, "l": 15, "coil": null}, "gen9fusionevolutionrandombattle": {"elo": 1053.203541398, "gxe": 56.1, "rpr": 1549.0467168232, "rprd": 125.90422398507, "w": 1, "l": 0, "coil": null}, "gen9ou": {"elo": 1049.7570026833685, "gxe": 31.4, "rpr": 1347.0828217213152, "rprd": 98.78642674898832, "w": 5, "l": 10, "coil": null}, "gen9randombattle": {"elo": 1070.0449876379262, "gxe": 40.9, "rpr": 1429.6925497976822, "rprd": 53.11917523988447, "w": 128, "l": 167, "coil": null}, "gen9randomdoublesbattle": {"elo": 1043.3047545874824, "gxe": 42.3, "rpr": 1437.9346210774868, "rprd": 130, "w": 2, "l": 3, "coil": null}, "gen9ubers": {"elo": 1130.7343090067804, "gxe": 59.3, "rpr": 1573.447657928035, "rprd": 98.54072931337865, "w": 5, "l": 2, "coil": null}}}