{"username": "fetchy123", "userid": "fetchy123", "registertime": 1539129600, "group": 1, "ratings": {"gen3randombattle": {"elo": 1063.7797088469035, "gxe": 54.1, "rpr": 1532.1707942433798, "rprd": 109.71124868256932, "w": 2, "l": 1, "coil": null}, "gen4randombattle": {"elo": 1000, "gxe": 43, "rpr": 1443.5152359227138, "rprd": 122.7850358006416, "w": 0, "l": 1, "coil": null}, "gen5randombattle": {"elo": 1051.3016702156362, "gxe": 55.7, "rpr": 1545.8335155656462, "rprd": 121.9044479424916, "w": 1, "l": 0, "coil": null}, "gen6randombattle": {"elo": 1248.5251667181833, "gxe": 65.1, "rpr": 1620.4702826064643, "rprd": 80.69396740922004, "w": 10, "l": 3, "coil": null}, "gen7randombattle": {"elo": 1219.5193465202, "gxe": 49.6, "rpr": 1496.751511821, "rprd": 52.2808738767, "w": 132, "l": 129, "coil": null}, "gen7randomdoublesbattle": {"elo": 1000, "gxe": 45, "rpr": 1459.8393856612, "rprd": 122.8583080769, "w": 0, "l": 1, "coil": null}, "gen8randombattle": {"elo": 1211.0928825122, "gxe": 49.8, "rpr": 1498.1253868598, "rprd": 83.810774651589, "w": 131, "l": 125, "coil": null}, "gen9computergeneratedteams": {"elo": 1000, "gxe": 45, "rpr": 1459.8393856609866, "rprd": 122.85830807679145, "w": 0, "l": 1, "coil": null}, "gen9hackmonscup": {"elo": 1163.3662726749576, "gxe": 66.3, "rpr": 1633.0740726762187, "rprd": 102.8559215193676, "w": 5, "l": 0, "coil": null}, "gen9randombattle": {"elo": 1744.5160837035603, "gxe": 77.7, "rpr": 1735.7869544850453, "rprd": 28.9144482484647, "w": 1494, "l": 1359, "coil": null}, "gen9randombattleblitz": {"elo": 1046.9857382493312, "gxe": 54.4, "rpr": 1535.003450773308, "rprd": 122.06906287828565, "w": 1, "l": 0, "coil": null}, "gen9superstaffbrosultimate": {"elo": 1000, "gxe": 45, "rpr": 1459.8393856609866, "rprd": 122.85830807679145, "w": 0, "l": 1, "coil": null}}}