{"username": "Fettyw0p", "userid": "fettyw0p", "registertime": 1724889600, "group": 1, "ratings": {"gen9anythinggoes": {"elo": 1197.4988612697505, "gxe": 60.5, "rpr": 1582.6159780126466, "rprd": 84.04728845811805, "w": 14, "l": 6, "coil": null}, "gen9randombattle": {"elo": 1214.9334101955953, "gxe": 50.4, "rpr": 1502.7541539272052, "rprd": 50.17572989893305, "w": 61, "l": 56, "coil": null}}}