{"username": "ffgvdrt", "userid": "ffgvdrt", "registertime": 0, "group": 0, "ratings": {"gen9randombattle": {"elo": 1096.3748158277551, "gxe": 49.9, "rpr": 1498.9735470264948, "rprd": 82.94252238548488, "w": 7, "l": 5, "coil": null}}}