{"username": "fg00tty", "userid": "fg00tty", "registertime": 0, "group": 0, "ratings": {"gen9randombattle": {"elo": 1000, "gxe": 37.7, "rpr": 1400.7324649162529, "rprd": 111.51861011315509, "w": 0, "l": 3, "coil": null}}}