{"username": "fgjkjyffvbkk", "userid": "fgjkjyffvbkk", "registertime": 0, "group": 0, "ratings": {"gen9randombattle": {"elo": 1176.7443654023198, "gxe": 46.7, "rpr": 1474.7365882974593, "rprd": 71.166449381098, "w": 10, "l": 9, "coil": null}}}