{"username": "fick runk", "userid": "fickrunk", "registertime": 1748476800, "group": 1, "ratings": {"gen9randombattle": {"elo": 1938.4051262890362, "gxe": 82.5, "rpr": 1791.6105960815312, "rprd": 25.25235727342225, "w": 1868, "l": 1737, "coil": null}, "gen9randombattleblitz": {"elo": 1657.50976113913, "gxe": 67.4, "rpr": 1637.1014836766678, "rprd": 39.27210583484737, "w": 397, "l": 372, "coil": null}}}