{"username": "fiesta899", "userid": "fiesta899", "registertime": 1682294400, "group": 1, "ratings": {"gen3randombattle": {"elo": 1381.8246664813532, "gxe": 66.8, "rpr": 1635.1511772620552, "rprd": 78.65906156938749, "w": 45, "l": 32, "coil": null}, "gen9babyrandombattle": {"elo": 1143.8032685992428, "gxe": 60.1, "rpr": 1582.000756845844, "rprd": 123.08138349011841, "w": 16, "l": 13, "coil": null}, "gen9challengecup1v1": {"elo": 1060.814221383179, "gxe": 52.1, "rpr": 1517.1750014033103, "rprd": 123.0470745694344, "w": 2, "l": 1, "coil": null}, "gen9championsrandombattle": {"elo": 1111.699957690384, "gxe": 61.7, "rpr": 1594.2821697353056, "rprd": 110.90413517102355, "w": 3, "l": 0, "coil": null}, "gen9monotyperandombattle": {"elo": 1245.2798876668635, "gxe": 64.9, "rpr": 1621.3548527403068, "rprd": 113.22449903917415, "w": 45, "l": 37, "coil": null}, "gen9randombattle": {"elo": 1623.1932108546719, "gxe": 78.4, "rpr": 1745.3530944435547, "rprd": 58.71142396381043, "w": 533, "l": 399, "coil": null}, "gen9randombattlesharedpowerb12p6": {"elo": 1434.0938682308163, "gxe": 63.1, "rpr": 1601.514831245641, "rprd": 46.42584134285467, "w": 111, "l": 93, "coil": null}, "gen9randomdoublesbattle": {"elo": 1045.7631827689338, "gxe": 53.7, "rpr": 1529.829467843627, "rprd": 122.51144755034362, "w": 1, "l": 0, "coil": null}}}