{"username": "FiggyNoLuck", "userid": "figgynoluck", "registertime": 1748476800, "group": 1, "ratings": {"gen5pokebilitiesrandombattle": {"elo": 1070.400004603007, "gxe": 57, "rpr": 1555.3713994543339, "rprd": 111.6152397652182, "w": 2, "l": 1, "coil": null}, "gen7randombattle": {"elo": 1539.1104491672, "gxe": 76.7, "rpr": 1728.1442257374, "rprd": 65.89067123434, "w": 138, "l": 103, "coil": null}, "gen9350cup": {"elo": 1000, "gxe": 37, "rpr": 1395.0015159113614, "rprd": 111.92939555803173, "w": 0, "l": 3, "coil": null}, "gen9alphabetcup": {"elo": 1231.0052659842272, "gxe": 56.6, "rpr": 1552.1610899340415, "rprd": 106.18380943116291, "w": 31, "l": 22, "coil": null}, "gen9badnboosted": {"elo": 1198.3963060529, "gxe": 64.7, "rpr": 1614.8760955689, "rprd": 38.937481796351, "w": 75, "l": 48, "coil": null}, "gen9ccapm2025randombattle": {"elo": 1000, "gxe": 46.2, "rpr": 1469.6764549317277, "rprd": 122.88060191865337, "w": 0, "l": 1, "coil": null}, "gen9chatbats": {"elo": 1048.3960157987701, "gxe": 54.8, "rpr": 1538.3514410115692, "rprd": 122.65222841732479, "w": 1, "l": 0, "coil": null}, "gen9convergence": {"elo": 1042.7104246508, "gxe": 43.6, "rpr": 1448.1503488308, "rprd": 129.12629538055, "w": 3, "l": 4, "coil": null}, "gen9crossevolution": {"elo": 1056.8198849023706, "gxe": 54.7, "rpr": 1537.5134543776944, "rprd": 122.88721825526167, "w": 1, "l": 0, "coil": null}, "gen9flipped": {"elo": 1000, "gxe": 42.3, "rpr": 1438.01849681643, "rprd": 116.61635430010436, "w": 0, "l": 2, "coil": null}, "gen9forceofthefallenrandomroulette": {"elo": 1090.7432975462273, "gxe": 60, "rpr": 1580.8427991975047, "rprd": 116.0637994894227, "w": 2, "l": 0, "coil": null}, "gen9fullpotential": {"elo": 1012.654098954914, "gxe": 34.6, "rpr": 1376.4263605494198, "rprd": 90.29370274755097, "w": 2, "l": 7, "coil": null}, "gen9godlygift": {"elo": 1000, "gxe": 45.5, "rpr": 1463.828074613777, "rprd": 122.56772626352058, "w": 0, "l": 1, "coil": null}, "gen9godlygiftrandombattle": {"elo": 1240.1152797968, "gxe": 72.7, "rpr": 1686.4958187145, "rprd": 51.885014237885, "w": 57, "l": 23, "coil": null}, "gen9inheritance": {"elo": 1083.114257237774, "gxe": 48.4, "rpr": 1487.668378846295, "rprd": 104.5947655199629, "w": 4, "l": 4, "coil": 1627.9754599311914}, "gen9megainvasionrandombattle": {"elo": 1453.8629228764, "gxe": 71.1, "rpr": 1670.622084851, "rprd": 37.314004125711, "w": 145, "l": 94, "coil": null}, "gen9mixandmega": {"elo": 1063.7997670607338, "gxe": 53.1, "rpr": 1524.3289078063565, "rprd": 110.48649968960149, "w": 2, "l": 1, "coil": null}, "gen9monotyperandombattle": {"elo": 1380.638354294231, "gxe": 67.1, "rpr": 1636.607242792994, "rprd": 69.50453755703617, "w": 118, "l": 98, "coil": null}, "gen9pokebilities": {"elo": 1014.3777935268142, "gxe": 32.8, "rpr": 1361.2628653186284, "rprd": 83.3615640659806, "w": 4, "l": 11, "coil": null}, "gen9pokebilitiesaaa": {"elo": 1197.2176714235075, "gxe": 60.4, "rpr": 1581.5088319323017, "rprd": 87.36698408132668, "w": 9, "l": 2, "coil": null}, "gen9randombattle": {"elo": 2028.4591772581505, "gxe": 82.7, "rpr": 1795.5767915942288, "rprd": 28.294458998391455, "w": 569, "l": 489, "coil": null}, "gen9randombattlemayhem": {"elo": 1287.8192089413, "gxe": 66.2, "rpr": 1627.9475813706, "rprd": 54.219052121645, "w": 152, "l": 152, "coil": null}, "gen9randombattlesharedpowerb12p6": {"elo": 1080.1967710602094, "gxe": 56.6, "rpr": 1552.485561083925, "rprd": 117.39347962746382, "w": 2, "l": 0, "coil": null}, "gen9randomroulette": {"elo": 1119.8059697744118, "gxe": 65.4, "rpr": 1626.3220814680813, "rprd": 115.47962801961648, "w": 3, "l": 0, "coil": null}, "gen9regenerationrandombattle": {"elo": 1131.9764848994, "gxe": 59.1, "rpr": 1571.1768581243, "rprd": 87.858113389992, "w": 8, "l": 5, "coil": null}, "gen9sketchmons": {"elo": 1123.8208602214, "gxe": 45.3, "rpr": 1463.9179919609, "rprd": 46.272780594129, "w": 32, "l": 38, "coil": null}, "gen9superstaffbrosultimate": {"elo": 1148.489371040849, "gxe": 61.9, "rpr": 1596.3817449584558, "rprd": 116.22868338171628, "w": 6, "l": 4, "coil": null}, "gen9tiershift": {"elo": 1308.0792585756, "gxe": 64.5, "rpr": 1616.1062046711, "rprd": 92.283054605565, "w": 86, "l": 57, "coil": null}, "gen9voltturnmayhem": {"elo": 1036.839118114302, "gxe": 51.4, "rpr": 1511.1806532505686, "rprd": 118.49941674851605, "w": 1, "l": 1, "coil": null}, "gen9woomodrandombattle": {"elo": 1049.4906344224, "gxe": 55, "rpr": 1540.1606143388, "rprd": 130.08579687442, "w": 1, "l": 0, "coil": null}}}