{"username": "FigueEte", "userid": "figueete", "registertime": 1777852800, "group": 1, "ratings": {"gen9randombattle": {"elo": 1049.5936523937619, "gxe": 24.3, "rpr": 1285.5728263781116, "rprd": 27.128032626873352, "w": 225, "l": 608, "coil": null}}}