{"username": "Flamingtiger56", "userid": "flamingtiger56", "registertime": 1628467200, "group": 1, "ratings": {"gen1randombattle": {"elo": 1131.7021388215817, "gxe": 54.6, "rpr": 1535.7199854531327, "rprd": 76.5389696244352, "w": 78, "l": 78, "coil": null}, "gen2randombattle": {"elo": 1024.3255028864, "gxe": 49.5, "rpr": 1495.8951375904, "rprd": 116.39672649105, "w": 1, "l": 1, "coil": null}, "gen3ou": {"elo": 1068.2070643602, "gxe": 47, "rpr": 1476.2026530794, "rprd": 107.62615541831, "w": 2, "l": 2, "coil": null}, "gen3randombattle": {"elo": 1177.6264615358, "gxe": 64.4, "rpr": 1614.5340710786, "rprd": 85.040993250832, "w": 10, "l": 5, "coil": null}, "gen4ou": {"elo": 1000, "gxe": 45, "rpr": 1459.8393856612, "rprd": 122.8583080769, "w": 0, "l": 1, "coil": null}, "gen4randombattle": {"elo": 1000, "gxe": 38.8, "rpr": 1408.078196389, "rprd": 130, "w": 0, "l": 2, "coil": null}, "gen5randombattle": {"elo": 1300.7371226852, "gxe": 66.9, "rpr": 1638.0190581886, "rprd": 103.60320725725, "w": 20, "l": 11, "coil": null}, "gen6randombattle": {"elo": 1499.9915255092, "gxe": 80.1, "rpr": 1769.4641976349, "rprd": 81.923552665767, "w": 70, "l": 44, "coil": null}, "gen7battlefactory": {"elo": 1142.3884072346, "gxe": 58, "rpr": 1571.7946873076, "rprd": 215.5747991816, "w": 11, "l": 8, "coil": null}, "gen7doublesou": {"elo": 1041.9158192177, "gxe": 51.1, "rpr": 1508.787753991, "rprd": 116.44502223727, "w": 1, "l": 1, "coil": null}, "gen7monotypebattlefactory": {"elo": 1061.0937963545, "gxe": 52.8, "rpr": 1522.2767047531, "rprd": 130, "w": 2, "l": 2, "coil": null}, "gen7ou": {"elo": 1288.3939156762, "gxe": 65.1, "rpr": 1620.5944824051, "rprd": 84.497869052809, "w": 19, "l": 10, "coil": null}, "gen7randombattle": {"elo": 1351.6408027045447, "gxe": 58.6, "rpr": 1568.5123970002064, "rprd": 115.11461944554534, "w": 183, "l": 164, "coil": null}, "gen7ubers": {"elo": 1137.9551963391, "gxe": 64.3, "rpr": 1615.9807474237, "rprd": 106.28166438437, "w": 4, "l": 0, "coil": null}, "gen7vgc2018": {"elo": 1183.2050731377, "gxe": 56, "rpr": 1547.5107786763, "rprd": 105.85875577555, "w": 12, "l": 9, "coil": null}, "gen8anythinggoes": {"elo": 1206.2882149184, "gxe": 66.5, "rpr": 1633.3981372515, "rprd": 89.59573174051, "w": 8, "l": 1, "coil": null}, "gen8battlefactory": {"elo": 1040, "gxe": 55, "rpr": 1540.1606143388, "rprd": 122.8583080769, "w": 1, "l": 0, "coil": null}, "gen8battlestadiumsingles": {"elo": 1000, "gxe": 44.8, "rpr": 1458.09180769, "rprd": 121.80457113123, "w": 0, "l": 1, "coil": null}, "gen8bdspdoublesou": {"elo": 1074.5356070856, "gxe": 54.5, "rpr": 1535.5654469422, "rprd": 110.91608890257, "w": 2, "l": 1, "coil": null}, "gen8bdspou": {"elo": 1175.1836910935, "gxe": 55.6, "rpr": 1550.1361587587, "rprd": 216.68926825219, "w": 18, "l": 11, "coil": null}, "gen8bdsprandombattle": {"elo": 1291.3349565535, "gxe": 53.9, "rpr": 1530.7756687791, "rprd": 96.288502477886, "w": 109, "l": 104, "coil": null}, "gen8bdspubers": {"elo": 1127.8084230097, "gxe": 59.6, "rpr": 1575.8354905157, "rprd": 100.00128863761, "w": 6, "l": 3, "coil": null}, "gen8bssfactory": {"elo": 1073.3289282674, "gxe": 53.8, "rpr": 1529.7046425877, "rprd": 97.736365069158, "w": 4, "l": 3, "coil": null}, "gen8challengecup1v1": {"elo": 1055.3378733889, "gxe": 47.5, "rpr": 1480.1534194518, "rprd": 101.8407561006, "w": 2, "l": 3, "coil": null}, "gen8doublesou": {"elo": 1142.5684853907, "gxe": 56.8, "rpr": 1561.3026381639, "rprd": 225.7752802569, "w": 11, "l": 6, "coil": null}, "gen8doublesuu": {"elo": 1071.1851621223, "gxe": 52.1, "rpr": 1516.3980402549, "rprd": 107.14576034154, "w": 2, "l": 2, "coil": null}, "gen8hackmonscup": {"elo": 1044.5520819112, "gxe": 46.5, "rpr": 1471.866229005, "rprd": 113.85495146032, "w": 1, "l": 2, "coil": null}, "gen8lc": {"elo": 1049.072084856, "gxe": 44.6, "rpr": 1456.4573527298, "rprd": 130, "w": 2, "l": 4, "coil": null}, "gen8monotype": {"elo": 1105.9954852543, "gxe": 56.8, "rpr": 1553.881123227, "rprd": 98.279292514779, "w": 4, "l": 2, "coil": null}, "gen8monotyperandombattle": {"elo": 1331.2603895258, "gxe": 61.7, "rpr": 1592.2585455463, "rprd": 81.812366377093, "w": 126, "l": 112, "coil": null}, "gen8nationaldexag": {"elo": 1269.0399671564, "gxe": 51.1, "rpr": 1508.4626302931, "rprd": 90.160283069314, "w": 52, "l": 39, "coil": null}, "gen8nationaldexuu": {"elo": 1073.5012386323, "gxe": 48.3, "rpr": 1484.4705045593, "rprd": 231.16640496015, "w": 4, "l": 4, "coil": null}, "gen8nu": {"elo": 1083.7778518129, "gxe": 54, "rpr": 1531.8424163871, "rprd": 111.158931328, "w": 2, "l": 1, "coil": null}, "gen8ou": {"elo": 1325.7180832899, "gxe": 57.3, "rpr": 1557.6738174311, "rprd": 95.886333065212, "w": 51, "l": 44, "coil": null}, "gen8oublitz": {"elo": 1000, "gxe": 41.4, "rpr": 1431.2353226689, "rprd": 116.96966528764, "w": 0, "l": 2, "coil": null}, "gen8pu": {"elo": 1037.7983256096, "gxe": 35.1, "rpr": 1377.6985778362, "rprd": 114.89550362004, "w": 4, "l": 7, "coil": null}, "gen8randombattle": {"elo": 1399.6782496149, "gxe": 63.5, "rpr": 1621.868958434, "rprd": 210.2105923846, "w": 1253, "l": 1227, "coil": null}, "gen8randombattleblitz": {"elo": 1166.2331566943, "gxe": 59.3, "rpr": 1572.5389321076, "rprd": 78.13166754414, "w": 12, "l": 8, "coil": null}, "gen8randomdoublesbattle": {"elo": 1499.3334725907, "gxe": 72.6, "rpr": 1705.5846824308, "rprd": 175.58752648673, "w": 121, "l": 94, "coil": null}, "gen8ru": {"elo": 1228.6719784315, "gxe": 61.2, "rpr": 1602.1645234211, "rprd": 222.90966608775, "w": 32, "l": 24, "coil": null}, "gen8superstaffbros4": {"elo": 1103.3027600807, "gxe": 62.5, "rpr": 1601.0463064885, "rprd": 114.36184121964, "w": 3, "l": 0, "coil": null}, "gen8ubers": {"elo": 1174.4355549879, "gxe": 41.6, "rpr": 1424.2523165283, "rprd": 222.18570624976, "w": 35, "l": 60, "coil": null}, "gen8uu": {"elo": 1050.2401001201, "gxe": 36.8, "rpr": 1393.7827083933, "rprd": 104.97791714711, "w": 5, "l": 9, "coil": null}, "gen8vgc2021series10": {"elo": 1082.1134388983, "gxe": 41.1, "rpr": 1431.0603100567, "rprd": 70.931774981071, "w": 9, "l": 11, "coil": null}, "gen8vgc2022": {"elo": 1266.19653135, "gxe": 49.1, "rpr": 1492.0994915905, "rprd": 222.60206090743, "w": 73, "l": 81, "coil": null}, "gen8zu": {"elo": 1068.951046356, "gxe": 54.9, "rpr": 1538.4582237951, "rprd": 103.83187827636, "w": 3, "l": 2, "coil": null}, "gen9babyrandombattle": {"elo": 1083.8307835495336, "gxe": 60, "rpr": 1580.1311540802337, "rprd": 115.71544014600823, "w": 2, "l": 0, "coil": null}, "gen9metronomebattle": {"elo": 1081.5792743506445, "gxe": 54.5, "rpr": 1535.2036280719685, "rprd": 101.66292501577422, "w": 3, "l": 2, "coil": null}, "gen9monkeyspawrandombattle": {"elo": 1096.4168387775844, "gxe": 58.3, "rpr": 1564.955604753274, "rprd": 90.20945193870841, "w": 6, "l": 3, "coil": null}, "gen9monotype": {"elo": 1059.8925736728777, "gxe": 53.4, "rpr": 1527.209741354902, "rprd": 111.2217357811285, "w": 2, "l": 1, "coil": 1345.5956812877246}, "gen9monotyperandombattle": {"elo": 1000, "gxe": 44.4, "rpr": 1454.8743464134434, "rprd": 121.96863308013268, "w": 0, "l": 1, "coil": null}, "gen9nu": {"elo": 1086.2565068867546, "gxe": 50.2, "rpr": 1501.7222527669614, "rprd": 105.77155216356742, "w": 3, "l": 3, "coil": 894.4623130129006}, "gen9ou": {"elo": 1243.262128127543, "gxe": 45.9, "rpr": 1468.4395636201914, "rprd": 82.17946242032416, "w": 52, "l": 46, "coil": null}, "gen9partnersincrimerandombattle": {"elo": 1076.7396609666127, "gxe": 57.7, "rpr": 1561.2064844885876, "rprd": 106.00549910672143, "w": 3, "l": 1, "coil": null}, "gen9randombattle": {"elo": 1550.8390441058446, "gxe": 69.2, "rpr": 1652.7402721027734, "rprd": 25.46834949327388, "w": 5677, "l": 5481, "coil": null}, "gen9randombattleblitz": {"elo": 1318.9305139716332, "gxe": 64.7, "rpr": 1617.334281187961, "rprd": 82.89227576185242, "w": 15, "l": 6, "coil": null}, "gen9randomdoublesbattle": {"elo": 1615.2574107909338, "gxe": 73.5, "rpr": 1698.3174886551328, "rprd": 87.84398702557779, "w": 133, "l": 91, "coil": null}, "gen9ru": {"elo": 1029.5752052773323,