{"username": "flooocki", "userid": "flooocki", "registertime": 1743292800, "group": 1, "ratings": {"gen3ou": {"elo": 1217.2197282710108, "gxe": 48.3, "rpr": 1486.5165407271593, "rprd": 78.41593002433467, "w": 25, "l": 20, "coil": null}, "gen3randombattle": {"elo": 1058.235260647376, "gxe": 45.8, "rpr": 1466.910821638751, "rprd": 111.51861011315509, "w": 1, "l": 2, "coil": null}, "gen6ou": {"elo": 1116.6735606764248, "gxe": 53.2, "rpr": 1525.2202531446762, "rprd": 117.135012566815, "w": 3, "l": 3, "coil": null}, "gen6randombattle": {"elo": 1113.6601965824573, "gxe": 51.5, "rpr": 1511.3021616503966, "rprd": 90.06498406916273, "w": 5, "l": 4, "coil": null}, "gen9championsou": {"elo": 1000, "gxe": 45, "rpr": 1459.8393856609866, "rprd": 122.85830807679145, "w": 0, "l": 1, "coil": null}, "gen9championsrandombattle": {"elo": 1289.1937100593, "gxe": 69.5, "rpr": 1658.5953410529, "rprd": 74.343500367619, "w": 13, "l": 4, "coil": null}, "gen9doublesubers": {"elo": 1026.1294010092413, "gxe": 47.8, "rpr": 1482.4513466380315, "rprd": 117.6442877311422, "w": 1, "l": 1, "coil": null}, "gen9lc": {"elo": 1000, "gxe": 45.1, "rpr": 1460.944591626344, "rprd": 122.60106048867227, "w": 0, "l": 1, "coil": null}, "gen9monotyperandombattle": {"elo": 1612.8158433386, "gxe": 77.4, "rpr": 1733.0238558324, "rprd": 37.276266506752, "w": 92, "l": 44, "coil": null}, "gen9randombattle": {"elo": 1813.03862489316, "gxe": 78.3, "rpr": 1742.2645006463233, "rprd": 38.096643877974216, "w": 2172, "l": 2051, "coil": null}, "gen9randombattleblitz": {"elo": 1101.0772631584157, "gxe": 61.4, "rpr": 1592.46467869378, "rprd": 117.72764408371638, "w": 3, "l": 0, "coil": null}, "gen9randomdoublesbattle": {"elo": 1882.0810867983, "gxe": 75.3, "rpr": 1710.2186775312, "rprd": 29.119498716143, "w": 594, "l": 532, "coil": null}, "gen9vgc2025regj": {"elo": 1072.7207665023275, "gxe": 47.9, "rpr": 1484.3547135957751, "rprd": 47.16116718964985, "w": 29, "l": 27, "coil": null}, "gen9vgc2026regf": {"elo": 1028.2709038220783, "gxe": 38.3, "rpr": 1406.6926115279798, "rprd": 97.94275590176694, "w": 2, "l": 4, "coil": null}, "gen9vgc2026regibo3": {"elo": 1000, "gxe": 46.6, "rpr": 1472.7601948181295, "rprd": 123.08195946344634, "w": 0, "l": 1, "coil": null}}}