{"username": "forsherlock", "userid": "forsherlock", "registertime": 0, "group": 0, "ratings": {"gen9randombattle": {"elo": 2042.7845850671881, "gxe": 86, "rpr": 1843.6237298533165, "rprd": 35.32871505974605, "w": 204, "l": 130, "coil": null}}}