{"username": "fosdfo", "userid": "fosdfo", "registertime": 1629244800, "group": 1, "ratings": {"gen4ou": {"elo": 1265.1872615913, "gxe": 61.5, "rpr": 1588.5893849921, "rprd": 40.5055758467, "w": 84, "l": 64, "coil": null}, "gen5ou": {"elo": 1417.5488964848, "gxe": 72.5, "rpr": 1701.8202323665, "rprd": 162.48679562998, "w": 161, "l": 97, "coil": null}, "gen6ou": {"elo": 1409.8675560619515, "gxe": 74.9, "rpr": 1708.316305659643, "rprd": 55.231767290720846, "w": 181, "l": 101, "coil": null}, "gen6purehackmons": {"elo": 1153.0305779181, "gxe": 51.2, "rpr": 1510.5907931565, "rprd": 231.13986251141, "w": 13, "l": 12, "coil": null}, "gen7ou": {"elo": 1499.0594379271, "gxe": 75.8, "rpr": 1722.3409073049, "rprd": 94.83217033876, "w": 589, "l": 482, "coil": null}, "gen7ubers": {"elo": 1213.4612890881, "gxe": 60, "rpr": 1591.5320452174, "rprd": 224.48516542134, "w": 12, "l": 7, "coil": null}, "gen8anythinggoes": {"elo": 1317.6537070129, "gxe": 72, "rpr": 1681.2053549747, "rprd": 72.647888929493, "w": 15, "l": 2, "coil": null}, "gen8balancedhackmons": {"elo": 1190.2329802529, "gxe": 56.2, "rpr": 1548.4495846179, "rprd": 79.309588166834, "w": 16, "l": 11, "coil": null}, "gen8bdspou": {"elo": 1499.6364539964, "gxe": 68, "rpr": 1666.902672879, "rprd": 212.65831875694, "w": 115, "l": 86, "coil": null}, "gen8bdsprandombattle": {"elo": 1449.0548796774, "gxe": 70.6, "rpr": 1668.6727351331, "rprd": 75.549265562229, "w": 74, "l": 45, "coil": null}, "gen8bssfactory": {"elo": 1000, "gxe": 45, "rpr": 1459.8393856612, "rprd": 122.8583080769, "w": 0, "l": 1, "coil": null}, "gen8inheritance": {"elo": 1179.7775338169, "gxe": 59.8, "rpr": 1575.601381654, "rprd": 64.137074522311, "w": 17, "l": 10, "coil": null}, "gen8monotyperandombattle": {"elo": 1429.1674596819, "gxe": 67.3, "rpr": 1636.1915892569, "rprd": 26.746640590127, "w": 97, "l": 78, "coil": null}, "gen8nationaldexag": {"elo": 1499.9442259643, "gxe": 78.2, "rpr": 1749.2084577847, "rprd": 97.503203752785, "w": 55, "l": 24, "coil": null}, "gen8nationaldexmonotype": {"elo": 1000, "gxe": 44.5, "rpr": 1456.089769568, "rprd": 121.8812148742, "w": 0, "l": 1, "coil": null}, "gen8ou": {"elo": 1499.8061392852, "gxe": 82.5, "rpr": 1817.7778628508, "rprd": 146.41244212276, "w": 1634, "l": 1468, "coil": null}, "gen8pu": {"elo": 1210.499627821, "gxe": 56.2, "rpr": 1547.5645542531, "rprd": 68.79576571002, "w": 13, "l": 8, "coil": null}, "gen8randombattle": {"elo": 1438.8763041822958, "gxe": 83.6, "rpr": 1821.1789233074958, "rprd": 106.44913064461078, "w": 848, "l": 702, "coil": null}, "gen8ru": {"elo": 1499.6052307775, "gxe": 73.7, "rpr": 1731.6343775103, "rprd": 223.8994718239, "w": 45, "l": 14, "coil": null}, "gen8sketchmons": {"elo": 1225.0948329094, "gxe": 63.8, "rpr": 1609.2630206188, "rprd": 83.257129534751, "w": 9, "l": 3, "coil": null}, "gen8uu": {"elo": 1050.9635896301, "gxe": 39.9, "rpr": 1407.3667521941, "rprd": 231.72219515799, "w": 2, "l": 5, "coil": null}, "gen9anythinggoes": {"elo": 1000, "gxe": 45, "rpr": 1459.8393856609866, "rprd": 122.85830807679145, "w": 0, "l": 1, "coil": null}, "gen9battlefactory": {"elo": 1132.7461178593, "gxe": 60.3, "rpr": 1583.9656007975, "rprd": 125.09561895946, "w": 5, "l": 3, "coil": null}, "gen9nationaldexag": {"elo": 1045.9212524389, "gxe": 54.6, "rpr": 1537.0002608691, "rprd": 121.96925465041, "w": 1, "l": 0, "coil": null}, "gen9nationaldexbh": {"elo": 1365.7778243459, "gxe": 70.6, "rpr": 1681.8526730209, "rprd": 159.51405489761, "w": 24, "l": 10, "coil": null}, "gen9ou": {"elo": 1044.513812402545, "gxe": 54.5, "rpr": 1535.715628744594, "rprd": 122.66242325856386, "w": 1, "l": 0, "coil": null}, "gen9randombattle": {"elo": 2347.0247483483, "gxe": 88.7, "rpr": 1888.9840593083, "rprd": 25.876418629631, "w": 5173, "l": 4306, "coil": null}, "gen9randombattleblitz": {"elo": 1098.343690241913, "gxe": 57, "rpr": 1556.5113184581141, "rprd": 130, "w": 2, "l": 1, "coil": null}, "gen9sharedpower": {"elo": 1061.034154901975, "gxe": 53.5, "rpr": 1527.4599987989252, "rprd": 111.07784303950531, "w": 2, "l": 1, "coil": null}}}