{"username": "FQBgo", "userid": "fqbgo", "registertime": 1730332800, "group": 1, "ratings": {"gen9randombattle": {"elo": 2036.98269741679, "gxe": 82.3, "rpr": 1789.6607859033973, "rprd": 31.466399872074845, "w": 1413, "l": 1268, "coil": null}, "gen9randombattleblitz": {"elo": 1000, "gxe": 43.5, "rpr": 1447.916151331377, "rprd": 122.21082861172495, "w": 0, "l": 1, "coil": null}}}