{"username": "FrankiFtl", "userid": "frankiftl", "registertime": 1584057600, "group": 1, "ratings": {"gen1randombattle": {"elo": 1104.8847549713, "gxe": 54.3, "rpr": 1534.451484931, "rprd": 113.28056882272, "w": 12, "l": 12, "coil": null}, "gen5randombattle": {"elo": 1292.2590452422, "gxe": 74.9, "rpr": 1711.0510779758, "rprd": 82.125425910742, "w": 11, "l": 1, "coil": null}, "gen6randombattle": {"elo": 1147.8615848086, "gxe": 57.3, "rpr": 1556.9757331535, "rprd": 89.670607579006, "w": 6, "l": 3, "coil": null}, "gen7battlefactory": {"elo": 1102.149173597013, "gxe": 52.9, "rpr": 1523.0297413993094, "rprd": 130, "w": 5, "l": 6, "coil": null}, "gen7ou": {"elo": 1490.4572811875, "gxe": 71.4, "rpr": 1673.9665833836, "rprd": 51.187774948046, "w": 40, "l": 18, "coil": null}, "gen7randombattle": {"elo": 1378.8104029095673, "gxe": 65.4, "rpr": 1625.759089925768, "rprd": 110.51306800980964, "w": 252, "l": 223, "coil": null}, "gen8balancedhackmons": {"elo": 1067.7316667172, "gxe": 51.1, "rpr": 1509.0480624599, "rprd": 113.45666487287, "w": 2, "l": 1, "coil": null}, "gen8bdsprandombattle": {"elo": 1084.2836652088, "gxe": 43.8, "rpr": 1451.6993506816, "rprd": 90.625648127155, "w": 4, "l": 5, "coil": null}, "gen8hackmonscup": {"elo": 1118.1690045154, "gxe": 57.4, "rpr": 1558.101491168, "rprd": 90.484114563509, "w": 5, "l": 4, "coil": null}, "gen8monotyperandombattle": {"elo": 1040, "gxe": 53.2, "rpr": 1526.0966284744, "rprd": 130, "w": 1, "l": 1, "coil": null}, "gen8multibility": {"elo": 1061.9179095821, "gxe": 35.2, "rpr": 1381.6674583635, "rprd": 89.065382566075, "w": 2, "l": 7, "coil": null}, "gen8ou": {"elo": 1231.4891156524, "gxe": 52.4, "rpr": 1517.8517134719, "rprd": 43.19087981641, "w": 212, "l": 232, "coil": null}, "gen8randombattle": {"elo": 1374.9635199236, "gxe": 65.8, "rpr": 1646.260836538, "rprd": 219.94000056482, "w": 305, "l": 262, "coil": null}, "gen8randombattlenodmax": {"elo": 1087.8975064342, "gxe": 52.1, "rpr": 1516.2853604796, "rprd": 44.774550046455, "w": 34, "l": 33, "coil": null}, "gen8randomdoublesbattle": {"elo": 1274.1392782303, "gxe": 64.4, "rpr": 1626.0767809703, "rprd": 183.11075191083, "w": 16, "l": 6, "coil": null}, "gen8uu": {"elo": 1170.5276225164, "gxe": 58.1, "rpr": 1571.7635368802, "rprd": 205.70391418058, "w": 76, "l": 73, "coil": null}, "gen9forceofthefallenrandomroulette": {"elo": 1040, "gxe": 55, "rpr": 1540.1606143390134, "rprd": 122.85830807679145, "w": 1, "l": 0, "coil": null}, "gen9metronomebattle": {"elo": 1122.0914244860576, "gxe": 46, "rpr": 1468.4375652446308, "rprd": 92.38149114448065, "w": 29, "l": 31, "coil": null}, "gen9mixandmegacup": {"elo": 1064.3630564506102, "gxe": 48.2, "rpr": 1485.526901095294, "rprd": 105.15749259950738, "w": 2, "l": 3, "coil": null}, "gen9monotype": {"elo": 1355.0531157567225, "gxe": 70.1, "rpr": 1663.5137963285463, "rprd": 65.79281861743863, "w": 23, "l": 10, "coil": 2688.646881796855}, "gen9monotyperandombattle": {"elo": 1187.0978488263486, "gxe": 66.7, "rpr": 1639.0890060035194, "rprd": 123.39451871632382, "w": 6, "l": 0, "coil": null}, "gen9nu": {"elo": 1000, "gxe": 43.3, "rpr": 1446.0670808961447, "rprd": 122.79350968761622, "w": 0, "l": 1, "coil": 13.53125}, "gen9ou": {"elo": 1344.5056512286208, "gxe": 57.7, "rpr": 1560.472793236638, "rprd": 99.20212546139146, "w": 66, "l": 58, "coil": null}, "gen9partnersincrimerandombattle6moves": {"elo": 1000, "gxe": 43.9, "rpr": 1451.054131733954, "rprd": 122.54855143655604, "w": 0, "l": 1, "coil": null}, "gen9pickyourteamrandombattle": {"elo": 1380.1520990636, "gxe": 76.1, "rpr": 1723.7941704282, "rprd": 78.815017412729, "w": 37, "l": 14, "coil": null}, "gen9pu": {"elo": 1296.1843615029627, "gxe": 63.9, "rpr": 1608.090036034134, "rprd": 49.04241516222016, "w": 38, "l": 25, "coil": 2366.5357646063144}, "gen9randombattle": {"elo": 2023.0232132471888, "gxe": 83.6, "rpr": 1807.6328816195671, "rprd": 31.824090114026554, "w": 2432, "l": 2198, "coil": null}, "gen9randombattleblitz": {"elo": 1582.373603606646, "gxe": 66.4, "rpr": 1628.7960426949207, "rprd": 38.02567901049591, "w": 350, "l": 321, "coil": null}, "gen9randombattlemayhem": {"elo": 1000, "gxe": 45.3, "rpr": 1462.060537635515, "rprd": 122.02056036244917, "w": 0, "l": 1, "coil": null}, "gen9randomdoublesbattle": {"elo": 1375.504726137722, "gxe": 72.4, "rpr": 1685.338277146911, "rprd": 74.8006390907288, "w": 21, "l": 5, "coil": null}, "gen9randomroulette": {"elo": 1103.4549021328628, "gxe": 57.1, "rpr": 1556.192009457687, "rprd": 111.84347992724389, "w": 3, "l": 2, "coil": null}, "gen9ubers": {"elo": 1040, "gxe": 53.2, "rpr": 1525.4948986925, "rprd": 123.44272608697, "w": 1, "l": 0, "coil": null}}}