{"username": "freaky dog", "userid": "freakydog", "registertime": 1764288000, "group": 1, "ratings": {"gen9championsou": {"elo": 1117.1838988578106, "gxe": 50.8, "rpr": 1505.8288707673134, "rprd": 54.51378661932458, "w": 28, "l": 25, "coil": null}, "gen9championsrandombattle": {"elo": 1380.516319516, "gxe": 68.4, "rpr": 1646.6045146385, "rprd": 53.076106917337, "w": 27, "l": 14, "coil": null}, "gen9nationaldex": {"elo": 1138.5314950312238, "gxe": 60.8, "rpr": 1587.744821809427, "rprd": 123.35010482585295, "w": 4, "l": 0, "coil": null}, "gen9ou": {"elo": 1071.9466488373027, "gxe": 39.3, "rpr": 1413.8037462382645, "rprd": 118.88203146156687, "w": 5, "l": 6, "coil": null}, "gen9randombattle": {"elo": 1449.1525625017744, "gxe": 63.4, "rpr": 1603.9390567962153, "rprd": 34.20802728214305, "w": 236, "l": 215, "coil": null}, "gen9randombattleblitz": {"elo": 1000, "gxe": 45.9, "rpr": 1466.7933497391361, "rprd": 123.06187750214823, "w": 0, "l": 1, "coil": null}}}