{"username": "freshgreengrass", "userid": "freshgreengrass", "registertime": 1711929600, "group": 1, "ratings": {"gen9monotyperandombattle": {"elo": 1116.5758424962555, "gxe": 53.8, "rpr": 1529.7044223914381, "rprd": 106.36168510488501, "w": 6, "l": 3, "coil": null}, "gen9ou": {"elo": 1000, "gxe": 44.4, "rpr": 1454.7277332222573, "rprd": 122.44382058496944, "w": 0, "l": 1, "coil": null}, "gen9randombattle": {"elo": 1360.9232373902664, "gxe": 60.9, "rpr": 1583.5780316562764, "rprd": 25, "w": 5338, "l": 5273, "coil": null}, "gen9randomdoublesbattle": {"elo": 1040.9199691756883, "gxe": 52.3, "rpr": 1518.2022991074648, "rprd": 124.57730760789983, "w": 1, "l": 0, "coil": null}}}