{"username": "frostpkmn", "userid": "frostpkmn", "registertime": 1613779200, "group": 1, "ratings": {"gen3randombattle": {"elo": 1000, "gxe": 43.7, "rpr": 1449.3540062454, "rprd": 122.30413201068, "w": 0, "l": 1, "coil": null}, "gen4randombattle": {"elo": 1061.4270559161037, "gxe": 49.7, "rpr": 1497.5545987489425, "rprd": 130, "w": 3, "l": 2, "coil": null}, "gen5randombattle": {"elo": 1131.954525698654, "gxe": 70.2, "rpr": 1671.8596352261613, "rprd": 130, "w": 5, "l": 1, "coil": null}, "gen6firstbloodrandombattle": {"elo": 1193.909219869874, "gxe": 51.7, "rpr": 1513.0541736372911, "rprd": 25, "w": 343, "l": 341, "coil": null}, "gen6randombattle": {"elo": 1120.9092633890612, "gxe": 54.9, "rpr": 1537.8272469999577, "rprd": 80.41061469059953, "w": 8, "l": 5, "coil": null}, "gen7battlefactory": {"elo": 1117.0000648019, "gxe": 52.1, "rpr": 1517.4494123328, "rprd": 146.41511991308, "w": 7, "l": 7, "coil": null}, "gen7ou": {"elo": 1052.5840913917, "gxe": 30.7, "rpr": 1345.8492028786, "rprd": 48.484013818416, "w": 28, "l": 54, "coil": null}, "gen7randombattle": {"elo": 1532.3861795729852, "gxe": 65.1, "rpr": 1619.987355566578, "rprd": 76.41626136025276, "w": 264, "l": 248, "coil": null}, "gen8ou": {"elo": 1000, "gxe": 28.1, "rpr": 1315.9245921523, "rprd": 99.063411640464, "w": 0, "l": 6, "coil": null}, "gen8randombattle": {"elo": 1141.239177773255, "gxe": 40.2, "rpr": 1422.2740728544206, "rprd": 92.78804177753167, "w": 124, "l": 124, "coil": null}, "gen8randomdoublesbattle": {"elo": 1341.7157706314, "gxe": 60.4, "rpr": 1585.9121711933, "rprd": 142.12035181113, "w": 75, "l": 67, "coil": null}, "gen91v1": {"elo": 1105.8152968703469, "gxe": 50.4, "rpr": 1503.0191559686002, "rprd": 73.00023240278104, "w": 8, "l": 9, "coil": null}, "gen9babyrandombattle": {"elo": 1229.1211832576, "gxe": 51.2, "rpr": 1509.5085307974, "rprd": 111.05293882752, "w": 23, "l": 26, "coil": null}, "gen9championsrandombattle": {"elo": 1100.0240797000552, "gxe": 51.3, "rpr": 1509.8725893659096, "rprd": 87.772719593626, "w": 5, "l": 5, "coil": null}, "gen9doublesubers": {"elo": 1056.888091896205, "gxe": 55.7, "rpr": 1545.4664835107124, "rprd": 122.54482684166838, "w": 1, "l": 0, "coil": null}, "gen9monotyperandombattle": {"elo": 1403.024333075186, "gxe": 68.1, "rpr": 1644.036912176466, "rprd": 48.189952996162674, "w": 213, "l": 186, "coil": null}, "gen9pickyourteamrandombattle": {"elo": 1044.5849307009835, "gxe": 55, "rpr": 1540.1606143390134, "rprd": 122.85830807679145, "w": 1, "l": 0, "coil": null}, "gen9randombattle": {"elo": 2077.2914816302, "gxe": 84.1, "rpr": 1814.9986377331, "rprd": 34.813237179759, "w": 1496, "l": 1300, "coil": null}, "gen9randombattleblitz": {"elo": 1648.6465226612656, "gxe": 69.9, "rpr": 1659.5622439051788, "rprd": 41.47721016785501, "w": 98, "l": 63, "coil": null}}}