{"username": "ftaochaphet", "userid": "ftaochaphet", "registertime": 1636761600, "group": 1, "ratings": {"gen1ou": {"elo": 1111.0268619879885, "gxe": 63.7, "rpr": 1612.873147886597, "rprd": 130, "w": 4, "l": 4, "coil": null}, "gen1randombattle": {"elo": 1076.9112226502, "gxe": 42, "rpr": 1436.5804657972, "rprd": 101.07194553126, "w": 2, "l": 4, "coil": null}, "gen2ou": {"elo": 1235.6588778253, "gxe": 67.2, "rpr": 1646.6411575986, "rprd": 148.62407460086, "w": 12, "l": 7, "coil": null}, "gen3ou": {"elo": 1306.153880853403, "gxe": 50.5, "rpr": 1503.9125483757925, "rprd": 46.1721887093695, "w": 51, "l": 49, "coil": null}, "gen3randombattle": {"elo": 1048.0057686186, "gxe": 50, "rpr": 1500, "rprd": 116.77753930647, "w": 1, "l": 1, "coil": null}, "gen3zu": {"elo": 1152.5791694929, "gxe": 59.1, "rpr": 1574.2548728256, "rprd": 132.18714404029, "w": 8, "l": 4, "coil": null}, "gen4ou": {"elo": 1313.9998160090497, "gxe": 59.2, "rpr": 1571.687795292121, "rprd": 76.9475127425353, "w": 45, "l": 33, "coil": null}, "gen4randombattle": {"elo": 1123.1323348883, "gxe": 55.2, "rpr": 1541.6826645919386, "rprd": 115.58473411287585, "w": 6, "l": 6, "coil": null}, "gen4sharedpowerrandombattle": {"elo": 1028.1963313955, "gxe": 35.2, "rpr": 1381.7614131234, "rprd": 87.750837481442, "w": 2, "l": 8, "coil": null}, "gen4ubers": {"elo": 1000, "gxe": 36, "rpr": 1383.8846515768, "rprd": 130, "w": 0, "l": 3, "coil": null}, "gen4uu": {"elo": 1000, "gxe": 41.8, "rpr": 1433.937070234806, "rprd": 118.89974141214394, "w": 0, "l": 2, "coil": null}, "gen5bw1ou": {"elo": 1088.298317676, "gxe": 57.2, "rpr": 1558.3669021149, "rprd": 125.5693859126, "w": 4, "l": 2, "coil": null}, "gen5ou": {"elo": 1178.4241999888782, "gxe": 52.4, "rpr": 1518.5923742984578, "rprd": 83.18202282386972, "w": 33, "l": 30, "coil": null}, "gen5randombattle": {"elo": 1041.9962948019, "gxe": 43.2, "rpr": 1445.5600500825, "rprd": 118.73822638289, "w": 2, "l": 4, "coil": null}, "gen5ru": {"elo": 1000, "gxe": 42.7, "rpr": 1441.8906371181, "rprd": 117.33920860594, "w": 0, "l": 2, "coil": null}, "gen5ubers": {"elo": 1051.8190389786366, "gxe": 49, "rpr": 1491.9685822994118, "rprd": 110.48019848370346, "w": 2, "l": 2, "coil": null}, "gen5zu": {"elo": 1040, "gxe": 55, "rpr": 1540.1606143388, "rprd": 122.8583080769, "w": 1, "l": 0, "coil": null}, "gen6firstbloodrandombattle": {"elo": 1053.6853930053044, "gxe": 43.6, "rpr": 1450.0077301672072, "rprd": 90.72870727045434, "w": 3, "l": 5, "coil": null}, "gen6ou": {"elo": 1331.7571444700325, "gxe": 57.3, "rpr": 1559.0102197697056, "rprd": 130, "w": 44, "l": 32, "coil": null}, "gen6pu": {"elo": 1040, "gxe": 54.1, "rpr": 1540.1606143388, "rprd": 289.18423198353, "w": 1, "l": 0, "coil": null}, "gen6purehackmons": {"elo": 1248.2890778390197, "gxe": 74.7, "rpr": 1717.1206125342626, "rprd": 126.3536698608207, "w": 10, "l": 1, "coil": null}, "gen6randombattle": {"elo": 1508.5330544860715, "gxe": 76.6, "rpr": 1725.1714090259438, "rprd": 48.357879976589956, "w": 170, "l": 123, "coil": null}, "gen6ubers": {"elo": 1016.0489459210005, "gxe": 30.8, "rpr": 1338.8404443688441, "rprd": 116.04882856848988, "w": 2, "l": 6, "coil": null}, "gen7anythinggoes": {"elo": 1489.4396681419, "gxe": 75.8, "rpr": 1728.2438763521, "rprd": 121.28821476036, "w": 27, "l": 9, "coil": null}, "gen7balancedhackmons": {"elo": 1075.4766145632, "gxe": 52.8, "rpr": 1522.3518979794, "rprd": 114.39756376136, "w": 2, "l": 1, "coil": null}, "gen7battlefactory": {"elo": 1091.4869573085857, "gxe": 54.8, "rpr": 1539.0619228771143, "rprd": 130, "w": 8, "l": 9, "coil": null}, "gen7doublesou": {"elo": 1399.5743773162, "gxe": 67.7, "rpr": 1664.3619637813, "rprd": 213.06663334897, "w": 50, "l": 30, "coil": null}, "gen7mixandmega": {"elo": 1288.7601620444, "gxe": 66.4, "rpr": 1630.7757863504, "rprd": 65.934710691923, "w": 19, "l": 9, "coil": null}, "gen7monotypebattlefactory": {"elo": 1164.001018122, "gxe": 56.5, "rpr": 1550.885816682, "rprd": 98.459801600042, "w": 21, "l": 19, "coil": null}, "gen7ou": {"elo": 1374.5193936570677, "gxe": 60.4, "rpr": 1583.1419736367345, "rprd": 104.88793646463989, "w": 144, "l": 128, "coil": null}, "gen7pu": {"elo": 1062.3191855837, "gxe": 57.1, "rpr": 1556.847619141, "rprd": 122.77626277988, "w": 1, "l": 0, "coil": null}, "gen7randombattle": {"elo": 1463.6542057699178, "gxe": 74.9, "rpr": 1706.2449909390511, "rprd": 33.17191476340907, "w": 1347, "l": 1377, "coil": null}, "gen7ubers": {"elo": 1356.9124625099, "gxe": 68, "rpr": 1668.2198737303, "rprd": 218.03151332293, "w": 60, "l": 30, "coil": null}, "gen81v1": {"elo": 1306.750927194, "gxe": 56.8, "rpr": 1561.1931971588, "rprd": 217.42451893822, "w": 47, "l": 36, "coil": null}, "gen82v2doubles": {"elo": 1093.3830957295, "gxe": 50.5, "rpr": 1504.0640784237, "rprd": 93.494578878053, "w": 4, "l": 4, "coil": null}, "gen8almostanyability": {"elo": 1318.0570180299, "gxe": 70.9, "rpr": 1670.6153710661, "rprd": 70.689043776024, "w": 21, "l": 12, "coil": null}, "gen8balancedhackmons": {"elo": 1300.9623868482, "gxe": 65.8, "rpr": 1627.2169445643, "rprd": 85.64090881423, "w": 27, "l": 27, "coil": null}, "gen8battlestadiumsingles": {"elo": 1075.1945423636, "gxe": 49.6, "rpr": 1496.9539498584, "rprd": 105.67301883268, "w": 2, "l": 2, "coil": null}, "gen8bdspou": {"elo": 1163.4674740743, "gxe": 52.1, "rpr": 1518.8948765877, "rprd": 220.29690996861, "w": 24, "l": 17, "coil": null}, "gen8bdsppu": {"elo": 1064.2547523481, "gxe": 56.8, "rpr": 1555.2585913536, "rprd": 130.79577258413, "w": 1, "l": 0, "coil": null}, "gen8bdsprandombattle": {"elo": 1062.3381546993, "gxe": 45.4, "rpr": 1463.8318575749, "rprd": 101.73893740473, "w": 4, "l": 5, "coil": null}, "gen8bdspru": {"elo": 1000, "gxe": 44.4, "rpr": 1454.8132901291, "rprd": 121.90603183175, "w": 0, "l": 1, "coil": null}, "gen8bdspubers": {"elo": 1072.0249188253, "gxe": 58.8, "rpr": 1570.4034157942, "rprd": 116.66310097164, "w": 2, "l": 0, "coil": null}, "gen8bdspuu": {"elo": 1047.3470162373, "gxe": 45.9, "rpr": 1467.2197649541, "rprd": 117.5869397881, "w": 1, "l": 1, "coil": null}, "gen8bssfactory": {"elo": 1033.6854530965, "gxe": 47.8, "rpr": 1482.3389236448, "rprd": 110.91672080851, "w": 1, "l": 2, "coil": null}, "gen8cap": {"elo": 1160.2049733269, "gxe": 58.4, "rpr": 1565.8833691357, "rprd": 80.288931725662, "w": 49, "l": 43, "coil": null}, "gen8categoryswap": {"elo": 1202.151856382, "gxe": 63.8, "rpr": 1608.90331854, "rprd": 76.704297816363, "w": 14, "l": 6, "coil": null}, "gen8challengecup1v1": {"elo": 1067.257038274, "gxe": 47.2, "rpr": 1478.3269580598, "rprd": 98.567582229593, "w": 3, "l": 3, "coil": null}, "gen8doublesou": {"elo": 1141.9885538562, "gxe": 47, "rpr": 1476.4076015438, "rprd": 115.0641277683, "w": 14, "l": 14, "coil": null}, "gen8hackmonscup": {"elo": 1000, "gxe": 46, "rpr": 1468.1555226653, "rprd": 122.31249698515, "w": 0, "l": 1, "coil": null}, "gen8lc": {"elo": 1190.7631055082, "gxe": 51.5, "rpr": 1511.4900228046, "rprd": 62.954849521185, "w": 49, "l": 56, "coil": null}, "gen8mixandmega": {"elo": 1045.5828929885, "gxe": 55.6, "rpr": 1544.7991079654, "rprd": 122.83141802352, "w": 1, "l": 0, "coil": null}, "gen8monotype": {"elo": 1396.4929176314, "gxe": 60.9, "rpr": 1584.1173002539, "rprd": 54.791475566963, "w": 63, "l": 50, "coil": null}, "gen8monotyperandombattle": {"elo": 1122.1282901691, "gxe": 52.6, "rpr": 1520.1859099389, "rprd": 106.13619305631, "w": 10, "l": 6, "coil": null}, "gen8nationaldexag": {"elo": 1390.066414699, "gxe": 69.5, "rpr": 1659.3096218675, "rprd": 85.792724948361, "w": 21, "l": 6, "coil": null}, "gen8nationaldexmonotype": {"elo": 1186.7144107657, "gxe": 57, "rpr": 1555.0174922687, "rprd": 86.215219857347, "w": 33, "l": 32, "coil": null}, "gen8nationaldexuu": {"elo": 1268.6017521085, "gxe": 61.1, "rpr": 1601.4633246689, "rprd": 221.37520497777, "w": 38, "l": 29, "coil": null}, "gen8nfe": {"elo": 1000, "gxe": 43.4, "rpr": 1446.636889544, "rprd": 123.00334446832, "w": 0, "l": 1, "coil": null}, "gen8nu": {"elo": 1119.0235403658, "gxe": 43.9, "rpr": 1452.0309953079,