{"username": "fugues firmaments", "userid": "fuguesfirmaments", "registertime": 1780444800, "group": 1, "ratings": {"gen1ou": {"elo": 1282.0414559002259, "gxe": 50.8, "rpr": 1505.699275783791, "rprd": 36.45529947114258, "w": 103, "l": 78, "coil": null}, "gen1randombattle": {"elo": 1096.83603426394, "gxe": 61.7, "rpr": 1594.15223475356, "rprd": 112.83864083967818, "w": 3, "l": 0, "coil": null}, "gen3randombattle": {"elo": 1000, "gxe": 45, "rpr": 1459.8393856609866, "rprd": 122.85830807679145, "w": 0, "l": 1, "coil": null}, "gen5randombattle": {"elo": 1000, "gxe": 44.1, "rpr": 1452.919863321313, "rprd": 122.88554308262187, "w": 0, "l": 1, "coil": null}, "gen6randombattle": {"elo": 1018.4971809099816, "gxe": 44.6, "rpr": 1457.1137287931879, "rprd": 104.51770189136101, "w": 2, "l": 3, "coil": null}, "gen91v1": {"elo": 1000, "gxe": 46.7, "rpr": 1473.3795999319852, "rprd": 122.9264638000122, "w": 0, "l": 1, "coil": null}, "gen9metronomebattle": {"elo": 1322.5266715992, "gxe": 52.2, "rpr": 1516.970020967, "rprd": 42.025665316721, "w": 34, "l": 39, "coil": null}, "gen9monotyperandombattle": {"elo": 1000, "gxe": 43.2, "rpr": 1445.6244868514252, "rprd": 122.35106824206194, "w": 0, "l": 1, "coil": null}, "gen9randombattle": {"elo": 1479.255510335037, "gxe": 58.1, "rpr": 1561.8664056204184, "rprd": 27.07632205838268, "w": 186, "l": 166, "coil": null}, "gen9randomdoublesbattle": {"elo": 1000, "gxe": 43, "rpr": 1443.8307212735313, "rprd": 122.73725436460253, "w": 0, "l": 1, "coil": null}, "gen9woomodrandombattle": {"elo": 1040, "gxe": 55, "rpr": 1540.1606143390134, "rprd": 122.85830807679145, "w": 1, "l": 0, "coil": null}}}