{"username": "Fuk ice", "userid": "fukice", "registertime": 1759708800, "group": 1, "ratings": {"gen9randombattle": {"elo": 2058.190465015328, "gxe": 82.6, "rpr": 1793.5703535063203, "rprd": 25.173561647524636, "w": 1192, "l": 1096, "coil": null}}}