{"username": "FungusPhil", "userid": "fungusphil", "registertime": 1590883200, "group": 1, "ratings": {"gen1ou": {"elo": 1147.638742791394, "gxe": 62.4, "rpr": 1601.2706172538226, "rprd": 123.17965219459657, "w": 9, "l": 6, "coil": null}, "gen1randombattle": {"elo": 1170.1484714159585, "gxe": 64.3, "rpr": 1617.3784163756877, "rprd": 122.37941324899518, "w": 7, "l": 2, "coil": null}, "gen2ou": {"elo": 1092.6115045803458, "gxe": 53.4, "rpr": 1526.226231625945, "rprd": 75.47819826240622, "w": 13, "l": 14, "coil": null}, "gen2randombattle": {"elo": 1109.0839438652, "gxe": 63.1, "rpr": 1605.7212494431, "rprd": 105.03491210332, "w": 4, "l": 1, "coil": null}, "gen3ou": {"elo": 1344.3366107259872, "gxe": 59.6, "rpr": 1573.8893057030161, "rprd": 45.59458084007183, "w": 47, "l": 43, "coil": null}, "gen3randombattle": {"elo": 1178.0291755752, "gxe": 65.3, "rpr": 1627.262518151, "rprd": 129.14786166441, "w": 19, "l": 14, "coil": null}, "gen4ou": {"elo": 1302.5357754249403, "gxe": 59.5, "rpr": 1573.0401078372836, "rprd": 55.89950790832273, "w": 98, "l": 90, "coil": null}, "gen4randombattle": {"elo": 1331.795855419963, "gxe": 63.1, "rpr": 1607.4812469237343, "rprd": 130, "w": 28, "l": 21, "coil": null}, "gen5ou": {"elo": 1444.5195759509, "gxe": 73.5, "rpr": 1696.3440408646, "rprd": 77.215275042563, "w": 147, "l": 100, "coil": null}, "gen5randombattle": {"elo": 1157.6702072233118, "gxe": 61.2, "rpr": 1592.0200245911396, "rprd": 130, "w": 42, "l": 39, "coil": null}, "gen5ubers": {"elo": 1000, "gxe": 45.9, "rpr": 1467.2968063554, "rprd": 122.93975943017, "w": 0, "l": 1, "coil": null}, "gen6ou": {"elo": 1420.0318487659986, "gxe": 81.4, "rpr": 1793.1186006005569, "rprd": 115.46468409915306, "w": 30, "l": 12, "coil": null}, "gen6randombattle": {"elo": 1397.2281758225, "gxe": 74.2, "rpr": 1705.3561057979, "rprd": 90.849292911647, "w": 21, "l": 7, "coil": null}, "gen7anythinggoes": {"elo": 1165.1199235764, "gxe": 58.4, "rpr": 1576.6066027777, "rprd": 225.55168953599, "w": 10, "l": 4, "coil": null}, "gen7battlefactory": {"elo": 1314.5487346197, "gxe": 66.9, "rpr": 1655.9412082145, "rprd": 210.9221108189, "w": 47, "l": 31, "coil": null}, "gen7monotypebattlefactory": {"elo": 1090.7693627847, "gxe": 55.5, "rpr": 1542.2204860498, "rprd": 72.849379800603, "w": 12, "l": 11, "coil": null}, "gen7ou": {"elo": 1290.6705817685101, "gxe": 72.7, "rpr": 1696.8581995346344, "rprd": 130, "w": 20, "l": 12, "coil": null}, "gen7randombattle": {"elo": 1359.5588731726825, "gxe": 58.6, "rpr": 1568.47297818064, "rprd": 110.15745396709957, "w": 31, "l": 17, "coil": null}, "gen81v1": {"elo": 1134.1308690527, "gxe": 46.9, "rpr": 1472.3053673548, "rprd": 218.11718808175, "w": 33, "l": 33, "coil": null}, "gen8balancedhackmons": {"elo": 1213.2006865729, "gxe": 62.8, "rpr": 1600.0400918213, "rprd": 64.9052062402, "w": 16, "l": 10, "coil": null}, "gen8bdspou": {"elo": 1077.7604816177, "gxe": 47.6, "rpr": 1481.0786816873, "rprd": 103.51379024211, "w": 2, "l": 3, "coil": null}, "gen8bdsprandombattle": {"elo": 1000, "gxe": 41, "rpr": 1427.870554742, "rprd": 116.26123645055, "w": 0, "l": 2, "coil": null}, "gen8bdspru": {"elo": 1062.1525862124, "gxe": 56.1, "rpr": 1548.8234915324, "rprd": 122.07994720237, "w": 1, "l": 0, "coil": null}, "gen8bdspuu": {"elo": 1128.7320991992, "gxe": 48.6, "rpr": 1489.0654361274, "rprd": 76.932373762912, "w": 7, "l": 8, "coil": null}, "gen8bssfactory": {"elo": 1120.2933246565, "gxe": 50.7, "rpr": 1505.2845357577, "rprd": 69.763741378317, "w": 14, "l": 16, "coil": null}, "gen8cap1v1": {"elo": 1044.584930701, "gxe": 51.4, "rpr": 1510.878259437, "rprd": 130, "w": 1, "l": 1, "coil": null}, "gen8doublesubers": {"elo": 1124.9508659458, "gxe": 64.3, "rpr": 1615.5800963935, "rprd": 107.26324790427, "w": 4, "l": 0, "coil": null}, "gen8hackmonscup": {"elo": 1139.0346653842, "gxe": 52.5, "rpr": 1520.2186921619, "rprd": 118.79741239342, "w": 6, "l": 5, "coil": null}, "gen8lc": {"elo": 1243.7433473544, "gxe": 65.3, "rpr": 1622.9518137658, "rprd": 88.195804611905, "w": 22, "l": 14, "coil": null}, "gen8metronomebattle": {"elo": 1212.2236424298, "gxe": 63.9, "rpr": 1609.0201757329, "rprd": 67.60683810712, "w": 15, "l": 7, "coil": null}, "gen8mixandmega": {"elo": 1434.288071, "gxe": 78.7, "rpr": 1758.3779239311, "rprd": 110.12316439624, "w": 89, "l": 54, "coil": null}, "gen8monotype": {"elo": 1170.1132721885, "gxe": 53.2, "rpr": 1524.791873254, "rprd": 56.217514054717, "w": 44, "l": 37, "coil": null}, "gen8monotyperandombattle": {"elo": 1320.8758245499, "gxe": 69, "rpr": 1658.8605225005, "rprd": 114.94963349306, "w": 20, "l": 9, "coil": null}, "gen8nationaldexag": {"elo": 1396.8162115423, "gxe": 58.7, "rpr": 1570.3648490454, "rprd": 130, "w": 78, "l": 62, "coil": null}, "gen8nationaldexmonotype": {"elo": 1051.2900120034, "gxe": 55, "rpr": 1540.1606143388, "rprd": 122.8583080769, "w": 1, "l": 0, "coil": null}, "gen8nationaldexuu": {"elo": 1325.115826074, "gxe": 61.4, "rpr": 1605.1574289292, "rprd": 227.4380745353, "w": 125, "l": 105, "coil": null}, "gen8nationaldexuunostall": {"elo": 1040, "gxe": 54.8, "rpr": 1540.1606143388, "rprd": 171.35535303632, "w": 1, "l": 0, "coil": null}, "gen8natureswap": {"elo": 1277.2665158096, "gxe": 61.6, "rpr": 1593.9404348363, "rprd": 117.17269071325, "w": 46, "l": 29, "coil": null}, "gen8nu": {"elo": 1068.8348263803, "gxe": 40.7, "rpr": 1427.060344282, "rprd": 78.699724262506, "w": 174, "l": 197, "coil": null}, "gen8ou": {"elo": 1193.0471031805, "gxe": 48.8, "rpr": 1490.4945932746, "rprd": 80.236059301641, "w": 568, "l": 567, "coil": null}, "gen8oublitz": {"elo": 1174.1050975934, "gxe": 59.2, "rpr": 1574.5247664625, "rprd": 126.80585063798, "w": 26, "l": 22, "coil": null}, "gen8pokebilities": {"elo": 1333.2313919768, "gxe": 69, "rpr": 1686.0213223598, "rprd": 246.82579736125, "w": 21, "l": 7, "coil": null}, "gen8pu": {"elo": 1147.3670003671, "gxe": 57.6, "rpr": 1559.6526967228, "rprd": 98.044377922004, "w": 86, "l": 90, "coil": null}, "gen8randombattle": {"elo": 1363.737797202532, "gxe": 57.5, "rpr": 1560.3425569667054, "rprd": 122.080919410816, "w": 269, "l": 252, "coil": null}, "gen8randombattleblitz": {"elo": 1291.1637880099, "gxe": 60.9, "rpr": 1584.7241111713, "rprd": 68.466011086598, "w": 96, "l": 86, "coil": null}, "gen8randombattlenodmax": {"elo": 1137.8334531303, "gxe": 64.3, "rpr": 1616.5434329035, "rprd": 112.07891366831, "w": 5, "l": 1, "coil": null}, "gen8randomdoublesbattle": {"elo": 1084.3856511582, "gxe": 48.4, "rpr": 1487.222357506, "rprd": 130, "w": 4, "l": 3, "coil": null}, "gen8ru": {"elo": 1255.9861058648, "gxe": 58.8, "rpr": 1579.9234081206, "rprd": 224.16638120727, "w": 227, "l": 240, "coil": null}, "gen8staaabmons": {"elo": 1187.2265557897, "gxe": 67.6, "rpr": 1641.9823467086, "rprd": 83.397678523444, "w": 10, "l": 2, "coil": null}, "gen8stabmons": {"elo": 1000, "gxe": 41, "rpr": 1427.4328741711, "rprd": 116.77753930647, "w": 0, "l": 2, "coil": null}, "gen8tiershift": {"elo": 1197.6348622389, "gxe": 54.9, "rpr": 1537.1912224899, "rprd": 42.048770257825, "w": 37, "l": 31, "coil": null}, "gen8ubers": {"elo": 1229.1134846675, "gxe": 58.5, "rpr": 1577.2946683923, "rprd": 228.37129295676, "w": 16, "l": 9, "coil": null}, "gen8uu": {"elo": 1243.6561540814, "gxe": 61.7, "rpr": 1593.9046076975, "rprd": 110.38861140679, "w": 195, "l": 190, "coil": null}, "gen8vgc2020": {"elo": 1182.9196843201, "gxe": 37.1, "rpr": 1399.7589879384, "rprd": 50.366351126918, "w": 59, "l": 91, "coil": null}, "gen8vgc2021": {"elo": 1054.5479982076, "gxe": 41.4, "rpr": 1432.8614508088, "rprd": 80.214365670326, "w": 6, "l": 8, "coil": null}, "gen8zu": {"elo": 1090.9254811257, "gxe": 50.4, "rpr": 1503.822162817, "rprd": 224.20186502078, "w": 59, "l": 69, "coil": null}, "gen91v1factory": {"elo": 1109.453333730067, "gxe": 47.2, "rpr": 1478.7079483178468, "rprd": 36.695721752885476, "w": 47, "l": 51, "coil": null}, "gen92v2doubles": {"elo": 1016.1379007882, "gxe": 46.3, "rpr": 1470.3979163155, "rprd": 111.02701024213, "w": 1, "l": 2, "coil": null},