{"username": "Furiko", "userid": "furiko", "registertime": 1464652800, "group": 1, "ratings": {"challengecup1v1": {"elo": 1074.9077397004, "gxe": 59, "rpr": 1572.5671258289, "rprd": 116.77753930647, "w": 2, "l": 0, "coil": null}, "digimondigimonshowdownsingles": {"elo": 1000, "gxe": 45, "rpr": 1459.8393856612, "rprd": 122.8583080769, "w": 0, "l": 1, "coil": null}, "gen1randombattle": {"elo": 1237.0289733332, "gxe": 73.9, "rpr": 1704.9118437896, "rprd": 106.48926161579, "w": 12, "l": 3, "coil": null}, "gen2randombattle": {"elo": 1000, "gxe": 44.9, "rpr": 1458.7282676041, "rprd": 122.43502630788, "w": 0, "l": 1, "coil": null}, "gen3randombattle": {"elo": 1314.816959812, "gxe": 69.1, "rpr": 1654.4064937438, "rprd": 66.009486760855, "w": 46, "l": 29, "coil": null}, "gen4randombattle": {"elo": 1195.5469940694, "gxe": 65.8, "rpr": 1628.2471978702, "rprd": 98.2782279667, "w": 8, "l": 2, "coil": null}, "gen5randombattle": {"elo": 1266.7617538107, "gxe": 64.9, "rpr": 1619.8143650028, "rprd": 95.268005453302, "w": 24, "l": 17, "coil": null}, "gen6randombattle": {"elo": 1183.9719889499, "gxe": 65, "rpr": 1623.5361301144, "rprd": 118.8136241316, "w": 9, "l": 4, "coil": null}, "gen7battlefactory": {"elo": 1208.8623255702, "gxe": 69.6, "rpr": 1666.7142824025, "rprd": 130, "w": 10, "l": 4, "coil": null}, "gen7challengecup1v1": {"elo": 1082.90752277, "gxe": 51.8, "rpr": 1514.0606968045, "rprd": 89.220300929939, "w": 5, "l": 4, "coil": null}, "gen7hackmonscup": {"elo": 1073.4580092263, "gxe": 57.8, "rpr": 1562.1743738128, "rprd": 116.79746812571, "w": 2, "l": 0, "coil": null}, "gen7monotyperandombattle": {"elo": 1000, "gxe": 45, "rpr": 1459.8393856612, "rprd": 122.8583080769, "w": 0, "l": 1, "coil": null}, "gen7ou": {"elo": 1361.5177937426, "gxe": 61.2, "rpr": 1586.9001565302, "rprd": 65.655118280469, "w": 38, "l": 27, "coil": null}, "gen7randombattle": {"elo": 1454.2812175168422, "gxe": 66.3, "rpr": 1634.1000994114827, "rprd": 116.28100383320778, "w": 1686, "l": 1489, "coil": null}, "gen8bdsprandombattle": {"elo": 1000, "gxe": 42.5, "rpr": 1439.6526587424, "rprd": 123.74170516557, "w": 0, "l": 1, "coil": null}, "gen8cap1v1": {"elo": 1040, "gxe": 55, "rpr": 1540.1606143388, "rprd": 122.8583080769, "w": 1, "l": 0, "coil": null}, "gen8challengecup1v1": {"elo": 1267.0645592214, "gxe": 59, "rpr": 1569.7058515334, "rprd": 67.319187234003, "w": 67, "l": 52, "coil": null}, "gen8hackmonscup": {"elo": 1032.3939961824, "gxe": 46.6, "rpr": 1473.229839143, "rprd": 119.18205194578, "w": 1, "l": 2, "coil": null}, "gen8monotyperandombattle": {"elo": 1212.7062608906, "gxe": 71.7, "rpr": 1687.3097758859, "rprd": 130, "w": 7, "l": 1, "coil": null}, "gen8randombattle": {"elo": 1281.9411070258673, "gxe": 49.9, "rpr": 1498.9107432691535, "rprd": 121.91513001056877, "w": 155, "l": 127, "coil": null}, "gen91v1factory": {"elo": 1053.1642668783436, "gxe": 55, "rpr": 1540.1606143390134, "rprd": 122.85830807679145, "w": 1, "l": 0, "coil": null}, "gen9babyrandombattle": {"elo": 1082.5594163909857, "gxe": 60.2, "rpr": 1581.8591951241401, "rprd": 116.69676881184762, "w": 2, "l": 0, "coil": null}, "gen9challengecup1v1": {"elo": 1088.714734744338, "gxe": 29.1, "rpr": 1326.1304138534124, "rprd": 94.52315832927229, "w": 20, "l": 45, "coil": null}, "gen9championsrandombattle": {"elo": 1079.6731402546814, "gxe": 58.2, "rpr": 1566.031496429161, "rprd": 116.83157573155195, "w": 2, "l": 0, "coil": null}, "gen9randombattle": {"elo": 1901.452494709611, "gxe": 82.1, "rpr": 1787.4536830165284, "rprd": 35.8279396340912, "w": 949, "l": 847, "coil": null}, "gen9randomroulette": {"elo": 1053.3418052183463, "gxe": 56, "rpr": 1547.762706232646, "rprd": 122.04642618246021, "w": 1, "l": 0, "coil": null}, "gen9superstaffbrosultimate": {"elo": 1040, "gxe": 55, "rpr": 1540.1606143390134, "rprd": 122.85830807679145, "w": 1, "l": 0, "coil": null}, "uu": {"elo": 1257.7198595015, "gxe": 66.5, "rpr": 1633.2885498772, "rprd": 90.440604495411, "w": 11, "l": 3, "coil": null}}}