{"username": "furretwaaaaaaaalk", "userid": "furretwaaaaaaaalk", "registertime": 0, "group": 0, "ratings": {"gen3randombattle": {"elo": 1052.5362396048806, "gxe": 55.8, "rpr": 1546.397540132469, "rprd": 121.90930427235266, "w": 1, "l": 0, "coil": null}, "gen9randombattle": {"elo": 1354.0086397062478, "gxe": 54.4, "rpr": 1533.0781652753217, "rprd": 40.147512458107876, "w": 168, "l": 161, "coil": null}, "gen9randombattleblitz": {"elo": 1194.7607008306231, "gxe": 49.4, "rpr": 1495.7525776155537, "rprd": 57.74218755246442, "w": 28, "l": 25, "coil": null}, "gen9randomdoublesbattle": {"elo": 1027.3327399708676, "gxe": 40.6, "rpr": 1425.7252885981513, "rprd": 99.44111868422046, "w": 2, "l": 4, "coil": null}}}