{"username": "fyfsixseven", "userid": "fyfsixseven", "registertime": 1390262400, "group": 1, "ratings": {"gen7battlefactory": {"elo": 1499.0954357624, "gxe": 77.8, "rpr": 1761.2690121141, "rprd": 162.63546332483, "w": 505, "l": 311, "coil": null}, "gen7bssfactory": {"elo": 1000, "gxe": 45, "rpr": 1459.8393856612, "rprd": 122.8583080769, "w": 0, "l": 1, "coil": null}, "gen7crossevolution": {"elo": 1406.1593939819, "gxe": 71.1, "rpr": 1695.2443326101, "rprd": 197.30036704389, "w": 47, "l": 19, "coil": null}, "gen7fortemons": {"elo": 1133.1022891432, "gxe": 63.2, "rpr": 1605.3850025289, "rprd": 98.489446521249, "w": 5, "l": 1, "coil": null}, "gen7godlygift": {"elo": 1140.4135044441, "gxe": 50.9, "rpr": 1506.8236218164, "rprd": 64.536970481522, "w": 13, "l": 12, "coil": null}, "gen7hiddentype": {"elo": 1148.0205640098, "gxe": 60.7, "rpr": 1598.9816187521, "rprd": 229.77701149665, "w": 7, "l": 3, "coil": null}, "gen7inheritance": {"elo": 1144.3192448614, "gxe": 48.4, "rpr": 1487.6458075274, "rprd": 65.881790996645, "w": 11, "l": 13, "coil": null}, "gen7inverse": {"elo": 1171.1116488154, "gxe": 62.9, "rpr": 1623.7485758176, "rprd": 253.98848109173, "w": 8, "l": 3, "coil": null}, "gen7linked": {"elo": 1287.4270201373, "gxe": 62.5, "rpr": 1610.7754183432, "rprd": 195.15383017618, "w": 51, "l": 32, "coil": null}, "gen7mixandmegalc": {"elo": 1129.9190219461, "gxe": 54.3, "rpr": 1539.4037957848, "rprd": 228.60760237951, "w": 10, "l": 8, "coil": null}, "gen7monotyperandombattle": {"elo": 1244.3258700129, "gxe": 60, "rpr": 1576.585898548, "rprd": 29.652688345156, "w": 94, "l": 82, "coil": null}, "gen7nu": {"elo": 1359.1443012716, "gxe": 73.5, "rpr": 1695.6928146944, "rprd": 72.17719403934, "w": 32, "l": 15, "coil": null}, "gen7ou": {"elo": 1361.2883941473, "gxe": 70.8, "rpr": 1678.4687986024, "rprd": 130, "w": 28, "l": 14, "coil": null}, "gen7randombattle": {"elo": 1544.7320585519, "gxe": 82.1, "rpr": 1792.4452621322, "rprd": 68.738592485388, "w": 856, "l": 744, "coil": null}, "gen7ru": {"elo": 1057.9832292684, "gxe": 50.7, "rpr": 1505.4240986732, "rprd": 102.89587969379, "w": 3, "l": 2, "coil": null}, "gen7sharedpower": {"elo": 1122.8607970179, "gxe": 49.5, "rpr": 1496.1884318972, "rprd": 63.545721753335, "w": 13, "l": 13, "coil": null}, "gen7sketchmons": {"elo": 1163.7223582131, "gxe": 56.4, "rpr": 1549.1348156365, "rprd": 62.800212151943, "w": 15, "l": 11, "coil": null}, "gen7suicidecup": {"elo": 1171.8321863002, "gxe": 59.3, "rpr": 1590.0239756587, "rprd": 272.06147280637, "w": 12, "l": 7, "coil": null}, "gen7superstaffbrosbrawl": {"elo": 1424.3689101936, "gxe": 66.7, "rpr": 1685.887752019, "rprd": 344.11508865125, "w": 76, "l": 36, "coil": null}, "gen7trademarked": {"elo": 1184.2245041102, "gxe": 60.2, "rpr": 1579.3333234488, "rprd": 63.725934943537, "w": 17, "l": 10, "coil": null}, "gen7uu": {"elo": 1344.1704749096, "gxe": 71.4, "rpr": 1680.1697562815, "rprd": 108.78224998048, "w": 39, "l": 27, "coil": null}, "gen8ou": {"elo": 1174.301493404, "gxe": 66.4, "rpr": 1633.1549106604, "rprd": 99.69579275029, "w": 6, "l": 0, "coil": null}, "gen8randombattle": {"elo": 1399.978367865, "gxe": 70.8, "rpr": 1697.3476257611, "rprd": 218.72393570104, "w": 31, "l": 11, "coil": null}, "gen9championsrandombattle": {"elo": 1372.5404040033, "gxe": 67.4, "rpr": 1637.7186110633, "rprd": 50.539201532514, "w": 33, "l": 16, "coil": null}, "gen9randombattle": {"elo": 1956.3727257024432, "gxe": 84, "rpr": 1813.316473740599, "rprd": 36.65954161460762, "w": 105, "l": 54, "coil": null}}}