{"username": "G1337n7", "userid": "g1337n7", "registertime": 1779321600, "group": 1, "ratings": {"gen6randombattle": {"elo": 1000, "gxe": 39.9, "rpr": 1418.7934862136324, "rprd": 116.33204075515245, "w": 0, "l": 2, "coil": null}, "gen6ubers": {"elo": 1000, "gxe": 41, "rpr": 1427.9897493519152, "rprd": 113.6319819556223, "w": 0, "l": 3, "coil": null}, "gen7randombattle": {"elo": 1040, "gxe": 55, "rpr": 1540.1606143390134, "rprd": 122.85830807679145, "w": 1, "l": 0, "coil": null}, "gen8randombattle": {"elo": 1126.6866163045136, "gxe": 56, "rpr": 1546.5856373524346, "rprd": 83.48959958785872, "w": 8, "l": 5, "coil": null}, "gen9anythinggoes": {"elo": 1114.7005452081683, "gxe": 52.3, "rpr": 1517.7781734516595, "rprd": 102.4904395526733, "w": 3, "l": 2, "coil": null}, "gen9balancedhackmons": {"elo": 1000, "gxe": 42.6, "rpr": 1440.9226946232732, "rprd": 116.01071480827139, "w": 0, "l": 2, "coil": null}, "gen9championsvgc2026regma": {"elo": 1027.2590809695726, "gxe": 49.5, "rpr": 1495.9959590971243, "rprd": 116.08307362180136, "w": 1, "l": 1, "coil": null}, "gen9megainvasionrandombattle": {"elo": 1187.6055653400392, "gxe": 59.5, "rpr": 1573.0996503443903, "rprd": 60.89148269104643, "w": 19, "l": 13, "coil": null}, "gen9randombattle": {"elo": 1105.1050600450008, "gxe": 41.8, "rpr": 1437.502476869178, "rprd": 36.54655176283308, "w": 66, "l": 74, "coil": null}}}