{"username": "Gaaraks", "userid": "gaaraks", "registertime": 1414627200, "group": 1, "ratings": {"battlefactory": {"elo": 1000, "gxe": 45, "rpr": 1459.8393856612, "rprd": 122.8583080769, "w": 0, "l": 0, "coil": null}, "gen1randombattle": {"elo": 1229.4478078096, "gxe": 68.6, "rpr": 1651.3724250974, "rprd": 84.29545148421, "w": 14, "l": 6, "coil": null}, "gen7battlefactory": {"elo": 1341.946527293, "gxe": 62.9, "rpr": 1617.4304235109, "rprd": 217.85721095967, "w": 47, "l": 35, "coil": null}, "gen7randombattle": {"elo": 1398.9432287435, "gxe": 66.2, "rpr": 1631.0292916973, "rprd": 95.703837976717, "w": 0, "l": 0, "coil": null}, "gen8monotyperandombattle": {"elo": 1218.5379136724, "gxe": 67.6, "rpr": 1642.3152371314, "rprd": 82.186352307868, "w": 10, "l": 2, "coil": null}, "gen8ou": {"elo": 1428.0951428644, "gxe": 59.3, "rpr": 1583.1350341672, "rprd": 213.33847096439, "w": 0, "l": 0, "coil": null}, "gen8oublitz": {"elo": 1162.0863093662, "gxe": 56.1, "rpr": 1546.9235331398, "rprd": 73.261603060865, "w": 10, "l": 7, "coil": null}, "gen8randombattle": {"elo": 1414.085839958, "gxe": 70.9, "rpr": 1688.3790302864, "rprd": 176.58482050124, "w": 0, "l": 0, "coil": null}, "gen8reevolution": {"elo": 1153.0300544445, "gxe": 57.9, "rpr": 1562.0984281068, "rprd": 90.826241608554, "w": 6, "l": 3, "coil": null}, "gen9anythinggoes": {"elo": 1000, "gxe": 43.2, "rpr": 1445.1868079862672, "rprd": 122.50377129001362, "w": 0, "l": 0, "coil": null}, "gen9natdexcamovechaos": {"elo": 1171.3700336158, "gxe": 58.2, "rpr": 1564.1981203841, "rprd": 86.93588475391, "w": 25, "l": 19, "coil": null}, "gen9randombattle": {"elo": 2100.056022033012, "gxe": 84.3, "rpr": 1817.3815142924432, "rprd": 25.13914755717731, "w": 5572, "l": 5230, "coil": null}, "hackmonscup": {"elo": 1000, "gxe": 45, "rpr": 1459.8393856612, "rprd": 122.8583080769, "w": 0, "l": 0, "coil": null}, "ou": {"elo": 1399.7278020163, "gxe": 68, "rpr": 1648.8852188318, "rprd": 109.49444580354, "w": 89, "l": 63, "coil": null}}}