{"username": "gabezgod", "userid": "gabezgod", "registertime": 1626739200, "group": 1, "ratings": {"gen2randombattle": {"elo": 1000, "gxe": 45, "rpr": 1459.8393856612, "rprd": 122.8583080769, "w": 0, "l": 1, "coil": null}, "gen3randombattle": {"elo": 1113.9809372713, "gxe": 53.9, "rpr": 1530.9577945322, "rprd": 110.3567383078, "w": 6, "l": 4, "coil": null}, "gen4randombattle": {"elo": 1068.8660191206, "gxe": 54, "rpr": 1531.3194925977, "rprd": 110.73448552909, "w": 2, "l": 1, "coil": null}, "gen8ou": {"elo": 1042.0689842096, "gxe": 38.9, "rpr": 1409.0165820125, "rprd": 129.55134574596, "w": 4, "l": 7, "coil": null}, "gen8randombattle": {"elo": 1110.6918695173, "gxe": 50, "rpr": 1500.244056828, "rprd": 49.901899676414, "w": 310, "l": 548, "coil": null}, "gen8randomdoublesbattle": {"elo": 1264.7717271993, "gxe": 56.8, "rpr": 1560.3183661385, "rprd": 207.75912008379, "w": 52, "l": 40, "coil": null}, "gen9doublesou": {"elo": 1271.3929337107318, "gxe": 51.5, "rpr": 1511.2914284426188, "rprd": 47.066650879244094, "w": 89, "l": 80, "coil": null}, "gen9doublesubers": {"elo": 1040.4539151583908, "gxe": 46.5, "rpr": 1472.0358881203842, "rprd": 110.8427268503281, "w": 1, "l": 2, "coil": null}, "gen9legendszaou": {"elo": 1000, "gxe": 43.6, "rpr": 1448.387722796724, "rprd": 123.07142248323117, "w": 0, "l": 1, "coil": null}, "gen9nationaldexubers": {"elo": 1029.8768228589436, "gxe": 41.7, "rpr": 1433.5723095888309, "rprd": 117.30861468169519, "w": 1, "l": 2, "coil": null}, "gen9ou": {"elo": 1125.1095980475525, "gxe": 50.1, "rpr": 1500.7458975461077, "rprd": 112.69882221895627, "w": 24, "l": 20, "coil": null}, "gen9randombattle": {"elo": 1553.8153231107487, "gxe": 67.9, "rpr": 1642.089979273587, "rprd": 51.387436172000214, "w": 326, "l": 302, "coil": null}, "gen9randombattleblitz": {"elo": 1019.4197853709462, "gxe": 33, "rpr": 1365.2500617868373, "rprd": 59.38898899680141, "w": 11, "l": 22, "coil": null}, "gen9randomdoublesbattle": {"elo": 1594.8903891923655, "gxe": 69.4, "rpr": 1654.9490746663048, "rprd": 46.48456220972001, "w": 381, "l": 351, "coil": null}}}