{"username": "GabrielTaq", "userid": "gabrieltaq", "registertime": 1781395200, "group": 1, "ratings": {"gen9randombattle": {"elo": 1000, "gxe": 29.2, "rpr": 1330.4339092906723, "rprd": 63.73178939745762, "w": 7, "l": 19, "coil": null}}}