{"username": "Galaxykel", "userid": "galaxykel", "registertime": 1682035200, "group": 1, "ratings": {"gen8joltemonsrandombattle": {"elo": 1031.5643663393, "gxe": 44.2, "rpr": 1453.9239411664, "rprd": 116.21385016671, "w": 1, "l": 2, "coil": null}, "gen8monotyperandombattle": {"elo": 1043.2289287155, "gxe": 54.5, "rpr": 1536.2441590729, "rprd": 122.57029768815, "w": 1, "l": 0, "coil": null}, "gen8randombattle": {"elo": 1079.761543996, "gxe": 46, "rpr": 1468.0175117906, "rprd": 116.55587508556, "w": 7, "l": 6, "coil": null}, "gen8randombattlemayhem": {"elo": 1000, "gxe": 45, "rpr": 1459.8393856612, "rprd": 122.8583080769, "w": 0, "l": 1, "coil": null}, "gen8randomdoublesbattle": {"elo": 1036.7564704928398, "gxe": 43.5, "rpr": 1447.7943906726948, "rprd": 130, "w": 1, "l": 2, "coil": null}, "gen9b6p4randomdoublesbattlebo3": {"elo": 1040, "gxe": 52.1, "rpr": 1516.7115436259655, "rprd": 124.91296515824142, "w": 1, "l": 0, "coil": null}, "gen9babyrandombattle": {"elo": 1040, "gxe": 55, "rpr": 1540.1606143390134, "rprd": 122.85830807679145, "w": 1, "l": 0, "coil": null}, "gen9computergeneratedteams": {"elo": 1000, "gxe": 42.4, "rpr": 1438.7083309083766, "rprd": 123.89576306362403, "w": 0, "l": 2, "coil": null}, "gen9fusionevolutionrandombattle": {"elo": 1070.1028089042, "gxe": 59, "rpr": 1572.5671258289, "rprd": 120.16487184781, "w": 2, "l": 0, "coil": null}, "gen9godlygiftrandombattle": {"elo": 1000, "gxe": 45, "rpr": 1459.8393856609866, "rprd": 122.85830807679145, "w": 0, "l": 1, "coil": null}, "gen9hackmonscup": {"elo": 1000, "gxe": 45, "rpr": 1459.8393856609866, "rprd": 122.85830807679145, "w": 0, "l": 1, "coil": null}, "gen9monkeyspawrandombattle": {"elo": 1051.9268803009268, "gxe": 50, "rpr": 1500, "rprd": 106.91164920533053, "w": 2, "l": 2, "coil": null}, "gen9monotyperandombattle": {"elo": 1091.6408069127406, "gxe": 44.9, "rpr": 1460.8878616464342, "rprd": 67.43642011077876, "w": 78, "l": 84, "coil": null}, "gen9partnersincrimerandombattle6moves": {"elo": 1027.3754484765886, "gxe": 49.6, "rpr": 1496.8614431084616, "rprd": 116.73433117224752, "w": 1, "l": 1, "coil": null}, "gen9pickyourteamrandombattle": {"elo": 1067.29592275501, "gxe": 53.4, "rpr": 1526.9073284364172, "rprd": 112.38812405185367, "w": 2, "l": 1, "coil": null}, "gen9randombattle": {"elo": 1249.5721977952078, "gxe": 51.7, "rpr": 1512.6701750989785, "rprd": 42.686565699918646, "w": 684, "l": 696, "coil": null}, "gen9randombattleblitz": {"elo": 1173.1793746194298, "gxe": 61.4, "rpr": 1591.2561260975845, "rprd": 105.55322606276583, "w": 7, "l": 3, "coil": null}, "gen9randombattlemayhem": {"elo": 1013.885676119009, "gxe": 40.7, "rpr": 1424.5542063074831, "rprd": 130, "w": 1, "l": 3, "coil": null}, "gen9randombattlepotd": {"elo": 1045.1947662165, "gxe": 55, "rpr": 1540.1606143388, "rprd": 123.22070420879, "w": 1, "l": 0, "coil": null}, "gen9randomdoublesbattle": {"elo": 1192.880131232205, "gxe": 50.4, "rpr": 1502.8412045704854, "rprd": 74.83962304431822, "w": 52, "l": 50, "coil": null}, "gen9randomroulette": {"elo": 1040, "gxe": 55, "rpr": 1540.1606143390134, "rprd": 122.85830807679145, "w": 1, "l": 0, "coil": null}}}