{"username": "Gamen", "userid": "gamen", "registertime": 1655078400, "group": 1, "ratings": {"gen1ou": {"elo": 1037.4402251741, "gxe": 50.9, "rpr": 1507.110547069, "rprd": 116.49631754927, "w": 0, "l": 0, "coil": null}, "gen4randombattle": {"elo": 1000, "gxe": 46.9, "rpr": 1475.5076177806, "rprd": 123.27231257554, "w": 0, "l": 1, "coil": null}, "gen5randombattle": {"elo": 1051.8364042827, "gxe": 55, "rpr": 1540.1606143388, "rprd": 122.8583080769, "w": 0, "l": 0, "coil": null}, "gen6randombattle": {"elo": 1039.4561268649, "gxe": 41.4, "rpr": 1430.2723175445, "rprd": 130, "w": 0, "l": 0, "coil": null}, "gen7ou": {"elo": 1077.7715066068, "gxe": 54.3, "rpr": 1533.7599897463, "rprd": 108.46144014958, "w": 0, "l": 0, "coil": null}, "gen7randombattle": {"elo": 1040, "gxe": 55, "rpr": 1540.1606143388, "rprd": 122.8583080769, "w": 0, "l": 0, "coil": null}, "gen81v1": {"elo": 1460.6870465495, "gxe": 65.3, "rpr": 1640.9200588009, "rprd": 215.60990541423, "w": 66, "l": 34, "coil": null}, "gen8doublesou": {"elo": 1071.1328803848, "gxe": 54.7, "rpr": 1537.6097030712, "rprd": 110.67069402631, "w": 0, "l": 0, "coil": null}, "gen8ou": {"elo": 1410.5145552768, "gxe": 66, "rpr": 1646.4230303564, "rprd": 210.90721903558, "w": 78, "l": 77, "coil": null}, "gen8oublitz": {"elo": 1295.840774636, "gxe": 68.1, "rpr": 1645.3155341012, "rprd": 65.658750412315, "w": 29, "l": 16, "coil": null}, "gen8randombattle": {"elo": 1223.9429798778, "gxe": 48.7, "rpr": 1490.2263526649, "rprd": 67.09198133662, "w": 27, "l": 31, "coil": null}, "gen8randomdoublesbattle": {"elo": 1014.7503689906, "gxe": 31.6, "rpr": 1324.2978792844, "rprd": 233.37680400884, "w": 1, "l": 7, "coil": null}, "gen91v1": {"elo": 1048.135654586598, "gxe": 45.7, "rpr": 1466.0930321978972, "rprd": 105.61054573537142, "w": 1, "l": 3, "coil": null}, "gen9doublesou": {"elo": 1198.326291198, "gxe": 56.5, "rpr": 1549.9211186476, "rprd": 53.752062929939, "w": 23, "l": 15, "coil": null}, "gen9monotype": {"elo": 1116.2992318932295, "gxe": 54.5, "rpr": 1535.6244445913433, "rprd": 97.71616518509455, "w": 4, "l": 2, "coil": 1730.2671466453376}, "gen9nationaldex": {"elo": 1029.3817851674942, "gxe": 50, "rpr": 1500, "rprd": 116.77753930629355, "w": 1, "l": 1, "coil": null}, "gen9ou": {"elo": 1409.154908782462, "gxe": 59.7, "rpr": 1574.53500442833, "rprd": 55.845616814455305, "w": 1520, "l": 1461, "coil": null}, "gen9randombattle": {"elo": 1791.5522520679892, "gxe": 77.7, "rpr": 1735.139183728529, "rprd": 31.829869630793986, "w": 1087, "l": 970, "coil": null}, "gen9randombattleblitz": {"elo": 1321.044437058624, "gxe": 47.7, "rpr": 1481.6338613450991, "rprd": 115.06521658131693, "w": 252, "l": 244, "coil": null}, "gen9randomdoublesbattle": {"elo": 1000, "gxe": 44.5, "rpr": 1456.1881404159049, "rprd": 121.85433379379066, "w": 0, "l": 1, "coil": null}, "gen9ubers": {"elo": 1116.6629544809782, "gxe": 56.6, "rpr": 1552.567936248113, "rprd": 114.8200868655163, "w": 6, "l": 3, "coil": null}, "gen9uu": {"elo": 1000, "gxe": 44.5, "rpr": 1456.1219530511185, "rprd": 121.8682815602899, "w": 0, "l": 1, "coil": null}}}