{"username": "gasolfaria", "userid": "gasolfaria", "registertime": 1455062400, "group": 1, "ratings": {"gen1randombattle": {"elo": 1186.4211909759, "gxe": 67.4, "rpr": 1640.1147220227, "rprd": 78.686435263828, "w": 11, "l": 4, "coil": null}, "gen6ou": {"elo": 1118.9961930424, "gxe": 62, "rpr": 1596.5901854389, "rprd": 112.32422539718, "w": 3, "l": 0, "coil": null}, "gen6uu": {"elo": 1000, "gxe": 45, "rpr": 1459.8393856612, "rprd": 122.8583080769, "w": 0, "l": 1, "coil": null}, "gen71v1": {"elo": 1068.6619873302, "gxe": 44.9, "rpr": 1458.6781554055, "rprd": 125.39696666427, "w": 4, "l": 6, "coil": null}, "gen7monotype": {"elo": 1000, "gxe": 44.2, "rpr": 1453.4415063856, "rprd": 121.9032191396, "w": 0, "l": 1, "coil": null}, "gen7nu": {"elo": 1027.380263446, "gxe": 47.5, "rpr": 1480.0668117356, "rprd": 116.84803848046, "w": 1, "l": 1, "coil": null}, "gen7ou": {"elo": 1184.7999355839, "gxe": 56.4, "rpr": 1549.2286700106, "rprd": 72.174746836738, "w": 16, "l": 10, "coil": null}, "gen7randombattle": {"elo": 1499.6627266142, "gxe": 72.3, "rpr": 1713.9180110602, "rprd": 217.56745635029, "w": 1368, "l": 1204, "coil": null}, "gen7randomdoublesbattle": {"elo": 1417.5157724226, "gxe": 66.3, "rpr": 1629.3627665076, "rprd": 61.234198629851, "w": 165, "l": 157, "coil": null}, "gen7uu": {"elo": 1104.8475714034, "gxe": 47.9, "rpr": 1482.8762577684, "rprd": 129.43027183407, "w": 6, "l": 5, "coil": null}, "gen7vgc2017": {"elo": 1225.3049514851, "gxe": 51.9, "rpr": 1517.2083596958, "rprd": 217.0365718415, "w": 361, "l": 348, "coil": null}, "gen7vgc2018": {"elo": 1305.3157049322, "gxe": 50.8, "rpr": 1506.8226599677, "rprd": 216.93826560436, "w": 238, "l": 230, "coil": null}, "gen8metronomebattle": {"elo": 1000, "gxe": 43.8, "rpr": 1450.4265490398, "rprd": 122.04434053574, "w": 0, "l": 1, "coil": null}, "gen8monotyperandombattle": {"elo": 1047.4653725542, "gxe": 56, "rpr": 1548.0619107893, "rprd": 122.79498225763, "w": 1, "l": 0, "coil": null}, "gen8randombattle": {"elo": 1424.3888179178, "gxe": 72, "rpr": 1698.1212804289, "rprd": 171.16002285773, "w": 1364, "l": 1217, "coil": null}, "gen8randombattleblitz": {"elo": 1044.0831539183, "gxe": 54.7, "rpr": 1537.8270288891, "rprd": 121.90839036234, "w": 1, "l": 0, "coil": null}, "gen8randomdoublesbattle": {"elo": 1499.5058955095, "gxe": 67.9, "rpr": 1647.1846682068, "rprd": 102.56830637525, "w": 153, "l": 133, "coil": null}, "gen8vgc2020": {"elo": 1136.1220901015, "gxe": 41.5, "rpr": 1433.5944072589, "rprd": 76.676513370609, "w": 52, "l": 59, "coil": null}, "gen8vgc2022": {"elo": 1194.6845773969, "gxe": 48.8, "rpr": 1489.6589352972, "rprd": 214.18844958977, "w": 119, "l": 112, "coil": null}, "gen9championsrandombattle": {"elo": 1104.9304929282466, "gxe": 55.8, "rpr": 1544.9705996160512, "rprd": 81.10956488249953, "w": 8, "l": 6, "coil": null}, "gen9championsvgc2026regmb": {"elo": 1043.565276168556, "gxe": 43, "rpr": 1445.9867192970064, "rprd": 77.27266802202885, "w": 6, "l": 9, "coil": null}, "gen9doublesou": {"elo": 1083.6554453548, "gxe": 57.7, "rpr": 1560.8234906758, "rprd": 106.91164920561, "w": 3, "l": 1, "coil": null}, "gen9ou": {"elo": 1000, "gxe": 45, "rpr": 1459.8393856612, "rprd": 122.8583080769, "w": 0, "l": 1, "coil": null}, "gen9randombattle": {"elo": 1659.9016705559882, "gxe": 72.1, "rpr": 1679.849953138748, "rprd": 36.75066600549339, "w": 1329, "l": 1188, "coil": null}, "gen9randombattleblitz": {"elo": 1099.2612807297296, "gxe": 61.3, "rpr": 1592.1461475747972, "rprd": 130, "w": 3, "l": 0, "coil": null}, "gen9vgc2023regulatione": {"elo": 1167.5269837210346, "gxe": 49.1, "rpr": 1492.8953274705798, "rprd": 50.6330046576569, "w": 61, "l": 55, "coil": null}, "gen9vgc2024regf": {"elo": 1116.6979150583152, "gxe": 46.1, "rpr": 1470.454295435058, "rprd": 57.25008121223729, "w": 24, "l": 24, "coil": null}, "gen9vgc2024regg": {"elo": 1180.4992413447908, "gxe": 49.3, "rpr": 1494.344849127398, "rprd": 27.72966971340795, "w": 236, "l": 243, "coil": null}, "gen9vgc2024reggbo3": {"elo": 1040, "gxe": 55, "rpr": 1540.1606143390134, "rprd": 122.85830807679145, "w": 1, "l": 0, "coil": null}, "gen9vgc2024regh": {"elo": 1325.0920075822235, "gxe": 51, "rpr": 1507.418961135255, "rprd": 30.092758858793918, "w": 139, "l": 123, "coil": null}, "gen9vgc2025regg": {"elo": 1406.2889898523663, "gxe": 52.5, "rpr": 1518.738083110261, "rprd": 25, "w": 180, "l": 171, "coil": null}, "gen9vgc2025regi": {"elo": 1479.052230284272, "gxe": 61.8, "rpr": 1591.3668307853247, "rprd": 49.15918998993768, "w": 138, "l": 113, "coil": null}, "gen9vgc2025regj": {"elo": 1316.9353768040642, "gxe": 56.4, "rpr": 1548.6974538021987, "rprd": 56.186192400907466, "w": 105, "l": 92, "coil": null}, "gen9vgc2026regf": {"elo": 1371.9242398940744, "gxe": 58.4, "rpr": 1564.3374393533645, "rprd": 51.38814579894022, "w": 69, "l": 56, "coil": null}, "gen9vgc2026regi": {"elo": 1303.0126153533877, "gxe": 57.9, "rpr": 1560.5684233439965, "rprd": 45.73867162779943, "w": 59, "l": 47, "coil": null}, "nu": {"elo": 1309.4143717759, "gxe": 70.6, "rpr": 1668.9196903447, "rprd": 79.228497419059, "w": 18, "l": 9, "coil": null}, "ou": {"elo": 1209.1681134479, "gxe": 52.1, "rpr": 1515.9620159045, "rprd": 69.944667810253, "w": 56, "l": 49, "coil": null}, "randomdoublesbattle": {"elo": 1418.3083202206, "gxe": 67.6, "rpr": 1638.8562312896, "rprd": 40.022005599512, "w": 81, "l": 60, "coil": null}, "randomtriplesbattle": {"elo": 1163.61526947, "gxe": 64.4, "rpr": 1615.7165509128, "rprd": 97.05433810138, "w": 6, "l": 1, "coil": null}, "ru": {"elo": 1196.9162308499, "gxe": 62.9, "rpr": 1601.2654466529, "rprd": 75.781270801434, "w": 21, "l": 12, "coil": null}, "uu": {"elo": 1222.712395719, "gxe": 58.1, "rpr": 1563.5719694002, "rprd": 96.062814073994, "w": 237, "l": 208, "coil": null}, "vgc2016": {"elo": 1196.9531665436, "gxe": 49.8, "rpr": 1498.7638099961, "rprd": 61.158313640083, "w": 81, "l": 78, "coil": null}}}