{"username": "Gatobas", "userid": "gatobas", "registertime": 1753401600, "group": 1, "ratings": {"gen9randombattle": {"elo": 1000, "gxe": 37, "rpr": 1393.7484014005452, "rprd": 123.10538012731722, "w": 0, "l": 3, "coil": null}}}