{"username": "gbbrbybrbrbygn", "userid": "gbbrbybrbrbygn", "registertime": 0, "group": 0, "ratings": {"gen9randombattle": {"elo": 1105.2283032616772, "gxe": 58.8, "rpr": 1569.6318666698276, "rprd": 101.69452481473435, "w": 4, "l": 1, "coil": null}}}