{"username": "gdkformeforfree", "userid": "gdkformeforfree", "registertime": 1774137600, "group": 1, "ratings": {"gen9randombattle": {"elo": 1406.2379348648692, "gxe": 58.2, "rpr": 1562.8215173090455, "rprd": 50.73665937598225, "w": 137, "l": 118, "coil": null}}}