{"username": "getownedpunk", "userid": "getownedpunk", "registertime": 0, "group": 0, "ratings": {"gen9randombattle": {"elo": 1561.8911070498564, "gxe": 65.6, "rpr": 1621.7318323347013, "rprd": 34.89090769083711, "w": 445, "l": 421, "coil": null}}}