{"username": "gggzsms", "userid": "gggzsms", "registertime": 1746144000, "group": 1, "ratings": {"gen4randombattle": {"elo": 1000, "gxe": 43.4, "rpr": 1447.310786289665, "rprd": 122.25567163398459, "w": 0, "l": 1, "coil": null}, "gen91v1factory": {"elo": 1184.9531518436174, "gxe": 47.8, "rpr": 1483.6256269857056, "rprd": 31.323977439240092, "w": 316, "l": 359, "coil": null}, "gen9almostanyability": {"elo": 1034.6386231252739, "gxe": 39, "rpr": 1413.001686228293, "rprd": 84.87779167190237, "w": 3, "l": 8, "coil": null}, "gen9battlefactory": {"elo": 1038.6909834422117, "gxe": 51.6, "rpr": 1512.4716697379506, "rprd": 116.33635731816877, "w": 1, "l": 1, "coil": null}, "gen9championsrandombattle": {"elo": 1201.4543689559946, "gxe": 59.9, "rpr": 1575.4534413465567, "rprd": 35.29471816860903, "w": 63, "l": 52, "coil": null}, "gen9megainvasionrandombattle": {"elo": 1040, "gxe": 55, "rpr": 1540.1606143390134, "rprd": 122.85830807679145, "w": 1, "l": 0, "coil": null}, "gen9monotype": {"elo": 1198.5658348835311, "gxe": 56.4, "rpr": 1548.857461535091, "rprd": 30.498331109544793, "w": 121, "l": 112, "coil": 2242.617190457493}, "gen9ou": {"elo": 1029.4362196464872, "gxe": 33, "rpr": 1360.7603295010847, "rprd": 105.90339139671478, "w": 1, "l": 5, "coil": null}, "gen9pokebilitiesaaa": {"elo": 1136.651620888866, "gxe": 46.4, "rpr": 1472.9663466969514, "rprd": 41.43721569246882, "w": 146, "l": 142, "coil": null}, "gen9randombattle": {"elo": 1864.4194634429748, "gxe": 78.3, "rpr": 1742.443647630068, "rprd": 27.89412964785582, "w": 3811, "l": 3770, "coil": null}, "gen9randomdoublesbattle": {"elo": 1000, "gxe": 45, "rpr": 1459.8393856609866, "rprd": 122.85830807679145, "w": 0, "l": 1, "coil": null}, "gen9ru": {"elo": 1104.2516611099913, "gxe": 56.9, "rpr": 1554.3495033841527, "rprd": 89.11509460478162, "w": 5, "l": 4, "coil": 1327.5100470376206}, "gen9sharedpower": {"elo": 1047.5532977441478, "gxe": 53.2, "rpr": 1525.4915344141418, "rprd": 123.79082961497424, "w": 1, "l": 0, "coil": null}, "gen9uu": {"elo": 1083.4607038027075, "gxe": 50.5, "rpr": 1504.2895496342448, "rprd": 97.60051499558394, "w": 3, "l": 3, "coil": null}}}