{"username": "ggstarmie", "userid": "ggstarmie", "registertime": 1444262400, "group": 1, "ratings": {"doublesou": {"elo": 1103.4635584771, "gxe": 48.6, "rpr": 1489.5234285597, "rprd": 83.215845372864, "w": 7, "l": 7, "coil": null}, "gen1randombattle": {"elo": 1040, "gxe": 55.1, "rpr": 1541.5585900125, "rprd": 130, "w": 1, "l": 1, "coil": null}, "gen6tripleschallengecup": {"elo": 1039.1819646257377, "gxe": 50.5, "rpr": 1504.043973169231, "rprd": 116.17294905961234, "w": 1, "l": 1, "coil": null}, "gen7battlefactory": {"elo": 1165.7895329655, "gxe": 57.1, "rpr": 1565.2395393918, "rprd": 232.53381579005, "w": 13, "l": 9, "coil": null}, "gen7bssfactory": {"elo": 1114.0948793598, "gxe": 56.1, "rpr": 1548.3993891114, "rprd": 116.78746539541, "w": 8, "l": 7, "coil": null}, "gen7challengecup1v1": {"elo": 1085.7304464513, "gxe": 47.9, "rpr": 1483.6693247238, "rprd": 94.34739053812, "w": 11, "l": 11, "coil": null}, "gen7hackmonscup": {"elo": 1272.8684239959, "gxe": 65.3, "rpr": 1621.3606039639, "rprd": 67.469709083743, "w": 83, "l": 84, "coil": null}, "gen7lc": {"elo": 1000, "gxe": 35.8, "rpr": 1385.923680614, "rprd": 98.395065614538, "w": 1, "l": 5, "coil": null}, "gen7metronomebattle": {"elo": 1192.4199941688, "gxe": 54.3, "rpr": 1532.8152657733, "rprd": 41.158859691632, "w": 263, "l": 302, "coil": null}, "gen7mixandmega": {"elo": 1094.6952818865, "gxe": 45.6, "rpr": 1466.1423539949, "rprd": 78.543974759952, "w": 466, "l": 396, "coil": null}, "gen7monotypebattlefactory": {"elo": 1040.7658542896, "gxe": 49.2, "rpr": 1493.2492405426, "rprd": 116.69988383449, "w": 1, "l": 1, "coil": null}, "gen7monotyperandombattle": {"elo": 1098.6833051187, "gxe": 51.5, "rpr": 1511.863221459, "rprd": 69.016213863011, "w": 13, "l": 10, "coil": null}, "gen7nu": {"elo": 1000, "gxe": 30.1, "rpr": 1335.0015831853, "rprd": 97.944011597403, "w": 1, "l": 8, "coil": null}, "gen7ou": {"elo": 1099.2553902661, "gxe": 41.6, "rpr": 1435.0640593138, "rprd": 72.434900225098, "w": 249, "l": 298, "coil": null}, "gen7pickyourteamrandombattle": {"elo": 1157.2000526028, "gxe": 57.9, "rpr": 1560.6136663852, "rprd": 38.167921941978, "w": 57, "l": 54, "coil": null}, "gen7pu": {"elo": 1044.0658023034, "gxe": 37.7, "rpr": 1400.1598848771, "rprd": 117.52352871202, "w": 2, "l": 5, "coil": null}, "gen7randombattle": {"elo": 1405.2685762047, "gxe": 67.2, "rpr": 1642.1596556664, "rprd": 117.62574584638, "w": 216, "l": 194, "coil": null}, "gen7randomdoublesbattle": {"elo": 1177.426426075, "gxe": 58.9, "rpr": 1572.5314277789, "rprd": 130, "w": 10, "l": 9, "coil": null}, "gen7ru": {"elo": 1011.149064743, "gxe": 30.5, "rpr": 1313.2546147517, "rprd": 229.75225048199, "w": 2, "l": 11, "coil": null}, "gen7superstaffbrosbrawl": {"elo": 1000, "gxe": 41.1, "rpr": 1427.8065833579, "rprd": 130, "w": 0, "l": 2, "coil": null}, "gen7ubers": {"elo": 1166.7428304751, "gxe": 50.3, "rpr": 1502.6873035202, "rprd": 102.75711642367, "w": 36, "l": 33, "coil": null}, "gen7uu": {"elo": 1063.2411736539, "gxe": 44.3, "rpr": 1454.129958036, "rprd": 127.35387002891, "w": 14, "l": 15, "coil": null}, "gen8bdspdoublesou": {"elo": 1036.420275026, "gxe": 37.4, "rpr": 1400.4543397788, "rprd": 86.279139119013, "w": 4, "l": 9, "coil": null}, "gen8bdspmonotype": {"elo": 1080.3714650953, "gxe": 51.4, "rpr": 1510.932956181, "rprd": 111.79890597625, "w": 2, "l": 1, "coil": null}, "gen8bdsprandombattle": {"elo": 1153.6974532851, "gxe": 52.2, "rpr": 1516.4368890727, "rprd": 48.595303701454, "w": 366, "l": 343, "coil": null}, "gen8challengecup1v1": {"elo": 1075.6634532114, "gxe": 42.2, "rpr": 1437.5079073591, "rprd": 117.17612430774, "w": 4, "l": 4, "coil": null}, "gen8doublesou": {"elo": 1000, "gxe": 33.1, "rpr": 1359.1301992188, "rprd": 127.4115846141, "w": 0, "l": 3, "coil": null}, "gen8hackmonscup": {"elo": 1251.8947671017, "gxe": 64.1, "rpr": 1612.0082771624, "rprd": 84.507993774606, "w": 29, "l": 22, "coil": null}, "gen8joltemonsrandombattle": {"elo": 1000, "gxe": 45, "rpr": 1459.8393856609866, "rprd": 122.85830807679145, "w": 0, "l": 1, "coil": null}, "gen8metronomebattle": {"elo": 1256.0311048114, "gxe": 56.7, "rpr": 1551.0690788758, "rprd": 49.152703367041, "w": 105, "l": 87, "coil": null}, "gen8mixandmega": {"elo": 1002.1169132103, "gxe": 39.8, "rpr": 1421.0213345303, "rprd": 54.132941754338, "w": 124, "l": 194, "coil": null}, "gen8monotyperandombattle": {"elo": 1366.2536280168, "gxe": 63.8, "rpr": 1608.3024716166, "rprd": 60.238099570805, "w": 127, "l": 122, "coil": null}, "gen8nationaldexuu": {"elo": 1026.2955508738, "gxe": 29.5, "rpr": 1305.138231546, "rprd": 217.95287869263, "w": 35, "l": 106, "coil": null}, "gen8nu": {"elo": 1000, "gxe": 28.7, "rpr": 1323.4615646662, "rprd": 86.76111845893, "w": 1, "l": 10, "coil": null}, "gen8ou": {"elo": 1053.6421294786, "gxe": 33.5, "rpr": 1369.7463908525, "rprd": 50.109313129047, "w": 334, "l": 565, "coil": null}, "gen8oublitz": {"elo": 1028.8776323432, "gxe": 35.4, "rpr": 1381.7989991668, "rprd": 101.4570537349, "w": 2, "l": 6, "coil": null}, "gen8randombattle": {"elo": 1335.2091443378, "gxe": 53.4, "rpr": 1526.4527401246, "rprd": 81.007069223423, "w": 330, "l": 316, "coil": null}, "gen8randombattleblitz": {"elo": 1077.5284855785, "gxe": 50.2, "rpr": 1501.8143023916, "rprd": 76.373239027698, "w": 8, "l": 7, "coil": null}, "gen8randombattlemayhem": {"elo": 1125.1237547203, "gxe": 51, "rpr": 1507.9452709156, "rprd": 112.48215877473, "w": 12, "l": 11, "coil": null}, "gen8randomdoublesbattle": {"elo": 1499.5060609865, "gxe": 68.2, "rpr": 1661.6146877167, "rprd": 175.49556742553, "w": 3452, "l": 3300, "coil": null}, "gen8roulettemonsrandombattle": {"elo": 1070.1028089042, "gxe": 59.2, "rpr": 1573.7405301763, "rprd": 118.84600216437, "w": 2, "l": 0, "coil": null}, "gen8ru": {"elo": 1041.416080041, "gxe": 22.7, "rpr": 1224.6319823014, "rprd": 222.023827639, "w": 25, "l": 107, "coil": null}, "gen8ubers": {"elo": 1030.0797855286, "gxe": 44.5, "rpr": 1450.5867437356, "rprd": 219.66295193368, "w": 171, "l": 190, "coil": null}, "gen8uu": {"elo": 1054.7982075999, "gxe": 27, "rpr": 1278.3855430095, "rprd": 215.71977176573, "w": 70, "l": 204, "coil": null}, "gen8vgc2021": {"elo": 1097.7655682715, "gxe": 33.1, "rpr": 1366.8717722256, "rprd": 35.170903722862, "w": 74, "l": 128, "coil": null}, "gen8vgc2021series10": {"elo": 1046.1892186715, "gxe": 26.5, "rpr": 1306.3642058708, "rprd": 47.715958822878, "w": 21, "l": 49, "coil": null}, "gen8vgc2021series11": {"elo": 1063.4212553029, "gxe": 43.6, "rpr": 1450.5082652279, "rprd": 85.581650698805, "w": 8, "l": 10, "coil": null}, "gen8vgc2021series9": {"elo": 1081.1099482529, "gxe": 45.4, "rpr": 1463.790985955, "rprd": 107.29601485107, "w": 3, "l": 4, "coil": null}, "gen9bssregg": {"elo": 1000, "gxe": 45.9, "rpr": 1467.1721929784474, "rprd": 122.42952739078511, "w": 0, "l": 1, "coil": null}, "gen9challengecup2v2": {"elo": 1054.6535537680463, "gxe": 57.6, "rpr": 1561.2934391015647, "rprd": 123.0746628362718, "w": 1, "l": 0, "coil": null}, "gen9championsrandombattle": {"elo": 1428.0074982512651, "gxe": 72, "rpr": 1679.6123684312092, "rprd": 48.57850531815373, "w": 34, "l": 15, "coil": null}, "gen9computergeneratedteams": {"elo": 1112.607053981019, "gxe": 63.1, "rpr": 1608.2526703369379, "rprd": 130, "w": 8, "l": 5, "coil": null}, "gen9draftfactory": {"elo": 1049.692452910797, "gxe": 53, "rpr": 1523.7760253337078, "rprd": 116.42717309126435, "w": 1, "l": 1, "coil": null}, "gen9megainvasionrandombattle": {"elo": 1569.2328343853, "gxe": 81.4, "rpr": 1781.4892875499, "rprd": 56.162173685023, "w": 31, "l": 5, "coil": null}, "gen9mixandmegacup": {"elo": 1062.5386204009917, "gxe": 54.2, "rpr": 1532.9665151851996, "rprd": 88.92009383479909, "w": 5, "l": 4, "coil": null}, "gen9monotyperandombattle": {"elo": 1229.7185992690438, "gxe": 61.9, "rpr": 1592.7314702718152, "rprd": 67.53456142267211, "w": 19, "l": 11, "coil": null}, "gen9partnersincrimerandombattle6moves": {"elo": 1061.8347544205012, "gxe": 56.3, "rpr": 1550.821701501062, "rprd": 122.28997053507537, "w": 1, "l": 0,