{"username": "Gin X Tonic", "userid": "ginxtonic", "registertime": 1760832000, "group": 1, "ratings": {"gen9championsrandombattle": {"elo": 1000, "gxe": 45.3, "rpr": 1462.0404755632303, "rprd": 121.93886916131531, "w": 0, "l": 1, "coil": null}, "gen9randombattle": {"elo": 2283.036964052456, "gxe": 87.5, "rpr": 1866.4414131814792, "rprd": 26.199271987275704, "w": 731, "l": 587, "coil": null}}}