{"username": "Glinteighty", "userid": "glinteighty", "registertime": 1650067200, "group": 1, "ratings": {"gen6purehackmons": {"elo": 1060.1212527497073, "gxe": 51.9, "rpr": 1515.3159928102675, "rprd": 111.48851170763976, "w": 2, "l": 1, "coil": null}, "gen7pokebilitiesrandombattle": {"elo": 1000, "gxe": 45, "rpr": 1459.8393856609866, "rprd": 122.85830807679145, "w": 0, "l": 1, "coil": null}, "gen7purehackmons": {"elo": 1032.1035305952298, "gxe": 47.2, "rpr": 1477.9956428831426, "rprd": 118.46436880186997, "w": 1, "l": 1, "coil": null}, "gen8almostanyability": {"elo": 1041.1280750251, "gxe": 48.9, "rpr": 1491.3246978802, "rprd": 115.54720884718, "w": 1, "l": 1, "coil": null}, "gen8battlefactory": {"elo": 1014.847651901837, "gxe": 31.5, "rpr": 1343.5474169539393, "rprd": 130, "w": 1, "l": 5, "coil": null}, "gen8battlestadiumdoublesseries13": {"elo": 1078.4979966704, "gxe": 43.4, "rpr": 1449.5440701219, "rprd": 53.927152959166, "w": 0, "l": 0, "coil": null}, "gen8bdsprandombattle": {"elo": 1048.6739573187, "gxe": 54.9, "rpr": 1539.0527488943, "rprd": 123.20716727898, "w": 1, "l": 0, "coil": null}, "gen8doublesou": {"elo": 1095.9551537145, "gxe": 46.3, "rpr": 1467.9758931555, "rprd": 187.26676226443, "w": 39, "l": 40, "coil": null}, "gen8doublesuu": {"elo": 1064.2451851651, "gxe": 52.1, "rpr": 1516.7804510694, "rprd": 105.89900295461, "w": 2, "l": 2, "coil": null}, "gen8ichoosechu": {"elo": 1083.9218544933, "gxe": 53.1, "rpr": 1524.4713888856, "rprd": 97.517029707471, "w": 4, "l": 3, "coil": null}, "gen8joltemonsrandombattle": {"elo": 1029.1297360985, "gxe": 51.8, "rpr": 1514.5144679824, "rprd": 116.93878317826, "w": 1, "l": 1, "coil": null}, "gen8jumpmagikarp": {"elo": 1047.3067764895, "gxe": 50, "rpr": 1500, "rprd": 117.15874601866, "w": 1, "l": 1, "coil": null}, "gen8lc": {"elo": 1183.2631880726, "gxe": 56, "rpr": 1546.1903086877, "rprd": 70.136527593559, "w": 13, "l": 10, "coil": null}, "gen8nationaldexag": {"elo": 1349.0261275266, "gxe": 52.3, "rpr": 1517.547887428, "rprd": 48.325441404031, "w": 193, "l": 171, "coil": null}, "gen8nationaldexmonotype": {"elo": 1072.1490673165, "gxe": 52.6, "rpr": 1520.3477463669, "rprd": 112.21766512838, "w": 2, "l": 1, "coil": null}, "gen8ou": {"elo": 1343.0178410742265, "gxe": 58.1, "rpr": 1563.2712153026903, "rprd": 81.40853495773179, "w": 43, "l": 37, "coil": null}, "gen8oublitz": {"elo": 1046.659255821, "gxe": 54.7, "rpr": 1537.2451450266, "rprd": 121.97450398548, "w": 1, "l": 0, "coil": null}, "gen8randombattle": {"elo": 1337.8792367344, "gxe": 62.3, "rpr": 1595.0898754416, "rprd": 28.956269123051, "w": 598, "l": 593, "coil": null}, "gen8randomdoublesbattle": {"elo": 1129.362028062, "gxe": 57.2, "rpr": 1557.0087179414, "rprd": 102.41374196753, "w": 0, "l": 0, "coil": null}, "gen8superstaffbros4": {"elo": 1041.934378937873, "gxe": 56, "rpr": 1548.3764943546435, "rprd": 130, "w": 1, "l": 1, "coil": null}, "gen8uu": {"elo": 1138.7394208987, "gxe": 50.3, "rpr": 1502.6995265231, "rprd": 189.9179817938, "w": 0, "l": 0, "coil": null}, "gen8vgc2022": {"elo": 1124.6501850039, "gxe": 41.1, "rpr": 1419.6529660947, "rprd": 221.64588020732, "w": 53, "l": 61, "coil": null}, "gen91v1factory": {"elo": 1121.7212273194023, "gxe": 49.9, "rpr": 1499.48862525736, "rprd": 68.55990921481552, "w": 11, "l": 10, "coil": null}, "gen92v2doubles": {"elo": 1039.8410525548, "gxe": 41.4, "rpr": 1432.7232490088, "rprd": 80.763830700922, "w": 5, "l": 9, "coil": null}, "gen9almostanyability": {"elo": 1107.910930735768, "gxe": 50.3, "rpr": 1502.2582782729191, "rprd": 101.77833750928501, "w": 6, "l": 6, "coil": null}, "gen9babyrandombattle": {"elo": 1125.9371004082, "gxe": 56, "rpr": 1549.8370527056, "rprd": 156.64277632139, "w": 7, "l": 5, "coil": null}, "gen9balancedhackmons": {"elo": 1315.2783635449, "gxe": 74.5, "rpr": 1726.3067546376, "rprd": 174.39577511988, "w": 16, "l": 2, "coil": null}, "gen9battlefactory": {"elo": 1091.7778597784175, "gxe": 51.7, "rpr": 1513.9584988083996, "rprd": 122.89822391186497, "w": 18, "l": 20, "coil": null}, "gen9battlestadiumdoubles": {"elo": 1059.3096919672, "gxe": 41.9, "rpr": 1438.1180297795, "rprd": 41.30539390034, "w": 31, "l": 43, "coil": null}, "gen9blueberryprologue": {"elo": 1220.0256951824, "gxe": 59, "rpr": 1568.7610318836, "rprd": 47.687276191789, "w": 42, "l": 27, "coil": null}, "gen9brokencup": {"elo": 1068.331775041, "gxe": 56.6, "rpr": 1552.5783772721, "rprd": 106.45344109641, "w": 3, "l": 1, "coil": null}, "gen9championsvgc2026regma": {"elo": 1099.9060367907946, "gxe": 52, "rpr": 1515.7660711668598, "rprd": 98.08354179101381, "w": 4, "l": 2, "coil": null}, "gen9championsvgc2026regmb": {"elo": 1321.276518171289, "gxe": 59.5, "rpr": 1572.1842300248254, "rprd": 27.742752252958876, "w": 97, "l": 82, "coil": null}, "gen9doublesou": {"elo": 1235.2549432846379, "gxe": 57.5, "rpr": 1558.4595565742281, "rprd": 88.17467082390264, "w": 10, "l": 8, "coil": null}, "gen9fullpotential": {"elo": 1033.0906813619179, "gxe": 38.4, "rpr": 1407.7102850427943, "rprd": 101.56800049134975, "w": 1, "l": 4, "coil": null}, "gen9inheritance": {"elo": 1111.9623888699, "gxe": 46.9, "rpr": 1475.3216727605, "rprd": 100.01252850824, "w": 12, "l": 12, "coil": 1770.708210590857}, "gen9linked": {"elo": 1290.9488138666, "gxe": 69.1, "rpr": 1656.4856210714, "rprd": 87.816237966713, "w": 18, "l": 5, "coil": null}, "gen9monotyperandombattle": {"elo": 1055.7505912205866, "gxe": 55.6, "rpr": 1544.5258566855937, "rprd": 121.82177712773019, "w": 1, "l": 0, "coil": null}, "gen9ou": {"elo": 1421.9571603825, "gxe": 74.4, "rpr": 1705.1482389269, "rprd": 75.778167386421, "w": 442, "l": 377, "coil": null}, "gen9paldeaprologue": {"elo": 1235.2941279981, "gxe": 55.6, "rpr": 1543.0614652801, "rprd": 60.598174998429, "w": 17, "l": 12, "coil": null}, "gen9pokebilities": {"elo": 1068.1461380022, "gxe": 47.4, "rpr": 1477.8364908956, "rprd": 181.54673943252, "w": 3, "l": 3, "coil": null}, "gen9pu": {"elo": 1228.9947097870345, "gxe": 69.1, "rpr": 1656.3881777247059, "rprd": 91.84983773470894, "w": 10, "l": 4, "coil": 1954.4431431996175}, "gen9randombattle": {"elo": 1942.6866912710962, "gxe": 81.8, "rpr": 1783.4114516486966, "rprd": 29.473120028443084, "w": 1336, "l": 1207, "coil": null}, "gen9randombattleblitz": {"elo": 1061.026550569351, "gxe": 44, "rpr": 1452.0151054793275, "rprd": 122.70371846484694, "w": 2, "l": 3, "coil": null}, "gen9randomdoublesbattle": {"elo": 1083.496404079849, "gxe": 59.8, "rpr": 1579.133526456661, "rprd": 116.07845022159395, "w": 2, "l": 0, "coil": null}, "gen9revelationmons": {"elo": 1000, "gxe": 42.6, "rpr": 1440.2558215435783, "rprd": 123.504191865303, "w": 0, "l": 1, "coil": null}, "gen9ru": {"elo": 1107.22719303087, "gxe": 44.1, "rpr": 1452.1653056830055, "rprd": 126.58153560073683, "w": 6, "l": 4, "coil": 1085.8693725702162}, "gen9sharingiscaring": {"elo": 1049.593171684, "gxe": 55, "rpr": 1540.1606143388, "rprd": 123.03963956633, "w": 1, "l": 0, "coil": null}, "gen9stabmons": {"elo": 1135.0149712596, "gxe": 59.3, "rpr": 1575.5467809906, "rprd": 131.18438741194, "w": 5, "l": 2, "coil": null}, "gen9superstaffbrosultimate": {"elo": 1070.102808904164, "gxe": 59.3, "rpr": 1575.4525990966827, "rprd": 121.83801561620469, "w": 2, "l": 0, "coil": null}, "gen9teamstarchallenge": {"elo": 1073.4235932925, "gxe": 45, "rpr": 1461.1871187968, "rprd": 80.96743248665, "w": 7, "l": 10, "coil": null}, "gen9tiershift": {"elo": 1415.6241785923, "gxe": 68.1, "rpr": 1649.3422910502, "rprd": 104.55077354911, "w": 37, "l": 17, "coil": null}, "gen9trademarked": {"elo": 1044.5849307009835, "gxe": 55, "rpr": 1540.1606143390134, "rprd": 122.85830807679145, "w": 1, "l": 0, "coil": null}, "gen9twisteddimension": {"elo": 1044.139578867912, "gxe": 55.2, "rpr": 1541.4269220417639, "rprd": 122.25870937768049, "w": 1, "l": 0, "coil": null}, "gen9ubersuu": {"elo": 1124.1967979003, "gxe": 54.3, "rpr": 1534.2954037956, "rprd": 115.53035736014, "w": 11, "l": 8, "coil": null}, "gen9uu": {"elo": 1242.7532725335404, "gxe": 63.6, "rpr": 1608.6490543968014,