{"username": "Gmailcom1345", "userid": "gmailcom1345", "registertime": 1611273600, "group": 1, "ratings": {"gen3randombattle": {"elo": 1000, "gxe": 33.3, "rpr": 1363.7984560733, "rprd": 102.37200781552, "w": 0, "l": 5, "coil": null}, "gen4randombattle": {"elo": 1220.3295555544, "gxe": 60.5, "rpr": 1580.3794118996, "rprd": 35.223859108239, "w": 79, "l": 73, "coil": null}, "gen5randombattle": {"elo": 1000, "gxe": 45, "rpr": 1459.8393856612, "rprd": 122.8583080769, "w": 0, "l": 1, "coil": null}, "gen8randombattle": {"elo": 1040, "gxe": 37.4, "rpr": 1402.3244633745, "rprd": 53.937719399271, "w": 1287, "l": 1303, "coil": null}, "gen8randomdoublesbattle": {"elo": 1000, "gxe": 45, "rpr": 1459.8393856609866, "rprd": 122.85830807679145, "w": 0, "l": 1, "coil": null}, "gen9randombattle": {"elo": 1352.489516175018, "gxe": 58.4, "rpr": 1563.9856820547275, "rprd": 27.95004269786833, "w": 1494, "l": 1515, "coil": null}, "gen9randombattleblitz": {"elo": 1000, "gxe": 45, "rpr": 1459.8393856609866, "rprd": 122.85830807679145, "w": 0, "l": 1, "coil": null}, "gen9randomdoublesbattle": {"elo": 1122.6338635607704, "gxe": 48.5, "rpr": 1487.975401024555, "rprd": 101.25214675132229, "w": 396, "l": 413, "coil": null}}}