{"username": "Gngbngchoochotrain", "userid": "gngbngchoochotrain", "registertime": 1664064000, "group": 1, "ratings": {"gen8ou": {"elo": 1278.5922947985, "gxe": 54, "rpr": 1530.5185074497, "rprd": 25, "w": 173, "l": 169, "coil": null}, "gen8oublitz": {"elo": 1030.0480647478, "gxe": 46.2, "rpr": 1469.7458920338, "rprd": 113.15744703502, "w": 1, "l": 2, "coil": null}, "gen8randombattle": {"elo": 1275.3839416978, "gxe": 63.8, "rpr": 1608.9968190877, "rprd": 78.896302066234, "w": 13, "l": 5, "coil": null}, "gen8randombattleblitz": {"elo": 1000, "gxe": 42.2, "rpr": 1436.9035734115, "rprd": 123.68826770784, "w": 0, "l": 1, "coil": null}, "gen91v1factory": {"elo": 1190.2501019467645, "gxe": 51.1, "rpr": 1508.637630941772, "rprd": 37.93763035573813, "w": 44, "l": 44, "coil": null}, "gen9battlefactory": {"elo": 1050.9060587338238, "gxe": 46.3, "rpr": 1471.2107539890274, "rprd": 100.43444624746822, "w": 2, "l": 4, "coil": null}, "gen9ou": {"elo": 1290.9049955137, "gxe": 54.7, "rpr": 1535.4623163195, "rprd": 30.86256754356, "w": 179, "l": 169, "coil": null}, "gen9randombattle": {"elo": 1385.511540626692, "gxe": 64.1, "rpr": 1608.9669579058746, "rprd": 27.61592824712952, "w": 263, "l": 233, "coil": null}}}