{"username": "goalie3001", "userid": "goalie3001", "registertime": 1752624000, "group": 1, "ratings": {"gen9championsvgc2026regma": {"elo": 1233.802125820832, "gxe": 50.2, "rpr": 1501.6128008073447, "rprd": 54.08962148865566, "w": 30, "l": 24, "coil": null}, "gen9championsvgc2026regmabo3": {"elo": 1071.7041165122416, "gxe": 56.6, "rpr": 1552.858105106386, "rprd": 122.21179726497448, "w": 2, "l": 0, "coil": null}, "gen9championsvgc2026regmb": {"elo": 1085.2199554620938, "gxe": 52.4, "rpr": 1518.4327309020275, "rprd": 69.18961081946959, "w": 12, "l": 10, "coil": null}, "gen9randombattle": {"elo": 1219.4641888244246, "gxe": 52.1, "rpr": 1516.1624581930146, "rprd": 77.66614321833067, "w": 30, "l": 25, "coil": null}, "gen9randombattleblitz": {"elo": 1070.2537136585058, "gxe": 55.3, "rpr": 1542.418424715614, "rprd": 111.02091937464608, "w": 3, "l": 1, "coil": null}, "gen9randomdoublesbattle": {"elo": 1022.8597916360541, "gxe": 43.2, "rpr": 1445.5011610558947, "rprd": 121.8301605804029, "w": 1, "l": 2, "coil": null}, "gen9vgc2025regh": {"elo": 1048.0286366001599, "gxe": 37.5, "rpr": 1401.6983869488595, "rprd": 68.59179986483919, "w": 9, "l": 13, "coil": null}, "gen9vgc2025reghbo3": {"elo": 1092.061810246534, "gxe": 41.5, "rpr": 1432.9154882409039, "rprd": 102.57209535316483, "w": 2, "l": 3, "coil": null}, "gen9vgc2025regi": {"elo": 1000, "gxe": 28.3, "rpr": 1322.1720227174458, "rprd": 62.12237727493125, "w": 9, "l": 26, "coil": null}, "gen9vgc2025regj": {"elo": 1272.252536149073, "gxe": 53.1, "rpr": 1524.0974070234895, "rprd": 67.27125515597844, "w": 23, "l": 18, "coil": null}, "gen9vgc2026regfbo3": {"elo": 1000, "gxe": 37, "rpr": 1394.5142253409042, "rprd": 116.81788846543824, "w": 0, "l": 2, "coil": null}, "gen9vgc2026regibo3": {"elo": 1045.3635474235432, "gxe": 55, "rpr": 1540.1606143390134, "rprd": 122.85830807679145, "w": 1, "l": 0, "coil": null}}}