{"username": "Gold.Gohan", "userid": "goldgohan", "registertime": 1757030400, "group": 1, "ratings": {"gen5randombattle": {"elo": 1018.02004945728, "gxe": 37, "rpr": 1396.4655620581611, "rprd": 95.82692302859434, "w": 2, "l": 6, "coil": null}, "gen7ou": {"elo": 1133.8353501200295, "gxe": 42.4, "rpr": 1440.77256264131, "rprd": 74.13030554271923, "w": 31, "l": 33, "coil": null}, "gen9nationaldex": {"elo": 1142.2552295864984, "gxe": 46, "rpr": 1469.2900259726493, "rprd": 71.27208725226043, "w": 12, "l": 9, "coil": null}, "gen9randombattle": {"elo": 1357.7177364891725, "gxe": 60.7, "rpr": 1584.1716344774445, "rprd": 90.94120368778599, "w": 35, "l": 22, "coil": null}, "gen9randombattleblitz": {"elo": 1042.3791708443703, "gxe": 54.5, "rpr": 1535.9955040268594, "rprd": 122.82445858976173, "w": 1, "l": 0, "coil": null}}}