{"username": "GoldfaceHooHaha", "userid": "goldfacehoohaha", "registertime": 1573776000, "group": 1, "ratings": {"gen7randombattle": {"elo": 1088.4629810478, "gxe": 49.1, "rpr": 1492.8389561778, "rprd": 92.30432587679, "w": 4, "l": 4, "coil": null}, "gen8randombattle": {"elo": 1075.5240380871, "gxe": 44.3, "rpr": 1455.0230467711, "rprd": 102.78068501621, "w": 91, "l": 117, "coil": null}, "gen8randomdoublesbattle": {"elo": 1039.37431302, "gxe": 45.6, "rpr": 1460.1769479511, "rprd": 227.47345274771, "w": 5, "l": 6, "coil": null}, "gen9randombattle": {"elo": 1312.963984222515, "gxe": 56.7, "rpr": 1550.822747444628, "rprd": 46.01448387175871, "w": 114, "l": 107, "coil": null}}}