{"username": "goldenautum", "userid": "goldenautum", "registertime": 0, "group": 0, "ratings": {"gen8randombattle": {"elo": 1419.882868062, "gxe": 77.5, "rpr": 1761.7920675518, "rprd": 175.90180956325, "w": 1076, "l": 941, "coil": null}, "gen9championsrandombattle": {"elo": 1133.0278523447666, "gxe": 61.2, "rpr": 1588.4205601259982, "rprd": 92.38900611692269, "w": 6, "l": 2, "coil": null}, "gen9randombattle": {"elo": 2007.3228949049167, "gxe": 81.8, "rpr": 1782.748558168116, "rprd": 27.769795139301642, "w": 3508, "l": 3310, "coil": null}}}