{"username": "goodatm", "userid": "goodatm", "registertime": 0, "group": 0, "ratings": {"gen6randombattle": {"elo": 1408.6762281898134, "gxe": 67.5, "rpr": 1640.748470283746, "rprd": 75.73049415150928, "w": 56, "l": 45, "coil": null}, "gen7ou": {"elo": 1000, "gxe": 44.3, "rpr": 1454.0793005225078, "rprd": 121.8615490168932, "w": 0, "l": 1, "coil": null}, "gen7randombattle": {"elo": 1413.0627370200666, "gxe": 67.3, "rpr": 1640.1411520809245, "rprd": 84.79923246344535, "w": 33, "l": 24, "coil": null}, "gen8nationaldex": {"elo": 1127.9489545030337, "gxe": 55.9, "rpr": 1546.2731611741724, "rprd": 98.84840092707263, "w": 6, "l": 5, "coil": null}, "gen8randombattle": {"elo": 1318.6672769929035, "gxe": 62.9, "rpr": 1600.9402864842903, "rprd": 70.22245673301519, "w": 76, "l": 91, "coil": null}, "gen9almostanyability": {"elo": 1137.8023065553805, "gxe": 44.8, "rpr": 1459.6670983213564, "rprd": 70.1644060970389, "w": 18, "l": 19, "coil": null}, "gen9anythinggoes": {"elo": 1044.9258268787835, "gxe": 56, "rpr": 1548.0980280801484, "rprd": 122.41949317379114, "w": 1, "l": 0, "coil": null}, "gen9championsou": {"elo": 1184.7462713581492, "gxe": 65.4, "rpr": 1624.0502245527432, "rprd": 92.42299484027262, "w": 7, "l": 1, "coil": null}, "gen9championsrandombattle": {"elo": 1061.1863399226354, "gxe": 54.2, "rpr": 1532.9373247308, "rprd": 103.36739026560842, "w": 3, "l": 2, "coil": null}, "gen9championsvgc2026regma": {"elo": 1059.4336120685691, "gxe": 49.7, "rpr": 1497.825267736053, "rprd": 102.61997915067354, "w": 3, "l": 2, "coil": null}, "gen9doublesou": {"elo": 1258.921203260245, "gxe": 60.9, "rpr": 1586.1200454370191, "rprd": 89.15576779144473, "w": 18, "l": 12, "coil": null}, "gen9doublesubers": {"elo": 1136.1884455829595, "gxe": 52.7, "rpr": 1520.9581189832693, "rprd": 88.87083494204468, "w": 9, "l": 7, "coil": null}, "gen9legendszaou": {"elo": 1093.877229415053, "gxe": 42.7, "rpr": 1443.1364608519236, "rprd": 74.04158361559239, "w": 10, "l": 12, "coil": null}, "gen9megainvasionrandombattle": {"elo": 1354.0705734201822, "gxe": 71.6, "rpr": 1675.0363484468298, "rprd": 42.16511913648386, "w": 52, "l": 30, "coil": null}, "gen9metronomebattle": {"elo": 1257.3307574583673, "gxe": 56.8, "rpr": 1552.2889229546524, "rprd": 62.611492861124844, "w": 26, "l": 24, "coil": null}, "gen9monotype": {"elo": 1201.7164526815632, "gxe": 53.1, "rpr": 1523.838044917279, "rprd": 81.25659708030571, "w": 10, "l": 8, "coil": 1966.557888898205}, "gen9monotyperandombattle": {"elo": 1423.41589815448, "gxe": 70.3, "rpr": 1665.693305305394, "rprd": 72.73879788902792, "w": 50, "l": 33, "coil": null}, "gen9nationaldex": {"elo": 1115.7156125622043, "gxe": 61, "rpr": 1588.5255349085505, "rprd": 111.55572108323153, "w": 3, "l": 0, "coil": null}, "gen9nationaldexdoubles": {"elo": 1042.3269873128188, "gxe": 48.6, "rpr": 1489.2289693442815, "rprd": 116.18126833333338, "w": 1, "l": 1, "coil": null}, "gen9nationaldexubers": {"elo": 1251.5497240837226, "gxe": 52.2, "rpr": 1517.160745237766, "rprd": 63.451600628145485, "w": 26, "l": 21, "coil": null}, "gen9ou": {"elo": 1093.1967979719234, "gxe": 43.3, "rpr": 1447.2778575057148, "rprd": 94.62675005597737, "w": 6, "l": 7, "coil": null}, "gen9randombattle": {"elo": 2008.879342378917, "gxe": 79.9, "rpr": 1760.130533276291, "rprd": 29.783803203142064, "w": 542, "l": 485, "coil": null}, "gen9randomdoublesbattle": {"elo": 1341.7272212715561, "gxe": 56.1, "rpr": 1547.2422947677785, "rprd": 66.98888453330713, "w": 57, "l": 49, "coil": null}}}