{"username": "Goundas05", "userid": "goundas05", "registertime": 1676592000, "group": 1, "ratings": {"gen6randombattle": {"elo": 1029.4760918404095, "gxe": 48.9, "rpr": 1491.0137338088507, "rprd": 116.61108723971005, "w": 1, "l": 1, "coil": null}, "gen7randombattle": {"elo": 1178.911147616843, "gxe": 49.8, "rpr": 1498.116892751075, "rprd": 130, "w": 10, "l": 6, "coil": null}, "gen8ou": {"elo": 1000, "gxe": 45, "rpr": 1459.8393856609866, "rprd": 122.85830807679145, "w": 0, "l": 0, "coil": null}, "gen8randombattle": {"elo": 1306.3719754213303, "gxe": 60.4, "rpr": 1581.7252721282277, "rprd": 88.27125719024754, "w": 44, "l": 38, "coil": null}, "gen91v1": {"elo": 1142.0847222266502, "gxe": 42.7, "rpr": 1443.018467187428, "rprd": 86.87214929058356, "w": 29, "l": 29, "coil": null}, "gen9babyrandombattle": {"elo": 1000, "gxe": 44.9, "rpr": 1458.8421242298027, "rprd": 121.81518495827312, "w": 0, "l": 1, "coil": null}, "gen9championsrandombattle": {"elo": 1031.945386097124, "gxe": 47.4, "rpr": 1479.6771642557749, "rprd": 95.1079848686755, "w": 3, "l": 4, "coil": null}, "gen9monotyperandombattle": {"elo": 1499.2654830902, "gxe": 66.7, "rpr": 1638.2903515277, "rprd": 120.44976218604, "w": 75, "l": 55, "coil": null}, "gen9ou": {"elo": 1507.7611267577877, "gxe": 75.1, "rpr": 1713.8737352300034, "rprd": 86.60527218649462, "w": 33, "l": 13, "coil": null}, "gen9pu": {"elo": 1000, "gxe": 41.3, "rpr": 1429.8658768998082, "rprd": 117.16135247608509, "w": 0, "l": 0, "coil": 0}, "gen9randombattle": {"elo": 2021.97294309195, "gxe": 85.4, "rpr": 1833.0706635869642, "rprd": 32.2243030093116, "w": 8590, "l": 8185, "coil": null}, "gen9randombattleblitz": {"elo": 1641.3158919419718, "gxe": 73.2, "rpr": 1696.4214733406534, "rprd": 96.59219084051664, "w": 77, "l": 46, "coil": null}, "gen9randomdoublesbattle": {"elo": 1182.204527160878, "gxe": 54.6, "rpr": 1536.466413129573, "rprd": 102.99318837938912, "w": 15, "l": 10, "coil": null}, "gen9randomroulette": {"elo": 1040, "gxe": 54.5, "rpr": 1536.0525462728096, "rprd": 122.86677578889534, "w": 1, "l": 0, "coil": null}, "gen9ru": {"elo": 1401.6634756046, "gxe": 70.2, "rpr": 1668.0751553825, "rprd": 100.07566643649, "w": 26, "l": 9, "coil": 2444.5059817355163}, "gen9superstaffbrosultimate": {"elo": 1078.962136904289, "gxe": 43, "rpr": 1443.1802367635175, "rprd": 127.3617361265323, "w": 2, "l": 2, "coil": null}, "gen9ubers": {"elo": 1499.3547004744, "gxe": 77.8, "rpr": 1743.1899274979, "rprd": 84.384216548366, "w": 65, "l": 35, "coil": null}, "gen9uu": {"elo": 1499.4002595234, "gxe": 68.8, "rpr": 1654.6457547423, "rprd": 100.00558733773, "w": 101, "l": 68, "coil": null}}}