{"username": "grabschaender", "userid": "grabschaender", "registertime": 1734912000, "group": 1, "ratings": {"gen9randombattle": {"elo": 2313.1302758819666, "gxe": 90.2, "rpr": 1917.7643221952358, "rprd": 25.22478224545387, "w": 1564, "l": 1138, "coil": null}}}