{"username": "greenuu cc", "userid": "greenuucc", "registertime": 1647129600, "group": 1, "ratings": {"gen3randombattle": {"elo": 1000, "gxe": 28, "rpr": 1312.8344443562, "rprd": 114.58424585064, "w": 3, "l": 8, "coil": null}, "gen6randombattle": {"elo": 1139.8814723349944, "gxe": 49.7, "rpr": 1497.9958858739494, "rprd": 93.07835704370665, "w": 33, "l": 44, "coil": null}, "gen7battlefactory": {"elo": 1000, "gxe": 43.4, "rpr": 1447.0694311558748, "rprd": 122.89903706064686, "w": 0, "l": 1, "coil": null}, "gen7randombattle": {"elo": 1085.0124735378088, "gxe": 42.3, "rpr": 1438.313735199143, "rprd": 116.21445673035772, "w": 107, "l": 172, "coil": null}, "gen8anythinggoes": {"elo": 1000, "gxe": 44.7, "rpr": 1457.7813655867, "rprd": 121.80328082115, "w": 0, "l": 1, "coil": null}, "gen8randombattle": {"elo": 1070.9680606933, "gxe": 33.6, "rpr": 1368.2796755931, "rprd": 85.379606498896, "w": 18, "l": 33, "coil": null}, "gen9randombattle": {"elo": 1194.4374507711534, "gxe": 51.8, "rpr": 1513.5347043023016, "rprd": 32.89574983652554, "w": 2023, "l": 2204, "coil": null}, "gen9randombattleblitz": {"elo": 1014.0214968072233, "gxe": 31.9, "rpr": 1350.2465711679258, "rprd": 111.02914289292228, "w": 2, "l": 7, "coil": null}, "gen9randomdoublesbattle": {"elo": 1000, "gxe": 39.9, "rpr": 1418.4422002506035, "rprd": 116.1152294866181, "w": 0, "l": 2, "coil": null}, "gen9vgc2025regi": {"elo": 1000, "gxe": 41, "rpr": 1427.432874170786, "rprd": 116.77753930629355, "w": 0, "l": 2, "coil": null}}}