{"username": "greenfalcon81", "userid": "greenfalcon81", "registertime": 1475625600, "group": 1, "ratings": {"battlefactory": {"elo": 1429.9555863273, "gxe": 69.7, "rpr": 1662.70839017, "rprd": 98.210332519334, "w": 88, "l": 53, "coil": null}, "challengecup1v1": {"elo": 1194.9363513424, "gxe": 54.2, "rpr": 1531.6702206186, "rprd": 36.877706682466, "w": 46, "l": 43, "coil": null}, "gen4ou": {"elo": 1251.0620517297, "gxe": 68.2, "rpr": 1647.9845270762, "rprd": 89.102064604147, "w": 23, "l": 8, "coil": null}, "gen7almostanyability": {"elo": 1202.9637660657, "gxe": 62.6, "rpr": 1601.3705634742, "rprd": 108.61181391594, "w": 16, "l": 9, "coil": null}, "gen7anythinggoesbeta": {"elo": 1099.6486863349, "gxe": 57.7, "rpr": 1560.8234906758, "rprd": 106.91164920561, "w": 3, "l": 1, "coil": null}, "gen7balancedhackmons": {"elo": 1396.3359907192, "gxe": 67.1, "rpr": 1638.328256173, "rprd": 83.467087760119, "w": 52, "l": 33, "coil": null}, "gen7battlefactory": {"elo": 1303.3591973731, "gxe": 67.8, "rpr": 1665.2363023379, "rprd": 215.58204015887, "w": 597, "l": 429, "coil": null}, "gen7challengecup": {"elo": 1040, "gxe": 55, "rpr": 1540.1606143388, "rprd": 122.8583080769, "w": 1, "l": 0, "coil": null}, "gen7challengecup1v1": {"elo": 1107.5512130015, "gxe": 52.3, "rpr": 1517.7003085276, "rprd": 73.629673198901, "w": 10, "l": 8, "coil": null}, "gen7crossevolution": {"elo": 1183.1497637371, "gxe": 51.4, "rpr": 1512.0920939652, "rprd": 203.22037737661, "w": 10, "l": 9, "coil": null}, "gen7inheritance": {"elo": 1176.225440311, "gxe": 56.1, "rpr": 1546.8653955835, "rprd": 60.15712987569, "w": 20, "l": 15, "coil": null}, "gen7lc": {"elo": 1278.9363053204, "gxe": 68.1, "rpr": 1646.8118862918, "rprd": 82.766923376067, "w": 49, "l": 30, "coil": null}, "gen7letsgorandombattle": {"elo": 1289.5260598124, "gxe": 72.6, "rpr": 1689.5304681191, "rprd": 93.559960400263, "w": 44, "l": 18, "coil": null}, "gen7linked": {"elo": 1108.2888258453, "gxe": 54.1, "rpr": 1531.0736578324, "rprd": 65.468773869903, "w": 13, "l": 11, "coil": null}, "gen7monotype": {"elo": 1408.2888840427, "gxe": 66.7, "rpr": 1655.5046019934, "rprd": 219.68199053147, "w": 31, "l": 15, "coil": null}, "gen7monotyperandombattle": {"elo": 1388.7055396799, "gxe": 65.5, "rpr": 1621.5889832944, "rprd": 37.435661725753, "w": 69, "l": 50, "coil": null}, "gen7nu": {"elo": 1310.2391353126, "gxe": 71.3, "rpr": 1674.9686238184, "rprd": 77.059481834423, "w": 72, "l": 43, "coil": null}, "gen7ou": {"elo": 1395.9531965749, "gxe": 65.9, "rpr": 1625.9382287593, "rprd": 67.084701775482, "w": 254, "l": 201, "coil": null}, "gen7pokebilities": {"elo": 1127.6911992042, "gxe": 57.4, "rpr": 1557.7869457368, "rprd": 86.226697724353, "w": 7, "l": 4, "coil": null}, "gen7pu": {"elo": 1423.5455822699, "gxe": 74.9, "rpr": 1711.1106528569, "rprd": 82.902910312553, "w": 67, "l": 34, "coil": null}, "gen7randombattle": {"elo": 1373.226714096, "gxe": 68.7, "rpr": 1652.3266034808, "rprd": 85.728836602077, "w": 674, "l": 514, "coil": null}, "gen7ru": {"elo": 1366.6252472427, "gxe": 65.8, "rpr": 1645.9610892753, "rprd": 220.38638493775, "w": 189, "l": 125, "coil": null}, "gen7stabmons": {"elo": 1170.2440367483, "gxe": 56.1, "rpr": 1547.9378544639, "rprd": 93.435285159371, "w": 19, "l": 12, "coil": null}, "gen7ubers": {"elo": 1439.6971786797, "gxe": 73.6, "rpr": 1730.8803743907, "rprd": 226.07985774501, "w": 149, "l": 107, "coil": null}, "gen7uu": {"elo": 1407.1303099036, "gxe": 65.2, "rpr": 1639.6427993931, "rprd": 218.27103669052, "w": 310, "l": 254, "coil": null}, "gen7vgc2017": {"elo": 1145.8011809822, "gxe": 48.8, "rpr": 1488.9030438649, "rprd": 216.83463846866, "w": 23, "l": 23, "coil": null}, "gen7vgc2018": {"elo": 1337.7440171673, "gxe": 58.5, "rpr": 1576.7050979839, "rprd": 216.38166335355, "w": 36, "l": 23, "coil": null}, "gen7zu": {"elo": 1125.1731134348, "gxe": 57.2, "rpr": 1555.3959860624, "rprd": 74.434027179585, "w": 12, "l": 10, "coil": null}, "gen8almostanyability": {"elo": 1185.4720799833, "gxe": 59.5, "rpr": 1573.8832649616, "rprd": 77.932540247947, "w": 13, "l": 11, "coil": null}, "gen8bdspou": {"elo": 1149.9806055001, "gxe": 61.4, "rpr": 1605.6324790478, "rprd": 231.43869196858, "w": 6, "l": 1, "coil": null}, "gen8bdsprandombattle": {"elo": 1104.1076522917, "gxe": 62.5, "rpr": 1601.0478588248, "rprd": 110.86509375115, "w": 3, "l": 0, "coil": null}, "gen8inheritance": {"elo": 1075.0238235432, "gxe": 47.8, "rpr": 1482.7768008122, "rprd": 117.88144981434, "w": 4, "l": 3, "coil": null}, "gen8lc": {"elo": 1156.9786406574, "gxe": 67.4, "rpr": 1642.5619785017, "rprd": 103.17670881148, "w": 5, "l": 0, "coil": null}, "gen8monotyperandombattle": {"elo": 1453.2006821482, "gxe": 67.7, "rpr": 1640.384090738, "rprd": 46.749091458308, "w": 101, "l": 80, "coil": null}, "gen8nu": {"elo": 1024.9578713459, "gxe": 33.9, "rpr": 1368.3046437342, "rprd": 108.60294243351, "w": 8, "l": 15, "coil": null}, "gen8ou": {"elo": 1415.3228015911, "gxe": 65.7, "rpr": 1646.1238376008, "rprd": 223.17486441632, "w": 130, "l": 99, "coil": null}, "gen8pu": {"elo": 1000, "gxe": 42.6, "rpr": 1440.8518020317, "rprd": 117.18029261193, "w": 0, "l": 2, "coil": null}, "gen8randombattle": {"elo": 1399.6258308171, "gxe": 76.4, "rpr": 1731.4650347299, "rprd": 108.09768294974, "w": 792, "l": 624, "coil": null}, "gen8ru": {"elo": 1419.8592941794, "gxe": 68.6, "rpr": 1674.6261977027, "rprd": 217.80522268861, "w": 51, "l": 33, "coil": null}, "gen8staaabmons": {"elo": 1080.5546971224, "gxe": 54.2, "rpr": 1532.8125827806, "rprd": 88.639252759409, "w": 6, "l": 4, "coil": null}, "gen8trademarked": {"elo": 1090.0498524023, "gxe": 57.1, "rpr": 1555.6720599251, "rprd": 100.33526663734, "w": 4, "l": 2, "coil": null}, "gen8ubers": {"elo": 1369.2189651595, "gxe": 65.3, "rpr": 1642.5735775244, "rprd": 228.44933564026, "w": 45, "l": 23, "coil": null}, "gen8uu": {"elo": 1354.3747864474, "gxe": 62.3, "rpr": 1612.0833761659, "rprd": 217.68258897501, "w": 106, "l": 85, "coil": null}, "gen8vgc2020": {"elo": 1313.7384142624, "gxe": 59.1, "rpr": 1570.4582565075, "rprd": 55.286661284952, "w": 22, "l": 13, "coil": null}, "gen8vgc2022": {"elo": 1063.6496442986, "gxe": 42.5, "rpr": 1440.3769126883, "rprd": 102.37651507007, "w": 2, "l": 3, "coil": null}, "gen9almostanyability": {"elo": 1110.2932633819946, "gxe": 44.3, "rpr": 1454.5208852962185, "rprd": 123.40953642903993, "w": 7, "l": 6, "coil": null}, "gen9battlefactory": {"elo": 1282.4197071317, "gxe": 63.4, "rpr": 1607.9906198978, "rprd": 100.17782370704, "w": 63, "l": 48, "coil": null}, "gen9championsvgc2026regma": {"elo": 1586.0834783984699, "gxe": 68, "rpr": 1642.7466350434333, "rprd": 45.425031166728225, "w": 80, "l": 53, "coil": null}, "gen9monotyperandombattle": {"elo": 1407.1016867856872, "gxe": 66.4, "rpr": 1629.6179477511882, "rprd": 47.62036068912069, "w": 59, "l": 45, "coil": null}, "gen9ou": {"elo": 1495.0401189231907, "gxe": 73.4, "rpr": 1694.6338141125573, "rprd": 65.58183189076301, "w": 37, "l": 17, "coil": null}, "gen9pokebilitiesaaa": {"elo": 1076.1861639387905, "gxe": 48.6, "rpr": 1488.7756847448447, "rprd": 85.2809903759575, "w": 6, "l": 6, "coil": null}, "gen9randombattle": {"elo": 1954.5109532646081, "gxe": 81.9, "rpr": 1784.865599727871, "rprd": 35.34742441827086, "w": 1203, "l": 1013, "coil": null}, "gen9vgc2023regulationd": {"elo": 1268.1775803036294, "gxe": 55.9, "rpr": 1544.7674834138234, "rprd": 48.29693672356158, "w": 38, "l": 28, "coil": null}, "gen9vgc2023regulatione": {"elo": 1084.580562786836, "gxe": 50.2, "rpr": 1501.4724313799204, "rprd": 48.34784378874951, "w": 28, "l": 25, "coil": null}, "gen9vgc2023series2": {"elo": 1187.1303898378, "gxe": 52.5, "rpr": 1518.6737637304, "rprd": 47.548090022391, "w": 28, "l": 23, "coil": null}, "gen9vgc2024regf": {"elo": 1345.9303022500005, "gxe": 58.4, "rpr": 1564.5049872239313, "rprd": 56.682155483111366, "w": 37, "l": 23, "coil": null}, "gen9vgc2024regg": {"elo": 1088.562959770559, "gxe": 50, "rpr": 1499.94813167952, "rprd": 52.830827256719104, "w": 35, "l": 31, "coil": null},