{"username": "gshshe", "userid": "gshshe", "registertime": 0, "group": 0, "ratings": {"balancedhackmons": {"elo": 1026.3731341602, "gxe": 48.4, "rpr": 1487.251867278, "rprd": 116.95862764432, "w": 1, "l": 1, "coil": null}, "gen7anythinggoes": {"elo": 1263.508497128, "gxe": 68.7, "rpr": 1677.8892041595, "rprd": 226.58249849532, "w": 11, "l": 1, "coil": null}, "gen7nu": {"elo": 1049.2602271574, "gxe": 53.2, "rpr": 1525.7504804772, "rprd": 123.29854032875, "w": 1, "l": 0, "coil": null}, "gen7randombattle": {"elo": 1026.1217093119, "gxe": 29.1, "rpr": 1320.7672214603, "rprd": 130, "w": 2, "l": 3, "coil": null}, "gen7ru": {"elo": 1000, "gxe": 35.6, "rpr": 1382.5364687989, "rprd": 111.441371055, "w": 0, "l": 3, "coil": null}, "gen8anythinggoes": {"elo": 1000, "gxe": 45, "rpr": 1459.8393856612, "rprd": 122.8583080769, "w": 0, "l": 1, "coil": null}, "gen8bdsprandombattle": {"elo": 1000, "gxe": 45, "rpr": 1459.8393856612, "rprd": 122.8583080769, "w": 0, "l": 1, "coil": null}, "gen8monotyperandombattle": {"elo": 1070.6057951118, "gxe": 53.8, "rpr": 1529.7271638493, "rprd": 102.322135083, "w": 3, "l": 2, "coil": null}, "gen8randombattle": {"elo": 1089.5883008395, "gxe": 45.3, "rpr": 1463.3725211864, "rprd": 102.34053019926, "w": 13, "l": 12, "coil": null}, "gen9anythinggoes": {"elo": 1000, "gxe": 39.3, "rpr": 1413.2998804948304, "rprd": 116.93262939155048, "w": 0, "l": 2, "coil": null}, "gen9nationaldex": {"elo": 1000, "gxe": 28.9, "rpr": 1323.384477964713, "rprd": 102.65529480069979, "w": 0, "l": 5, "coil": null}, "gen9randombattle": {"elo": 1011.0963329845616, "gxe": 30.3, "rpr": 1338.2396133873633, "rprd": 91.10747320748528, "w": 2, "l": 8, "coil": null}, "gen9vgc2024regh": {"elo": 1033.1414623098876, "gxe": 49.2, "rpr": 1493.8154962689187, "rprd": 115.9252764183454, "w": 1, "l": 1, "coil": null}}}