{"username": "Gurry0ak", "userid": "gurry0ak", "registertime": 1507507200, "group": 1, "ratings": {"gen7battlefactory": {"elo": 1041.3616863464, "gxe": 46.1, "rpr": 1468.7470252197, "rprd": 110.3850320482, "w": 1, "l": 2, "coil": null}, "gen7monotype": {"elo": 1000, "gxe": 43.9, "rpr": 1450.7349669592, "rprd": 122.07809117101, "w": 0, "l": 1, "coil": null}, "gen7ou": {"elo": 1499.6809547185, "gxe": 60.4, "rpr": 1593.1723305872, "rprd": 213.45097368449, "w": 1784, "l": 1737, "coil": null}, "gen7oublitz": {"elo": 1220.9488482088, "gxe": 57.5, "rpr": 1557.175205802, "rprd": 50.960004650173, "w": 27, "l": 21, "coil": null}, "gen7uu": {"elo": 1360.4363451217, "gxe": 59.9, "rpr": 1589.4559780437, "rprd": 218.51092285802, "w": 84, "l": 68, "coil": null}, "gen7vgc2017": {"elo": 1292.4425036604, "gxe": 50.6, "rpr": 1505.1753439709, "rprd": 215.57375301596, "w": 34, "l": 29, "coil": null}, "gen7zu": {"elo": 1256.3127654757, "gxe": 51.3, "rpr": 1510.4230760882, "rprd": 94.351397762462, "w": 62, "l": 67, "coil": null}, "gen8anythinggoes": {"elo": 1000, "gxe": 45, "rpr": 1459.8393856612, "rprd": 122.8583080769, "w": 0, "l": 1, "coil": null}, "gen8bdspou": {"elo": 1394.2917510617, "gxe": 57.2, "rpr": 1564.1737188465, "rprd": 211.86491932017, "w": 173, "l": 144, "coil": null}, "gen8ou": {"elo": 1300.67359736, "gxe": 54.7, "rpr": 1535.3916075312, "rprd": 38.06352804581, "w": 2029, "l": 1973, "coil": null}, "gen8randombattle": {"elo": 1000, "gxe": 45, "rpr": 1459.8393856612, "rprd": 122.8583080769, "w": 0, "l": 1, "coil": null}, "gen9ou": {"elo": 1079.9180293404042, "gxe": 33.2, "rpr": 1361.2052070057507, "rprd": 113.96721082714014, "w": 728, "l": 706, "coil": null}, "gen9randombattle": {"elo": 1671.0264458308955, "gxe": 76.5, "rpr": 1722.822939366218, "rprd": 30.96286935870203, "w": 557, "l": 500, "coil": null}}}