{"username": "Gutty16", "userid": "gutty16", "registertime": 1477785600, "group": 1, "ratings": {"battlefactory": {"elo": 1044.0584701431, "gxe": 54.6, "rpr": 1536.8147599247, "rprd": 121.95511398645, "w": 1, "l": 0, "coil": null}, "gen1ou": {"elo": 1164.3920341877, "gxe": 59.7, "rpr": 1577.620545713, "rprd": 113.36080439843, "w": 14, "l": 13, "coil": null}, "gen1randombattle": {"elo": 1224.964562571, "gxe": 68.1, "rpr": 1650.3526014735, "rprd": 115.77935997807, "w": 22, "l": 16, "coil": null}, "gen2ou": {"elo": 1102.690895013, "gxe": 60.8, "rpr": 1586.5424571836, "rprd": 107.4948484148, "w": 3, "l": 1, "coil": null}, "gen2randombattle": {"elo": 1106.3890007537, "gxe": 60.7, "rpr": 1586.3256362048, "rprd": 112.38568571237, "w": 3, "l": 0, "coil": null}, "gen3ou": {"elo": 1243.50032431, "gxe": 62.9, "rpr": 1602.656270658, "rprd": 92.495480873017, "w": 19, "l": 14, "coil": null}, "gen3randombattle": {"elo": 1100.2116193906, "gxe": 58.7, "rpr": 1568.5130594007, "rprd": 99.223341514313, "w": 4, "l": 2, "coil": null}, "gen4randombattle": {"elo": 1092.57573114, "gxe": 59.8, "rpr": 1579.1761547943, "rprd": 116.0191889653, "w": 2, "l": 0, "coil": null}, "gen5randombattle": {"elo": 1105.6722869484, "gxe": 57.8, "rpr": 1561.9565377529, "rprd": 105.2164365795, "w": 3, "l": 1, "coil": null}, "gen6randombattle": {"elo": 1095.5823817384, "gxe": 69.8, "rpr": 1667.3852956559, "rprd": 126.03444754799, "w": 3, "l": 0, "coil": null}, "gen7challengecup": {"elo": 1048.5130580437, "gxe": 50, "rpr": 1500, "rprd": 116.77753930647, "w": 1, "l": 1, "coil": null}, "gen7challengecup1v1": {"elo": 1043.4009180685, "gxe": 40, "rpr": 1420.6626117289, "rprd": 94.860421619948, "w": 2, "l": 5, "coil": null}, "gen7letsgorandombattle": {"elo": 1090.4622956783, "gxe": 60.5, "rpr": 1584.7798874332, "rprd": 116.29763669778, "w": 2, "l": 0, "coil": null}, "gen7monotype": {"elo": 1423.4766035215, "gxe": 61.9, "rpr": 1607.8873385712, "rprd": 218.08852554313, "w": 247, "l": 224, "coil": null}, "gen7monotyperandombattle": {"elo": 1104.7542899697, "gxe": 47.4, "rpr": 1480.1582546199, "rprd": 80.829417116641, "w": 8, "l": 8, "coil": null}, "gen7ou": {"elo": 1499.5889075112, "gxe": 78.4, "rpr": 1775.7620093685, "rprd": 185.76899089763, "w": 424, "l": 358, "coil": null}, "gen7randombattle": {"elo": 1499.0286075006, "gxe": 69.2, "rpr": 1679.7697877534, "rprd": 213.07557157388, "w": 499, "l": 436, "coil": null}, "gen7randomdoublesbattle": {"elo": 1086.1580684343, "gxe": 59.7, "rpr": 1578.714039427, "rprd": 130, "w": 2, "l": 2, "coil": null}, "gen7ubers": {"elo": 1499.6013072819, "gxe": 77, "rpr": 1771.6642608772, "rprd": 225.28895087222, "w": 112, "l": 82, "coil": null}, "gen7vgc2017": {"elo": 1036.4369930472, "gxe": 46.9, "rpr": 1475.5745166433, "rprd": 117.34439191459, "w": 1, "l": 1, "coil": null}, "gen8metronomebattle": {"elo": 1215.5903710825, "gxe": 61.8, "rpr": 1590.8097848948, "rprd": 42.423765495742, "w": 40, "l": 28, "coil": null}, "gen8monotype": {"elo": 1460.6085939559, "gxe": 68, "rpr": 1646.0721054983, "rprd": 82.720352397364, "w": 104, "l": 74, "coil": null}, "gen8monotyperandombattle": {"elo": 1015.286569615, "gxe": 43.6, "rpr": 1449.2759522534, "rprd": 110.90709143212, "w": 1, "l": 2, "coil": null}, "gen8randombattle": {"elo": 1438.429035568, "gxe": 75.9, "rpr": 1740.985624718, "rprd": 170.63420327036, "w": 2277, "l": 2058, "coil": null}, "gen8vgc2020": {"elo": 1241.9479431786, "gxe": 47.4, "rpr": 1480.3051772309, "rprd": 52.292114470586, "w": 120, "l": 119, "coil": null}, "gen8vgc2021": {"elo": 1118.2606584746, "gxe": 44, "rpr": 1453.7735702043, "rprd": 71.157848098142, "w": 11, "l": 10, "coil": null}, "gen9randombattle": {"elo": 1793.917916060978, "gxe": 77.2, "rpr": 1729.9568193188895, "rprd": 29.34563722146385, "w": 1766, "l": 1555, "coil": null}, "ou": {"elo": 1078.7427018669, "gxe": 59, "rpr": 1572.5671258289, "rprd": 116.77753930647, "w": 2, "l": 0, "coil": null}, "randomdoublesbattle": {"elo": 1040, "gxe": 50.6, "rpr": 1504.5324067857, "rprd": 117.08823781482, "w": 1, "l": 1, "coil": null}, "ubers": {"elo": 1264.647591016, "gxe": 63.5, "rpr": 1606.614162406, "rprd": 76.769315915987, "w": 55, "l": 44, "coil": null}}}