{"username": "gvdfhfd", "userid": "gvdfhfd", "registertime": 0, "group": 0, "ratings": {"gen4randombattle": {"elo": 1053.4233521074987, "gxe": 54, "rpr": 1531.6255081919278, "rprd": 122.38892719760798, "w": 1, "l": 0, "coil": null}, "gen9randombattle": {"elo": 1107.9549099616004, "gxe": 54.8, "rpr": 1537.727386096094, "rprd": 106.82374089966899, "w": 3, "l": 1, "coil": null}}}