{"username": "hamni82", "userid": "hamni82", "registertime": 1674777600, "group": 1, "ratings": {"gen1randombattle": {"elo": 1140.7138081601, "gxe": 64.9, "rpr": 1620.3953396751, "rprd": 98.82328533036, "w": 5, "l": 1, "coil": null}, "gen2randombattle": {"elo": 1000, "gxe": 45, "rpr": 1459.8393856612, "rprd": 122.8583080769, "w": 0, "l": 1, "coil": null}, "gen6randombattle": {"elo": 1283.0897223731, "gxe": 72.5, "rpr": 1686.7433072941, "rprd": 78.593819875394, "w": 12, "l": 2, "coil": null}, "gen7battlefactory": {"elo": 1234.8434574324147, "gxe": 80, "rpr": 1778.2165415426887, "rprd": 129.41039463715148, "w": 10, "l": 4, "coil": null}, "gen7randombattle": {"elo": 1475.1542399338705, "gxe": 56.6, "rpr": 1552.2069024826185, "rprd": 103.88049948600778, "w": 230, "l": 156, "coil": null}, "gen8battlefactory": {"elo": 1119.3451996494064, "gxe": 64.1, "rpr": 1613.7251264342462, "rprd": 103.21748495059919, "w": 4, "l": 1, "coil": null}, "gen8cap1v1": {"elo": 1091.4523405493, "gxe": 55.6, "rpr": 1543.7709483731, "rprd": 103.10504023303, "w": 3, "l": 2, "coil": null}, "gen8challengecup1v1": {"elo": 1000, "gxe": 45, "rpr": 1459.8393856612, "rprd": 122.8583080769, "w": 0, "l": 1, "coil": null}, "gen8hackmonscup": {"elo": 1040, "gxe": 44.8, "rpr": 1458.5169659544, "rprd": 111.17271364425, "w": 1, "l": 2, "coil": null}, "gen8randombattle": {"elo": 1499.0141173267, "gxe": 81.1, "rpr": 1785.8620482745, "rprd": 100.15391785857, "w": 272, "l": 185, "coil": null}, "gen8randomdoublesbattle": {"elo": 1072.3615946093, "gxe": 56.9, "rpr": 1554.8698709299, "rprd": 117.8957031812, "w": 2, "l": 0, "coil": null}, "gen8superstaffbros4": {"elo": 1097.5233802983, "gxe": 62.1, "rpr": 1596.2758080878, "rprd": 95.913601790356, "w": 5, "l": 2, "coil": null}, "gen9randombattle": {"elo": 2228.187776825026, "gxe": 86.8, "rpr": 1854.2163981243061, "rprd": 25.264527184022217, "w": 4284, "l": 4019, "coil": null}, "gen9randombattleblitz": {"elo": 1306.9547225937556, "gxe": 51.6, "rpr": 1511.9768520944924, "rprd": 60.45270785854758, "w": 80, "l": 71, "coil": null}, "gen9randomdoublesbattle": {"elo": 1780.0292561663448, "gxe": 75.9, "rpr": 1717.5823432188192, "rprd": 40.36305753005704, "w": 110, "l": 73, "coil": null}}}