{"username": "Haokhonggioi", "userid": "haokhonggioi", "registertime": 1780876800, "group": 1, "ratings": {"gen91v1": {"elo": 1000, "gxe": 45.5, "rpr": 1463.880381529314, "rprd": 122.71964774805072, "w": 0, "l": 1, "coil": null}, "gen92v2doubles": {"elo": 1000, "gxe": 40.5, "rpr": 1423.2606252408955, "rprd": 116.01537427578168, "w": 0, "l": 2, "coil": null}, "gen9anythinggoes": {"elo": 1000, "gxe": 45, "rpr": 1459.8393856609866, "rprd": 122.85830807679145, "w": 0, "l": 1, "coil": null}, "gen9doublesubers": {"elo": 1000, "gxe": 39.7, "rpr": 1416.5660267249737, "rprd": 118.94917042150627, "w": 0, "l": 2, "coil": null}, "gen9megainvasionrandombattle": {"elo": 1033.4717948692505, "gxe": 35.6, "rpr": 1384.3206758516774, "rprd": 96.67566710238313, "w": 1, "l": 5, "coil": null}, "gen9ou": {"elo": 1000, "gxe": 43.7, "rpr": 1449.4083478688572, "rprd": 122.16340564637514, "w": 0, "l": 1, "coil": null}, "gen9randombattle": {"elo": 1000, "gxe": 32, "rpr": 1356.4490010490347, "rprd": 52.962004215710564, "w": 16, "l": 29, "coil": null}, "gen9randomdoublesbattle": {"elo": 1000, "gxe": 43.2, "rpr": 1445.7415324482288, "rprd": 122.32378164622577, "w": 0, "l": 1, "coil": null}, "gen9ubers": {"elo": 1000, "gxe": 28.7, "rpr": 1322.117159145786, "rprd": 96.58140687958034, "w": 0, "l": 7, "coil": null}, "gen9vgc2026regi": {"elo": 1030.3614153422443, "gxe": 36.4, "rpr": 1391.349147356529, "rprd": 89.45115340437, "w": 2, "l": 7, "coil": null}}}