{"username": "Hari2025", "userid": "hari2025", "registertime": 1737158400, "group": 1, "ratings": {"gen6randombattle": {"elo": 1033.7703596887527, "gxe": 50.4, "rpr": 1503.3763195798472, "rprd": 116.03442754665456, "w": 1, "l": 1, "coil": null}, "gen8randombattle": {"elo": 1054.2055083524594, "gxe": 54.1, "rpr": 1532.5971069245545, "rprd": 122.23925629068107, "w": 1, "l": 0, "coil": null}, "gen9legendszaou": {"elo": 1132.2564123675993, "gxe": 49.3, "rpr": 1494.6833764436192, "rprd": 47.589743274584166, "w": 35, "l": 34, "coil": null}, "gen9ou": {"elo": 1167.06063427198, "gxe": 45.6, "rpr": 1466.5417896982724, "rprd": 44.41821543751382, "w": 111, "l": 107, "coil": null}, "gen9randombattle": {"elo": 1194.3663200036115, "gxe": 48.8, "rpr": 1490.7488870246336, "rprd": 42.299631431078886, "w": 78, "l": 75, "coil": null}}}