{"username": "hcff \u3064 \u25d5_\u25d5 \u3064", "userid": "hcff", "registertime": 1678147200, "group": 1, "ratings": {"gen1randombattle": {"elo": 1086.4856065722436, "gxe": 59.6, "rpr": 1578.1107330152283, "rprd": 130, "w": 3, "l": 1, "coil": null}, "gen3ou": {"elo": 1000, "gxe": 40.3, "rpr": 1421.6812863035696, "rprd": 116.54396278028204, "w": 0, "l": 0, "coil": null}, "gen3randombattle": {"elo": 1279.606091074908, "gxe": 57.4, "rpr": 1557.619417402951, "rprd": 91.11700718871012, "w": 56, "l": 48, "coil": null}, "gen4randombattle": {"elo": 1234.9373061432816, "gxe": 64.4, "rpr": 1614.939390903751, "rprd": 83.87468709390019, "w": 12, "l": 6, "coil": null}, "gen5randombattle": {"elo": 1190.022769975391, "gxe": 56.8, "rpr": 1553.9702430674765, "rprd": 112.66569760942687, "w": 12, "l": 7, "coil": null}, "gen6doublesou": {"elo": 1000, "gxe": 41.3, "rpr": 1430.488554064984, "rprd": 112.44308235611813, "w": 0, "l": 3, "coil": null}, "gen6ou": {"elo": 1135.8139914365552, "gxe": 53.5, "rpr": 1527.6473308428806, "rprd": 102.83005483656201, "w": 6, "l": 5, "coil": null}, "gen6purehackmons": {"elo": 1326.0708013381, "gxe": 57.3, "rpr": 1564.9093653586, "rprd": 206.61969557495, "w": 49, "l": 52, "coil": null}, "gen6randombattle": {"elo": 1318.6051932501598, "gxe": 66.9, "rpr": 1634.8737661051177, "rprd": 73.5198986951581, "w": 20, "l": 9, "coil": null}, "gen6tripleschallengecup": {"elo": 1046.0539606389011, "gxe": 55.2, "rpr": 1541.4552595339892, "rprd": 122.52807869681465, "w": 1, "l": 0, "coil": null}, "gen7anythinggoes": {"elo": 1151.7912710548, "gxe": 49.3, "rpr": 1493.3014166874, "rprd": 227.42460452559, "w": 10, "l": 8, "coil": null}, "gen7battlefactory": {"elo": 1121.4226684369944, "gxe": 64.9, "rpr": 1621.429949861782, "rprd": 109.07886142396528, "w": 4, "l": 0, "coil": null}, "gen7monotype": {"elo": 1000, "gxe": 44.8, "rpr": 1458.3038311539, "rprd": 122.89293243521, "w": 0, "l": 1, "coil": null}, "gen7ou": {"elo": 1089.932600010379, "gxe": 33.4, "rpr": 1361.580147190322, "rprd": 130, "w": 4, "l": 3, "coil": null}, "gen7pokebilitiesrandombattle": {"elo": 1227.2493942936997, "gxe": 68, "rpr": 1644.175041437938, "rprd": 64.87883571340171, "w": 19, "l": 8, "coil": null}, "gen7randombattle": {"elo": 1563.3919176126801, "gxe": 70.3, "rpr": 1672.5419400296562, "rprd": 123.91784040473833, "w": 165, "l": 134, "coil": null}, "gen7randombattleapexabilities": {"elo": 1139.2398476251926, "gxe": 63, "rpr": 1604.2662746456672, "rprd": 98.75992460953792, "w": 5, "l": 1, "coil": null}, "gen7ubers": {"elo": 1099.4540200153, "gxe": 56.8, "rpr": 1553.6059285994, "rprd": 105.34191348037, "w": 4, "l": 1, "coil": null}, "gen7vgc2017": {"elo": 1079.4553145556, "gxe": 59.2, "rpr": 1573.9314337749, "rprd": 115.90813023083, "w": 2, "l": 0, "coil": null}, "gen8battlefactory": {"elo": 1089.371549877556, "gxe": 57, "rpr": 1555.5209964933968, "rprd": 104.33602813402399, "w": 3, "l": 2, "coil": null}, "gen8doublesou": {"elo": 1176.9714960225, "gxe": 49.5, "rpr": 1495.7818194284, "rprd": 145.26928786495, "w": 206, "l": 232, "coil": null}, "gen8joltemonsrandombattle": {"elo": 1040, "gxe": 55, "rpr": 1540.1606143390134, "rprd": 122.85830807679145, "w": 1, "l": 0, "coil": null}, "gen8nationaldex": {"elo": 1093.7176627925605, "gxe": 61.5, "rpr": 1592.708736173421, "rprd": 111.37988226764621, "w": 3, "l": 0, "coil": null}, "gen8ou": {"elo": 1365.5696999661, "gxe": 68.8, "rpr": 1655.891308001, "rprd": 105.00186928389, "w": 267, "l": 349, "coil": null}, "gen8pu": {"elo": 1000, "gxe": 43.3, "rpr": 1446.4016072273, "rprd": 122.95448424696, "w": 0, "l": 1, "coil": null}, "gen8randombattle": {"elo": 1517.0330439877105, "gxe": 82.5, "rpr": 1804.1855486642207, "rprd": 104.70621329146685, "w": 252, "l": 248, "coil": null}, "gen8randomdoublesbattle": {"elo": 1189.7056533614, "gxe": 50.4, "rpr": 1503.2106404246, "rprd": 170.53418108454, "w": 42, "l": 43, "coil": null}, "gen8superstaffbros4": {"elo": 1362.9037405946, "gxe": 81.1, "rpr": 1818.3289068094, "rprd": 203.40003795038, "w": 31, "l": 7, "coil": null}, "gen8zu": {"elo": 1000, "gxe": 40.9, "rpr": 1426.5214353524, "rprd": 116.28431135427, "w": 0, "l": 2, "coil": null}, "gen91v1": {"elo": 1037.3533887322928, "gxe": 32.2, "rpr": 1356.8329500773505, "rprd": 70.79324807577257, "w": 5, "l": 17, "coil": null}, "gen9almostanyability": {"elo": 1052.9258192187585, "gxe": 43, "rpr": 1446.0752861860444, "rprd": 73.0918687000752, "w": 9, "l": 9, "coil": null}, "gen9anythinggoes": {"elo": 1530.5866691895, "gxe": 87.3, "rpr": 1879.8725208236, "rprd": 107.15930568517, "w": 90, "l": 43, "coil": null}, "gen9aprilfoolsday": {"elo": 1085.1988468093, "gxe": 54.2, "rpr": 1533.0891783611, "rprd": 117.55279952258, "w": 2, "l": 1, "coil": null}, "gen9b6p4randomdoublesbattlebo3": {"elo": 1057.056761123439, "gxe": 56.6, "rpr": 1553.142163999757, "rprd": 122.7845028021334, "w": 1, "l": 0, "coil": null}, "gen9babyrandombattle": {"elo": 1060.1860312975639, "gxe": 50.6, "rpr": 1504.4745712481306, "rprd": 122.93215469094059, "w": 2, "l": 2, "coil": null}, "gen9balancedhackmons": {"elo": 1000, "gxe": 32.6, "rpr": 1358.7335720044764, "rprd": 90.81627995185596, "w": 2, "l": 7, "coil": null}, "gen9battlefactory": {"elo": 1151.3056527739475, "gxe": 69.2, "rpr": 1659.7534441431376, "rprd": 109.36191230704797, "w": 5, "l": 0, "coil": null}, "gen9cap": {"elo": 1276.0354109135, "gxe": 69.3, "rpr": 1663.6557719449, "rprd": 130.94951035094, "w": 171, "l": 79, "coil": null}, "gen9caprandombattle": {"elo": 1330.3886035499, "gxe": 71.8, "rpr": 1680.5156772181, "rprd": 81.197180749059, "w": 48, "l": 22, "coil": null}, "gen9ccapm2025randombattle": {"elo": 1040, "gxe": 55, "rpr": 1540.1606143390134, "rprd": 122.85830807679145, "w": 1, "l": 0, "coil": null}, "gen9challengecup1v1": {"elo": 1217.1844533466026, "gxe": 47.3, "rpr": 1479.7533064654122, "rprd": 36.59200842548978, "w": 55, "l": 54, "coil": null}, "gen9chatbats": {"elo": 1052.1297464813, "gxe": 56.5, "rpr": 1553.3174570093, "rprd": 149.05209842217, "w": 1, "l": 0, "coil": null}, "gen9chimera1v1randombattle": {"elo": 1068.2431643390833, "gxe": 46.7, "rpr": 1473.9390274446728, "rprd": 102.71072496354164, "w": 2, "l": 3, "coil": null}, "gen9computergeneratedteams": {"elo": 1127.9335293647523, "gxe": 69.1, "rpr": 1662.0529969901454, "rprd": 130, "w": 4, "l": 1, "coil": null}, "gen9convergence": {"elo": 1253.9494518933, "gxe": 68.7, "rpr": 1663.2763911747, "rprd": 160.99701161611, "w": 9, "l": 1, "coil": null}, "gen9donotuse": {"elo": 1065.4686356796, "gxe": 50.5, "rpr": 1504.2633740798, "rprd": 197.8061514786, "w": 2, "l": 2, "coil": null}, "gen9doublesbrokencup": {"elo": 1087.2575455337633, "gxe": 51, "rpr": 1507.8732477109763, "rprd": 104.84294283503203, "w": 2, "l": 2, "coil": null}, "gen9doublesou": {"elo": 1304.5810858514615, "gxe": 55, "rpr": 1538.140924347258, "rprd": 63.526753341852675, "w": 95, "l": 88, "coil": null}, "gen9doublesubers": {"elo": 1049.407821292961, "gxe": 44.2, "rpr": 1454.4392682499124, "rprd": 88.71371012783122, "w": 7, "l": 9, "coil": null}, "gen9dragonkingcup": {"elo": 1074.3113027111, "gxe": 39.4, "rpr": 1414.7538048099, "rprd": 108.18485828746, "w": 2, "l": 5, "coil": null}, "gen9forceofthefallen": {"elo": 1086.7592085107558, "gxe": 53.3, "rpr": 1526.5084657499988, "rprd": 111.24657634396688, "w": 2, "l": 1, "coil": null}, "gen9fusionevolutionrandombattle": {"elo": 1048.2884132305, "gxe": 55, "rpr": 1540.1606143388, "rprd": 123.03963956633, "w": 1, "l": 0, "coil": null}, "gen9hackmonscup": {"elo": 1162.3343330577518, "gxe": 57.3, "rpr": 1559.4285480786612, "rprd": 130, "w": 6, "l": 3, "coil": null}, "gen9lc": {"elo": 1010.2682955833006, "gxe": 35.1, "rpr": 1379.4785380635296, "rprd": 97.88490173016217, "w": 2, "l": 8, "coil": null}, "gen9legendszaou": {"elo": 1051.8807261452057, "gxe": 55.7, "rpr": 1546.0658744420068, "rprd": 122.64310810946839, "w": 1, "l": 0, "coil": null}, "gen9livepatchbattlesver100": {"elo": 1042.9515271432185, "gxe": 50, "rpr": 1500, "rprd": 116.77753930629355, "w": 1, "l": 1,