{"username": "hdjci", "userid": "hdjci", "registertime": 1728864000, "group": 1, "ratings": {"gen1randombattle": {"elo": 1029.6000168292, "gxe": 49.7, "rpr": 1497.8967525611, "rprd": 117.44342126432, "w": 1, "l": 1, "coil": null}, "gen7ou": {"elo": 1102.2115685692, "gxe": 60.4, "rpr": 1583.415741408, "rprd": 111.32394300325, "w": 3, "l": 0, "coil": null}, "gen7randombattle": {"elo": 1032.3973735894651, "gxe": 42, "rpr": 1435.587717830209, "rprd": 116.743333676458, "w": 2, "l": 4, "coil": null}, "gen9battlefactory": {"elo": 1048.030699989908, "gxe": 54.4, "rpr": 1535.4259462756236, "rprd": 122.37284507369904, "w": 1, "l": 0, "coil": null}, "gen9randombattle": {"elo": 1795.3765398465118, "gxe": 79.8, "rpr": 1758.844452376039, "rprd": 31.69906688982467, "w": 1612, "l": 1490, "coil": null}, "gen9randomdoublesbattle": {"elo": 1456.5304033193338, "gxe": 62.9, "rpr": 1599.998357362818, "rprd": 50.55732349045935, "w": 53, "l": 36, "coil": null}}}