{"username": "HeartofElixir", "userid": "heartofelixir", "registertime": 1665360000, "group": 1, "ratings": {"gen7randombattle": {"elo": 1506.4445116806, "gxe": 74.7, "rpr": 1707.2408095809, "rprd": 66.949275655313, "w": 85, "l": 44, "coil": null}, "gen8battlefactory": {"elo": 1017.9118528203, "gxe": 49.2, "rpr": 1493.1367664418, "rprd": 184.61231712388, "w": 8, "l": 9, "coil": null}, "gen8nationaldexag": {"elo": 1390.2203826861, "gxe": 68.5, "rpr": 1648.1462277786, "rprd": 61.501038252516, "w": 21, "l": 7, "coil": null}, "gen8randombattle": {"elo": 1399.286035188, "gxe": 63, "rpr": 1617.7095961218, "rprd": 211.1795794335, "w": 68, "l": 48, "coil": null}, "gen8vgc2022": {"elo": 1078.1976189324, "gxe": 44.1, "rpr": 1446.6578601582, "rprd": 219.52494341816, "w": 14, "l": 16, "coil": null}, "gen9doublesou": {"elo": 1076.3981058382392, "gxe": 43.4, "rpr": 1448.2425044238869, "rprd": 97.86501579010366, "w": 0, "l": 0, "coil": null}, "gen9nationaldex": {"elo": 1398.5836488023467, "gxe": 53.6, "rpr": 1528.5591965305814, "rprd": 96.60967380028143, "w": 47, "l": 31, "coil": null}, "gen9nationaldexag": {"elo": 1487.4817634776, "gxe": 76.1, "rpr": 1720.2622462027, "rprd": 55.034322866688, "w": 30, "l": 11, "coil": null}, "gen9ou": {"elo": 1194.5097080047, "gxe": 55.5, "rpr": 1542.8801866827, "rprd": 76.625577420395, "w": 20, "l": 14, "coil": null}, "gen9randombattle": {"elo": 2141.281527235633, "gxe": 86.3, "rpr": 1847.4183677100646, "rprd": 25.4691527111125, "w": 4082, "l": 3812, "coil": null}}}