{"username": "Hehehe21", "userid": "hehehe21", "registertime": 1670112000, "group": 1, "ratings": {"gen8randombattle": {"elo": 1070.1028089042, "gxe": 48.9, "rpr": 1491.3622822189, "rprd": 107.20264061449, "w": 2, "l": 2, "coil": null}, "gen9anythinggoes": {"elo": 1357.3361704328845, "gxe": 57.9, "rpr": 1561.8833257353112, "rprd": 95.41390429973924, "w": 85, "l": 67, "coil": null}, "gen9ou": {"elo": 1042.5070118476117, "gxe": 42.7, "rpr": 1443.4788909246802, "rprd": 65.61608352916957, "w": 11, "l": 12, "coil": null}, "gen9randombattle": {"elo": 1410.8173871532924, "gxe": 59.2, "rpr": 1570.030178198026, "rprd": 36.62412488934717, "w": 67, "l": 53, "coil": null}}}