{"username": "Hellripper", "userid": "hellripper", "registertime": 1778457600, "group": 1, "ratings": {"gen9randombattle": {"elo": 1402.468610258857, "gxe": 57.9, "rpr": 1560.2515634929316, "rprd": 30.01834973261619, "w": 185, "l": 178, "coil": null}}}