{"username": "helvieee", "userid": "helvieee", "registertime": 1781395200, "group": 1, "ratings": {"gen9randombattle": {"elo": 1067.0563441126653, "gxe": 48.4, "rpr": 1487.305201387025, "rprd": 82.66950387028125, "w": 7, "l": 6, "coil": null}}}