{"username": "hendrik980", "userid": "hendrik980", "registertime": 1590364800, "group": 1, "ratings": {"gen1randombattle": {"elo": 1000, "gxe": 45.6, "rpr": 1464.4107838918692, "rprd": 124.19529104004668, "w": 0, "l": 1, "coil": null}, "gen2randombattle": {"elo": 1046.2338806795215, "gxe": 54.9, "rpr": 1539.0984602836254, "rprd": 122.10096455123985, "w": 1, "l": 0, "coil": null}, "gen3randombattle": {"elo": 1000, "gxe": 45, "rpr": 1459.8393856609866, "rprd": 122.85830807679145, "w": 0, "l": 1, "coil": null}, "gen5randombattle": {"elo": 1153.2447869143964, "gxe": 62.6, "rpr": 1600.7884803914492, "rprd": 98.98202898759132, "w": 5, "l": 1, "coil": null}, "gen6randombattle": {"elo": 1499.8207938833, "gxe": 74.1, "rpr": 1708.2050745706, "rprd": 113.79185328836, "w": 39, "l": 17, "coil": null}, "gen7randombattle": {"elo": 1489.2640306366839, "gxe": 66.5, "rpr": 1632.1718692248908, "rprd": 80.72196030034557, "w": 33, "l": 16, "coil": null}, "gen8bdspou": {"elo": 1375.3398560055, "gxe": 62.3, "rpr": 1608.433854006, "rprd": 194.27863337337, "w": 301, "l": 264, "coil": null}, "gen8bdspubers": {"elo": 1093.7176627926, "gxe": 62.5, "rpr": 1600.7730346483, "rprd": 113.39270510556, "w": 3, "l": 0, "coil": null}, "gen8monotyperandombattle": {"elo": 1221.1049856756, "gxe": 57.5, "rpr": 1556.8337284733, "rprd": 40.314610457988, "w": 86, "l": 76, "coil": null}, "gen8ou": {"elo": 1399.9939628742, "gxe": 67.7, "rpr": 1645.573622663, "rprd": 107.77600648206, "w": 419, "l": 390, "coil": null}, "gen8randombattle": {"elo": 1426.2389335311, "gxe": 70, "rpr": 1665.5706189102, "rprd": 100.01201814956, "w": 590, "l": 568, "coil": null}, "gen9livepatchbattlesver100": {"elo": 1000, "gxe": 41, "rpr": 1427.432874170786, "rprd": 116.77753930629355, "w": 0, "l": 2, "coil": null}, "gen9monotyperandombattle": {"elo": 1489.8736840238, "gxe": 73.4, "rpr": 1695.156403105, "rprd": 75.598211072293, "w": 180, "l": 134, "coil": null}, "gen9ou": {"elo": 1394.0249456407128, "gxe": 57.1, "rpr": 1554.7601887863132, "rprd": 59.71309230756298, "w": 90, "l": 80, "coil": null}, "gen9pickyourteamrandombattle": {"elo": 1269.8963440035, "gxe": 72.7, "rpr": 1689.1858532414, "rprd": 79.270169272196, "w": 15, "l": 4, "coil": null}, "gen9randombattle": {"elo": 1428.9082432441348, "gxe": 69.4, "rpr": 1653.9145888801554, "rprd": 26.674964062332634, "w": 3675, "l": 3490, "coil": null}, "gen9randomdoublesbattle": {"elo": 1598.3897692814078, "gxe": 69.3, "rpr": 1657.331711050826, "rprd": 85.02119030616475, "w": 211, "l": 175, "coil": null}, "gen9ru": {"elo": 1000, "gxe": 41.3, "rpr": 1430.2391610454945, "rprd": 116.13392219046901, "w": 0, "l": 2, "coil": 146.01755031502208}, "gen9ubers": {"elo": 1317.2194178145044, "gxe": 63, "rpr": 1603.8732305631156, "rprd": 28.96055427897649, "w": 101, "l": 84, "coil": null}, "gen9vgc2023series2": {"elo": 1173.84217225204, "gxe": 66, "rpr": 1631.183204004027, "rprd": 101.00404382334959, "w": 5, "l": 0, "coil": null}, "gen9vgc2024regf": {"elo": 1229.2508727340542, "gxe": 53.4, "rpr": 1525.5672564267297, "rprd": 39.122547375660204, "w": 85, "l": 80, "coil": null}, "gen9vgc2024regg": {"elo": 1431.9583474784556, "gxe": 60.9, "rpr": 1583.5555027288233, "rprd": 40.287184530563515, "w": 71, "l": 52, "coil": null}, "gen9vgc2024regh": {"elo": 1301.7962509235238, "gxe": 56.4, "rpr": 1548.6242514833364, "rprd": 37.44746242171953, "w": 60, "l": 46, "coil": null}}}