{"username": "hepooo\\", "userid": "hepooo", "registertime": 1567123200, "group": 1, "ratings": {"gen1randombattle": {"elo": 1078.4782452783, "gxe": 59, "rpr": 1573.0321682318, "rprd": 123.63952703732, "w": 2, "l": 0, "coil": null}, "gen2randombattle": {"elo": 1070.1028089042, "gxe": 59.5, "rpr": 1576.8928711193, "rprd": 124.29927093229, "w": 2, "l": 0, "coil": null}, "gen3ou": {"elo": 1000, "gxe": 33.7, "rpr": 1365.9375405234, "rprd": 112.54757695164, "w": 0, "l": 3, "coil": null}, "gen3randombattle": {"elo": 1141.3960927023882, "gxe": 55.5, "rpr": 1544.1406745271274, "rprd": 122.83517259230698, "w": 5, "l": 1, "coil": null}, "gen4randombattle": {"elo": 1024.1062821249577, "gxe": 32.4, "rpr": 1352.3495777751953, "rprd": 130, "w": 1, "l": 4, "coil": null}, "gen5randombattle": {"elo": 1161.604127986074, "gxe": 68.6, "rpr": 1657.0289172713121, "rprd": 130, "w": 5, "l": 1, "coil": null}, "gen6randombattle": {"elo": 1082.7609773298, "gxe": 59.5, "rpr": 1576.8928711193, "rprd": 124.29927093229, "w": 2, "l": 0, "coil": null}, "gen7battlefactory": {"elo": 1411.7127184462, "gxe": 71.8, "rpr": 1710.3931090574, "rprd": 223.85152554638, "w": 97, "l": 62, "coil": null}, "gen7battlespotspecial17": {"elo": 1200.7220340931, "gxe": 61.3, "rpr": 1600.4689154504, "rprd": 198.80202015783, "w": 19, "l": 9, "coil": null}, "gen7cap": {"elo": 1167.5945064107, "gxe": 62.5, "rpr": 1598.2698135509, "rprd": 80.095264326026, "w": 10, "l": 6, "coil": null}, "gen7doublesou": {"elo": 1095.3238803903, "gxe": 45, "rpr": 1454.8647645438, "rprd": 220.81102581659, "w": 67, "l": 76, "coil": null}, "gen7doublesuu": {"elo": 1200.5272159642, "gxe": 67.5, "rpr": 1638.6527472942, "rprd": 42.785155751258, "w": 86, "l": 54, "coil": null}, "gen7lc": {"elo": 1090.0313693817, "gxe": 50.2, "rpr": 1501.3441249613, "rprd": 91.781922671197, "w": 5, "l": 5, "coil": null}, "gen7monotypebattlefactory": {"elo": 1044.8595526025, "gxe": 45.8, "rpr": 1466.7094301329, "rprd": 124.09594280949, "w": 1, "l": 2, "coil": null}, "gen7nu": {"elo": 1208.9087373266, "gxe": 62.4, "rpr": 1598.4816768252, "rprd": 88.998446286365, "w": 8, "l": 3, "coil": null}, "gen7ou": {"elo": 1231.6668995517227, "gxe": 66.3, "rpr": 1630.3575156868728, "rprd": 72.25729633791454, "w": 15, "l": 8, "coil": null}, "gen7pu": {"elo": 1283.263188571, "gxe": 59.9, "rpr": 1576.189614458, "rprd": 46.922718801443, "w": 42, "l": 30, "coil": null}, "gen7randombattle": {"elo": 1499.2786103525, "gxe": 77.1, "rpr": 1740.7479559393, "rprd": 115.38802757942, "w": 841, "l": 677, "coil": null}, "gen7ru": {"elo": 1138.4302977397, "gxe": 44.8, "rpr": 1453.3361910112, "rprd": 218.41264233499, "w": 23, "l": 29, "coil": null}, "gen7superstaffbrosbrawl": {"elo": 1040, "gxe": 50.4, "rpr": 1502.9448237521, "rprd": 116.03125894876, "w": 1, "l": 1, "coil": null}, "gen7uu": {"elo": 1207.2712098894, "gxe": 47.3, "rpr": 1478.2151114389, "rprd": 114.97641657821, "w": 41, "l": 38, "coil": null}, "gen7vgc2019ultraseries": {"elo": 1185.3111270932, "gxe": 54.4, "rpr": 1534.1034062964, "rprd": 80.712793025327, "w": 8, "l": 5, "coil": null}, "gen8bdsprandombattle": {"elo": 1077.8742942366, "gxe": 58.9, "rpr": 1571.805465142, "rprd": 120.90027781194, "w": 2, "l": 0, "coil": null}, "gen8bssfactory": {"elo": 1065.8387318748, "gxe": 57.6, "rpr": 1561.4245111327, "rprd": 123.09382469558, "w": 1, "l": 0, "coil": null}, "gen8cap1v1": {"elo": 1000, "gxe": 42.2, "rpr": 1437.4170601965, "rprd": 116.16104749201, "w": 0, "l": 2, "coil": null}, "gen8doublesou": {"elo": 1358.9619750692, "gxe": 65.4, "rpr": 1641.4890440585, "rprd": 215.92532491754, "w": 73, "l": 53, "coil": null}, "gen8doublesuu": {"elo": 1232.9860479284, "gxe": 66.5, "rpr": 1632.4069882245, "rprd": 84.746238265855, "w": 19, "l": 19, "coil": null}, "gen8hackmonscup": {"elo": 1386.6305344341, "gxe": 77.9, "rpr": 1748.3240706548, "rprd": 107.15581181984, "w": 30, "l": 10, "coil": null}, "gen8joltemonsrandombattle": {"elo": 1044.584930701, "gxe": 55, "rpr": 1540.1606143388, "rprd": 122.8583080769, "w": 1, "l": 0, "coil": null}, "gen8lc": {"elo": 1079.1706387844, "gxe": 41.1, "rpr": 1431.4771851829, "rprd": 63.494951328614, "w": 11, "l": 18, "coil": null}, "gen8monotyperandombattle": {"elo": 1493.264801978, "gxe": 72.1, "rpr": 1685.4705343389, "rprd": 95.304608531958, "w": 108, "l": 75, "coil": null}, "gen8nu": {"elo": 1147.9068258546, "gxe": 52.5, "rpr": 1519.0876678926, "rprd": 55.127944257807, "w": 36, "l": 36, "coil": null}, "gen8ou": {"elo": 1360.476587208261, "gxe": 60.2, "rpr": 1578.4440572079818, "rprd": 41.08019255989591, "w": 293, "l": 288, "coil": null}, "gen8pu": {"elo": 1230.7298751107, "gxe": 61.1, "rpr": 1586.1334325462, "rprd": 57.575895981143, "w": 35, "l": 28, "coil": null}, "gen8randombattle": {"elo": 1415.9412561841, "gxe": 82.3, "rpr": 1826.513618338, "rprd": 179.02926904265, "w": 1448, "l": 1190, "coil": null}, "gen8randombattleblitz": {"elo": 1433.0206936221, "gxe": 68.6, "rpr": 1648.8233129955, "rprd": 56.841516828237, "w": 97, "l": 65, "coil": null}, "gen8randombattlemayhem": {"elo": 1355.6613789065, "gxe": 71.1, "rpr": 1672.512987277, "rprd": 68.743328345334, "w": 29, "l": 15, "coil": null}, "gen8randomdoublesbattle": {"elo": 1499.6896983963, "gxe": 81.1, "rpr": 1793.513825394, "rprd": 132.47939693266, "w": 191, "l": 128, "coil": null}, "gen8ru": {"elo": 1089.3936739546, "gxe": 51.3, "rpr": 1511.6720107749, "rprd": 215.25745691055, "w": 34, "l": 35, "coil": null}, "gen8superstaffbros4": {"elo": 1077.2085020318, "gxe": 59, "rpr": 1572.9110980438, "rprd": 128.43405333175, "w": 2, "l": 0, "coil": null}, "gen8ubers": {"elo": 1230.9282820842, "gxe": 54.4, "rpr": 1534.9415341093, "rprd": 118.47014996846, "w": 14, "l": 6, "coil": null}, "gen8uu": {"elo": 1249.6247417713, "gxe": 55.1, "rpr": 1544.9301131908, "rprd": 212.89988062273, "w": 53, "l": 44, "coil": null}, "gen9brokencup": {"elo": 1100.1041205424, "gxe": 56, "rpr": 1552.0263421002, "rprd": 197.13100124931, "w": 4, "l": 2, "coil": null}, "gen9computergeneratedteams": {"elo": 1047.9631116222, "gxe": 55, "rpr": 1540.1606143388, "rprd": 122.8583080769, "w": 1, "l": 0, "coil": null}, "gen9doublesou": {"elo": 1499.9474270575, "gxe": 70.2, "rpr": 1665.5020207153, "rprd": 82.399521333537, "w": 64, "l": 34, "coil": null}, "gen9lc": {"elo": 1191.6121914149296, "gxe": 52.3, "rpr": 1517.707323790713, "rprd": 98.74281160951135, "w": 41, "l": 52, "coil": null}, "gen9monotyperandombattle": {"elo": 1427.3177656733917, "gxe": 70.3, "rpr": 1663.3474761309176, "rprd": 50.74932547472912, "w": 51, "l": 27, "coil": null}, "gen9nationaldex": {"elo": 1441.347613135966, "gxe": 55.9, "rpr": 1544.6356257675052, "rprd": 31.02681965193996, "w": 139, "l": 124, "coil": null}, "gen9nu": {"elo": 1210.0672314779308, "gxe": 52.9, "rpr": 1522.761691023416, "rprd": 97.28500558283392, "w": 21, "l": 19, "coil": 1874.284070420595}, "gen9ou": {"elo": 1357.1854104397028, "gxe": 52.5, "rpr": 1518.8862420989535, "rprd": 58.74594930460049, "w": 152, "l": 148, "coil": null}, "gen9pu": {"elo": 1181.5335620802352, "gxe": 50.5, "rpr": 1503.9790063171909, "rprd": 79.99314022936123, "w": 15, "l": 15, "coil": 1718.3476651207286}, "gen9randombattle": {"elo": 1997.7408838587207, "gxe": 85.3, "rpr": 1831.3869972493974, "rprd": 26.1940496665114, "w": 3166, "l": 2840, "coil": null}, "gen9randombattleblitz": {"elo": 1429.5590434976916, "gxe": 57, "rpr": 1554.7404509188282, "rprd": 80.33053228150345, "w": 66, "l": 41, "coil": null}, "gen9randombattlemayhem": {"elo": 1251.8467595611, "gxe": 66.1, "rpr": 1649.9362814106, "rprd": 221.94784666696, "w": 15, "l": 6, "coil": null}, "gen9randomdoublesbattle": {"elo": 1334.135559587081, "gxe": 71, "rpr": 1671.9927812205829, "rprd": 67.85879239122897, "w": 17, "l": 4, "coil": null}, "gen9ru": {"elo": 1139.6728364038627, "gxe": 53, "rpr": 1524.2673617809035, "rprd": 130, "w": 21, "l": 28, "coil": 1920.1341682394823}, "gen9uu": {"elo": 1241.4631475412214, "gxe": 57.5, "rpr": 1558.183243495062, "rprd": 70.08555683255291, "w": 32, "l": 20, "coil": null}}}