{"username": "Heykoul", "userid": "heykoul", "registertime": 1519344000, "group": 1, "ratings": {"gen3randombattle": {"elo": 1117.554354598098, "gxe": 55, "rpr": 1539.3194283584767, "rprd": 101.47001582123504, "w": 3, "l": 2, "coil": null}, "gen4ou": {"elo": 1161.4102035495, "gxe": 58, "rpr": 1562.4819799449, "rprd": 85.785153051909, "w": 0, "l": 0, "coil": null}, "gen4randombattle": {"elo": 1362.4196131233975, "gxe": 60.4, "rpr": 1582.331970269838, "rprd": 93.21425629743615, "w": 84, "l": 69, "coil": null}, "gen5randombattle": {"elo": 1339.36011327, "gxe": 68.8, "rpr": 1652.2344727096, "rprd": 79.375677525281, "w": 25, "l": 14, "coil": null}, "gen6firstbloodrandombattle": {"elo": 1172.5003388114417, "gxe": 52.3, "rpr": 1517.8150799165203, "rprd": 50.17838286915366, "w": 59, "l": 58, "coil": null}, "gen6randombattle": {"elo": 1323.8901499655703, "gxe": 54.7, "rpr": 1536.624046005328, "rprd": 95.69799813888703, "w": 102, "l": 90, "coil": null}, "gen7letsgorandombattle": {"elo": 1085.5961771085, "gxe": 56.5, "rpr": 1550.387542318, "rprd": 80.594628984879, "w": 8, "l": 5, "coil": null}, "gen7randombattle": {"elo": 1345.3012024122, "gxe": 58.7, "rpr": 1567.6782278041, "rprd": 84.225552145222, "w": 203, "l": 194, "coil": null}, "gen8bdsprandombattle": {"elo": 1014.1908793422, "gxe": 44.7, "rpr": 1458.2374627615, "rprd": 111.02249495241, "w": 1, "l": 2, "coil": null}, "gen8ou": {"elo": 1412.468562499, "gxe": 63, "rpr": 1617.8024676663, "rprd": 211.95933298452, "w": 34, "l": 17, "coil": null}, "gen8randombattle": {"elo": 1198.8588265418, "gxe": 60.1, "rpr": 1578.4792235732, "rprd": 71.799820561847, "w": 0, "l": 0, "coil": null}, "gen9monotyperandombattle": {"elo": 1403.7417393616188, "gxe": 67.3, "rpr": 1641.2736269967645, "rprd": 99.39821138389468, "w": 79, "l": 60, "coil": null}, "gen9nationaldex": {"elo": 1477.859788021565, "gxe": 64.2, "rpr": 1610.2275431853743, "rprd": 38.328723655998374, "w": 90, "l": 66, "coil": null}, "gen9ou": {"elo": 1336.5398117309915, "gxe": 53, "rpr": 1522.843807368027, "rprd": 47.09880826719044, "w": 127, "l": 117, "coil": null}, "gen9randombattle": {"elo": 1978.9625283621972, "gxe": 80.9, "rpr": 1772.6208927964096, "rprd": 28.525135528652953, "w": 278, "l": 257, "coil": null}}}