{"username": "hiccup10", "userid": "hiccup10", "registertime": 1750032000, "group": 1, "ratings": {"gen7randombattle": {"elo": 1052.3111448750585, "gxe": 48.1, "rpr": 1485.1496484015588, "rprd": 121.89242103612314, "w": 1, "l": 1, "coil": null}, "gen8randombattle": {"elo": 1039.9354802668802, "gxe": 32.4, "rpr": 1354.6833507726872, "rprd": 113.98891078568539, "w": 1, "l": 5, "coil": null}, "gen9fusionevolutionrandombattle": {"elo": 1000, "gxe": 45, "rpr": 1459.8393856609866, "rprd": 122.85830807679145, "w": 0, "l": 1, "coil": null}, "gen9mixandmega": {"elo": 1051.5744348313278, "gxe": 47.7, "rpr": 1481.3011716601388, "rprd": 119.47482786734663, "w": 1, "l": 2, "coil": null}, "gen9randombattle": {"elo": 1507.827108244897, "gxe": 60.8, "rpr": 1583.2890415364877, "rprd": 34.244623492587095, "w": 1007, "l": 1051, "coil": null}, "gen9randombattleblitz": {"elo": 1000, "gxe": 43.9, "rpr": 1450.7685370461872, "rprd": 122.1571898834624, "w": 0, "l": 1, "coil": null}, "gen9randomdoublesbattle": {"elo": 1043.9787764709588, "gxe": 53.9, "rpr": 1531.010108680358, "rprd": 122.9107891607241, "w": 1, "l": 0, "coil": null}, "gen9ubers": {"elo": 1000, "gxe": 45, "rpr": 1459.8393856609866, "rprd": 122.85830807679145, "w": 0, "l": 1, "coil": null}}}