{"username": "HIDDENj", "userid": "hiddenj", "registertime": 1617062400, "group": 1, "ratings": {"gen1randombattle": {"elo": 1047.4619834298865, "gxe": 55.1, "rpr": 1541.096640956026, "rprd": 130, "w": 1, "l": 2, "coil": null}, "gen2randombattle": {"elo": 1057.2745652195, "gxe": 57.4, "rpr": 1559.7880344126, "rprd": 122.94501932184, "w": 1, "l": 0, "coil": null}, "gen3randombattle": {"elo": 1170.0262306861248, "gxe": 58.1, "rpr": 1564.3600866095783, "rprd": 103.63027660361475, "w": 15, "l": 14, "coil": null}, "gen4randombattle": {"elo": 1323.6136338198, "gxe": 62.8, "rpr": 1598.9508707403, "rprd": 46.269925823118, "w": 42, "l": 30, "coil": null}, "gen6firstbloodrandombattle": {"elo": 1039.7104310395484, "gxe": 48, "rpr": 1484.843965045494, "rprd": 40.156142436718774, "w": 85, "l": 93, "coil": null}, "gen7anythinggoes": {"elo": 1000, "gxe": 45, "rpr": 1459.8393856612, "rprd": 122.8583080769, "w": 0, "l": 1, "coil": null}, "gen8monotyperandombattle": {"elo": 1051.7260322768, "gxe": 56.2, "rpr": 1550.1147208698, "rprd": 123.59742418689, "w": 1, "l": 0, "coil": null}, "gen8ou": {"elo": 1020.6443234822, "gxe": 38, "rpr": 1406.6855607484, "rprd": 59.193410474718, "w": 186, "l": 208, "coil": null}, "gen8randombattle": {"elo": 1424.6727267375, "gxe": 64.5, "rpr": 1625.7774091395, "rprd": 171.80696400009, "w": 1359, "l": 1339, "coil": null}, "gen8randomdoublesbattle": {"elo": 1044.584930701, "gxe": 51.5, "rpr": 1511.8848910787, "rprd": 130, "w": 1, "l": 1, "coil": null}, "gen8ubers": {"elo": 1011.7289113135, "gxe": 40.1, "rpr": 1421.018777202, "rprd": 106.43834016592, "w": 1, "l": 3, "coil": null}, "gen9battlefactory": {"elo": 1038.6253047654, "gxe": 39.6, "rpr": 1412.6392571485, "rprd": 158.96636641847, "w": 6, "l": 11, "coil": null}, "gen9doublesbrokencup": {"elo": 1000, "gxe": 43.6, "rpr": 1448.649001298462, "rprd": 122.43426766759782, "w": 0, "l": 1, "coil": null}, "gen9doublesou": {"elo": 1208.5187102856535, "gxe": 55.9, "rpr": 1545.1950031314507, "rprd": 60.16795651536084, "w": 19, "l": 12, "coil": null}, "gen9monotype": {"elo": 1245.1357751215314, "gxe": 48, "rpr": 1484.4123867421774, "rprd": 93.72970330215033, "w": 286, "l": 280, "coil": 1915.303130349109}, "gen9monotyperandombattle": {"elo": 1128.6639332251445, "gxe": 62.6, "rpr": 1601.5403901935226, "rprd": 106.52311321050755, "w": 4, "l": 1, "coil": null}, "gen9partnersincrimerandombattle6moves": {"elo": 1000, "gxe": 44.6, "rpr": 1456.9805263439644, "rprd": 121.93708159914549, "w": 0, "l": 1, "coil": null}, "gen9randombattle": {"elo": 2017.860191988181, "gxe": 82, "rpr": 1785.921131644357, "rprd": 27.550010156071465, "w": 4254, "l": 4103, "coil": null}, "gen9randombattleblitz": {"elo": 1000, "gxe": 45, "rpr": 1459.8393856609866, "rprd": 122.85830807679145, "w": 0, "l": 1, "coil": null}, "gen9randomdoublesbattle": {"elo": 1387.4609861742767, "gxe": 60.6, "rpr": 1583.4652431554766, "rprd": 86.55397028048661, "w": 91, "l": 75, "coil": null}}}