{"username": "HighTierAngel", "userid": "hightierangel", "registertime": 1764979200, "group": 1, "ratings": {"gen1randombattle": {"elo": 1029.7495716393546, "gxe": 50.2, "rpr": 1501.3633964985645, "rprd": 116.07254081920236, "w": 1, "l": 1, "coil": null}, "gen6megasrevisitedrandombattle": {"elo": 1000, "gxe": 46.1, "rpr": 1468.9687748941687, "rprd": 122.82410398468262, "w": 0, "l": 1, "coil": null}, "gen6randombattle": {"elo": 1044.765014424321, "gxe": 49.1, "rpr": 1493.1174999836003, "rprd": 116.52301628520198, "w": 1, "l": 1, "coil": null}, "gen7ou": {"elo": 1344.3447637942052, "gxe": 60.2, "rpr": 1579.0793383886623, "rprd": 53.7714311439451, "w": 33, "l": 21, "coil": null}, "gen91v1": {"elo": 1203.052505662557, "gxe": 54.4, "rpr": 1533.4941097180474, "rprd": 63.771031217548995, "w": 14, "l": 12, "coil": null}, "gen9almostanyability": {"elo": 1000, "gxe": 38.3, "rpr": 1405.9775113896426, "rprd": 110.57380387455478, "w": 0, "l": 3, "coil": null}, "gen9anythinggoes": {"elo": 1054.5025730321795, "gxe": 53.4, "rpr": 1527.1181740885986, "rprd": 122.85563481897053, "w": 1, "l": 0, "coil": null}, "gen9championsou": {"elo": 1042.2280962303857, "gxe": 43.9, "rpr": 1453.0600915342009, "rprd": 75.36584068593726, "w": 8, "l": 9, "coil": null}, "gen9legendszaou": {"elo": 1113.9508721253333, "gxe": 40.9, "rpr": 1428.4858789466837, "rprd": 83.71686311482016, "w": 5, "l": 8, "coil": null}, "gen9monkeyspawrandombattle": {"elo": 1047.122541637835, "gxe": 54.2, "rpr": 1533.3411054805815, "rprd": 122.98795555130252, "w": 1, "l": 0, "coil": null}, "gen9nationaldex": {"elo": 1066.1913668287955, "gxe": 44, "rpr": 1452.6938091002917, "rprd": 93.98153452070473, "w": 4, "l": 4, "coil": null}, "gen9nationaldexmonotype": {"elo": 1064.2977804201032, "gxe": 37.9, "rpr": 1404.8782351241996, "rprd": 82.25856799919264, "w": 3, "l": 10, "coil": null}, "gen9nationaldexubers": {"elo": 1100.9737488046683, "gxe": 47.3, "rpr": 1479.0877842443274, "rprd": 87.52601339327863, "w": 8, "l": 6, "coil": null}, "gen9nu": {"elo": 1167.9150212515003, "gxe": 59.2, "rpr": 1571.7474231751191, "rprd": 69.70925305042341, "w": 13, "l": 8, "coil": 1879.4828455303484}, "gen9ou": {"elo": 1217.6171924255116, "gxe": 46.8, "rpr": 1475.2544705706787, "rprd": 63.98930988886314, "w": 45, "l": 41, "coil": null}, "gen9pu": {"elo": 1100.141095011346, "gxe": 53.6, "rpr": 1528.0786577480408, "rprd": 90.90407200083597, "w": 5, "l": 4, "coil": 1250.5191304255968}, "gen9randombattle": {"elo": 1394.0295376159363, "gxe": 67.3, "rpr": 1639.345771438684, "rprd": 79.05505984216546, "w": 23, "l": 9, "coil": null}, "gen9ru": {"elo": 1205.8233883920802, "gxe": 57.2, "rpr": 1555.253797840023, "rprd": 53.755440008271925, "w": 27, "l": 18, "coil": 2054.135706629565}, "gen9stabmons": {"elo": 1072.7864595964, "gxe": 50.8, "rpr": 1506.1853919557, "rprd": 100.06482503081, "w": 6, "l": 9, "coil": null}, "gen9superstaffbrosultimate": {"elo": 1000, "gxe": 46.6, "rpr": 1472.9626062057005, "rprd": 122.86696769489707, "w": 0, "l": 1, "coil": null}, "gen9uu": {"elo": 1119.7830983696279, "gxe": 45.7, "rpr": 1466.8384828342244, "rprd": 75.09523480874185, "w": 10, "l": 11, "coil": null}}}