{"username": "HiramBalam", "userid": "hirambalam", "registertime": 1583712000, "group": 1, "ratings": {"gen1randombattle": {"elo": 1182.5712166774433, "gxe": 70.7, "rpr": 1672.2046581926536, "rprd": 99.21548191578266, "w": 6, "l": 0, "coil": null}, "gen2randombattle": {"elo": 1099.5094641966, "gxe": 59.2, "rpr": 1572.3255396004, "rprd": 88.567689892226, "w": 6, "l": 4, "coil": null}, "gen3randombattle": {"elo": 1173.4893795101, "gxe": 70.7, "rpr": 1675.3061618687, "rprd": 115.89379696876, "w": 7, "l": 4, "coil": null}, "gen7superstaffbrosbrawl": {"elo": 1003.8754053621, "gxe": 37.1, "rpr": 1394.0837529504, "rprd": 127.49364146523, "w": 1, "l": 4, "coil": null}, "gen8bdspbalancedhackmons": {"elo": 1000, "gxe": 41, "rpr": 1427.4328741711, "rprd": 116.77753930647, "w": 0, "l": 2, "coil": null}, "gen8bdsprandombattle": {"elo": 1271.2571089288, "gxe": 56.6, "rpr": 1550.4318307705, "rprd": 38.908794071823, "w": 80, "l": 71, "coil": null}, "gen8bssfactory": {"elo": 1000, "gxe": 40.8, "rpr": 1425.7438303443, "rprd": 119.75500125035, "w": 0, "l": 2, "coil": null}, "gen8challengecup1v1": {"elo": 1244.884148108, "gxe": 52.2, "rpr": 1516.8498464844, "rprd": 77.191943147189, "w": 29, "l": 27, "coil": null}, "gen8hackmonscup": {"elo": 1058.9387755877776, "gxe": 46.2, "rpr": 1469.3537106158128, "rprd": 127.33541865305955, "w": 37, "l": 69, "coil": null}, "gen8metronomebattle": {"elo": 1157.9759915133, "gxe": 51.7, "rpr": 1512.9772920588, "rprd": 54.788298029222, "w": 115, "l": 114, "coil": null}, "gen8monotyperandombattle": {"elo": 1111.4700887054, "gxe": 45, "rpr": 1459.9904567261, "rprd": 110.45925794927, "w": 40, "l": 35, "coil": null}, "gen8randombattle": {"elo": 1270.86364575, "gxe": 60.5, "rpr": 1580.6391225566, "rprd": 38.393213483107, "w": 1430, "l": 1375, "coil": null}, "gen8randombattlemayhem": {"elo": 1144.5775682099, "gxe": 62.2, "rpr": 1597.4689559007, "rprd": 97.913667325024, "w": 5, "l": 1, "coil": null}, "gen8randomdoublesbattle": {"elo": 1197.8972056529, "gxe": 49.7, "rpr": 1497.1907053479, "rprd": 211.80474172733, "w": 129, "l": 127, "coil": null}, "gen8superstaffbros4": {"elo": 1088.8929254461, "gxe": 46.2, "rpr": 1470.880020379, "rprd": 85.187933364239, "w": 46, "l": 56, "coil": null}, "gen8vgc2020": {"elo": 1356.782450644, "gxe": 45.5, "rpr": 1466.1908829639, "rprd": 27.392119558353, "w": 154, "l": 173, "coil": null}, "gen8vgc2021": {"elo": 1166.2786583067, "gxe": 49.3, "rpr": 1494.5148429685, "rprd": 47.289106001285, "w": 60, "l": 53, "coil": null}, "gen9championsrandombattle": {"elo": 1121.2971714121932, "gxe": 63.8, "rpr": 1611.587640481979, "rprd": 106.70627013845588, "w": 4, "l": 0, "coil": null}, "gen9computergeneratedteams": {"elo": 1042.5485014601836, "gxe": 58.1, "rpr": 1565.8340936084328, "rprd": 130, "w": 1, "l": 1, "coil": null}, "gen9godlygiftrandombattle": {"elo": 1057.1434428507948, "gxe": 56.3, "rpr": 1550.4280516193448, "rprd": 122.10063773822192, "w": 1, "l": 0, "coil": null}, "gen9hackmonscup": {"elo": 1124.7636130747355, "gxe": 49.3, "rpr": 1494.839709865408, "rprd": 97.92007388403042, "w": 75, "l": 90, "coil": null}, "gen9metronomebattle": {"elo": 1155.095451725123, "gxe": 51.1, "rpr": 1508.6685565865575, "rprd": 61.97842466176704, "w": 79, "l": 95, "coil": null}, "gen9monotyperandombattle": {"elo": 1287.352182007198, "gxe": 67.4, "rpr": 1642.832196642578, "rprd": 102.2525748326034, "w": 16, "l": 9, "coil": null}, "gen9randombattle": {"elo": 1497.3626667750304, "gxe": 65.6, "rpr": 1621.7984514093237, "rprd": 33.884866415329235, "w": 1950, "l": 1882, "coil": null}, "gen9randombattleblitz": {"elo": 1052.5035949714252, "gxe": 53.9, "rpr": 1530.8370167274481, "rprd": 123.01570358548757, "w": 1, "l": 0, "coil": null}, "gen9randombattlehyperblitzautochoose": {"elo": 1000, "gxe": 45.4, "rpr": 1463.035079913216, "rprd": 122.19310667900778, "w": 0, "l": 1, "coil": null}, "gen9randomdoublesbattle": {"elo": 1181.5917500883368, "gxe": 52, "rpr": 1515.5097734813864, "rprd": 85.76677491715375, "w": 45, "l": 38, "coil": null}, "gen9randomroulette": {"elo": 1215.3574951505, "gxe": 66.6, "rpr": 1634.7982037756, "rprd": 97.514028620554, "w": 21, "l": 18, "coil": null}, "gen9superstaffbrosultimate": {"elo": 1209.9447307353, "gxe": 65.8, "rpr": 1627.6108169427, "rprd": 92.858510594273, "w": 20, "l": 24, "coil": null}}}