{"username": "hong hoornstaart", "userid": "honghoornstaart", "registertime": 1419552000, "group": 1, "ratings": {"anythinggoes": {"elo": 1499.0156474725, "gxe": 66.5, "rpr": 1635.2044963376, "rprd": 105.37789480682, "w": 90, "l": 57, "coil": null}, "doublesubers": {"elo": 1126.8261595308, "gxe": 64.2, "rpr": 1615.4770270624, "rprd": 107.27701685355, "w": 0, "l": 0, "coil": null}, "gen7anythinggoes": {"elo": 1287.7622503156, "gxe": 60.9, "rpr": 1601.1763079225, "rprd": 233.50805196705, "w": 15, "l": 5, "coil": null}, "gen7ou": {"elo": 1399.7611571008, "gxe": 62.1, "rpr": 1593.9928456156, "rprd": 61.691915903296, "w": 30, "l": 16, "coil": null}, "gen7randombattle": {"elo": 1499.9366461317, "gxe": 83.1, "rpr": 1819.0058854842, "rprd": 127.67591506434, "w": 1929, "l": 1687, "coil": null}, "gen7ru": {"elo": 1347.0656168385, "gxe": 68.4, "rpr": 1672.8998098476, "rprd": 220.90674221615, "w": 20, "l": 5, "coil": null}, "gen7vgc2018": {"elo": 1059.0873114731, "gxe": 40.2, "rpr": 1410.6474098616, "rprd": 227.40692253152, "w": 7, "l": 11, "coil": null}, "gen8ou": {"elo": 1419.6839728419, "gxe": 67.7, "rpr": 1665.8432888791, "rprd": 221.62759642149, "w": 28, "l": 11, "coil": null}, "gen8randombattle": {"elo": 1415.3078713466, "gxe": 86.7, "rpr": 1897.8205162188, "rprd": 178.68680047351, "w": 3691, "l": 2783, "coil": null}, "gen9ou": {"elo": 1364.0330255838894, "gxe": 56.6, "rpr": 1551.5197576444887, "rprd": 96.23554239961427, "w": 50, "l": 34, "coil": null}, "gen9randombattle": {"elo": 2402.2709190166925, "gxe": 90.3, "rpr": 1920.809489622612, "rprd": 25, "w": 4514, "l": 3258, "coil": null}, "ou": {"elo": 1197.7636496693, "gxe": 61.1, "rpr": 1586.8517532305, "rprd": 72.582507555273, "w": 13, "l": 6, "coil": null}, "ru": {"elo": 1279.2806335567, "gxe": 66.5, "rpr": 1630.4271921628, "rprd": 50.532488153085, "w": 29, "l": 18, "coil": null}}}