{"username": "horohorovasey", "userid": "horohorovasey", "registertime": 1627862400, "group": 1, "ratings": {"gen1randombattle": {"elo": 1057.9454596909745, "gxe": 54.7, "rpr": 1537.6233316577604, "rprd": 112.55408342310172, "w": 2, "l": 1, "coil": null}, "gen3ou": {"elo": 1448.4628339394571, "gxe": 59.3, "rpr": 1571.1658726315661, "rprd": 32.08711712801138, "w": 306, "l": 288, "coil": null}, "gen3randombattle": {"elo": 1050.1059787157294, "gxe": 53.4, "rpr": 1527.5111276324863, "rprd": 123.00304272928629, "w": 1, "l": 0, "coil": null}, "gen7pokebilitiesrandombattle": {"elo": 1000, "gxe": 45, "rpr": 1459.8393856609866, "rprd": 122.85830807679145, "w": 0, "l": 1, "coil": null}, "gen7randombattle": {"elo": 1333.1567704426234, "gxe": 69.6, "rpr": 1659.1623067659834, "rprd": 70.88120820039832, "w": 15, "l": 4, "coil": null}, "gen8ou": {"elo": 1112.9604851416, "gxe": 54.7, "rpr": 1536.7363650686, "rprd": 89.873535487472, "w": 0, "l": 0, "coil": null}, "gen8randombattle": {"elo": 1324.2713078104, "gxe": 59.2, "rpr": 1571.2312317288, "rprd": 71.182885434353, "w": 27, "l": 17, "coil": null}, "gen9babyrandombattle": {"elo": 1035.0502533945632, "gxe": 50, "rpr": 1500, "rprd": 106.91164920533053, "w": 2, "l": 2, "coil": null}, "gen9challengecup1v1": {"elo": 1099.07000430581, "gxe": 58.4, "rpr": 1567.93548201362, "rprd": 130, "w": 2, "l": 0, "coil": null}, "gen9championsrandombattle": {"elo": 1040, "gxe": 40.9, "rpr": 1427.8168635422146, "rprd": 95.00882966362177, "w": 2, "l": 5, "coil": null}, "gen9championsvgc2026regma": {"elo": 1330.1399267536929, "gxe": 60.9, "rpr": 1584.2467808190609, "rprd": 54.76800299776346, "w": 23, "l": 14, "coil": null}, "gen9championsvgc2026regmb": {"elo": 1000, "gxe": 45, "rpr": 1459.8393856609866, "rprd": 122.85830807679145, "w": 0, "l": 1, "coil": null}, "gen9hackmonscup": {"elo": 1051.9351833088947, "gxe": 52.4, "rpr": 1519.0216534059273, "rprd": 124.30223123652459, "w": 1, "l": 0, "coil": null}, "gen9monkeyspawrandombattle": {"elo": 1040, "gxe": 55, "rpr": 1540.1606143390134, "rprd": 122.85830807679145, "w": 1, "l": 0, "coil": null}, "gen9monotyperandombattle": {"elo": 1149.9107635318906, "gxe": 70.1, "rpr": 1671.010609198892, "rprd": 126.61560897108335, "w": 5, "l": 0, "coil": null}, "gen9pu": {"elo": 1047.0093029597772, "gxe": 54.3, "rpr": 1534.6122552397326, "rprd": 123.34873024982167, "w": 0, "l": 0, "coil": 0}, "gen9randombattle": {"elo": 2039.2145755183856, "gxe": 82.2, "rpr": 1788.2944628444309, "rprd": 27.075129727414556, "w": 2985, "l": 2725, "coil": null}, "gen9randombattlehyperblitzautochoose": {"elo": 1090.1655687625, "gxe": 59.3, "rpr": 1575.0095002067, "rprd": 115.74831002922, "w": 2, "l": 0, "coil": null}, "gen9superstaffbrosultimate": {"elo": 1087.067203257534, "gxe": 58.8, "rpr": 1570.8968244427995, "rprd": 115.85046492284982, "w": 2, "l": 0, "coil": null}, "gen9uu": {"elo": 1387.7785526128398, "gxe": 66.6, "rpr": 1633.3691696846463, "rprd": 79.43346806150144, "w": 80, "l": 70, "coil": null}}}