{"username": "hr1sh4bh", "userid": "hr1sh4bh", "registertime": 1742169600, "group": 1, "ratings": {"gen9ou": {"elo": 1114.4531596251668, "gxe": 52.9, "rpr": 1522.5917666214177, "rprd": 82.42328792567666, "w": 7, "l": 5, "coil": null}, "gen9randombattle": {"elo": 1219.869461449672, "gxe": 51, "rpr": 1507.8064899487335, "rprd": 28.464057281447673, "w": 418, "l": 462, "coil": null}, "gen9randomdoublesbattle": {"elo": 1047.021559207022, "gxe": 55, "rpr": 1540.1606143390134, "rprd": 122.85830807679145, "w": 1, "l": 0, "coil": null}}}