{"username": "hrisko", "userid": "hrisko", "registertime": 1719446400, "group": 1, "ratings": {"gen1randombattle": {"elo": 1044.5362128392692, "gxe": 56.2, "rpr": 1549.594068395882, "rprd": 121.99692582416016, "w": 1, "l": 0, "coil": null}, "gen2randombattle": {"elo": 1000, "gxe": 43.7, "rpr": 1449.7034233859692, "rprd": 122.0366164705328, "w": 0, "l": 1, "coil": null}, "gen7randombattle": {"elo": 1111.1704378274828, "gxe": 58.8, "rpr": 1570.7681273964831, "rprd": 124.27101649755616, "w": 3, "l": 0, "coil": null}, "gen91v1factory": {"elo": 1269.6154123552128, "gxe": 57.2, "rpr": 1555.5854032006612, "rprd": 68.01652097220546, "w": 22, "l": 15, "coil": null}, "gen9babyrandombattle": {"elo": 1111.9286912278, "gxe": 57.8, "rpr": 1563.510384935, "rprd": 130.49230006663, "w": 8, "l": 5, "coil": null}, "gen9computergeneratedteams": {"elo": 1000, "gxe": 46.8, "rpr": 1474.064479162098, "rprd": 123.84454635776424, "w": 0, "l": 1, "coil": null}, "gen9megainvasionrandombattle": {"elo": 1046.544496885517, "gxe": 55.5, "rpr": 1543.9269514693758, "rprd": 122.28832924450249, "w": 1, "l": 0, "coil": null}, "gen9monotyperandombattle": {"elo": 1052.8550315938885, "gxe": 50.4, "rpr": 1503.4384078338196, "rprd": 115.86538250337458, "w": 1, "l": 1, "coil": null}, "gen9randombattle": {"elo": 1628.946128148852, "gxe": 72.7, "rpr": 1685.6130035219685, "rprd": 49.61721931119555, "w": 114, "l": 94, "coil": null}, "gen9randombattleblitz": {"elo": 1000, "gxe": 43.5, "rpr": 1447.513038924041, "rprd": 122.21147726386278, "w": 0, "l": 1, "coil": null}, "gen9randombattlemayhem": {"elo": 1000, "gxe": 45, "rpr": 1459.8393856609866, "rprd": 122.85830807679145, "w": 0, "l": 1, "coil": null}, "gen9randomdoublesbattle": {"elo": 1980.5408836735, "gxe": 80, "rpr": 1761.8942216249, "rprd": 29.768763387876, "w": 744, "l": 678, "coil": null}, "gen9randomroulette": {"elo": 1000, "gxe": 33.6, "rpr": 1365.8409532588978, "rprd": 103.31124632356698, "w": 0, "l": 5, "coil": null}, "gen9vgc2026regi": {"elo": 1063.3109448871626, "gxe": 41.9, "rpr": 1436.3523972147086, "rprd": 86.28323961345568, "w": 5, "l": 7, "coil": null}}}