{"username": "hsgsgdi", "userid": "hsgsgdi", "registertime": 1780704000, "group": 1, "ratings": {"gen9anythinggoes": {"elo": 1071.3840197809993, "gxe": 46.7, "rpr": 1474.3920248027084, "rprd": 70.65363322206758, "w": 9, "l": 10, "coil": null}, "gen9randombattle": {"elo": 1092.5337984995738, "gxe": 32.5, "rpr": 1361.9464799488185, "rprd": 31.61594008090189, "w": 82, "l": 133, "coil": null}, "gen9randomdoublesbattle": {"elo": 1034.7288319361542, "gxe": 47.7, "rpr": 1481.5651702006767, "rprd": 116.5600628618704, "w": 1, "l": 1, "coil": null}}}