{"username": "HudsonStyles30", "userid": "hudsonstyles30", "registertime": 1610064000, "group": 1, "ratings": {"gen1randombattle": {"elo": 1175.8138847517916, "gxe": 72.6, "rpr": 1696.2544480220186, "rprd": 130, "w": 16, "l": 6, "coil": null}, "gen2randombattle": {"elo": 1081.155414098011, "gxe": 57, "rpr": 1556.8980534767322, "rprd": 127.71497315769653, "w": 6, "l": 6, "coil": null}, "gen3randombattle": {"elo": 1187.533262368176, "gxe": 52.3, "rpr": 1518.5800258234658, "rprd": 125.82851308612548, "w": 12, "l": 6, "coil": null}, "gen4randombattle": {"elo": 1367.6469921700648, "gxe": 64.7, "rpr": 1619.780024342127, "rprd": 109.88173503978878, "w": 37, "l": 25, "coil": null}, "gen8bdspou": {"elo": 1338.3531681878, "gxe": 57.5, "rpr": 1566.7551393882, "rprd": 213.00790111841, "w": 46, "l": 31, "coil": null}, "gen8bdsprandombattle": {"elo": 1499.4190368561, "gxe": 72.8, "rpr": 1688.7257772181, "rprd": 67.106158855467, "w": 190, "l": 136, "coil": null}, "gen8bdspuu": {"elo": 1037.7056808733, "gxe": 49.6, "rpr": 1496.8248978234, "rprd": 115.66579354173, "w": 1, "l": 1, "coil": null}, "gen8lc": {"elo": 1111.1694981907, "gxe": 61, "rpr": 1588.5214498757, "rprd": 113.5672914739, "w": 3, "l": 0, "coil": null}, "gen8monotyperandombattle": {"elo": 1499.7426101209, "gxe": 73.9, "rpr": 1711.8414556057, "rprd": 141.03834458895, "w": 193, "l": 152, "coil": null}, "gen8nu": {"elo": 1070.3538215272, "gxe": 40.2, "rpr": 1422.5199554567, "rprd": 101.29699504192, "w": 3, "l": 7, "coil": null}, "gen8ou": {"elo": 1405.4313820213176, "gxe": 69.7, "rpr": 1667.4928855649373, "rprd": 130, "w": 227, "l": 196, "coil": null}, "gen8oublitz": {"elo": 1044.584930701, "gxe": 54.5, "rpr": 1536.0431826535, "rprd": 122.87179842371, "w": 1, "l": 0, "coil": null}, "gen8randombattle": {"elo": 1433.963568831, "gxe": 73.4, "rpr": 1715.1134787262, "rprd": 177.02324358063, "w": 820, "l": 680, "coil": null}, "gen8ubers": {"elo": 1155.4204249028, "gxe": 52.8, "rpr": 1525.3466306439, "rprd": 226.00853841339, "w": 20, "l": 15, "coil": null}, "gen8uu": {"elo": 1297.5349955627, "gxe": 64.5, "rpr": 1631.3353440101, "rprd": 205.86711105396, "w": 47, "l": 33, "coil": null}, "gen9nationaldexuu": {"elo": 1045.1094840957323, "gxe": 55, "rpr": 1540.1606143390134, "rprd": 122.85830807679145, "w": 1, "l": 0, "coil": null}, "gen9randombattle": {"elo": 1960.9511714624114, "gxe": 84.3, "rpr": 1816.8028521246454, "rprd": 31.662928523494813, "w": 825, "l": 624, "coil": null}, "gen9randombattleblitz": {"elo": 1234.669154624046, "gxe": 55.8, "rpr": 1544.8553147647501, "rprd": 65.89833756166546, "w": 15, "l": 9, "coil": null}, "gen9randomdoublesbattle": {"elo": 1815.1048805224, "gxe": 80.9, "rpr": 1772.7284341265, "rprd": 33.634175189631, "w": 169, "l": 114, "coil": null}, "gen9uu": {"elo": 1369.3409524800052, "gxe": 65.6, "rpr": 1622.3700129513932, "rprd": 48.99007626899828, "w": 31, "l": 19, "coil": null}}}