{"username": "huijokp", "userid": "huijokp", "registertime": 1651708800, "group": 1, "ratings": {"gen4randombattle": {"elo": 1136.974057744807, "gxe": 72.2, "rpr": 1691.0589526799306, "rprd": 124.83684386304292, "w": 4, "l": 0, "coil": null}, "gen5randombattle": {"elo": 1499.4060301747, "gxe": 75.3, "rpr": 1723.2909455329, "rprd": 126.7469833904, "w": 187, "l": 129, "coil": null}, "gen6ou": {"elo": 1125.3146671695, "gxe": 55, "rpr": 1538.1989358626, "rprd": 63.712697786811, "w": 79, "l": 68, "coil": null}, "gen6randombattle": {"elo": 1359.9400438588, "gxe": 73.4, "rpr": 1702.4840811728, "rprd": 120.14083118043, "w": 48, "l": 35, "coil": null}, "gen71v1": {"elo": 1048.6370727937, "gxe": 55, "rpr": 1540.1606143388, "rprd": 122.8583080769, "w": 1, "l": 0, "coil": null}, "gen7ou": {"elo": 1125.9150593728, "gxe": 48.5, "rpr": 1488.7541865057, "rprd": 31.62705355518, "w": 477, "l": 479, "coil": null}, "gen7randombattle": {"elo": 1509.2324276238837, "gxe": 69.6, "rpr": 1657.4937587462382, "rprd": 46.18308444976466, "w": 1606, "l": 1436, "coil": null}, "gen8bdspou": {"elo": 1203.2906340704, "gxe": 48.8, "rpr": 1489.2072021839, "rprd": 197.95778767545, "w": 26, "l": 24, "coil": null}, "gen8bdsprandombattle": {"elo": 1353.9967613288, "gxe": 68.6, "rpr": 1648.3314222793, "rprd": 43.618448677229, "w": 583, "l": 477, "coil": null}, "gen8doublesou": {"elo": 1132.0829456488, "gxe": 52.2, "rpr": 1519.1404065921, "rprd": 196.60054557382, "w": 5, "l": 3, "coil": null}, "gen8monotyperandombattle": {"elo": 1375.8972175697, "gxe": 67.3, "rpr": 1639.3804693829, "rprd": 79.982087520437, "w": 26, "l": 14, "coil": null}, "gen8nationaldexag": {"elo": 1154.2031017468, "gxe": 66.1, "rpr": 1631.3029779656, "rprd": 102.50241080631, "w": 5, "l": 0, "coil": null}, "gen8ou": {"elo": 1101.6958652204, "gxe": 44.3, "rpr": 1455.1635023141, "rprd": 97.308160604957, "w": 9, "l": 9, "coil": null}, "gen8randombattle": {"elo": 1413.9181676164, "gxe": 71.2, "rpr": 1692.9016323802, "rprd": 182.13613614254, "w": 2098, "l": 1978, "coil": null}, "gen8randombattlemayhem": {"elo": 1040, "gxe": 55, "rpr": 1540.1606143388, "rprd": 122.8583080769, "w": 1, "l": 0, "coil": null}, "gen8randomdoublesbattle": {"elo": 1499.3134555623, "gxe": 72.8, "rpr": 1707.0011247414, "rprd": 170.91055239691, "w": 215, "l": 172, "coil": null}, "gen8superstaffbros4": {"elo": 1048.3667088093, "gxe": 54.3, "rpr": 1534.1337438484, "rprd": 122.79733970035, "w": 1, "l": 0, "coil": null}, "gen9nu": {"elo": 1127.7481214029372, "gxe": 59.4, "rpr": 1571.93699401782, "rprd": 39.19946737798742, "w": 249, "l": 208, "coil": 2350.907132363642}, "gen9ou": {"elo": 1136.4663689607708, "gxe": 38.8, "rpr": 1413.3365198432316, "rprd": 55.387691077915754, "w": 52, "l": 52, "coil": null}, "gen9randombattle": {"elo": 1966.2220404651505, "gxe": 79.9, "rpr": 1759.783470259013, "rprd": 30.243346217554258, "w": 3859, "l": 3603, "coil": null}, "gen9randomdoublesbattle": {"elo": 1192.8657674139113, "gxe": 63.8, "rpr": 1612.3523723192325, "rprd": 117.04997809618568, "w": 8, "l": 3, "coil": null}, "gen9ru": {"elo": 1117.0571996203405, "gxe": 52.7, "rpr": 1520.3092643046086, "rprd": 60.02778168829842, "w": 16, "l": 14, "coil": 1793.2063752844037}, "gen9uu": {"elo": 1447.5808515626059, "gxe": 65.5, "rpr": 1621.1074601537755, "rprd": 32.706884372149496, "w": 82, "l": 62, "coil": null}}}