{"username": "hunterroxa", "userid": "hunterroxa", "registertime": 1405123200, "group": 1, "ratings": {"gen1randombattle": {"elo": 1040, "gxe": 55, "rpr": 1540.1606143388, "rprd": 122.8583080769, "w": 1, "l": 0, "coil": null}, "gen2randombattle": {"elo": 1000, "gxe": 41.9, "rpr": 1434.6859729845, "rprd": 117.96879830608, "w": 0, "l": 2, "coil": null}, "gen3randombattle": {"elo": 1116.4785809408, "gxe": 58.4, "rpr": 1566.0483133338, "rprd": 99.899738717658, "w": 4, "l": 2, "coil": null}, "gen4randombattle": {"elo": 1000, "gxe": 44.8, "rpr": 1458.6573003747, "rprd": 121.90879514481, "w": 0, "l": 1, "coil": null}, "gen5randombattle": {"elo": 1000, "gxe": 45, "rpr": 1459.8393856612, "rprd": 122.8583080769, "w": 0, "l": 1, "coil": null}, "gen6randombattle": {"elo": 1138.312099959, "gxe": 61.1, "rpr": 1587.9263487513, "rprd": 86.836502529204, "w": 7, "l": 3, "coil": null}, "gen7nu": {"elo": 1051.1873702104, "gxe": 40.6, "rpr": 1426.9865029851, "rprd": 61.027696239657, "w": 11, "l": 20, "coil": null}, "gen7ou": {"elo": 1139.3756345572, "gxe": 45, "rpr": 1461.3731766244, "rprd": 75.256579779418, "w": 93, "l": 95, "coil": null}, "gen7pu": {"elo": 1100.5874326974, "gxe": 43.6, "rpr": 1451.4448289859, "rprd": 34.096703543158, "w": 219, "l": 323, "coil": null}, "gen7randombattle": {"elo": 1182.5113176727, "gxe": 55.8, "rpr": 1545.8736605989, "rprd": 110.52426206191, "w": 198, "l": 187, "coil": null}, "gen7randomdoublesbattle": {"elo": 1053.261961528, "gxe": 55.1, "rpr": 1541.1762159912, "rprd": 121.8140236874, "w": 1, "l": 0, "coil": null}, "gen7ru": {"elo": 1044.6816473194, "gxe": 34, "rpr": 1351.2939438683, "rprd": 223.49708581842, "w": 5, "l": 14, "coil": null}, "gen7uu": {"elo": 1034.0811066997, "gxe": 43.5, "rpr": 1441.3910212688, "rprd": 225.31935860757, "w": 18, "l": 23, "coil": null}, "gen7vgc2017": {"elo": 1000, "gxe": 30.5, "rpr": 1314.6305458534, "rprd": 225.64123755198, "w": 2, "l": 12, "coil": null}, "gen8randombattle": {"elo": 1362.485131017, "gxe": 56, "rpr": 1553.2176603783, "rprd": 212.63593557038, "w": 461, "l": 459, "coil": null}, "gen9doublesou": {"elo": 1072.0371631158, "gxe": 38.5, "rpr": 1411.0757611732, "rprd": 43.958326401372, "w": 29, "l": 40, "coil": null}, "gen9nationaldex": {"elo": 1129.1489362519, "gxe": 54.7, "rpr": 1536.3317389865, "rprd": 85.865677691963, "w": 6, "l": 4, "coil": null}, "gen9ou": {"elo": 1076.3569654985, "gxe": 39.9, "rpr": 1420.4992141646, "rprd": 89.205091650591, "w": 9, "l": 11, "coil": null}, "gen9pu": {"elo": 1008.4465706286334, "gxe": 28.3, "rpr": 1318.8005784138204, "rprd": 95.44569905991399, "w": 3, "l": 10, "coil": 779.3873493759565}, "gen9randombattle": {"elo": 1479.4125595558078, "gxe": 60.2, "rpr": 1577.6199396556362, "rprd": 27.17949680687215, "w": 1586, "l": 1567, "coil": null}, "gen9ru": {"elo": 1122.1436602267, "gxe": 43, "rpr": 1446.6489938907, "rprd": 52.351363729203, "w": 20, "l": 27, "coil": 1551.294283890183}, "gen9uu": {"elo": 1060.0307901198973, "gxe": 35.3, "rpr": 1378.5026336850428, "rprd": 130, "w": 4, "l": 8, "coil": null}, "nu": {"elo": 1062.7199407474, "gxe": 40.9, "rpr": 1430.147080787, "rprd": 49.496014236128, "w": 24, "l": 37, "coil": null}, "ou": {"elo": 1337.2427122488, "gxe": 56.9, "rpr": 1552.8423544782, "rprd": 42.650605415393, "w": 68, "l": 53, "coil": null}, "pu": {"elo": 1162.5013967144, "gxe": 45.4, "rpr": 1465.1883482868, "rprd": 25.143247606384, "w": 212, "l": 265, "coil": null}, "ru": {"elo": 1047.2596795413, "gxe": 47.5, "rpr": 1480.9279659655, "rprd": 49.181453662813, "w": 42, "l": 48, "coil": null}, "uu": {"elo": 1167.0701630376, "gxe": 47.4, "rpr": 1480.0795281952, "rprd": 40.319275156364, "w": 70, "l": 82, "coil": null}}}