{"username": "huyminhha", "userid": "huyminhha", "registertime": 1679961600, "group": 1, "ratings": {"gen1ou": {"elo": 1030.5064249265638, "gxe": 48.5, "rpr": 1488.108146100769, "rprd": 116.7189115094953, "w": 1, "l": 1, "coil": null}, "gen2ou": {"elo": 1060.1561539413985, "gxe": 54.3, "rpr": 1533.964557454523, "rprd": 111.04425438233142, "w": 2, "l": 1, "coil": null}, "gen3ou": {"elo": 1027.3610082947964, "gxe": 39, "rpr": 1412.6480590599344, "rprd": 101.53713305322795, "w": 1, "l": 4, "coil": null}, "gen5ou": {"elo": 1024.5327749368, "gxe": 48.3, "rpr": 1486.409063709894, "rprd": 117.13872394220795, "w": 1, "l": 1, "coil": null}, "gen5randombattle": {"elo": 1040.2714959721052, "gxe": 55, "rpr": 1540.1606143390134, "rprd": 122.85830807679145, "w": 1, "l": 0, "coil": null}, "gen6randombattle": {"elo": 1000, "gxe": 45, "rpr": 1459.8393856609866, "rprd": 122.85830807679145, "w": 0, "l": 1, "coil": null}, "gen8joltemonsrandombattle": {"elo": 1000, "gxe": 45, "rpr": 1459.8393856609866, "rprd": 122.85830807679145, "w": 0, "l": 1, "coil": null}, "gen8randombattle": {"elo": 1028.0206210799274, "gxe": 49.8, "rpr": 1498.0755432241722, "rprd": 116.43129808125404, "w": 1, "l": 1, "coil": null}, "gen9350cup": {"elo": 1000, "gxe": 39.6, "rpr": 1416.4991460929166, "rprd": 116.27303202591321, "w": 0, "l": 2, "coil": null}, "gen9anythinggoes": {"elo": 1439.0157078594332, "gxe": 77, "rpr": 1730.6565236808688, "rprd": 63.689016874474476, "w": 23, "l": 5, "coil": null}, "gen9balancedhackmons": {"elo": 1140.9280080272044, "gxe": 64.1, "rpr": 1614.3829986100434, "rprd": 106.51221382966723, "w": 4, "l": 0, "coil": null}, "gen9brokencup": {"elo": 1000, "gxe": 44.1, "rpr": 1452.7782876959307, "rprd": 121.94066647929625, "w": 0, "l": 1, "coil": null}, "gen9cap": {"elo": 1101.3952699303666, "gxe": 62.5, "rpr": 1600.7522560507803, "rprd": 111.37985135868983, "w": 3, "l": 0, "coil": null}, "gen9convergence": {"elo": 1037.9877163914, "gxe": 42.3, "rpr": 1436.0380796947, "rprd": 153.45848472501, "w": 3, "l": 7, "coil": null}, "gen9doublesou": {"elo": 1061.0774852770749, "gxe": 30.5, "rpr": 1335.268505609854, "rprd": 121.77051942884631, "w": 9, "l": 10, "coil": null}, "gen9doublesubers": {"elo": 1131.1800793261968, "gxe": 51.6, "rpr": 1512.1963238355675, "rprd": 77.08999283705491, "w": 9, "l": 9, "coil": null}, "gen9forceofthefallen": {"elo": 1000, "gxe": 45.5, "rpr": 1464.3202999329878, "rprd": 122.84753904684159, "w": 0, "l": 1, "coil": null}, "gen9formemons": {"elo": 1000, "gxe": 42.9, "rpr": 1442.6212946596008, "rprd": 122.80713870461747, "w": 0, "l": 1, "coil": 429}, "gen9franticfusions": {"elo": 1069.9369403753, "gxe": 44.1, "rpr": 1449.3101635535, "rprd": 180.04719481249, "w": 3, "l": 5, "coil": null}, "gen9hackmonscup": {"elo": 1047.1932604169583, "gxe": 54.1, "rpr": 1532.858440989171, "rprd": 122.21970995316586, "w": 1, "l": 0, "coil": null}, "gen9lc": {"elo": 1079.9639553316533, "gxe": 56.4, "rpr": 1550.8845827123914, "rprd": 117.64035344054001, "w": 2, "l": 0, "coil": null}, "gen9monotype": {"elo": 1086.2732466989696, "gxe": 57.3, "rpr": 1558.7770653135206, "rprd": 123.22443042528303, "w": 3, "l": 1, "coil": 1620.688742479567}, "gen9monotyperandombattle": {"elo": 1089.2809272526767, "gxe": 52.5, "rpr": 1520.0463153520327, "rprd": 104.5171748144398, "w": 6, "l": 5, "coil": null}, "gen9nationaldex": {"elo": 1225.5163416461935, "gxe": 54.3, "rpr": 1534.0080605453293, "rprd": 97.73017444509395, "w": 31, "l": 23, "coil": null}, "gen9nationaldexbh": {"elo": 1057.8057300042897, "gxe": 41.6, "rpr": 1434.323441722673, "rprd": 92.27231262093213, "w": 3, "l": 6, "coil": null}, "gen9nationaldexdoubles": {"elo": 1179.3299465744149, "gxe": 63.8, "rpr": 1610.4350454811781, "rprd": 89.42211250367134, "w": 9, "l": 3, "coil": null}, "gen9nationaldexmonotype": {"elo": 1205.0386796406842, "gxe": 55.3, "rpr": 1541.7878672632112, "rprd": 113.64672747339664, "w": 14, "l": 8, "coil": null}, "gen9nationaldexstabmons": {"elo": 1000, "gxe": 41, "rpr": 1427.4328741711, "rprd": 117.53871639106, "w": 0, "l": 2, "coil": null}, "gen9nationaldexubers": {"elo": 1175.348201534871, "gxe": 62.6, "rpr": 1602.0818657473783, "rprd": 111.52088855664974, "w": 8, "l": 2, "coil": null}, "gen9nationaldexuu": {"elo": 1090.7349613875374, "gxe": 54.7, "rpr": 1537.053508585198, "rprd": 98.20959125176662, "w": 4, "l": 2, "coil": null}, "gen9ou": {"elo": 1208.9623447264862, "gxe": 40.6, "rpr": 1425.242269255745, "rprd": 101.14315075055679, "w": 39, "l": 41, "coil": null}, "gen9pokebilities": {"elo": 1110.2349277381, "gxe": 49.6, "rpr": 1496.053010417, "rprd": 213.8455531766, "w": 9, "l": 8, "coil": null}, "gen9randombattle": {"elo": 1423.398691511049, "gxe": 63.4, "rpr": 1603.8424798158337, "rprd": 42.47019902144627, "w": 1268, "l": 1218, "coil": null}, "gen9randombattleblitz": {"elo": 1026.2775754706406, "gxe": 44.4, "rpr": 1455.9157741939146, "rprd": 101.97878889199758, "w": 2, "l": 3, "coil": null}, "gen9randombattlemayhem": {"elo": 1021.6752207213127, "gxe": 41.5, "rpr": 1431.527472863511, "rprd": 123.16535894569253, "w": 1, "l": 3, "coil": null}, "gen9randomdoublesbattle": {"elo": 1214.6229787916452, "gxe": 68.6, "rpr": 1654.320794087081, "rprd": 111.1171154688503, "w": 9, "l": 2, "coil": null}, "gen9sharedpower": {"elo": 1122.9916658612, "gxe": 41.2, "rpr": 1422.2388331578, "rprd": 202.74173714084, "w": 5, "l": 7, "coil": null}, "gen9stabmons": {"elo": 1069.2251316376, "gxe": 40.3, "rpr": 1415.2560562726, "rprd": 193.36442693967, "w": 8, "l": 14, "coil": null}, "gen9tiershift": {"elo": 1044.2835942582776, "gxe": 43.4, "rpr": 1447.8703467170142, "rprd": 107.81250884319016, "w": 5, "l": 7, "coil": null}, "gen9ubers": {"elo": 1148.5215770581583, "gxe": 60.5, "rpr": 1583.2458238591228, "rprd": 98.93214895778061, "w": 5, "l": 2, "coil": null}, "gen9uu": {"elo": 1040, "gxe": 52.6, "rpr": 1521.1087782951251, "rprd": 123.94547314350098, "w": 1, "l": 0, "coil": null}, "gen9vgc2023regulationd": {"elo": 1157.6122547662083, "gxe": 54.6, "rpr": 1535.3644102556145, "rprd": 83.91477658297032, "w": 9, "l": 5, "coil": null}, "gen9vgc2023regulationebo3": {"elo": 1030.6912116737594, "gxe": 50.4, "rpr": 1503.2082113041965, "rprd": 115.98637155346205, "w": 1, "l": 1, "coil": null}, "gen9vgc2024regg": {"elo": 1076.783026129261, "gxe": 46, "rpr": 1468.1825145089297, "rprd": 101.72629070771166, "w": 3, "l": 3, "coil": null}, "gen9vgc2024regh": {"elo": 1000, "gxe": 33.1, "rpr": 1361.1025466473775, "rprd": 106.13755171518069, "w": 0, "l": 4, "coil": null}}}