{"username": "iamdashuaibi", "userid": "iamdashuaibi", "registertime": 1755993600, "group": 1, "ratings": {"gen6ou": {"elo": 1000, "gxe": 47.2, "rpr": 1477.9228446065954, "rprd": 123.71869862804554, "w": 0, "l": 1, "coil": null}, "gen6randombattle": {"elo": 1000, "gxe": 42.4, "rpr": 1438.8900152387741, "rprd": 123.12436904539906, "w": 0, "l": 1, "coil": null}, "gen9anythinggoes": {"elo": 1179.065045381961, "gxe": 47.9, "rpr": 1483.398045956637, "rprd": 81.81198312465744, "w": 88, "l": 97, "coil": null}, "gen9bssregj": {"elo": 1000, "gxe": 41, "rpr": 1427.432874170786, "rprd": 116.77753930629355, "w": 0, "l": 2, "coil": null}, "gen9championsrandombattle": {"elo": 1066.3037436401532, "gxe": 53.1, "rpr": 1524.5247898951072, "rprd": 95.61704215622437, "w": 4, "l": 3, "coil": null}, "gen9nationaldex": {"elo": 1000, "gxe": 24, "rpr": 1277.2781731886687, "rprd": 79.73998166510926, "w": 15, "l": 28, "coil": null}, "gen9ou": {"elo": 1040.9155628677765, "gxe": 33.4, "rpr": 1369.3391610088895, "rprd": 49.215655607444795, "w": 41, "l": 57, "coil": null}, "gen9randombattle": {"elo": 1214.862203450716, "gxe": 52.9, "rpr": 1521.9715269107344, "rprd": 25, "w": 1075, "l": 1212, "coil": null}, "gen9randombattleblitz": {"elo": 1040, "gxe": 55, "rpr": 1540.1606143390134, "rprd": 122.85830807679145, "w": 1, "l": 0, "coil": null}, "gen9randomdoublesbattle": {"elo": 1040.4605156592709, "gxe": 48.2, "rpr": 1485.97639543859, "rprd": 106.5537859049819, "w": 2, "l": 2, "coil": null}, "gen9randomroulette": {"elo": 1000, "gxe": 44.7, "rpr": 1457.8253451511623, "rprd": 122.54379121012978, "w": 0, "l": 1, "coil": null}, "gen9vgc2025reghbo3": {"elo": 1000, "gxe": 40.7, "rpr": 1424.4143402151176, "rprd": 125.48050852934198, "w": 0, "l": 1, "coil": null}, "gen9vgc2025regj": {"elo": 1000, "gxe": 43.2, "rpr": 1445.315306259478, "rprd": 123.23663548001682, "w": 0, "l": 1, "coil": null}}}