{"username": "Ice59", "userid": "ice59", "registertime": 1718236800, "group": 1, "ratings": {"gen7randombattle": {"elo": 1000, "gxe": 44.3, "rpr": 1454.288802378131, "rprd": 122.41590304285556, "w": 0, "l": 1, "coil": null}, "gen91v1": {"elo": 1242.1068961416258, "gxe": 59.7, "rpr": 1574.8505573138307, "rprd": 58.154295184759754, "w": 255, "l": 217, "coil": null}, "gen92v2doubles": {"elo": 1047.0431360824573, "gxe": 55, "rpr": 1540.3893216676338, "rprd": 122.65943458378521, "w": 1, "l": 0, "coil": null}, "gen9championsrandombattle": {"elo": 1000, "gxe": 39.2, "rpr": 1412.7148877317413, "rprd": 117.01719393959574, "w": 0, "l": 2, "coil": null}, "gen9doublesou": {"elo": 1344.4778675548134, "gxe": 58.2, "rpr": 1562.920207975176, "rprd": 46.374651146559295, "w": 37, "l": 24, "coil": null}, "gen9doublesubers": {"elo": 1000, "gxe": 44.4, "rpr": 1455.2394468500502, "rprd": 122.84408599517904, "w": 0, "l": 1, "coil": null}, "gen9doublesuu": {"elo": 1000, "gxe": 39.6, "rpr": 1416.4509992879173, "rprd": 116.63388917898764, "w": 0, "l": 2, "coil": null}, "gen9metronomebattle": {"elo": 1165.0012109327604, "gxe": 52.1, "rpr": 1516.7173420658619, "rprd": 115.81146822771322, "w": 41, "l": 55, "coil": null}, "gen9nu": {"elo": 1047.2943513150547, "gxe": 38.5, "rpr": 1408.1349290210355, "rprd": 102.75997135331546, "w": 1, "l": 4, "coil": 583.5508781065033}, "gen9ou": {"elo": 1196.6145687045687, "gxe": 45.5, "rpr": 1464.94913748767, "rprd": 84.9929324297969, "w": 46, "l": 46, "coil": null}, "gen9pu": {"elo": 1055.2673873502517, "gxe": 43.2, "rpr": 1445.6335482612167, "rprd": 111.00736556686024, "w": 1, "l": 2, "coil": 342.8786272251311}, "gen9randombattle": {"elo": 1284.6751997554093, "gxe": 51.7, "rpr": 1512.8505162738034, "rprd": 72.36599838491723, "w": 151, "l": 157, "coil": null}, "gen9randomdoublesbattle": {"elo": 1158.8187916608333, "gxe": 45.5, "rpr": 1465.151656670492, "rprd": 88.9791761895511, "w": 45, "l": 74, "coil": null}, "gen9ubers": {"elo": 1056.2734483710312, "gxe": 52.8, "rpr": 1521.7203566200028, "rprd": 104.03020875042465, "w": 3, "l": 2, "coil": null}, "gen9uu": {"elo": 1000, "gxe": 45, "rpr": 1459.8393856609866, "rprd": 122.85830807679145, "w": 0, "l": 1, "coil": null}, "gen9vgc2026regf": {"elo": 1074.9880605698193, "gxe": 44.6, "rpr": 1457.795206092847, "rprd": 96.71185149904008, "w": 3, "l": 4, "coil": null}, "gen9zu": {"elo": 1031.2585580980747, "gxe": 51.3, "rpr": 1510.2392620630678, "rprd": 116.86476117416316, "w": 1, "l": 1, "coil": 513}}}