{"username": "IchabodRb", "userid": "ichabodrb", "registertime": 1593820800, "group": 1, "ratings": {"gen7randombattle": {"elo": 1499.7751646957, "gxe": 72.6, "rpr": 1692.8845391801, "rprd": 114.642276608, "w": 50, "l": 27, "coil": null}, "gen8bdspou": {"elo": 1359.4484224032, "gxe": 57.3, "rpr": 1565.390842754, "rprd": 213.05803241091, "w": 192, "l": 174, "coil": null}, "gen8bdsprandombattle": {"elo": 1061.4117200934, "gxe": 50.9, "rpr": 1507.262259982, "rprd": 116.3605144367, "w": 1, "l": 1, "coil": null}, "gen8monotyperandombattle": {"elo": 1179.6529820563, "gxe": 70.7, "rpr": 1676.4196983836, "rprd": 127.85997188538, "w": 5, "l": 0, "coil": null}, "gen8ou": {"elo": 1404.2977608381, "gxe": 59.3, "rpr": 1583.364192371, "rprd": 214.24752174034, "w": 80, "l": 63, "coil": null}, "gen8randombattle": {"elo": 1399.399728891, "gxe": 74.4, "rpr": 1736.7307906063, "rprd": 213.93854954103, "w": 455, "l": 383, "coil": null}, "gen8randombattleblitz": {"elo": 1499.6313948642, "gxe": 65.8, "rpr": 1625.5414872784, "rprd": 69.720577336319, "w": 245, "l": 211, "coil": null}, "gen9babyrandombattle": {"elo": 1350.4688653493, "gxe": 68.1, "rpr": 1654.7604573421, "rprd": 143.64908814942, "w": 27, "l": 13, "coil": null}, "gen9livepatchbattlesver100": {"elo": 1086.4716091035652, "gxe": 50, "rpr": 1500, "rprd": 106.91164920533053, "w": 2, "l": 2, "coil": null}, "gen9monotyperandombattle": {"elo": 1059.2494243826197, "gxe": 49.3, "rpr": 1494.5714944419897, "rprd": 118.52726600789754, "w": 3, "l": 2, "coil": null}, "gen9randombattle": {"elo": 2015.6367282979152, "gxe": 82.8, "rpr": 1796.9065657673339, "rprd": 32.86031497312813, "w": 2672, "l": 2388, "coil": null}, "gen9randombattleblitz": {"elo": 1698.1852958743002, "gxe": 72.7, "rpr": 1684.7826938816165, "rprd": 34.273658382538855, "w": 3246, "l": 2944, "coil": null}, "gen9randomdoublesbattle": {"elo": 1043.8968943733487, "gxe": 55, "rpr": 1540.1606143390134, "rprd": 122.85830807679145, "w": 1, "l": 0, "coil": null}}}