{"username": "ichigogostosao", "userid": "ichigogostosao", "registertime": 1761177600, "group": 1, "ratings": {"gen9randombattle": {"elo": 1016.3651130734912, "gxe": 35, "rpr": 1377.7228676743298, "rprd": 111.11171112106206, "w": 2, "l": 4, "coil": null}}}