{"username": "Icy Burst", "userid": "icyburst", "registertime": 1670112000, "group": 1, "ratings": {"gen6randombattle": {"elo": 1000, "gxe": 42.6, "rpr": 1440.5557869603308, "rprd": 122.97482758313225, "w": 0, "l": 1, "coil": null}, "gen8randombattle": {"elo": 1429.6370342336, "gxe": 67.7, "rpr": 1656.8882212342, "rprd": 175.80972503231, "w": 32, "l": 14, "coil": null}, "gen9monotype": {"elo": 1000, "gxe": 39.1, "rpr": 1411.7672319523533, "rprd": 122.13376926418864, "w": 0, "l": 2, "coil": 782}, "gen9ou": {"elo": 1393.1784365669791, "gxe": 57.9, "rpr": 1560.696484888634, "rprd": 51.32613794522337, "w": 38, "l": 24, "coil": null}, "gen9randombattle": {"elo": 1559.436245874339, "gxe": 69, "rpr": 1651.3216158882442, "rprd": 34.26268181046344, "w": 2575, "l": 2405, "coil": null}, "gen9randombattleblitz": {"elo": 1000, "gxe": 45, "rpr": 1459.8393856609866, "rprd": 122.85830807679145, "w": 0, "l": 1, "coil": null}}}