{"username": "IGotHighJumpKick", "userid": "igothighjumpkick", "registertime": 1775865600, "group": 1, "ratings": {"gen9championsbssregmb": {"elo": 1000, "gxe": 45, "rpr": 1459.8393856609866, "rprd": 122.85830807679145, "w": 0, "l": 1, "coil": null}, "gen9championsou": {"elo": 1065.3968078399214, "gxe": 43.8, "rpr": 1452.1437826214387, "rprd": 56.505789819985075, "w": 80, "l": 112, "coil": null}, "gen9championsrandombattle": {"elo": 1183.1267933119527, "gxe": 59.9, "rpr": 1576.3002676905564, "rprd": 43.76295495941749, "w": 35, "l": 28, "coil": null}, "gen9championsvgc2026regmb": {"elo": 1000, "gxe": 40.4, "rpr": 1422.7731876802418, "rprd": 116.2702793955706, "w": 0, "l": 2, "coil": null}, "gen9championsvgc2026regmbbo3": {"elo": 1027.4542382007794, "gxe": 40.1, "rpr": 1421.3493950006368, "rprd": 95.86741718732705, "w": 2, "l": 5, "coil": null}, "gen9randombattle": {"elo": 1780.9241169177212, "gxe": 75.5, "rpr": 1712.1936768559867, "rprd": 25, "w": 830, "l": 772, "coil": null}, "gen9randombattlesharedpowerb12p6": {"elo": 1094.7088414032553, "gxe": 44.8, "rpr": 1459.9600380122647, "rprd": 59.3408834350709, "w": 18, "l": 19, "coil": null}}}