{"username": "igre438", "userid": "igre438", "registertime": 1753228800, "group": 1, "ratings": {"gen9bssregi": {"elo": 1000, "gxe": 45.6, "rpr": 1464.511190540539, "rprd": 122.08580001067696, "w": 0, "l": 1, "coil": null}, "gen9challengecup2v2": {"elo": 1000, "gxe": 43.4, "rpr": 1447.573550457744, "rprd": 116.73366473796325, "w": 0, "l": 2, "coil": null}, "gen9ou": {"elo": 1110.2826283167233, "gxe": 28.7, "rpr": 1327.4999103920243, "rprd": 42.715436087185246, "w": 34, "l": 60, "coil": null}, "gen9randombattle": {"elo": 1099.070798655139, "gxe": 47, "rpr": 1477.2271675676873, "rprd": 29.36836852997905, "w": 113, "l": 121, "coil": null}, "gen9randomdoublesbattle": {"elo": 1046.1454677864642, "gxe": 38, "rpr": 1406.4237157792436, "rprd": 63.7832840607926, "w": 9, "l": 16, "coil": null}, "gen9ubers": {"elo": 1000, "gxe": 40.7, "rpr": 1424.9932796559153, "rprd": 115.88267817848885, "w": 0, "l": 2, "coil": null}, "gen9vgc2025regh": {"elo": 1089.9862434406177, "gxe": 33.4, "rpr": 1368.9745088544576, "rprd": 49.91904717233419, "w": 19, "l": 38, "coil": null}, "gen9vgc2025regi": {"elo": 1000, "gxe": 19.6, "rpr": 1233.0136674852267, "rprd": 35.40010934007991, "w": 27, "l": 95, "coil": null}, "gen9vgc2025regibo3": {"elo": 1000, "gxe": 45, "rpr": 1459.8393856609866, "rprd": 122.85830807679145, "w": 0, "l": 1, "coil": null}}}