{"username": "ijhsis", "userid": "ijhsis", "registertime": 0, "group": 0, "ratings": {"gen9randombattle": {"elo": 1052.1383532140037, "gxe": 42.4, "rpr": 1440.010525835891, "rprd": 99.1295247304959, "w": 2, "l": 4, "coil": null}}}