{"username": "Ijsprincess220695", "userid": "ijsprincess220695", "registertime": 1757721600, "group": 1, "ratings": {"gen5pokebilitiesrandombattle": {"elo": 1040, "gxe": 53.7, "rpr": 1529.7145048214852, "rprd": 123.1935792685173, "w": 1, "l": 0, "coil": null}, "gen9randombattle": {"elo": 1214.3963277662422, "gxe": 53.1, "rpr": 1523.3147691358465, "rprd": 34.70905086985984, "w": 349, "l": 356, "coil": null}, "gen9randomdoublesbattle": {"elo": 1053.4408452063321, "gxe": 40.8, "rpr": 1429.818228949563, "rprd": 45.41883094624348, "w": 100, "l": 113, "coil": null}}}