{"username": "Il0VEKAT", "userid": "il0vekat", "registertime": 1777248000, "group": 1, "ratings": {"gen91v1": {"elo": 1000, "gxe": 45.8, "rpr": 1466.4424970276782, "rprd": 122.19038994817804, "w": 0, "l": 1, "coil": null}, "gen9championsbssregma": {"elo": 1000, "gxe": 44.4, "rpr": 1455.1173172126478, "rprd": 122.03777717727895, "w": 0, "l": 1, "coil": null}, "gen9championsvgc2026regma": {"elo": 1228.9283261434136, "gxe": 42.4, "rpr": 1442.0907835139576, "rprd": 36.058443972630016, "w": 69, "l": 85, "coil": null}, "gen9championsvgc2026regmabo3": {"elo": 1000, "gxe": 29.2, "rpr": 1325.9523239664154, "rprd": 103.83540605893843, "w": 0, "l": 5, "coil": null}, "gen9championsvgc2026regmb": {"elo": 1134.1697918403577, "gxe": 38.4, "rpr": 1410.1611549798874, "rprd": 59.342576412874806, "w": 13, "l": 20, "coil": null}, "gen9doublesou": {"elo": 1217.3423343549243, "gxe": 56.8, "rpr": 1552.763336496497, "rprd": 75.95308058504206, "w": 12, "l": 7, "coil": null}, "gen9doublesubers": {"elo": 1348.817798427555, "gxe": 64.3, "rpr": 1611.730930269713, "rprd": 44.32119619971845, "w": 56, "l": 41, "coil": null}, "gen9godlygiftrandombattle": {"elo": 1000, "gxe": 44, "rpr": 1452.1020601274713, "rprd": 122.3764488635665, "w": 0, "l": 1, "coil": null}, "gen9hackmonscup": {"elo": 1000, "gxe": 45, "rpr": 1459.8393856609866, "rprd": 122.85830807679145, "w": 0, "l": 1, "coil": null}, "gen9megainvasionrandombattle": {"elo": 1043.4168781887581, "gxe": 52.4, "rpr": 1519.1810148758573, "rprd": 124.28987344032443, "w": 1, "l": 0, "coil": null}, "gen9ou": {"elo": 1055.8784947586482, "gxe": 46.6, "rpr": 1473.4607669776512, "rprd": 107.37667010849462, "w": 2, "l": 2, "coil": null}, "gen9randombattle": {"elo": 1180.2360270181061, "gxe": 44.8, "rpr": 1460.2396165132734, "rprd": 33.768175938077604, "w": 109, "l": 117, "coil": null}, "gen9randomdoublesbattle": {"elo": 1134.3650952230944, "gxe": 59.3, "rpr": 1573.6486759644881, "rprd": 102.06959624017037, "w": 6, "l": 2, "coil": null}, "gen9vgc2026regi": {"elo": 1277.7641120515723, "gxe": 54.9, "rpr": 1537.0639303980727, "rprd": 48.220780236904766, "w": 48, "l": 37, "coil": null}, "gen9vgc2026regibo3": {"elo": 1044.2161488937984, "gxe": 53.7, "rpr": 1529.4220540148224, "rprd": 122.78511797177374, "w": 1, "l": 0, "coil": null}}}