{"username": "Ilovescaldburns", "userid": "ilovescaldburns", "registertime": 1495065600, "group": 1, "ratings": {"gen1ou": {"elo": 1085.2791660676, "gxe": 55.8, "rpr": 1546.5727379143, "rprd": 123.14763841167, "w": 4, "l": 3, "coil": null}, "gen1randombattle": {"elo": 1000, "gxe": 41, "rpr": 1427.4328741711, "rprd": 116.77753930647, "w": 0, "l": 2, "coil": null}, "gen2ou": {"elo": 1000, "gxe": 41.8, "rpr": 1433.9685035711, "rprd": 116.83157573171, "w": 0, "l": 2, "coil": null}, "gen3ou": {"elo": 1173.4265223474752, "gxe": 49.4, "rpr": 1494.9182426497614, "rprd": 107.40515571398969, "w": 15, "l": 13, "coil": null}, "gen4ou": {"elo": 1103.2390575997, "gxe": 50.1, "rpr": 1501.1278657891, "rprd": 130, "w": 5, "l": 4, "coil": null}, "gen5ou": {"elo": 1184.6545081755, "gxe": 49.5, "rpr": 1495.596010327, "rprd": 130, "w": 14, "l": 9, "coil": null}, "gen5randombattle": {"elo": 1070.1028089042, "gxe": 59, "rpr": 1572.5671258289, "rprd": 116.77753930647, "w": 2, "l": 0, "coil": null}, "gen5zu": {"elo": 1085.3701735514, "gxe": 50.6, "rpr": 1505.5256292901, "rprd": 289.5325676302, "w": 2, "l": 2, "coil": null}, "gen6ou": {"elo": 1130.2561420314178, "gxe": 57.3, "rpr": 1558.7597696310243, "rprd": 122.12331340729837, "w": 6, "l": 4, "coil": null}, "gen6ounoteampreview": {"elo": 1044.584930701, "gxe": 54.1, "rpr": 1540.1606143388, "rprd": 280.57570370107, "w": 1, "l": 0, "coil": null}, "gen6randombattle": {"elo": 1000, "gxe": 45, "rpr": 1459.8393856612, "rprd": 122.8583080769, "w": 0, "l": 1, "coil": null}, "gen71v1": {"elo": 1367.6261236073, "gxe": 51.5, "rpr": 1511.7246356377, "rprd": 43.221440104245, "w": 63, "l": 51, "coil": null}, "gen7almostanyability": {"elo": 1073.0180200098, "gxe": 52.4, "rpr": 1519.691085392, "rprd": 130, "w": 2, "l": 2, "coil": null}, "gen7anythinggoes": {"elo": 1390.5323479429, "gxe": 58.6, "rpr": 1577.8133514877, "rprd": 224.77394820983, "w": 40, "l": 22, "coil": null}, "gen7balancedhackmons": {"elo": 1329.5859865437, "gxe": 73.4, "rpr": 1696.5276258235, "rprd": 86.521636820424, "w": 16, "l": 5, "coil": null}, "gen7battlefactory": {"elo": 1144.5688499769, "gxe": 59, "rpr": 1582.3073494991, "rprd": 229.56098549289, "w": 6, "l": 3, "coil": null}, "gen7battlespotsingles": {"elo": 1041.8142036046, "gxe": 55, "rpr": 1540.1606143388, "rprd": 122.8583080769, "w": 1, "l": 0, "coil": null}, "gen7bssfactory": {"elo": 1063.0181408582, "gxe": 48, "rpr": 1484.1241452022, "rprd": 129.80129431374, "w": 2, "l": 3, "coil": null}, "gen7challengecup1v1": {"elo": 1062.2230736769, "gxe": 50.9, "rpr": 1507.0790225327, "rprd": 115.94872570101, "w": 1, "l": 1, "coil": null}, "gen7doublesou": {"elo": 1053.9978305073, "gxe": 49.3, "rpr": 1494.5895989767, "rprd": 126.42517312197, "w": 1, "l": 1, "coil": null}, "gen7dragoncup": {"elo": 1071.7357047286, "gxe": 56.6, "rpr": 1552.3513944107, "rprd": 99.186710102519, "w": 4, "l": 2, "coil": null}, "gen7hackmonscup": {"elo": 1113.0620808137, "gxe": 58.2, "rpr": 1564.6905102475, "rprd": 98.43085373725, "w": 5, "l": 3, "coil": null}, "gen7lc": {"elo": 1319.4064937306, "gxe": 69, "rpr": 1655.0247120987, "rprd": 83.462922549526, "w": 26, "l": 12, "coil": null}, "gen7letsgoou": {"elo": 1040, "gxe": 54.5, "rpr": 1540.1606143388, "rprd": 216.63503688455, "w": 1, "l": 0, "coil": null}, "gen7letsgorandombattle": {"elo": 1045.4627102273, "gxe": 50.7, "rpr": 1505.4607616611, "rprd": 116.16607743486, "w": 1, "l": 1, "coil": null}, "gen7monotype": {"elo": 1472.6858267072, "gxe": 76.8, "rpr": 1770.4329086241, "rprd": 227.2298474855, "w": 32, "l": 10, "coil": null}, "gen7nu": {"elo": 1159.6824488213, "gxe": 60.4, "rpr": 1582.6478964987, "rprd": 104.34069104998, "w": 8, "l": 3, "coil": null}, "gen7ou": {"elo": 1424.9910551152345, "gxe": 66.1, "rpr": 1632.3752118703105, "rprd": 116.09849319411938, "w": 287, "l": 236, "coil": null}, "gen7oublitz": {"elo": 1179.8525745645, "gxe": 51.5, "rpr": 1511.1017789, "rprd": 47.957302814175, "w": 39, "l": 39, "coil": null}, "gen7pu": {"elo": 1099.7828598978, "gxe": 55.4, "rpr": 1543.155446218, "rprd": 121.69990727299, "w": 4, "l": 3, "coil": null}, "gen7randombattle": {"elo": 1424.2027254179, "gxe": 67.9, "rpr": 1645.8475682254, "rprd": 93.545538553243, "w": 92, "l": 68, "coil": null}, "gen7randomdoublesbattle": {"elo": 1130.2258156969, "gxe": 55.4, "rpr": 1542.3355705824, "rprd": 90.380328055971, "w": 9, "l": 6, "coil": null}, "gen7ru": {"elo": 1316.3614918056, "gxe": 67.7, "rpr": 1666.1911875575, "rprd": 225.2181776721, "w": 16, "l": 7, "coil": null}, "gen7sharedpower": {"elo": 1128.6326782571, "gxe": 57.5, "rpr": 1558.7522922625, "rprd": 85.79384597046, "w": 7, "l": 4, "coil": null}, "gen7stabmons": {"elo": 1079.4507646192, "gxe": 62.5, "rpr": 1602.6606585826, "rprd": 130, "w": 2, "l": 0, "coil": null}, "gen7superstaffbrosbrawl": {"elo": 1130.0044775638, "gxe": 61.1, "rpr": 1588.4409691259, "rprd": 98.593116008745, "w": 5, "l": 2, "coil": null}, "gen7trademarked": {"elo": 1030.0817784042, "gxe": 50.5, "rpr": 1504.0185944348, "rprd": 116.59973141967, "w": 1, "l": 1, "coil": null}, "gen7ubers": {"elo": 1499.8921477668, "gxe": 82.7, "rpr": 1807.3449845779, "rprd": 102.20410580033, "w": 59, "l": 29, "coil": null}, "gen7ultimatez": {"elo": 1089.4974893429, "gxe": 55.7, "rpr": 1545.2062463516, "rprd": 102.11767538806, "w": 3, "l": 2, "coil": null}, "gen7uu": {"elo": 1277.4444151172, "gxe": 80.9, "rpr": 1788.3539573495, "rprd": 120.67885656166, "w": 12, "l": 0, "coil": null}, "gen7vgc2018": {"elo": 1155.4904454812, "gxe": 50.9, "rpr": 1508.1753812645, "rprd": 225.74018060197, "w": 9, "l": 6, "coil": null}, "gen81v1": {"elo": 1051.5642577659, "gxe": 47.6, "rpr": 1478.4849562832, "rprd": 233.41271388955, "w": 4, "l": 4, "coil": null}, "gen8almostanyability": {"elo": 1044.89103879, "gxe": 49.7, "rpr": 1497.5728325378, "rprd": 115.25368081324, "w": 1, "l": 1, "coil": null}, "gen8anythinggoes": {"elo": 1455.1051108041, "gxe": 74.6, "rpr": 1712.8548018496, "rprd": 107.88581751937, "w": 39, "l": 19, "coil": null}, "gen8balancedhackmons": {"elo": 1392.5965374009, "gxe": 69.4, "rpr": 1657.574569406, "rprd": 72.486384033212, "w": 30, "l": 14, "coil": null}, "gen8battlestadiumsingles": {"elo": 1084.4835032574, "gxe": 52.5, "rpr": 1519.282478937, "rprd": 93.698910835412, "w": 4, "l": 3, "coil": null}, "gen8bdspou": {"elo": 1133.34332774, "gxe": 57.9, "rpr": 1571.4641380295, "rprd": 225.96350925416, "w": 8, "l": 5, "coil": null}, "gen8bdspubers": {"elo": 1127.73024545, "gxe": 51.9, "rpr": 1514.740689246, "rprd": 51.430684791236, "w": 32, "l": 33, "coil": null}, "gen8bssfactory": {"elo": 1056.355501307, "gxe": 55.5, "rpr": 1544.1787002093, "rprd": 123.03366464365, "w": 1, "l": 0, "coil": null}, "gen8cap": {"elo": 1377.3844472126, "gxe": 73.7, "rpr": 1750.8676288632, "rprd": 279.00670587547, "w": 73, "l": 40, "coil": null}, "gen8chimera1v1": {"elo": 1142.2568155665, "gxe": 57.4, "rpr": 1557.4721326898, "rprd": 80.081585476555, "w": 8, "l": 5, "coil": null}, "gen8godlygift": {"elo": 1123.6420508839, "gxe": 56.3, "rpr": 1548.8267439472, "rprd": 87.031972788734, "w": 6, "l": 4, "coil": null}, "gen8lc": {"elo": 1324.8482248222, "gxe": 75.2, "rpr": 1712.9167855297, "rprd": 69.97919897529, "w": 21, "l": 5, "coil": null}, "gen8metronomebattle": {"elo": 1046.9448787722, "gxe": 40.6, "rpr": 1426.4670444728, "rprd": 89.08479643569, "w": 3, "l": 6, "coil": null}, "gen8monotype": {"elo": 1499.5313449098, "gxe": 74.6, "rpr": 1709.2272114266, "rprd": 85.443609319353, "w": 41, "l": 20, "coil": null}, "gen8nationaldexag": {"elo": 1183.5981775652, "gxe": 66.5, "rpr": 1633.8480465113, "rprd": 97.892494052653, "w": 6, "l": 0, "coil": null}, "gen8nu": {"elo": 1114.5009092631, "gxe": 55.8, "rpr": 1544.9014100983, "rprd": 75.700950806004, "w": 9, "l": 7, "coil": null}, "gen8ou": {"elo": 1418.6126598398384, "gxe": 68.5, "rpr": 1654.5985430151736, "rprd": 117.89628927939567, "w": 1152, "l": 1108, "coil": null}, "gen8oublitz": {"elo": 1283.3530903893, "gxe": 69.9, "rpr": 1667.9780852021, "rprd": 122.11348572255, "w": 24, "l": 11,