{"username": "imadeoutwithagirl", "userid": "imadeoutwithagirl", "registertime": 1632441600, "group": 1, "ratings": {"gen8randombattle": {"elo": 1399.444454782, "gxe": 78.9, "rpr": 1758.460565273, "rprd": 101.49296486855, "w": 1993, "l": 1809, "coil": null}, "gen8randombattleblitz": {"elo": 1102.5747372724, "gxe": 57.2, "rpr": 1557.1263383568, "rprd": 104.98756271797, "w": 3, "l": 1, "coil": null}, "gen9babyrandombattle": {"elo": 1066.6565538795712, "gxe": 50.8, "rpr": 1505.9841342523957, "rprd": 105.83111695657476, "w": 2, "l": 2, "coil": null}, "gen9randombattle": {"elo": 1753.9797956499451, "gxe": 77.9, "rpr": 1737.9528010609554, "rprd": 26.581685726707327, "w": 6704, "l": 6395, "coil": null}}}