{"username": "Imperator210", "userid": "imperator210", "registertime": 1588291200, "group": 1, "ratings": {"gen8nationaldexuu": {"elo": 1074.8534745116, "gxe": 54.8, "rpr": 1538.4820576772, "rprd": 130, "w": 2, "l": 2, "coil": null}, "gen8ou": {"elo": 1156.0004069725694, "gxe": 38.3, "rpr": 1404.525467842348, "rprd": 120.863986064462, "w": 72, "l": 65, "coil": null}, "gen8pu": {"elo": 1077.0227509177, "gxe": 52.7, "rpr": 1521.5230912018, "rprd": 111.02770597927, "w": 2, "l": 1, "coil": null}, "gen8randombattle": {"elo": 1327.4447793444, "gxe": 58, "rpr": 1562.7562128736, "rprd": 96.235052138377, "w": 54, "l": 40, "coil": null}, "gen8uu": {"elo": 1072.5928166104, "gxe": 44.4, "rpr": 1455.0048149101, "rprd": 130, "w": 5, "l": 5, "coil": null}, "gen9nationaldex": {"elo": 1146.3267651951392, "gxe": 62.8, "rpr": 1602.9183963086111, "rprd": 105.23592308225611, "w": 5, "l": 0, "coil": null}, "gen9ou": {"elo": 1364.1125595200103, "gxe": 57.9, "rpr": 1560.8991507712858, "rprd": 62.30452809443572, "w": 74, "l": 60, "coil": null}, "gen9randombattle": {"elo": 1897.8154327463128, "gxe": 80.6, "rpr": 1768.8541607242207, "rprd": 33.5409778080178, "w": 1051, "l": 946, "coil": null}}}