{"username": "InstantRamenPack", "userid": "instantramenpack", "registertime": 1737849600, "group": 1, "ratings": {"gen9randombattle": {"elo": 1974.0779526536444, "gxe": 84.1, "rpr": 1813.6753043749425, "rprd": 27.450172603520272, "w": 1387, "l": 1264, "coil": null}, "gen9randombattleblitz": {"elo": 1144.4593489401748, "gxe": 63.8, "rpr": 1611.3679246421152, "rprd": 106.04443527954238, "w": 4, "l": 0, "coil": null}, "gen9randomdoublesbattle": {"elo": 1380.1770265875869, "gxe": 62.8, "rpr": 1599.6203566894621, "rprd": 51.296594267837165, "w": 28, "l": 15, "coil": null}}}