{"username": "isa2381", "userid": "isa2381", "registertime": 1776988800, "group": 1, "ratings": {"gen9ou": {"elo": 1350.7082595639315, "gxe": 51.7, "rpr": 1513.1922308353455, "rprd": 42.90474011471966, "w": 66, "l": 58, "coil": null}, "gen9randombattle": {"elo": 1124.7117210642461, "gxe": 45.8, "rpr": 1468.5010070826168, "rprd": 30.924739751402786, "w": 95, "l": 95, "coil": null}, "gen9randombattleblitz": {"elo": 1048.6646016440045, "gxe": 48.9, "rpr": 1491.618253160001, "rprd": 116.37169929692357, "w": 1, "l": 1, "coil": null}}}