{"username": "IseeY0shi", "userid": "iseey0shi", "registertime": 1416614400, "group": 1, "ratings": {"gen7battlefactory": {"elo": 1052.215250224, "gxe": 53.2, "rpr": 1525.9515608047, "rprd": 123.43550798007, "w": 1, "l": 0, "coil": null}, "gen7ou": {"elo": 1460.828175385, "gxe": 72.2, "rpr": 1682.0066999048, "rprd": 58.863577497361, "w": 33, "l": 14, "coil": null}, "gen7randombattle": {"elo": 1499.4563489269, "gxe": 79.1, "rpr": 1798.5261047457, "rprd": 221.266137604, "w": 1156, "l": 992, "coil": null}, "gen7uu": {"elo": 1078.4163503852, "gxe": 59.6, "rpr": 1578.4662315023, "rprd": 130, "w": 2, "l": 1, "coil": null}, "gen8monotyperandombattle": {"elo": 1077.1364337267, "gxe": 56.7, "rpr": 1553.6347470956, "rprd": 117.53563828142, "w": 2, "l": 0, "coil": null}, "gen8ou": {"elo": 1399.8885799046, "gxe": 61.1, "rpr": 1600.4484210736, "rprd": 217.01970341455, "w": 84, "l": 64, "coil": null}, "gen8randombattle": {"elo": 1408.1703595379, "gxe": 78.5, "rpr": 1776.2786198345, "rprd": 183.91369821931, "w": 2054, "l": 1827, "coil": null}, "gen8uu": {"elo": 1263.7887907759, "gxe": 59.5, "rpr": 1585.6101012343, "rprd": 215.55157595694, "w": 39, "l": 30, "coil": null}, "gen9ou": {"elo": 1117.1342081308, "gxe": 53.4, "rpr": 1526.4902910472, "rprd": 85.624843409718, "w": 7, "l": 4, "coil": null}, "gen9randombattle": {"elo": 2302.301003065042, "gxe": 86.9, "rpr": 1856.4760813301957, "rprd": 25.479342612504656, "w": 2832, "l": 2494, "coil": null}, "gen9randombattleblitz": {"elo": 1194.9638194322586, "gxe": 69, "rpr": 1657.5295920594372, "rprd": 103.35711832772778, "w": 6, "l": 0, "coil": null}, "nu": {"elo": 1000, "gxe": 45, "rpr": 1459.8393856612, "rprd": 122.8583080769, "w": 0, "l": 1, "coil": null}, "ou": {"elo": 1100.7806530059, "gxe": 46.5, "rpr": 1472.5627914512, "rprd": 81.122951759144, "w": 7, "l": 7, "coil": null}, "uu": {"elo": 1065.3833080927, "gxe": 47.2, "rpr": 1477.9264816622, "rprd": 107.38619455031, "w": 2, "l": 2, "coil": null}}}