{"username": "isnothingeasy", "userid": "isnothingeasy", "registertime": 1675987200, "group": 1, "ratings": {"gen9partnersincrimerandombattle": {"elo": 1055.0585723575232, "gxe": 54.8, "rpr": 1538.4968120480214, "rprd": 121.94202216866623, "w": 1, "l": 0, "coil": null}, "gen9randombattle": {"elo": 1759.531393411655, "gxe": 78.9, "rpr": 1748.6434195333218, "rprd": 27.79922031816733, "w": 9328, "l": 8967, "coil": null}, "gen9randombattleblitz": {"elo": 1211.7654807266817, "gxe": 59.1, "rpr": 1570.8760153966612, "rprd": 84.49857220317364, "w": 12, "l": 5, "coil": null}, "gen9randomdoublesbattle": {"elo": 1386.6557393937921, "gxe": 71.5, "rpr": 1676.0070757249948, "rprd": 61.10966203156639, "w": 21, "l": 6, "coil": null}, "gen9vgc2023regulationd": {"elo": 1415.2257126694174, "gxe": 56, "rpr": 1545.6177912213684, "rprd": 33.23312024852307, "w": 112, "l": 91, "coil": null}, "gen9vgc2023regulatione": {"elo": 1176.5559103360079, "gxe": 50.9, "rpr": 1507.0261271136028, "rprd": 43.87556336504224, "w": 37, "l": 34, "coil": null}, "gen9vgc2024regf": {"elo": 1366.473277838925, "gxe": 58.7, "rpr": 1566.763599400489, "rprd": 50.40410522418866, "w": 29, "l": 18, "coil": null}, "gen9vgc2024regfbo3": {"elo": 1046.247921161888, "gxe": 53, "rpr": 1524.0720838885154, "rprd": 123.60022160253561, "w": 1, "l": 0, "coil": null}, "gen9vgc2024regg": {"elo": 1128.6926067214551, "gxe": 49.2, "rpr": 1493.8485025990828, "rprd": 70.57687531781025, "w": 10, "l": 9, "coil": null}, "gen9vgc2024regh": {"elo": 1175.5126511276294, "gxe": 53.8, "rpr": 1529.476526442039, "rprd": 63.2703931914268, "w": 15, "l": 11, "coil": null}, "gen9vgc2025regg": {"elo": 1324.0534137043528, "gxe": 58.5, "rpr": 1565.1805670957817, "rprd": 48.475463253925945, "w": 29, "l": 20, "coil": null}}}