{"username": "itsCG", "userid": "itscg", "registertime": 1775174400, "group": 1, "ratings": {"gen9randombattle": {"elo": 1366.1070516228112, "gxe": 50.5, "rpr": 1504.0919028586527, "rprd": 25.094959987841445, "w": 476, "l": 485, "coil": null}, "gen9randomdoublesbattle": {"elo": 1000, "gxe": 43.4, "rpr": 1446.7047868056604, "rprd": 122.29131189348416, "w": 0, "l": 1, "coil": null}}}