{"username": "ItsClover", "userid": "itsclover", "registertime": 1635292800, "group": 1, "ratings": {"gen7monotypebattlefactory": {"elo": 1040, "gxe": 45.3, "rpr": 1462.5802216204, "rprd": 110.91350394122, "w": 1, "l": 2, "coil": null}, "gen7ou": {"elo": 1122.0417551611, "gxe": 46.2, "rpr": 1471.0829807473, "rprd": 53.368132000859, "w": 273, "l": 279, "coil": null}, "gen8challengecup1v1": {"elo": 1089.9410486636, "gxe": 41.8, "rpr": 1435.2667974321, "rprd": 92.280073749604, "w": 3, "l": 5, "coil": null}, "gen8ou": {"elo": 1243.3637954858, "gxe": 48.6, "rpr": 1489.3224127094, "rprd": 46.456445226195, "w": 28, "l": 26, "coil": null}, "gen8randombattle": {"elo": 1399.5005089401, "gxe": 67.4, "rpr": 1660.7160306095, "rprd": 210.42260152578, "w": 856, "l": 820, "coil": null}, "gen8randombattleblitz": {"elo": 1045.3569568915, "gxe": 52.6, "rpr": 1520.9874935802, "rprd": 124.28978889981, "w": 1, "l": 0, "coil": null}, "gen8randomdoublesbattle": {"elo": 1048.3643439489, "gxe": 54.3, "rpr": 1534.2760484164, "rprd": 122.3819085515, "w": 1, "l": 0, "coil": null}, "gen91v1": {"elo": 1044.0781900569, "gxe": 55, "rpr": 1540.1606143388, "rprd": 122.8583080769, "w": 1, "l": 0, "coil": null}, "gen9monotype": {"elo": 1040, "gxe": 55, "rpr": 1540.1606143390134, "rprd": 122.85830807679145, "w": 1, "l": 0, "coil": 550}, "gen9ou": {"elo": 1042.4920861125497, "gxe": 30.3, "rpr": 1337.3729818827446, "rprd": 92.48986322616402, "w": 14, "l": 28, "coil": null}, "gen9pokebilities": {"elo": 1043.1975648619243, "gxe": 55.6, "rpr": 1544.7991079657395, "rprd": 122.83141802342722, "w": 1, "l": 0, "coil": null}, "gen9randombattle": {"elo": 1725.2341059342561, "gxe": 76.7, "rpr": 1724.7739497649163, "rprd": 31.13543666576048, "w": 2742, "l": 2509, "coil": null}, "gen9randombattleblitz": {"elo": 1077.1979351263192, "gxe": 55, "rpr": 1540.182108672881, "rprd": 116.09952795208221, "w": 2, "l": 1, "coil": null}, "gen9uu": {"elo": 1030.5995174435866, "gxe": 43.9, "rpr": 1451.344755913941, "rprd": 110.67387071340951, "w": 1, "l": 2, "coil": null}}}