{"username": "I use luck", "userid": "iuseluck", "registertime": 1764201600, "group": 1, "ratings": {"gen1randombattle": {"elo": 1000, "gxe": 38.2, "rpr": 1404.752661770973, "rprd": 112.33110077255441, "w": 1, "l": 5, "coil": null}, "gen3randombattle": {"elo": 1269.920269142197, "gxe": 67, "rpr": 1636.047931365865, "rprd": 72.3091514690926, "w": 13, "l": 6, "coil": null}, "gen4randombattle": {"elo": 1043.8869878138903, "gxe": 55, "rpr": 1540.1606143390134, "rprd": 122.85830807679145, "w": 1, "l": 0, "coil": null}, "gen5randombattle": {"elo": 1086.1994647493748, "gxe": 59, "rpr": 1572.553385098188, "rprd": 116.49145248940927, "w": 2, "l": 0, "coil": null}, "gen9brokencup": {"elo": 1273.7754917129, "gxe": 71.7, "rpr": 1681.6198342144, "rprd": 100.16263233989, "w": 11, "l": 3, "coil": null}, "gen9championsrandombattle": {"elo": 1245.9629308040671, "gxe": 65.6, "rpr": 1622.5528041630887, "rprd": 54.62635532756982, "w": 25, "l": 14, "coil": null}, "gen9hackmonscup": {"elo": 1178.864822861458, "gxe": 68.4, "rpr": 1653.1139694986498, "rprd": 113.08089882937047, "w": 5, "l": 1, "coil": null}, "gen9randombattle": {"elo": 2099.264547583126, "gxe": 87.5, "rpr": 1867.7875519407082, "rprd": 43.30033273972332, "w": 276, "l": 194, "coil": null}}}