{"username": "iv4nch0", "userid": "iv4nch0", "registertime": 1756425600, "group": 1, "ratings": {"gen9challengecup1v1": {"elo": 1043.932693004022, "gxe": 47, "rpr": 1476.0813235920573, "rprd": 122.43813179618853, "w": 1, "l": 1, "coil": null}, "gen9challengecup2v2": {"elo": 1044.7281375630494, "gxe": 54.6, "rpr": 1537.2035811675787, "rprd": 122.65435711029775, "w": 1, "l": 0, "coil": null}, "gen9hackmonscup": {"elo": 1000, "gxe": 41.1, "rpr": 1427.9838431903115, "rprd": 122.31968426468968, "w": 0, "l": 2, "coil": null}, "gen9megainvasionrandombattle": {"elo": 1000, "gxe": 39.4, "rpr": 1414.84213182415, "rprd": 115.72094208937865, "w": 0, "l": 2, "coil": null}, "gen9monkeyspawrandombattle": {"elo": 1000, "gxe": 45, "rpr": 1459.8393856609866, "rprd": 122.85830807679145, "w": 0, "l": 1, "coil": null}, "gen9randombattle": {"elo": 1000, "gxe": 21.2, "rpr": 1249.842036106546, "rprd": 57.03645368169818, "w": 244, "l": 704, "coil": null}, "gen9randombattleblitz": {"elo": 1052.0903912666133, "gxe": 53.3, "rpr": 1526.543030655724, "rprd": 122.95731550159053, "w": 1, "l": 0, "coil": null}, "gen9randombattlesharedpowerb12p6": {"elo": 1000, "gxe": 45, "rpr": 1459.8393856609866, "rprd": 122.85830807679145, "w": 0, "l": 1, "coil": null}, "gen9randomdoublesbattle": {"elo": 1000, "gxe": 45, "rpr": 1459.8393856609866, "rprd": 122.85830807679145, "w": 0, "l": 1, "coil": null}, "gen9randomroulette": {"elo": 1000, "gxe": 46.3, "rpr": 1470.6919084884862, "rprd": 122.675234024912, "w": 0, "l": 1, "coil": null}}}