{"username": "izlnh", "userid": "izlnh", "registertime": 1781395200, "group": 1, "ratings": {"gen9randombattle": {"elo": 1210.8638890031132, "gxe": 49.3, "rpr": 1494.470215477328, "rprd": 33.04454351444105, "w": 75, "l": 72, "coil": null}}}