{"username": "IzzetGuy", "userid": "izzetguy", "registertime": 1613865600, "group": 1, "ratings": {"gen4randombattle": {"elo": 1120.3685495249179, "gxe": 63.3, "rpr": 1607.5605615372651, "rprd": 110.51284847984849, "w": 3, "l": 0, "coil": null}, "gen5ou": {"elo": 1040, "gxe": 51.3, "rpr": 1510.2797140847, "rprd": 126.62576489572, "w": 1, "l": 0, "coil": null}, "gen8bdspou": {"elo": 1074.5679473549, "gxe": 55, "rpr": 1540.2479618797, "rprd": 118.71498661587, "w": 2, "l": 0, "coil": null}, "gen8hackmonscup": {"elo": 1099.3068979876, "gxe": 57.7, "rpr": 1561.0648100663, "rprd": 98.968970118636, "w": 4, "l": 2, "coil": null}, "gen8monotyperandombattle": {"elo": 1041.079688512, "gxe": 52.3, "rpr": 1518.2697020761, "rprd": 124.57809093484, "w": 1, "l": 0, "coil": null}, "gen8nu": {"elo": 1135.6534903986, "gxe": 56.3, "rpr": 1549.0306820092, "rprd": 90.413017149808, "w": 6, "l": 3, "coil": null}, "gen8ou": {"elo": 1238.3510963118, "gxe": 56.8, "rpr": 1554.0786933077, "rprd": 118.9800355069, "w": 15, "l": 6, "coil": null}, "gen8randombattle": {"elo": 1379.7162995769067, "gxe": 60.7, "rpr": 1587.3363392868587, "rprd": 123.96250942554096, "w": 1430, "l": 1367, "coil": null}, "gen8randombattleblitz": {"elo": 1000, "gxe": 44.4, "rpr": 1455.1693101043, "rprd": 121.82933694681, "w": 0, "l": 0, "coil": null}, "gen9champoinsou": {"elo": 1096.2595137802803, "gxe": 54.3, "rpr": 1533.6198024274481, "rprd": 79.48532183438066, "w": 8, "l": 6, "coil": null}, "gen9hackmonscup": {"elo": 1017.9467404960154, "gxe": 38.6, "rpr": 1406.7158872113462, "rprd": 126.12562056056548, "w": 2, "l": 5, "coil": null}, "gen9randombattle": {"elo": 1698.9873351384524, "gxe": 74.1, "rpr": 1698.2287491575808, "rprd": 35.105211207925926, "w": 4848, "l": 4601, "coil": null}, "gen9randombattleblitz": {"elo": 1000, "gxe": 36.5, "rpr": 1389.0463050890658, "rprd": 130, "w": 0, "l": 2, "coil": null}}}