{"username": "Jabeenis", "userid": "jabeenis", "registertime": 1780790400, "group": 1, "ratings": {"gen9randombattle": {"elo": 1112.263556293195, "gxe": 53.2, "rpr": 1524.4550234408018, "rprd": 82.48831253183457, "w": 8, "l": 5, "coil": null}}}