{"username": "Jackyman92", "userid": "jackyman92", "registertime": 1638748800, "group": 1, "ratings": {"gen6randombattle": {"elo": 1040, "gxe": 55, "rpr": 1540.1606143388, "rprd": 122.8583080769, "w": 1, "l": 0, "coil": null}, "gen7randomdoublesbattle": {"elo": 1091.5989527004, "gxe": 58.5, "rpr": 1568.0510970566, "rprd": 115.41619546443, "w": 0, "l": 0, "coil": null}, "gen8monotyperandombattle": {"elo": 1040, "gxe": 55, "rpr": 1540.1606143388, "rprd": 122.8583080769, "w": 1, "l": 0, "coil": null}, "gen8randombattle": {"elo": 1312.9508301077, "gxe": 57.5, "rpr": 1557.3400989639, "rprd": 28.160064456275, "w": 134, "l": 137, "coil": null}, "gen8randomdoublesbattle": {"elo": 1325.3153526852, "gxe": 59.4, "rpr": 1580.6181437616, "rprd": 177.12337094683, "w": 350, "l": 358, "coil": null}, "gen9randombattle": {"elo": 1343.2096467465894, "gxe": 57.5, "rpr": 1557.629255513579, "rprd": 45.19188082118292, "w": 1624, "l": 1595, "coil": null}, "gen9randomdoublesbattle": {"elo": 1400.8978638032959, "gxe": 60.6, "rpr": 1581.3354829607, "rprd": 33.77295970853419, "w": 1594, "l": 1557, "coil": null}, "randomdoublesbattle": {"elo": 1040, "gxe": 54.1, "rpr": 1532.889051263, "rprd": 122.92371045154, "w": 0, "l": 0, "coil": null}}}