{"username": "Jacob Levinson", "userid": "jacoblevinson", "registertime": 1612569600, "group": 1, "ratings": {"gen1randombattle": {"elo": 1136.8176023554, "gxe": 51.2, "rpr": 1509.1753048736, "rprd": 75.990542219548, "w": 12, "l": 14, "coil": null}, "gen1randombattleblitz": {"elo": 1084.6185403093, "gxe": 57.9, "rpr": 1562.5658539332, "rprd": 106.31036949936, "w": 3, "l": 1, "coil": null}, "gen2randombattle": {"elo": 1029.1248314824, "gxe": 42.4, "rpr": 1439.4458342253, "rprd": 103.95937124627, "w": 2, "l": 4, "coil": null}, "gen3ou": {"elo": 1386.11731008433, "gxe": 55.9, "rpr": 1547.0416572678205, "rprd": 110.39995446960621, "w": 38, "l": 25, "coil": null}, "gen3randombattle": {"elo": 1499.2539642285, "gxe": 71.4, "rpr": 1695.3546625603, "rprd": 185.0511616108, "w": 94, "l": 60, "coil": null}, "gen4ou": {"elo": 1136.5585588389, "gxe": 60.3, "rpr": 1581.9675273797, "rprd": 98.93069424396, "w": 5, "l": 1, "coil": null}, "gen4randombattle": {"elo": 1305.0420755398, "gxe": 73.9, "rpr": 1701.044704559, "rprd": 79.111892303097, "w": 14, "l": 3, "coil": null}, "gen5ou": {"elo": 1264.8613008773, "gxe": 69.7, "rpr": 1660.8110789468, "rprd": 81.162062757613, "w": 11, "l": 2, "coil": null}, "gen5randombattle": {"elo": 1285.6981313362, "gxe": 63.8, "rpr": 1608.2697726339, "rprd": 57.974183086054, "w": 38, "l": 30, "coil": null}, "gen6randombattle": {"elo": 1146.9567195449, "gxe": 59.8, "rpr": 1578.1298569578, "rprd": 109.69496211117, "w": 6, "l": 2, "coil": null}, "gen7battlefactory": {"elo": 1000, "gxe": 34.5, "rpr": 1371.321050699, "rprd": 130, "w": 0, "l": 2, "coil": null}, "gen7ou": {"elo": 1381.8122900439741, "gxe": 63, "rpr": 1606.1016343075357, "rprd": 117.85904274156415, "w": 26, "l": 9, "coil": null}, "gen7randombattle": {"elo": 1139.8380464284, "gxe": 64.5, "rpr": 1616.6556168858, "rprd": 101.02814707896, "w": 6, "l": 1, "coil": null}, "gen81v1": {"elo": 1383.1361189276, "gxe": 55.8, "rpr": 1551.7701780321, "rprd": 212.73240102883, "w": 155, "l": 144, "coil": null}, "gen8battlefactory": {"elo": 1330.8793344479, "gxe": 64.4, "rpr": 1624.9004561707, "rprd": 175.80290812515, "w": 49, "l": 31, "coil": null}, "gen8bdsplc": {"elo": 1145.3045683546, "gxe": 59, "rpr": 1574.2781183469, "rprd": 139.25497924619, "w": 4, "l": 2, "coil": null}, "gen8bdspou": {"elo": 1231.4518560895, "gxe": 51.3, "rpr": 1511.339315494, "rprd": 204.25920715499, "w": 49, "l": 41, "coil": null}, "gen8bdsprandombattle": {"elo": 1168.865983464, "gxe": 64.9, "rpr": 1619.063422008, "rprd": 90.213178560642, "w": 8, "l": 2, "coil": null}, "gen8bdspru": {"elo": 1355.4732113237, "gxe": 73.4, "rpr": 1713.2457143398, "rprd": 172.40769604373, "w": 19, "l": 3, "coil": null}, "gen8bdspuu": {"elo": 1192.3360674929, "gxe": 61, "rpr": 1585.0861409018, "rprd": 62.976689003921, "w": 22, "l": 13, "coil": null}, "gen8bssfactory": {"elo": 1114.5024334682, "gxe": 61.2, "rpr": 1588.8612690032, "rprd": 95.478713604579, "w": 7, "l": 4, "coil": null}, "gen8challengecup1v1": {"elo": 1052.2161533665, "gxe": 50, "rpr": 1500, "rprd": 116.77753930647, "w": 1, "l": 1, "coil": null}, "gen8doublesou": {"elo": 1000, "gxe": 36.7, "rpr": 1392.0959859957, "rprd": 111.31364554378, "w": 0, "l": 3, "coil": null}, "gen8lc": {"elo": 1097.2257922695, "gxe": 60.1, "rpr": 1581.0539321183, "rprd": 106.82833735139, "w": 3, "l": 1, "coil": null}, "gen8monotype": {"elo": 1164.6623085851, "gxe": 65.1, "rpr": 1621.628297578, "rprd": 93.01021704912, "w": 7, "l": 1, "coil": null}, "gen8monotyperandombattle": {"elo": 1318.4036474304, "gxe": 67.9, "rpr": 1643.7684291273, "rprd": 72.771085743364, "w": 24, "l": 13, "coil": null}, "gen8nationaldexag": {"elo": 1062.6896257751, "gxe": 40, "rpr": 1419.3066214159, "rprd": 122.90536551168, "w": 2, "l": 3, "coil": null}, "gen8nationaldexmonotype": {"elo": 1399.5926993913, "gxe": 80.9, "rpr": 1772.4565740527, "rprd": 38.413883258715, "w": 209, "l": 96, "coil": null}, "gen8nu": {"elo": 1182.4779647572, "gxe": 62.1, "rpr": 1594.6422269873, "rprd": 68.173918333948, "w": 14, "l": 8, "coil": null}, "gen8ou": {"elo": 1339.6315410921, "gxe": 60.3, "rpr": 1579.0745958212, "rprd": 50.550427398392, "w": 174, "l": 150, "coil": null}, "gen8pu": {"elo": 1202.1493524922, "gxe": 64.7, "rpr": 1617.2545161077, "rprd": 87.307307469228, "w": 8, "l": 2, "coil": null}, "gen8randombattle": {"elo": 1399.7492533959, "gxe": 73.1, "rpr": 1722.6865253398, "rprd": 216.16435969704, "w": 443, "l": 344, "coil": null}, "gen8randomdoublesbattle": {"elo": 1051.5213474226, "gxe": 46.1, "rpr": 1468.9053223098, "rprd": 122.53817352634, "w": 2, "l": 3, "coil": null}, "gen91v1": {"elo": 1171.7072630339323, "gxe": 58.5, "rpr": 1565.433013300487, "rprd": 66.45205119147805, "w": 14, "l": 8, "coil": null}, "gen9babyrandombattle": {"elo": 1082.9325903748577, "gxe": 52.5, "rpr": 1519.8971092838838, "rprd": 105.88304789247887, "w": 2, "l": 2, "coil": null}, "gen9battlefactory": {"elo": 1108.5398118395, "gxe": 57.1, "rpr": 1559.8641040748, "rprd": 162.56228772187, "w": 5, "l": 2, "coil": null}, "gen9bssfactorybo3": {"elo": 1040, "gxe": 50.1, "rpr": 1500.993241444711, "rprd": 118.23439888258993, "w": 1, "l": 1, "coil": null}, "gen9challengecup1v1": {"elo": 1465.822641809314, "gxe": 56, "rpr": 1547.341126994589, "rprd": 102.22523275375671, "w": 457, "l": 348, "coil": null}, "gen9challengecup2v2": {"elo": 1100.75878392749, "gxe": 62.8, "rpr": 1604.9668036942799, "rprd": 122.59891694102386, "w": 2, "l": 0, "coil": null}, "gen9championsvgc2026regma": {"elo": 1059.3408613905424, "gxe": 44.4, "rpr": 1455.6760569718624, "rprd": 101.34580346699629, "w": 2, "l": 3, "coil": null}, "gen9championsvgc2026regmbbo3": {"elo": 1040, "gxe": 55, "rpr": 1540.1606143390134, "rprd": 122.85830807679145, "w": 1, "l": 0, "coil": null}, "gen9lc": {"elo": 1365.0235380032, "gxe": 69.5, "rpr": 1671.7879682065, "rprd": 163.1794710505, "w": 54, "l": 33, "coil": null}, "gen9monkeyspawrandombattle": {"elo": 1058.1272920094784, "gxe": 55.7, "rpr": 1545.6111248997809, "rprd": 122.2670004232746, "w": 1, "l": 0, "coil": null}, "gen9monotyperandombattle": {"elo": 1000, "gxe": 43.6, "rpr": 1448.3792586303, "rprd": 122.23222871008, "w": 0, "l": 1, "coil": null}, "gen9nationaldex": {"elo": 1000, "gxe": 28.8, "rpr": 1321.1947362128737, "rprd": 110.5901642154583, "w": 0, "l": 5, "coil": null}, "gen9nationaldexubers": {"elo": 1000, "gxe": 45.3, "rpr": 1462.619025919277, "rprd": 122.79064917280856, "w": 0, "l": 1, "coil": null}, "gen9nu": {"elo": 1022.1660277196, "gxe": 45.8, "rpr": 1466.9108216389, "rprd": 111.51861011339, "w": 1, "l": 2, "coil": 363.5148409007177}, "gen9ou": {"elo": 1335.8206041567764, "gxe": 66.1, "rpr": 1633.8889914090432, "rprd": 123.34241342941968, "w": 55, "l": 39, "coil": null}, "gen9randombattle": {"elo": 1870.1059279813978, "gxe": 83.2, "rpr": 1802.1259283049658, "rprd": 37.826703826322365, "w": 1620, "l": 1366, "coil": null}, "gen9randombattleblitz": {"elo": 1126.4661452324, "gxe": 50, "rpr": 1499.6894666293, "rprd": 76.793018901946, "w": 8, "l": 7, "coil": null}, "gen9ru": {"elo": 1254.8185111427, "gxe": 66.7, "rpr": 1633.1101523544, "rprd": 62.829465583794, "w": 19, "l": 9, "coil": 2243.5116358969103}, "gen9ubers": {"elo": 1168.0339255395368, "gxe": 64.2, "rpr": 1613.2585541711444, "rprd": 88.96104375935343, "w": 7, "l": 2, "coil": null}, "gen9uu": {"elo": 1303.326305512981, "gxe": 57.9, "rpr": 1562.329892771284, "rprd": 99.23229569234917, "w": 63, "l": 44, "coil": null}, "gen9vgc2023series1": {"elo": 1139.7126577553, "gxe": 55.1, "rpr": 1539.6226305799, "rprd": 77.865269377707, "w": 9, "l": 6, "coil": null}}}