{"username": "Jac Velaryon", "userid": "jacvelaryon", "registertime": 1740096000, "group": 1, "ratings": {"gen9randombattle": {"elo": 1203.8413721444163, "gxe": 50.2, "rpr": 1501.5450803727358, "rprd": 25.0894842396875, "w": 2232, "l": 2413, "coil": null}, "gen9randombattleblitz": {"elo": 1024.4265226597092, "gxe": 37.2, "rpr": 1395.7650380878642, "rprd": 116.09769640618893, "w": 1, "l": 3, "coil": null}}}