{"username": "JadedInfinite", "userid": "jadedinfinite", "registertime": 1674086400, "group": 1, "ratings": {"gen6randombattle": {"elo": 1050.8353660064593, "gxe": 55.7, "rpr": 1545.5848335965406, "rprd": 122.84549604785819, "w": 1, "l": 0, "coil": null}, "gen7randombattle": {"elo": 1419.0844840916038, "gxe": 55.8, "rpr": 1546.5758397726745, "rprd": 122.13699421495589, "w": 1318, "l": 1319, "coil": null}, "gen9randombattle": {"elo": 1568.797839144978, "gxe": 67.9, "rpr": 1641.5957061934623, "rprd": 42.77774572840086, "w": 265, "l": 234, "coil": null}, "gen9ubers": {"elo": 1051.992973886264, "gxe": 44.8, "rpr": 1459.521705133865, "rprd": 75.5214494092237, "w": 7, "l": 9, "coil": null}}}