{"username": "Jaozinzin", "userid": "jaozinzin", "registertime": 1651708800, "group": 1, "ratings": {"gen1ou": {"elo": 1248.332291431499, "gxe": 56.8, "rpr": 1552.2840155888985, "rprd": 64.54013187000693, "w": 15, "l": 15, "coil": null}, "gen1randombattle": {"elo": 1081.6332556474827, "gxe": 51.5, "rpr": 1512.0466566217451, "rprd": 99.15206723000098, "w": 75, "l": 73, "coil": null}, "gen2randombattle": {"elo": 1284.4243511761993, "gxe": 80.6, "rpr": 1781.6452331084163, "rprd": 109.29444549279589, "w": 13, "l": 4, "coil": null}, "gen3challengecup": {"elo": 1040, "gxe": 49.6, "rpr": 1496.5084819181, "rprd": 118.57851452929, "w": 1, "l": 1, "coil": null}, "gen3randombattle": {"elo": 1040, "gxe": 47.4, "rpr": 1478.7850162934, "rprd": 130, "w": 1, "l": 2, "coil": null}, "gen4ou": {"elo": 1089.974948341858, "gxe": 38.5, "rpr": 1407.1611318387809, "rprd": 117.36935436127358, "w": 6, "l": 12, "coil": null}, "gen4randombattle": {"elo": 1067.8112782387468, "gxe": 43.8, "rpr": 1450.6719466355348, "rprd": 110.1307855411591, "w": 369, "l": 399, "coil": null}, "gen4sharedpowerrandombattle": {"elo": 1110.0259210134, "gxe": 57.6, "rpr": 1559.9136387721, "rprd": 99.746647556279, "w": 4, "l": 2, "coil": null}, "gen5ou": {"elo": 1056.185503195437, "gxe": 51.3, "rpr": 1510.6666520656424, "rprd": 115.29245252323727, "w": 1, "l": 1, "coil": null}, "gen5pokebilitiesrandombattle": {"elo": 1104.405960669672, "gxe": 52.4, "rpr": 1518.4000901235459, "rprd": 84.41972161906659, "w": 7, "l": 6, "coil": null}, "gen6firstbloodrandombattle": {"elo": 1292.8275284897188, "gxe": 55.9, "rpr": 1545.0667610324256, "rprd": 32.92181383414008, "w": 66, "l": 52, "coil": null}, "gen6megasrevisitedrandombattle": {"elo": 1109.8781995371, "gxe": 50.3, "rpr": 1502.506476779, "rprd": 94.905007653782, "w": 4, "l": 4, "coil": null}, "gen6randombattle": {"elo": 1131.9933718746988, "gxe": 53.2, "rpr": 1524.7569475999671, "rprd": 82.67570982905507, "w": 11, "l": 10, "coil": null}, "gen6tripleschallengecup": {"elo": 1216.002633799, "gxe": 59.7, "rpr": 1574.0001578399, "rprd": 40.29744872017, "w": 109, "l": 90, "coil": null}, "gen7anythinggoes": {"elo": 1196.349121512, "gxe": 60, "rpr": 1591.5369883016, "rprd": 224.7675122342, "w": 13, "l": 6, "coil": null}, "gen7battlefactory": {"elo": 1051.2454729592, "gxe": 56.1, "rpr": 1549.3187825442, "rprd": 123.29213499376, "w": 1, "l": 0, "coil": null}, "gen7doublesou": {"elo": 1000, "gxe": 43.4, "rpr": 1447.2941866651, "rprd": 122.19873589317, "w": 0, "l": 0, "coil": null}, "gen7pickyourteamrandombattle": {"elo": 1094.4218939323, "gxe": 39.4, "rpr": 1417.3435106719, "rprd": 64.513426101065, "w": 10, "l": 19, "coil": null}, "gen7pokebilitiesrandombattle": {"elo": 1176.172304235416, "gxe": 53.1, "rpr": 1523.4294989359157, "rprd": 29.937627032536597, "w": 101, "l": 96, "coil": null}, "gen7randombattle": {"elo": 1088.987659438, "gxe": 52.1, "rpr": 1516.3664917959, "rprd": 111.01489786603, "w": 4, "l": 4, "coil": null}, "gen7randombattleapexabilities": {"elo": 1000, "gxe": 36.1, "rpr": 1386.6942974499334, "rprd": 114.28268466468235, "w": 0, "l": 3, "coil": null}, "gen8anythinggoes": {"elo": 1106.5287691767, "gxe": 52.3, "rpr": 1518.2525958519, "rprd": 102.93229600923, "w": 5, "l": 3, "coil": null}, "gen8battlefactory": {"elo": 1000, "gxe": 46.2, "rpr": 1469.4810908253467, "rprd": 123.04671313775532, "w": 0, "l": 1, "coil": null}, "gen8bdsprandombattle": {"elo": 1040, "gxe": 55, "rpr": 1540.1606143388, "rprd": 122.8583080769, "w": 1, "l": 0, "coil": null}, "gen8challengecup1v1": {"elo": 1295.7467913528, "gxe": 67, "rpr": 1637.1230261949, "rprd": 84.028977339674, "w": 11, "l": 6, "coil": null}, "gen8hackmonscup": {"elo": 1040, "gxe": 57.2, "rpr": 1558.0264984070627, "rprd": 130, "w": 1, "l": 1, "coil": null}, "gen8joltemonsrandombattle": {"elo": 1146.7330830155777, "gxe": 70, "rpr": 1669.9636111843486, "rprd": 129.20733801035414, "w": 4, "l": 0, "coil": null}, "gen8metronomebattle": {"elo": 1154.1014694285, "gxe": 55.4, "rpr": 1541.1788687918, "rprd": 35.804855073826, "w": 114, "l": 104, "coil": null}, "gen8ou": {"elo": 1076.1042120105, "gxe": 43.1, "rpr": 1446.1522546256, "rprd": 83.666251119537, "w": 9, "l": 11, "coil": null}, "gen8randombattle": {"elo": 1349.4220606777, "gxe": 51.9, "rpr": 1514.7200507807, "rprd": 52.924576651991, "w": 110, "l": 105, "coil": null}, "gen8randombattleblitz": {"elo": 1000, "gxe": 45, "rpr": 1459.8393856612, "rprd": 122.8583080769, "w": 0, "l": 1, "coil": null}, "gen8randombattlemayhem": {"elo": 1022.1660277196, "gxe": 50, "rpr": 1500, "rprd": 116.77753930647, "w": 1, "l": 1, "coil": null}, "gen8randomdoublesbattle": {"elo": 1132.2338049692912, "gxe": 48.8, "rpr": 1490.341836486453, "rprd": 130, "w": 18, "l": 22, "coil": null}, "gen8superstaffbros4": {"elo": 1167.2777861941572, "gxe": 74.2, "rpr": 1712.4303035551595, "rprd": 130, "w": 8, "l": 4, "coil": null}, "gen9almostanyability": {"elo": 1189.8158958375052, "gxe": 49.3, "rpr": 1494.7089415038458, "rprd": 78.35975744441072, "w": 47, "l": 37, "coil": null}, "gen9b6p4randomdoublesbattlebo3": {"elo": 1018.5736253272265, "gxe": 46.2, "rpr": 1469.8704625305054, "rprd": 111.85814684367833, "w": 1, "l": 2, "coil": null}, "gen9babyrandombattle": {"elo": 1174.3040930959546, "gxe": 59.1, "rpr": 1572.9252429377002, "rprd": 117.06124840108458, "w": 35, "l": 29, "coil": null}, "gen9blankcanvasrandombattle": {"elo": 1040, "gxe": 55, "rpr": 1540.1606143388, "rprd": 125.55078446571, "w": 1, "l": 0, "coil": null}, "gen9brokencup": {"elo": 1110.244129068093, "gxe": 55.4, "rpr": 1542.9412718806443, "rprd": 106.54417725640188, "w": 73, "l": 79, "coil": null}, "gen9bssfactory": {"elo": 1048.3826154395638, "gxe": 50.7, "rpr": 1505.9212153752057, "rprd": 128.43142561902593, "w": 1, "l": 1, "coil": null}, "gen9bssregi": {"elo": 1000, "gxe": 41.1, "rpr": 1428.239797112588, "rprd": 115.3670596873997, "w": 0, "l": 0, "coil": null}, "gen9caprandombattle": {"elo": 1116.889726539616, "gxe": 47, "rpr": 1477.1648928171478, "rprd": 56.725179239423866, "w": 26, "l": 31, "coil": null}, "gen9challengecup1v1": {"elo": 1164.6458347317398, "gxe": 47.7, "rpr": 1482.1320795882373, "rprd": 58.599985985591495, "w": 729, "l": 754, "coil": null}, "gen9challengecup2v2": {"elo": 1248.9196611721, "gxe": 62, "rpr": 1596.0681047296, "rprd": 100.10356824146, "w": 165, "l": 201, "coil": null}, "gen9championsvgc2026regma": {"elo": 1051.0879523313158, "gxe": 55.5, "rpr": 1544.3764004478408, "rprd": 122.52123104231202, "w": 1, "l": 0, "coil": null}, "gen9championsvgc2026regmabo3": {"elo": 1026.2157183294496, "gxe": 42.8, "rpr": 1442.9042992220334, "rprd": 107.36316167436932, "w": 1, "l": 3, "coil": null}, "gen9chatbats": {"elo": 1000, "gxe": 45, "rpr": 1459.8393856609866, "rprd": 122.85830807679145, "w": 0, "l": 1, "coil": null}, "gen9chimera1v1randombattle": {"elo": 1194.8819157870569, "gxe": 51.3, "rpr": 1509.6334882272972, "rprd": 62.46431444853061, "w": 16, "l": 15, "coil": null}, "gen9computergeneratedteams": {"elo": 1064.141433417897, "gxe": 47.9, "rpr": 1483.0903327624094, "rprd": 113.8464841396747, "w": 11, "l": 15, "coil": null}, "gen9donotuserandombattle": {"elo": 1000, "gxe": 45, "rpr": 1459.8393856609866, "rprd": 122.85830807679145, "w": 0, "l": 1, "coil": null}, "gen9doublesbrokencup": {"elo": 1146.744113872227, "gxe": 48.5, "rpr": 1488.6339795164142, "rprd": 36.846821993715785, "w": 56, "l": 62, "coil": null}, "gen9draftfactory": {"elo": 1070.102808904164, "gxe": 55.6, "rpr": 1544.5145377438234, "rprd": 116.87433128025552, "w": 2, "l": 1, "coil": null}, "gen9forceofthefallenrandomroulette": {"elo": 1060.6757912182063, "gxe": 51.7, "rpr": 1513.296914402383, "rprd": 122.36137375095745, "w": 1, "l": 1, "coil": null}, "gen9hackmonscup": {"elo": 1303.0104368658, "gxe": 61.4, "rpr": 1592.7851631198, "rprd": 120.78407034959, "w": 22, "l": 14, "coil": null}, "gen9legendszaou": {"elo": 1027.1948872827086, "gxe": 45.2, "rpr": 1461.9613262808596, "rprd": 118.39426357748822, "w": 1, "l": 1, "coil": null},