{"username": "jatrix03", "userid": "jatrix03", "registertime": 1530144000, "group": 1, "ratings": {"gen5ou": {"elo": 1178.5059535861, "gxe": 56.5, "rpr": 1550.4526359676, "rprd": 74.059693608658, "w": 28, "l": 26, "coil": null}, "gen7ou": {"elo": 1352.3795399267, "gxe": 54.2, "rpr": 1531.9186207889, "rprd": 38.840658057831, "w": 209, "l": 209, "coil": null}, "gen7randombattle": {"elo": 1363.5434853471, "gxe": 63.3, "rpr": 1604.507889573, "rprd": 73.66592651253, "w": 110, "l": 96, "coil": null}, "gen7uu": {"elo": 1024.1301810832, "gxe": 41.7, "rpr": 1424.0004707018, "rprd": 233.43334944544, "w": 2, "l": 4, "coil": null}, "gen8battlefactory": {"elo": 1119.7946301693, "gxe": 54.7, "rpr": 1540.1409253133, "rprd": 179.94577773164, "w": 53, "l": 43, "coil": null}, "gen8bdspou": {"elo": 1100.6064955671, "gxe": 40.7, "rpr": 1415.8306251272, "rprd": 218.8324236278, "w": 16, "l": 22, "coil": null}, "gen8bdspuu": {"elo": 1217.3075510973, "gxe": 56.2, "rpr": 1547.2021184834, "rprd": 60.073898710191, "w": 19, "l": 14, "coil": null}, "gen8metronomebattle": {"elo": 1131.8611880948, "gxe": 53, "rpr": 1522.9942415126, "rprd": 61.900565038135, "w": 14, "l": 13, "coil": null}, "gen8ou": {"elo": 1308.1350061169, "gxe": 51.7, "rpr": 1513.2616879527, "rprd": 52.624716912495, "w": 819, "l": 817, "coil": null}, "gen8randombattle": {"elo": 1419.5354754345, "gxe": 61, "rpr": 1596.6194453473, "rprd": 190.32572798168, "w": 277, "l": 260, "coil": null}, "gen8randombattleblitz": {"elo": 1044.741250222, "gxe": 53.6, "rpr": 1528.8888246979, "rprd": 123.26186194183, "w": 1, "l": 0, "coil": null}, "gen8uu": {"elo": 1212.8710631318, "gxe": 55.4, "rpr": 1548.1191752921, "rprd": 219.94479053839, "w": 17, "l": 11, "coil": null}, "gen9b6p4randomdoublesbattlebo3": {"elo": 1073.648702687888, "gxe": 55.5, "rpr": 1542.064635854686, "rprd": 68.72705108006066, "w": 12, "l": 10, "coil": null}, "gen9championsvgc2026regma": {"elo": 1048.6334064866091, "gxe": 55, "rpr": 1540.1606143390134, "rprd": 122.85830807679145, "w": 1, "l": 0, "coil": null}, "gen9championsvgc2026regmabo3": {"elo": 1074.750605143419, "gxe": 46.2, "rpr": 1471.2948827200246, "rprd": 48.89667499228087, "w": 24, "l": 29, "coil": null}, "gen9championsvgc2026regmb": {"elo": 1115.6966592014471, "gxe": 60.4, "rpr": 1582.6634717858167, "rprd": 102.63517250174608, "w": 4, "l": 1, "coil": null}, "gen9ou": {"elo": 1403.1531347582743, "gxe": 51, "rpr": 1507.910617910664, "rprd": 28.77577722514173, "w": 486, "l": 478, "coil": null}, "gen9randombattle": {"elo": 1535.5057390172055, "gxe": 63.3, "rpr": 1603.2753583594254, "rprd": 42.0700237946261, "w": 514, "l": 479, "coil": null}, "gen9ubers": {"elo": 1386.7985089191438, "gxe": 74.6, "rpr": 1705.4667975520817, "rprd": 60.7246116229711, "w": 24, "l": 10, "coil": null}, "gen9vgc2024regg": {"elo": 1244.2951506719767, "gxe": 45.8, "rpr": 1468.527369642336, "rprd": 35.962781313083866, "w": 67, "l": 69, "coil": null}, "gen9vgc2024regh": {"elo": 1251.9867198167588, "gxe": 50.5, "rpr": 1503.4067862353722, "rprd": 40.699786682617855, "w": 60, "l": 64, "coil": null}}}