{"username": "JaviC04", "userid": "javic04", "registertime": 1623542400, "group": 1, "ratings": {"gen1randombattle": {"elo": 1000, "gxe": 44.8, "rpr": 1458.7078105982, "rprd": 122.23551988097, "w": 0, "l": 1, "coil": null}, "gen3randombattle": {"elo": 1000, "gxe": 33.7, "rpr": 1363.5578206503385, "rprd": 130, "w": 0, "l": 2, "coil": null}, "gen5pokebilitiesrandombattle": {"elo": 1000, "gxe": 37.5, "rpr": 1399.5362277153129, "rprd": 109.62757319849649, "w": 0, "l": 3, "coil": null}, "gen6firstbloodrandombattle": {"elo": 1274.6076647171774, "gxe": 59.1, "rpr": 1569.735221895461, "rprd": 52.216345340793936, "w": 25, "l": 17, "coil": null}, "gen6randombattle": {"elo": 1220.350499671, "gxe": 68.7, "rpr": 1657.4334068904, "rprd": 128.28802673988, "w": 23, "l": 20, "coil": null}, "gen8anythinggoes": {"elo": 1000, "gxe": 16.5, "rpr": 1191.3368693436, "rprd": 56.520856190279, "w": 1, "l": 34, "coil": null}, "gen8ou": {"elo": 1000, "gxe": 45, "rpr": 1459.8393856612, "rprd": 122.8583080769, "w": 0, "l": 1, "coil": null}, "gen8randombattle": {"elo": 1423.1384625382, "gxe": 59.5, "rpr": 1581.0735243329, "rprd": 173.60806640091, "w": 512, "l": 492, "coil": null}, "gen8randomdoublesbattle": {"elo": 1338.3462404406, "gxe": 56.9, "rpr": 1558.0225141573, "rprd": 170.68930041871, "w": 118, "l": 106, "coil": null}, "gen8uu": {"elo": 1000, "gxe": 23.5, "rpr": 1234.6510062164, "rprd": 224.18144853955, "w": 0, "l": 16, "coil": null}, "gen9anythinggoes": {"elo": 1000, "gxe": 26.7, "rpr": 1301.7385822237713, "rprd": 104.17764561032112, "w": 0, "l": 5, "coil": null}, "gen9battlefactory": {"elo": 1083.1311662188, "gxe": 48.6, "rpr": 1488.3570943327, "rprd": 161.61493397971, "w": 4, "l": 5, "coil": null}, "gen9doublesou": {"elo": 1423.626969559612, "gxe": 61.6, "rpr": 1589.852550030356, "rprd": 43.33019828184933, "w": 56, "l": 47, "coil": null}, "gen9doublesubers": {"elo": 1227.0826007299731, "gxe": 63.6, "rpr": 1608.0337781932583, "rprd": 80.6697463130743, "w": 10, "l": 3, "coil": null}, "gen9flipped": {"elo": 1000, "gxe": 37.8, "rpr": 1401.4618694528947, "rprd": 110.83345187100234, "w": 0, "l": 3, "coil": null}, "gen9nationaldex": {"elo": 1107.4299840492035, "gxe": 42.3, "rpr": 1440.5309769319856, "rprd": 64.87234135784658, "w": 13, "l": 14, "coil": null}, "gen9nationaldexaaa": {"elo": 1183.2041038746, "gxe": 60.9, "rpr": 1590.00560146, "rprd": 135.29841937335, "w": 9, "l": 4, "coil": null}, "gen9nu": {"elo": 1101.1622906720843, "gxe": 42.2, "rpr": 1440.0964566460077, "rprd": 53.36449659731437, "w": 30, "l": 44, "coil": 1580.8717250885227}, "gen9ou": {"elo": 1400.997787761063, "gxe": 57.6, "rpr": 1558.0222250235047, "rprd": 42.33238959524988, "w": 135, "l": 122, "coil": null}, "gen9randombattle": {"elo": 2130.7755244736577, "gxe": 85.7, "rpr": 1838.422354477757, "rprd": 30.252428129583976, "w": 6547, "l": 6223, "coil": null}, "gen9randombattleblitz": {"elo": 1142.8072893264427, "gxe": 60.3, "rpr": 1583.4627503177658, "rprd": 122.96603169164356, "w": 11, "l": 6, "coil": null}, "gen9randomdoublesbattle": {"elo": 1667.3638673185, "gxe": 81, "rpr": 1777.0126485712, "rprd": 66.286791290489, "w": 237, "l": 177, "coil": null}, "gen9ru": {"elo": 1223.689838412813, "gxe": 60.2, "rpr": 1579.519307193044, "rprd": 65.76797467106984, "w": 16, "l": 10, "coil": 1998.0665317263247}, "gen9trademarked": {"elo": 1036.4831732972507, "gxe": 34.5, "rpr": 1374.9201969756434, "rprd": 97.3175279689612, "w": 1, "l": 5, "coil": null}, "gen9uu": {"elo": 1110.4985219064015, "gxe": 41.2, "rpr": 1431.0120479753443, "rprd": 85.40794019089533, "w": 35, "l": 42, "coil": null}, "gen9vgc2024regg": {"elo": 1062.2941907610066, "gxe": 48, "rpr": 1484.6520222056497, "rprd": 72.49458803607257, "w": 9, "l": 8, "coil": null}}}