{"username": "javieyau", "userid": "javieyau", "registertime": 1617235200, "group": 1, "ratings": {"gen6ou": {"elo": 1000, "gxe": 32.1, "rpr": 1351.3681119363, "rprd": 118.07605045015, "w": 0, "l": 4, "coil": null}, "gen6purehackmons": {"elo": 1180.2312132382524, "gxe": 45.4, "rpr": 1464.6786715740825, "rprd": 78.54763417344546, "w": 24, "l": 55, "coil": null}, "gen6randombattle": {"elo": 1000, "gxe": 45, "rpr": 1459.8393856612, "rprd": 122.8583080769, "w": 0, "l": 1, "coil": null}, "gen7balancedhackmons": {"elo": 1028.7106202972, "gxe": 30.2, "rpr": 1331.5865064971, "rprd": 130, "w": 3, "l": 10, "coil": null}, "gen7doublesou": {"elo": 1000, "gxe": 26, "rpr": 1293.163455027, "rprd": 109.62470288669, "w": 0, "l": 6, "coil": null}, "gen7mixandmega": {"elo": 1001.0377007869, "gxe": 41.2, "rpr": 1429.6037732399, "rprd": 110.98631425994, "w": 1, "l": 3, "coil": null}, "gen7ou": {"elo": 1000, "gxe": 23.3, "rpr": 1260.3084902230253, "rprd": 130, "w": 0, "l": 5, "coil": null}, "gen7randombattle": {"elo": 1000, "gxe": 42.9, "rpr": 1442.9911193081, "rprd": 123.62039963789, "w": 0, "l": 1, "coil": null}, "gen82v2doubles": {"elo": 1052.3193647803, "gxe": 50.9, "rpr": 1507.5662527814, "rprd": 129.28557317889, "w": 1, "l": 1, "coil": null}, "gen8anythinggoes": {"elo": 1146.1707393994, "gxe": 48.2, "rpr": 1485.8211223106, "rprd": 70.004685001404, "w": 45, "l": 47, "coil": null}, "gen8balancedhackmons": {"elo": 1041.6310664762, "gxe": 34.3, "rpr": 1371.4515189146, "rprd": 112.61187884148, "w": 1, "l": 4, "coil": null}, "gen8battlestadiumsingles": {"elo": 1000, "gxe": 38.6, "rpr": 1407.8894641528, "rprd": 117.16746413522, "w": 0, "l": 2, "coil": null}, "gen8doublesou": {"elo": 1022.4846798361, "gxe": 43.7, "rpr": 1449.2063099372, "rprd": 129.51503486953, "w": 1, "l": 2, "coil": null}, "gen8doublesubers": {"elo": 1004.4212761543, "gxe": 31.3, "rpr": 1346.0409791372, "rprd": 102.77259334314, "w": 2, "l": 8, "coil": null}, "gen8hackmonscup": {"elo": 1000, "gxe": 45, "rpr": 1459.8393856612, "rprd": 122.8583080769, "w": 0, "l": 1, "coil": null}, "gen8metronomebattle": {"elo": 1109.1521431661, "gxe": 49.6, "rpr": 1497.1744453945, "rprd": 98.978203224266, "w": 3, "l": 3, "coil": null}, "gen8monotype": {"elo": 1050.6321534063, "gxe": 46.9, "rpr": 1475.2420088674, "rprd": 126.8760143359, "w": 1, "l": 2, "coil": null}, "gen8nationaldex": {"elo": 1000, "gxe": 45.6, "rpr": 1464.8375954754947, "rprd": 122.11800730944702, "w": 0, "l": 1, "coil": null}, "gen8nationaldexag": {"elo": 1213.029563004, "gxe": 43.2, "rpr": 1446.6693519973, "rprd": 87.216986729572, "w": 268, "l": 381, "coil": null}, "gen8ou": {"elo": 1004.7072598288, "gxe": 33.2, "rpr": 1364.3363970707, "rprd": 91.495942925002, "w": 4, "l": 9, "coil": null}, "gen8oublitz": {"elo": 1094.8924059122, "gxe": 48.4, "rpr": 1487.2122852175, "rprd": 102.4656703105, "w": 3, "l": 3, "coil": null}, "gen8purehackmons": {"elo": 1036.7075878526, "gxe": 42.2, "rpr": 1438.0744763155, "rprd": 106.12286972384, "w": 1, "l": 3, "coil": null}, "gen8randombattle": {"elo": 1052.7005390524, "gxe": 30.3, "rpr": 1332.6535486274, "rprd": 126.79165216992, "w": 17, "l": 23, "coil": null}, "gen8stabmons": {"elo": 1000, "gxe": 43.5, "rpr": 1447.5601048572, "rprd": 122.77116910128, "w": 0, "l": 1, "coil": null}, "gen8ubers": {"elo": 1080.693794675, "gxe": 34.7, "rpr": 1357.9552044201, "rprd": 223.75590782658, "w": 12, "l": 26, "coil": null}, "gen8vgc2021": {"elo": 1000, "gxe": 26.9, "rpr": 1303.6914551638, "rprd": 101.59644215152, "w": 0, "l": 6, "coil": null}, "gen9anythinggoes": {"elo": 1180.8517077736685, "gxe": 63.2, "rpr": 1606.7242809324086, "rprd": 111.0617278193624, "w": 9, "l": 4, "coil": null}, "gen9balancedhackmons": {"elo": 1000, "gxe": 17.5, "rpr": 1188.7923071516013, "rprd": 128.93110014353428, "w": 0, "l": 7, "coil": null}, "gen9championsou": {"elo": 1086.3865289632995, "gxe": 52.1, "rpr": 1516.0754887996031, "rprd": 86.79517733521867, "w": 6, "l": 4, "coil": null}, "gen9championsvgc2026regmabo3": {"elo": 1080.0808342731964, "gxe": 36.9, "rpr": 1397.189941364063, "rprd": 73.86518780881077, "w": 7, "l": 11, "coil": null}, "gen9doublesou": {"elo": 1022.8712291550223, "gxe": 42.3, "rpr": 1440.4801662939647, "rprd": 74.09841124460462, "w": 9, "l": 10, "coil": null}, "gen9legendszaou": {"elo": 1206.8327915735968, "gxe": 50.4, "rpr": 1503.313982826007, "rprd": 62.087118332338704, "w": 33, "l": 26, "coil": null}, "gen9mixandmega": {"elo": 1000, "gxe": 48.3, "rpr": 1486.4410362292, "rprd": 125.62632021757, "w": 0, "l": 1, "coil": null}, "gen9nationaldex": {"elo": 1000, "gxe": 33.7, "rpr": 1366.506340158172, "rprd": 111.90414037882586, "w": 0, "l": 3, "coil": null}, "gen9nationaldexag": {"elo": 1232.5867927622, "gxe": 55.2, "rpr": 1539.3590529677, "rprd": 54.395297564978, "w": 25, "l": 17, "coil": null}, "gen9nationaldexdoubles": {"elo": 1000, "gxe": 29.1, "rpr": 1323.5489661185968, "rprd": 111.53514161213486, "w": 0, "l": 4, "coil": null}, "gen9nationaldexmonotype": {"elo": 1050.4587901019322, "gxe": 52, "rpr": 1515.7372094398504, "rprd": 130, "w": 1, "l": 2, "coil": null}, "gen9nationaldexubers": {"elo": 1333.6636693985386, "gxe": 57.7, "rpr": 1559.4200614428905, "rprd": 56.47777652300293, "w": 390, "l": 357, "coil": null}, "gen9nfe": {"elo": 1000, "gxe": 45, "rpr": 1459.8393856612, "rprd": 124.65975402862, "w": 0, "l": 1, "coil": null}, "gen9ou": {"elo": 1146.9508049711135, "gxe": 42.8, "rpr": 1444.7410157824092, "rprd": 57.57554590699501, "w": 126, "l": 143, "coil": null}, "gen9pokebilitiesaaa": {"elo": 1000, "gxe": 29.3, "rpr": 1328.5695709933275, "rprd": 95.34239349986109, "w": 0, "l": 7, "coil": null}, "gen9randombattle": {"elo": 1175.7746380691594, "gxe": 48.1, "rpr": 1485.3227116750743, "rprd": 57.91384950899995, "w": 78, "l": 83, "coil": null}, "gen9randombattleblitz": {"elo": 1078.8185309419516, "gxe": 37.9, "rpr": 1405.4851380862926, "rprd": 71.4143817133751, "w": 14, "l": 21, "coil": null}, "gen9randomdoublesbattle": {"elo": 1054.7266049093055, "gxe": 54, "rpr": 1531.9938836017282, "rprd": 111.14909093244421, "w": 2, "l": 1, "coil": null}, "gen9vgc2025regj": {"elo": 1148.7219605443947, "gxe": 45.1, "rpr": 1462.0482524822635, "rprd": 71.80183079718807, "w": 14, "l": 15, "coil": null}, "gen9vgc2026regibo3": {"elo": 1050.114196179947, "gxe": 41.2, "rpr": 1431.4268130853955, "rprd": 73.95861827539342, "w": 7, "l": 11, "coil": null}}}