{"username": "jawrsh", "userid": "jawrsh", "registertime": 1781308800, "group": 1, "ratings": {"gen9randombattle": {"elo": 1318.7731326277076, "gxe": 50.8, "rpr": 1506.3119162294438, "rprd": 37.16599402568513, "w": 50, "l": 41, "coil": null}}}