{"username": "JayAhki", "userid": "jayahki", "registertime": 1761177600, "group": 1, "ratings": {"gen9randombattle": {"elo": 2045.8667953349855, "gxe": 84.1, "rpr": 1814.4553869860058, "rprd": 33.87339757209737, "w": 470, "l": 381, "coil": null}}}