{"username": "jazenq", "userid": "jazenq", "registertime": 1773964800, "group": 1, "ratings": {"gen9battlefactory": {"elo": 1071.5302692687133, "gxe": 55.2, "rpr": 1541.273129912093, "rprd": 118.07197222151416, "w": 2, "l": 1, "coil": null}, "gen9randombattle": {"elo": 1922.910970839934, "gxe": 83.1, "rpr": 1800.1078729265612, "rprd": 31.101585203089993, "w": 1939, "l": 1848, "coil": null}}}