{"username": "JeanPaulPot", "userid": "jeanpaulpot", "registertime": 1695772800, "group": 1, "ratings": {"gen5randombattle": {"elo": 1140.9680526673721, "gxe": 59.7, "rpr": 1576.5639989969588, "rprd": 96.9094254567072, "w": 5, "l": 2, "coil": null}, "gen7randombattle": {"elo": 1121.0238609400164, "gxe": 63.8, "rpr": 1611.8692512303876, "rprd": 111.25784474178963, "w": 4, "l": 0, "coil": null}, "gen8nationaldex": {"elo": 1084.7192660044818, "gxe": 59.3, "rpr": 1574.9775060539587, "rprd": 116.12936473058421, "w": 2, "l": 0, "coil": null}, "gen9almostanyability": {"elo": 1089.6819971646942, "gxe": 60.2, "rpr": 1582.2389269153957, "rprd": 119.68382207886687, "w": 2, "l": 0, "coil": null}, "gen9alphabetcup": {"elo": 1350.3775620991, "gxe": 65.4, "rpr": 1630.5618388557, "rprd": 148.54825691386, "w": 20, "l": 9, "coil": null}, "gen9babyrandombattle": {"elo": 1066.3927855227885, "gxe": 56.8, "rpr": 1554.7727514007095, "rprd": 122.4310374901853, "w": 1, "l": 0, "coil": null}, "gen9battlefactory": {"elo": 1265.9336926263, "gxe": 58.8, "rpr": 1570.3647514879, "rprd": 108.00494620277, "w": 23, "l": 16, "coil": null}, "gen9categoryswap": {"elo": 1083.4338311587944, "gxe": 49.2, "rpr": 1494.0011005881333, "rprd": 98.19654988584499, "w": 3, "l": 3, "coil": null}, "gen9championsrandombattle": {"elo": 1038.0093775503594, "gxe": 47.8, "rpr": 1482.618401927215, "rprd": 86.10859842707397, "w": 5, "l": 6, "coil": null}, "gen9monkeyspawrandombattle": {"elo": 1043.4628721674198, "gxe": 55, "rpr": 1540.1606143390134, "rprd": 122.85830807679145, "w": 1, "l": 0, "coil": null}, "gen9monotyperandombattle": {"elo": 1040, "gxe": 55, "rpr": 1540.1606143390134, "rprd": 122.85830807679145, "w": 1, "l": 0, "coil": null}, "gen9nationaldex": {"elo": 1531.497223990265, "gxe": 67.1, "rpr": 1636.1308603794193, "rprd": 66.14551533942257, "w": 104, "l": 68, "coil": null}, "gen9nationaldexaaa": {"elo": 1408.862063853, "gxe": 63.2, "rpr": 1606.9497197195, "rprd": 107.26024863337, "w": 57, "l": 35, "coil": null}, "gen9nationaldexubers": {"elo": 1238.504654098222, "gxe": 61.6, "rpr": 1590.7646793503252, "rprd": 73.55850517308367, "w": 14, "l": 5, "coil": null}, "gen9nu": {"elo": 1198.5268645179035, "gxe": 69.7, "rpr": 1662.8405957081493, "rprd": 95.97266658092734, "w": 7, "l": 0, "coil": 1394}, "gen9ou": {"elo": 1438.737268963713, "gxe": 74.2, "rpr": 1702.1747138741637, "rprd": 65.41976971156595, "w": 21, "l": 4, "coil": null}, "gen9pickyourteamrandombattle": {"elo": 1040, "gxe": 47, "rpr": 1476.3586296181827, "rprd": 117.30008540672094, "w": 1, "l": 1, "coil": null}, "gen9randombattle": {"elo": 2051.0787605535434, "gxe": 84.6, "rpr": 1821.1344663780485, "rprd": 31.6805179125239, "w": 766, "l": 569, "coil": null}, "gen9randombattleblitz": {"elo": 1081.8037996723579, "gxe": 58.3, "rpr": 1567.6859289689942, "rprd": 130, "w": 2, "l": 1, "coil": null}, "gen9sharedpower": {"elo": 1099.003601922335, "gxe": 61.2, "rpr": 1590.1539087006213, "rprd": 111.5892628670368, "w": 3, "l": 0, "coil": null}}}