{"username": "Jefejenaro", "userid": "jefejenaro", "registertime": 1658880000, "group": 1, "ratings": {"gen5randombattle": {"elo": 1000, "gxe": 40.6, "rpr": 1424.7135550558, "rprd": 116.18610246774, "w": 0, "l": 2, "coil": null}, "gen7randombattle": {"elo": 1109.0584418326, "gxe": 53.5, "rpr": 1527.6516506084, "rprd": 102.49468016392, "w": 3, "l": 2, "coil": null}, "gen8randombattle": {"elo": 1412.6345166539684, "gxe": 66.6, "rpr": 1638.665891028805, "rprd": 130, "w": 779, "l": 721, "coil": null}, "gen8randomdoublesbattle": {"elo": 1033.9127064869, "gxe": 51, "rpr": 1508.1974823341, "rprd": 116.13781531642, "w": 1, "l": 1, "coil": null}, "gen9babyrandombattle": {"elo": 1080.669265193015, "gxe": 56.4, "rpr": 1550.905712742481, "rprd": 103.81678169961558, "w": 3, "l": 2, "coil": null}, "gen9monotyperandombattle": {"elo": 1055.4236889249896, "gxe": 48.5, "rpr": 1488.2106849955246, "rprd": 115.593131959528, "w": 1, "l": 1, "coil": null}, "gen9nationaldexuu": {"elo": 1255.8774404428, "gxe": 59.6, "rpr": 1579.7426597278, "rprd": 151.6854003758, "w": 20, "l": 16, "coil": null}, "gen9randombattle": {"elo": 1700.2434600678146, "gxe": 79.9, "rpr": 1759.747217170984, "rprd": 26.782030976494642, "w": 6775, "l": 6377, "coil": null}, "gen9randombattleblitz": {"elo": 1181.8868659662419, "gxe": 59, "rpr": 1573.2906206372325, "rprd": 130, "w": 9, "l": 4, "coil": null}, "gen9randomdoublesbattle": {"elo": 1040, "gxe": 55, "rpr": 1540.1606143390134, "rprd": 122.85830807679145, "w": 1, "l": 0, "coil": null}, "gen9uu": {"elo": 1062.5540508087, "gxe": 50.3, "rpr": 1502.1754447458, "rprd": 98.558715024442, "w": 3, "l": 3, "coil": null}}}