{"username": "jenx1", "userid": "jenx1", "registertime": 1609977600, "group": 1, "ratings": {"gen4randombattle": {"elo": 1499.3796606135, "gxe": 77.6, "rpr": 1748.4945756822, "rprd": 124.48518956945, "w": 49, "l": 27, "coil": null}, "gen5randombattle": {"elo": 1465.4483000703, "gxe": 75.9, "rpr": 1731.8470462029, "rprd": 136.99290285904, "w": 61, "l": 34, "coil": null}, "gen6randombattle": {"elo": 1482.4148118935664, "gxe": 71.1, "rpr": 1673.9354395343419, "rprd": 79.03622975570481, "w": 670, "l": 540, "coil": null}, "gen7battlefactory": {"elo": 1132.3121867818, "gxe": 72.3, "rpr": 1692.4734355968, "rprd": 130, "w": 4, "l": 0, "coil": null}, "gen7randombattle": {"elo": 1531.5790406191948, "gxe": 77, "rpr": 1737.9098689060384, "rprd": 104.52063649111999, "w": 183, "l": 132, "coil": null}, "gen8anythinggoes": {"elo": 1351.3570807009, "gxe": 65.5, "rpr": 1623.7905966017, "rprd": 75.519788150363, "w": 25, "l": 12, "coil": null}, "gen8bdspdoublesou": {"elo": 1165.5598941709, "gxe": 57.1, "rpr": 1555.0634543229, "rprd": 83.792163281417, "w": 12, "l": 10, "coil": null}, "gen8bdspou": {"elo": 1064.6860774438, "gxe": 44.8, "rpr": 1453.4219006004, "rprd": 214.19227508363, "w": 5, "l": 7, "coil": null}, "gen8bdsprandombattle": {"elo": 1499.7945352432, "gxe": 67.6, "rpr": 1672.8417531362, "rprd": 254.52085897869, "w": 264, "l": 221, "coil": null}, "gen8bdspru": {"elo": 1137.5595162574, "gxe": 53.1, "rpr": 1523.6368305548, "rprd": 72.151461443013, "w": 11, "l": 8, "coil": null}, "gen8bdspubers": {"elo": 1140.8236606801, "gxe": 69.3, "rpr": 1662.1677141352, "rprd": 119.82736532133, "w": 3, "l": 0, "coil": null}, "gen8bdspuu": {"elo": 1267.4705637336, "gxe": 64.1, "rpr": 1610.4537274938, "rprd": 64.178188083756, "w": 28, "l": 16, "coil": null}, "gen8challengecup1v1": {"elo": 1054.7242707692, "gxe": 53.6, "rpr": 1528.7082501903, "rprd": 122.64527409582, "w": 1, "l": 0, "coil": null}, "gen8doublesou": {"elo": 1208.0165250798, "gxe": 60.9, "rpr": 1599.6013411642, "rprd": 226.1749167679, "w": 10, "l": 3, "coil": null}, "gen8doublesuu": {"elo": 1049.7085277163, "gxe": 46.8, "rpr": 1474.8115575422, "rprd": 102.10214582803, "w": 2, "l": 3, "coil": null}, "gen8hackmonscup": {"elo": 1057.2562464842, "gxe": 54.3, "rpr": 1534.7096261418, "rprd": 122.06687087253, "w": 1, "l": 0, "coil": null}, "gen8joltemonsrandombattle": {"elo": 1111.0225956289, "gxe": 62.3, "rpr": 1599.2773678794, "rprd": 108.72194754764, "w": 3, "l": 1, "coil": null}, "gen8nu": {"elo": 1000, "gxe": 38, "rpr": 1403.4726307534, "rprd": 110.86178235688, "w": 0, "l": 3, "coil": null}, "gen8ou": {"elo": 1151.8238833176, "gxe": 60.4, "rpr": 1582.7156353378, "rprd": 98.613371132813, "w": 5, "l": 1, "coil": null}, "gen8randombattle": {"elo": 1435.2354566932, "gxe": 78.7, "rpr": 1756.513963162, "rprd": 100.21228740859, "w": 823, "l": 714, "coil": null}, "gen8randombattlenodmax": {"elo": 1210.4363155526, "gxe": 69, "rpr": 1654.6233804514, "rprd": 79.917211211233, "w": 10, "l": 3, "coil": null}, "gen8randomdoublesbattle": {"elo": 1493.3925960660865, "gxe": 71.1, "rpr": 1681.320626672035, "rprd": 130, "w": 221, "l": 188, "coil": null}, "gen8superstaffbros4": {"elo": 1047.9034166156, "gxe": 55, "rpr": 1540.1606143388, "rprd": 122.8583080769, "w": 1, "l": 0, "coil": null}, "gen8ubers": {"elo": 1000, "gxe": 41.3, "rpr": 1430.2232233906, "rprd": 116.84697757599, "w": 0, "l": 2, "coil": null}, "gen8uu": {"elo": 1134.3493372761, "gxe": 54.7, "rpr": 1542.5990059378, "rprd": 224.76987505555, "w": 9, "l": 6, "coil": null}, "gen8vgc2021series10": {"elo": 1040, "gxe": 46.2, "rpr": 1469.2744656178, "rprd": 121.05356296621, "w": 1, "l": 1, "coil": null}, "gen9babyrandombattle": {"elo": 1124.3110524281, "gxe": 56.2, "rpr": 1551.776312678, "rprd": 160.01185812487, "w": 6, "l": 4, "coil": null}, "gen9championsrandombattle": {"elo": 1239.6445539481513, "gxe": 66.5, "rpr": 1631.2925040626976, "rprd": 65.10864375086994, "w": 17, "l": 7, "coil": null}, "gen9doublesou": {"elo": 1254.2545088843808, "gxe": 68.5, "rpr": 1653.9868842399396, "rprd": 111.86291139728893, "w": 24, "l": 15, "coil": null}, "gen9doublesubers": {"elo": 1110.4223642182387, "gxe": 48.5, "rpr": 1488.1724483495304, "rprd": 94.36672542408402, "w": 4, "l": 4, "coil": null}, "gen9doublesuu": {"elo": 1113.0234336854242, "gxe": 55.1, "rpr": 1540.2764459029077, "rprd": 116.55131942011836, "w": 4, "l": 2, "coil": null}, "gen9fortemons": {"elo": 1075.4423658776, "gxe": 51.7, "rpr": 1513.418867922, "rprd": 102.39768493167, "w": 3, "l": 2, "coil": null}, "gen9livepatchbattlesver100": {"elo": 1156.744114453, "gxe": 60.1, "rpr": 1580.9314519972, "rprd": 110.78936816691, "w": 6, "l": 2, "coil": null}, "gen9metronomebattle": {"elo": 1000, "gxe": 45, "rpr": 1459.8393856609866, "rprd": 122.85830807679145, "w": 0, "l": 1, "coil": null}, "gen9monotyperandombattle": {"elo": 1105.9524163120814, "gxe": 57.9, "rpr": 1562.1361387300947, "rprd": 96.1026690149255, "w": 5, "l": 2, "coil": null}, "gen9ou": {"elo": 1080.5813588437557, "gxe": 34.5, "rpr": 1376.2280417340357, "rprd": 81.20114864626433, "w": 36, "l": 36, "coil": null}, "gen9randombattle": {"elo": 2040.1253243755978, "gxe": 84.5, "rpr": 1820.9730335135143, "rprd": 35.473000495350064, "w": 2170, "l": 1852, "coil": null}, "gen9randombattleblitz": {"elo": 1611.4031676636762, "gxe": 68.5, "rpr": 1648.371589450196, "rprd": 59.193947109095284, "w": 309, "l": 249, "coil": null}, "gen9randombattlemayhem": {"elo": 1049.4488808611, "gxe": 48.8, "rpr": 1490.8911389577, "rprd": 111.66718213749, "w": 1, "l": 2, "coil": null}, "gen9randomdoublesbattle": {"elo": 1383.1078265940191, "gxe": 63.2, "rpr": 1602.403435698166, "rprd": 50.84312391995493, "w": 248, "l": 194, "coil": null}, "gen9ru": {"elo": 1048.9999328933327, "gxe": 51.2, "rpr": 1509.276804772908, "rprd": 122.91369760784907, "w": 2, "l": 2, "coil": 608.8740428813932}, "gen9ubers": {"elo": 1110.1855730159118, "gxe": 45.1, "rpr": 1461.3669795899173, "rprd": 111.5781606061082, "w": 6, "l": 5, "coil": null}, "gen9uu": {"elo": 1144.2703386476592, "gxe": 45.2, "rpr": 1461.6660330718898, "rprd": 108.91401585427455, "w": 22, "l": 16, "coil": null}}}