{"username": "jetpackuser", "userid": "jetpackuser", "registertime": 1600819200, "group": 1, "ratings": {"gen1randombattle": {"elo": 1107.9942644302, "gxe": 64, "rpr": 1613.4941982924, "rprd": 113.12196237605, "w": 3, "l": 0, "coil": null}, "gen4randombattle": {"elo": 1049.5763873624, "gxe": 55, "rpr": 1540.1606143388, "rprd": 122.8583080769, "w": 1, "l": 0, "coil": null}, "gen5randombattle": {"elo": 1076.1360484526, "gxe": 47.9, "rpr": 1483.7347640118, "rprd": 50.122737959019, "w": 0, "l": 0, "coil": null}, "gen6ou": {"elo": 1124.6214011697, "gxe": 58.2, "rpr": 1564.9539235874, "rprd": 99.5732470974, "w": 4, "l": 2, "coil": null}, "gen6randombattle": {"elo": 1475.9672215219, "gxe": 67.7, "rpr": 1644.9462578224, "rprd": 99.960453594527, "w": 88, "l": 59, "coil": null}, "gen8bdspou": {"elo": 1499.7405078812, "gxe": 70.5, "rpr": 1693.0352393274, "rprd": 214.73492884795, "w": 43, "l": 19, "coil": null}, "gen8bdsprandombattle": {"elo": 1462.7000470615, "gxe": 70.8, "rpr": 1668.4128986681, "rprd": 53.668639556627, "w": 44, "l": 24, "coil": null}, "gen8cap1v1": {"elo": 1000, "gxe": 45, "rpr": 1460.1474788566, "rprd": 122.94712173501, "w": 0, "l": 1, "coil": null}, "gen8challengecup1v1": {"elo": 1377.6898159804, "gxe": 62.7, "rpr": 1598.5632712525, "rprd": 42.770924681713, "w": 45, "l": 28, "coil": null}, "gen8chimera1v1": {"elo": 1000, "gxe": 30.9, "rpr": 1342.5441674097, "rprd": 98.773114589307, "w": 0, "l": 6, "coil": null}, "gen8monotyperandombattle": {"elo": 1073.5984453984, "gxe": 59.2, "rpr": 1574.1873176892, "rprd": 115.8699974904, "w": 2, "l": 0, "coil": null}, "gen8ou": {"elo": 1399.5520078179, "gxe": 69.1, "rpr": 1682.2695876188, "rprd": 229.19947657652, "w": 144, "l": 93, "coil": null}, "gen8randombattle": {"elo": 1405.7331459343, "gxe": 66.5, "rpr": 1653.3673862989, "rprd": 220.32640228815, "w": 214, "l": 181, "coil": null}, "gen8randomdoublesbattle": {"elo": 1081.3843305605, "gxe": 54.4, "rpr": 1535.7085128449, "rprd": 130, "w": 2, "l": 1, "coil": null}, "gen9alphabetcup": {"elo": 1076.7628356287926, "gxe": 50.6, "rpr": 1504.4765963869058, "rprd": 111.78399805811695, "w": 2, "l": 1, "coil": null}, "gen9legendszaou": {"elo": 1221.4935483742145, "gxe": 58.2, "rpr": 1563.3493021629583, "rprd": 68.17632406334823, "w": 14, "l": 7, "coil": null}, "gen9monkeyspawrandombattle": {"elo": 1049.8480861018554, "gxe": 55, "rpr": 1540.1606143390134, "rprd": 122.85830807679145, "w": 1, "l": 0, "coil": null}, "gen9nationaldex": {"elo": 1628.5858109811986, "gxe": 73.8, "rpr": 1695.7944096040878, "rprd": 42.514288883532814, "w": 174, "l": 133, "coil": null}, "gen9nationaldexubers": {"elo": 1514.8762524224, "gxe": 75.5, "rpr": 1715.9006057934, "rprd": 66.396042595008, "w": 81, "l": 49, "coil": null}, "gen9ou": {"elo": 1599.4187665959207, "gxe": 72.7, "rpr": 1686.569726562111, "rprd": 54.26448194875832, "w": 373, "l": 321, "coil": null}, "gen9randombattle": {"elo": 2197.3966003537, "gxe": 88.5, "rpr": 1885.3127001679, "rprd": 30.890145945934, "w": 1105, "l": 838, "coil": null}, "gen9randombattleblitz": {"elo": 1587.8512550509117, "gxe": 64.2, "rpr": 1610.5734608105497, "rprd": 35.439961757204976, "w": 154, "l": 125, "coil": null}}}