{"username": "jfer4", "userid": "jfer4", "registertime": 1540944000, "group": 1, "ratings": {"gen1randombattle": {"elo": 1032.4166751489, "gxe": 50.1, "rpr": 1501.0067841184, "rprd": 130, "w": 1, "l": 1, "coil": null}, "gen2randombattle": {"elo": 1000, "gxe": 45, "rpr": 1459.8393856612, "rprd": 122.8583080769, "w": 0, "l": 1, "coil": null}, "gen6firstbloodrandombattle": {"elo": 1126.1044445787593, "gxe": 53.3, "rpr": 1525.6027923407928, "rprd": 64.39719199812657, "w": 14, "l": 11, "coil": null}, "gen7anythinggoes": {"elo": 1152.7498214397, "gxe": 52.8, "rpr": 1525.5012817273, "rprd": 222.9063825991, "w": 12, "l": 7, "coil": null}, "gen7battlefactory": {"elo": 1126.6564662386, "gxe": 49.2, "rpr": 1492.4223781537, "rprd": 218.85452081856, "w": 49, "l": 49, "coil": null}, "gen7challengecup1v1": {"elo": 1040, "gxe": 46.9, "rpr": 1475.48472132, "rprd": 111.26957302687, "w": 1, "l": 2, "coil": null}, "gen7hackmonscup": {"elo": 1059.6730575985, "gxe": 48.8, "rpr": 1490.4299172681, "rprd": 108.20868792551, "w": 4, "l": 4, "coil": null}, "gen7letsgorandombattle": {"elo": 1000, "gxe": 42.9, "rpr": 1442.8146484621, "rprd": 123.22409748792, "w": 0, "l": 1, "coil": null}, "gen7monotyperandombattle": {"elo": 1368.4207226176, "gxe": 60.1, "rpr": 1578.2303892687, "rprd": 54.504981500426, "w": 195, "l": 183, "coil": null}, "gen7ou": {"elo": 1040, "gxe": 50, "rpr": 1500, "rprd": 116.77753930647, "w": 1, "l": 1, "coil": null}, "gen7oublitz": {"elo": 1000, "gxe": 45, "rpr": 1459.8393856612, "rprd": 122.8583080769, "w": 0, "l": 1, "coil": null}, "gen7randombattle": {"elo": 1357.3679007172, "gxe": 60.8, "rpr": 1582.3545856272, "rprd": 25, "w": 394, "l": 409, "coil": null}, "gen7randomdoublesbattle": {"elo": 1387.3456446413, "gxe": 64.3, "rpr": 1611.0700731703, "rprd": 31.75628087421, "w": 1745, "l": 1812, "coil": null}, "gen7superstaffbrosbrawl": {"elo": 1064.7770660613, "gxe": 50.8, "rpr": 1506.67145024, "rprd": 106.64521210198, "w": 2, "l": 2, "coil": null}, "gen8bdsprandombattle": {"elo": 1043.8369745088, "gxe": 46.6, "rpr": 1473.6867665182, "rprd": 94.703310856285, "w": 3, "l": 4, "coil": null}, "gen8hackmonscup": {"elo": 1047.9485605932, "gxe": 55.2, "rpr": 1541.7746499062, "rprd": 121.80851114807, "w": 1, "l": 0, "coil": null}, "gen8monotyperandombattle": {"elo": 1330.2714578267, "gxe": 66.7, "rpr": 1634.3495625532, "rprd": 84.834798875389, "w": 45, "l": 37, "coil": null}, "gen8ou": {"elo": 1296.05022558, "gxe": 62.1, "rpr": 1594.5053970981, "rprd": 57.992426428955, "w": 24, "l": 13, "coil": null}, "gen8randombattle": {"elo": 1341.0837396848, "gxe": 55.3, "rpr": 1541.4069757302, "rprd": 80.849345392602, "w": 781, "l": 777, "coil": null}, "gen8randombattleblitz": {"elo": 1000, "gxe": 45.6, "rpr": 1464.9574791112, "rprd": 122.04459002505, "w": 0, "l": 1, "coil": null}, "gen8randomdoublesbattle": {"elo": 1377.0071261944, "gxe": 66.1, "rpr": 1640.1912219049, "rprd": 169.72116536426, "w": 2236, "l": 2107, "coil": null}, "gen9monkeyspawrandombattle": {"elo": 1043.1100091837025, "gxe": 54.5, "rpr": 1536.0619168900964, "rprd": 122.8617460656813, "w": 1, "l": 0, "coil": null}, "gen9monotyperandombattle": {"elo": 1103.7978655530887, "gxe": 53.5, "rpr": 1527.655719663957, "rprd": 102.48989492431127, "w": 3, "l": 2, "coil": null}, "gen9ou": {"elo": 1046.550972812035, "gxe": 50.2, "rpr": 1501.361850251018, "rprd": 130, "w": 2, "l": 1, "coil": null}, "gen9randombattle": {"elo": 1951.676106205915, "gxe": 82.3, "rpr": 1790.382831000764, "rprd": 30.633696584711277, "w": 4830, "l": 4609, "coil": null}, "gen9randombattleblitz": {"elo": 1000, "gxe": 45.3, "rpr": 1462.0800635463, "rprd": 122.3266488527, "w": 0, "l": 1, "coil": null}, "gen9randomdoublesbattle": {"elo": 1407.5384664163244, "gxe": 72.8, "rpr": 1695.4755540478377, "rprd": 114.91349922185377, "w": 25, "l": 9, "coil": null}}}