{"username": "Jgallo13", "userid": "jgallo13", "registertime": 1697500800, "group": 1, "ratings": {"gen4randombattle": {"elo": 1067.1517251151363, "gxe": 48.5, "rpr": 1487.7898997638893, "rprd": 130, "w": 3, "l": 3, "coil": null}, "gen5randombattle": {"elo": 1398.5038964399776, "gxe": 69.3, "rpr": 1660.5018024800127, "rprd": 109.49249689722413, "w": 886, "l": 803, "coil": null}, "gen6randombattle": {"elo": 1525.9213416861726, "gxe": 78.2, "rpr": 1755.496577963861, "rprd": 121.8791350470456, "w": 465, "l": 422, "coil": null}, "gen7battlefactory": {"elo": 1000, "gxe": 43, "rpr": 1443.7554708658383, "rprd": 127.30729852070588, "w": 0, "l": 2, "coil": null}, "gen7randombattle": {"elo": 1245.4072254348607, "gxe": 59.5, "rpr": 1574.0270950217568, "rprd": 77.08699994580523, "w": 17, "l": 9, "coil": null}, "gen9randombattle": {"elo": 1651.2535838603765, "gxe": 74.7, "rpr": 1703.8720034516487, "rprd": 27.295020733741126, "w": 3188, "l": 3077, "coil": null}, "gen9superstaffbrosultimate": {"elo": 1049.9481599063822, "gxe": 55.1, "rpr": 1540.7177567451831, "rprd": 122.7898822237984, "w": 1, "l": 0, "coil": null}}}