{"username": "JhuniorCq", "userid": "jhuniorcq", "registertime": 1606608000, "group": 1, "ratings": {"gen7ou": {"elo": 1487.5290125639, "gxe": 75.2, "rpr": 1713.1762325749, "rprd": 75.533511031907, "w": 29, "l": 8, "coil": null}, "gen7randombattle": {"elo": 1057.8215781737, "gxe": 53.7, "rpr": 1530.1986608415, "rprd": 130, "w": 1, "l": 1, "coil": null}, "gen8lc": {"elo": 1107.5251058016, "gxe": 54.5, "rpr": 1535.1550183419, "rprd": 90.009592653024, "w": 5, "l": 4, "coil": null}, "gen8monotype": {"elo": 1193.6566342656, "gxe": 60.7, "rpr": 1584.1073104308, "rprd": 77.922475598323, "w": 13, "l": 5, "coil": null}, "gen8ou": {"elo": 1297.8054294075, "gxe": 50.5, "rpr": 1503.7345795697, "rprd": 130, "w": 22, "l": 15, "coil": null}, "gen8pu": {"elo": 1054.3592453581, "gxe": 43.9, "rpr": 1450.6237465413, "rprd": 130, "w": 2, "l": 2, "coil": null}, "gen8randombattle": {"elo": 1399.1164095873, "gxe": 77.8, "rpr": 1777.0989205286, "rprd": 210.3166236696, "w": 4162, "l": 4004, "coil": null}, "gen8ubers": {"elo": 1110.0806010187, "gxe": 61.9, "rpr": 1597.8016042796, "rprd": 130, "w": 4, "l": 1, "coil": null}, "gen9championsbssregma": {"elo": 1000, "gxe": 45, "rpr": 1459.8393856609866, "rprd": 122.85830807679145, "w": 0, "l": 1, "coil": null}, "gen9championsou": {"elo": 1211.4620583681926, "gxe": 70, "rpr": 1665.6362358979773, "rprd": 94.96453412164995, "w": 7, "l": 0, "coil": null}, "gen9championsvgc2026regma": {"elo": 1488.3916141586267, "gxe": 65.3, "rpr": 1620.0257934501378, "rprd": 39.866538408765905, "w": 58, "l": 36, "coil": null}, "gen9championsvgc2026regmb": {"elo": 1036.638293648402, "gxe": 41.4, "rpr": 1431.7793374583687, "rprd": 106.1192769251081, "w": 1, "l": 3, "coil": null}, "gen9championsvgc2026regmbbo3": {"elo": 1000, "gxe": 45, "rpr": 1459.8393856609866, "rprd": 122.85830807679145, "w": 0, "l": 1, "coil": null}, "gen9doublesou": {"elo": 1301.465540832833, "gxe": 64.2, "rpr": 1611.6397696682582, "rprd": 69.53237658493504, "w": 20, "l": 8, "coil": null}, "gen9doublesubers": {"elo": 1415.1941496803647, "gxe": 67.7, "rpr": 1640.3377220997554, "rprd": 53.308031525724154, "w": 46, "l": 27, "coil": null}, "gen9nationaldex": {"elo": 1483.9181577866887, "gxe": 64.1, "rpr": 1610.7050840212182, "rprd": 57.2397327080312, "w": 54, "l": 35, "coil": null}, "gen9nationaldexubers": {"elo": 1409.2437423297872, "gxe": 63.3, "rpr": 1604.0452675382755, "rprd": 54.71433177561753, "w": 68, "l": 49, "coil": null}, "gen9ou": {"elo": 1342.3894084817066, "gxe": 58.9, "rpr": 1568.3509567619287, "rprd": 52.92004791278454, "w": 62, "l": 47, "coil": null}, "gen9randombattle": {"elo": 1901.4298692090663, "gxe": 79.8, "rpr": 1759.6489544454837, "rprd": 29.707617074075596, "w": 1684, "l": 1576, "coil": null}, "gen9randombattleblitz": {"elo": 1052.5055957252162, "gxe": 55, "rpr": 1540.1606143390134, "rprd": 122.85830807679145, "w": 1, "l": 0, "coil": null}, "gen9randomdoublesbattle": {"elo": 1032.2667084338339, "gxe": 49.3, "rpr": 1494.27784818671, "rprd": 119.94601943042035, "w": 1, "l": 1, "coil": null}, "gen9ubers": {"elo": 1340.1260563827252, "gxe": 64.9, "rpr": 1618.657461845518, "rprd": 75.95438508584449, "w": 42, "l": 29, "coil": null}}}