{"username": "jjjjujjjk", "userid": "jjjjujjjk", "registertime": 0, "group": 0, "ratings": {"gen9megainvasionrandombattle": {"elo": 1000, "gxe": 44.2, "rpr": 1453.7111971414547, "rprd": 121.86540754114365, "w": 0, "l": 1, "coil": null}, "gen9randombattle": {"elo": 1070.102808904164, "gxe": 59, "rpr": 1572.567125829214, "rprd": 116.77753930629355, "w": 2, "l": 0, "coil": null}, "gen9randombattleblitz": {"elo": 1000, "gxe": 43.3, "rpr": 1446.5030132103338, "rprd": 122.37351551965425, "w": 0, "l": 1, "coil": null}, "gen9randomdoublesbattle": {"elo": 1051.8448681911268, "gxe": 55, "rpr": 1540.1606143390134, "rprd": 122.85830807679145, "w": 1, "l": 0, "coil": null}}}