{"username": "jmyj", "userid": "jmyj", "registertime": 1774656000, "group": 1, "ratings": {"gen6randombattle": {"elo": 1092.531855080741, "gxe": 51.2, "rpr": 1509.36872315666, "rprd": 70.4735952464679, "w": 13, "l": 11, "coil": null}, "gen7randombattle": {"elo": 1148.1035724977, "gxe": 65.4, "rpr": 1624.9410663501, "rprd": 103.42542638525, "w": 5, "l": 0, "coil": null}, "gen7ubers": {"elo": 1042.1665040465, "gxe": 39.5, "rpr": 1416.0516216641, "rprd": 106.97655140209, "w": 1, "l": 3, "coil": null}, "gen8anythinggoes": {"elo": 1082.1164745592, "gxe": 48.6, "rpr": 1488.9435134253, "rprd": 96.525902140691, "w": 4, "l": 3, "coil": null}, "gen8randombattle": {"elo": 1044.860089156, "gxe": 45, "rpr": 1459.6392792041, "rprd": 130, "w": 3, "l": 5, "coil": null}, "gen9championsrandombattle": {"elo": 1080.4614024134817, "gxe": 58.2, "rpr": 1565.655552361395, "rprd": 116.32711594599016, "w": 2, "l": 0, "coil": null}, "gen9randombattle": {"elo": 1404.6859049717177, "gxe": 56.8, "rpr": 1552.1153061136283, "rprd": 44.63209819508231, "w": 129, "l": 116, "coil": null}, "gen9randomdoublesbattle": {"elo": 1296.2076756904862, "gxe": 60.9, "rpr": 1584.9272528518063, "rprd": 60.160817558144956, "w": 26, "l": 17, "coil": null}}}