{"username": "JoalyR", "userid": "joalyr", "registertime": 1748217600, "group": 1, "ratings": {"gen9randombattle": {"elo": 1638.7746131705069, "gxe": 72.6, "rpr": 1684.0460991359002, "rprd": 25, "w": 2693, "l": 2675, "coil": null}, "gen9randomdoublesbattle": {"elo": 1136.6380482060076, "gxe": 56.2, "rpr": 1549.1420275795922, "rprd": 114.30316015101988, "w": 6, "l": 2, "coil": null}}}