{"username": "Joann of Fabric", "userid": "joannoffabric", "registertime": 1715040000, "group": 1, "ratings": {"gen3randombattle": {"elo": 1040, "gxe": 45.2, "rpr": 1462.2095858902476, "rprd": 98.97828304742637, "w": 2, "l": 4, "coil": null}, "gen4randombattle": {"elo": 1077.8995934094867, "gxe": 43.3, "rpr": 1447.1451335888355, "rprd": 108.75362492563244, "w": 6, "l": 8, "coil": null}, "gen5randombattle": {"elo": 1038.7348611735638, "gxe": 33.7, "rpr": 1370.1418365196546, "rprd": 75.11508056335012, "w": 10, "l": 25, "coil": null}, "gen6randombattle": {"elo": 1423.7386640458042, "gxe": 58.1, "rpr": 1561.2846069702425, "rprd": 26.35320756764626, "w": 295, "l": 317, "coil": null}, "gen7ou": {"elo": 1106.8765013081313, "gxe": 61.7, "rpr": 1594.2697485384806, "rprd": 116.29528300378371, "w": 2, "l": 0, "coil": null}, "gen7randombattle": {"elo": 1235.5789696267325, "gxe": 49, "rpr": 1492.1591077907706, "rprd": 38.51797999475302, "w": 176, "l": 192, "coil": null}, "gen8hackmonscup": {"elo": 1040, "gxe": 55, "rpr": 1540.1606143390134, "rprd": 122.85830807679145, "w": 1, "l": 0, "coil": null}, "gen9ballsrandombattle": {"elo": 1000, "gxe": 46, "rpr": 1468.0966185230059, "rprd": 122.56958956091769, "w": 0, "l": 1, "coil": null}, "gen9monotyperandombattle": {"elo": 1000, "gxe": 45.2, "rpr": 1461.2712992056013, "rprd": 122.24074533173706, "w": 0, "l": 1, "coil": null}, "gen9randombattle": {"elo": 1117.320250551917, "gxe": 44.2, "rpr": 1455.8309465467235, "rprd": 55.70623889527207, "w": 1229, "l": 1376, "coil": null}, "gen9randomdoublesbattle": {"elo": 1043.752014585454, "gxe": 55, "rpr": 1540.1606143390134, "rprd": 122.85830807679145, "w": 1, "l": 0, "coil": null}}}