{"username": "joaschway", "userid": "joaschway", "registertime": 1631059200, "group": 1, "ratings": {"gen6randombattle": {"elo": 1033.296989253, "gxe": 50, "rpr": 1500, "rprd": 116.77753930647, "w": 1, "l": 1, "coil": null}, "gen8randombattle": {"elo": 1120.7170685327, "gxe": 47.6, "rpr": 1482.0533078638, "rprd": 40.548530629243, "w": 141, "l": 145, "coil": null}, "gen9monotype": {"elo": 1013.6145145059, "gxe": 38.6, "rpr": 1409.6872070026, "rprd": 86.190618822691, "w": 4, "l": 7, "coil": 1361.1768977138568}, "gen9ou": {"elo": 1000, "gxe": 38.8, "rpr": 1409.3016682377, "rprd": 116.82021863948, "w": 0, "l": 0, "coil": null}, "gen9randombattle": {"elo": 1313.0874223470305, "gxe": 54.2, "rpr": 1532.076647045448, "rprd": 61.66456519366279, "w": 632, "l": 630, "coil": null}, "gen9randombattleblitz": {"elo": 1000, "gxe": 35.7, "rpr": 1383.7615044434, "rprd": 112.11372518487, "w": 0, "l": 3, "coil": null}, "gen9stabmons": {"elo": 1000, "gxe": 44.7, "rpr": 1457.2683595406, "rprd": 122.00372123222, "w": 0, "l": 1, "coil": null}}}