{"username": "JohnaP", "userid": "johnap", "registertime": 1777334400, "group": 1, "ratings": {"gen9championsvgc2026regma": {"elo": 1658.5275529744308, "gxe": 70.1, "rpr": 1660.9716557990914, "rprd": 27.789895019532167, "w": 609, "l": 499, "coil": null}, "gen9randombattle": {"elo": 2055.954130181371, "gxe": 82.2, "rpr": 1789.0003986312354, "rprd": 26.750699768356665, "w": 632, "l": 574, "coil": null}, "gen9randomdoublesbattle": {"elo": 1050.8573115662448, "gxe": 55, "rpr": 1540.1196662352277, "rprd": 122.30705642126037, "w": 0, "l": 0, "coil": null}}}