{"username": "jokaire", "userid": "jokaire", "registertime": 1637107200, "group": 1, "ratings": {"gen3ou": {"elo": 1200.2139086369868, "gxe": 56.1, "rpr": 1547.0602842734472, "rprd": 80.24260011764864, "w": 9, "l": 4, "coil": null}, "gen4ou": {"elo": 1045.44623786, "gxe": 54.8, "rpr": 1538.1211465067, "rprd": 122.1364977779, "w": 1, "l": 0, "coil": null}, "gen7ou": {"elo": 1124.2793709641, "gxe": 54.3, "rpr": 1534.4758165158, "rprd": 130, "w": 5, "l": 2, "coil": null}, "gen8almostanyability": {"elo": 1137.1327481487, "gxe": 54.4, "rpr": 1534.0963048927, "rprd": 69.991441039533, "w": 11, "l": 10, "coil": null}, "gen8anythinggoes": {"elo": 1000, "gxe": 25.6, "rpr": 1291.571075659, "rprd": 99.668024077529, "w": 0, "l": 6, "coil": null}, "gen8bdspou": {"elo": 1111.5024593074, "gxe": 58, "rpr": 1572.8244068571, "rprd": 227.35540398941, "w": 7, "l": 4, "coil": null}, "gen8doublesou": {"elo": 1044.480844018905, "gxe": 49.9, "rpr": 1499.3747591671213, "rprd": 116.12509125117772, "w": 1, "l": 1, "coil": null}, "gen8nationaldex": {"elo": 1246.3840720709031, "gxe": 71.7, "rpr": 1680.904303906722, "rprd": 91.9167435949242, "w": 9, "l": 1, "coil": null}, "gen8nationaldexag": {"elo": 1255.5607656502, "gxe": 58.6, "rpr": 1566.4278559895, "rprd": 66.322872412013, "w": 18, "l": 9, "coil": null}, "gen8nationaldexuu": {"elo": 1201.2276959159, "gxe": 53.8, "rpr": 1534.0918342794, "rprd": 217.6135653145, "w": 25, "l": 25, "coil": null}, "gen8nu": {"elo": 1219.09740924, "gxe": 56.7, "rpr": 1551.175400969, "rprd": 53.210649402876, "w": 37, "l": 37, "coil": null}, "gen8ou": {"elo": 1095.1853328292, "gxe": 47.5, "rpr": 1480.1475938106, "rprd": 91.967035017982, "w": 10, "l": 8, "coil": null}, "gen8pu": {"elo": 1371.2943521548, "gxe": 65.4, "rpr": 1620.574564848, "rprd": 38.321695739667, "w": 96, "l": 75, "coil": null}, "gen8randombattle": {"elo": 1417.1562871907, "gxe": 71.2, "rpr": 1693.37890055, "rprd": 184.56831309008, "w": 352, "l": 283, "coil": null}, "gen8randombattleblitz": {"elo": 1310.073953411, "gxe": 69, "rpr": 1652.4219677978, "rprd": 61.769622743677, "w": 19, "l": 7, "coil": null}, "gen8randomdoublesbattle": {"elo": 1089.5070034364, "gxe": 38.4, "rpr": 1405.0177188251, "rprd": 130, "w": 5, "l": 7, "coil": null}, "gen8ru": {"elo": 1407.473650261, "gxe": 71.2, "rpr": 1697.2417757987, "rprd": 201.02109813416, "w": 73, "l": 36, "coil": null}, "gen8uu": {"elo": 1446.3225829663, "gxe": 70.6, "rpr": 1686.9928560945, "rprd": 184.74936501681, "w": 45, "l": 23, "coil": null}, "gen8vgc2022": {"elo": 1068.4480865129, "gxe": 38.7, "rpr": 1395.5708939817, "rprd": 229.96344177497, "w": 4, "l": 7, "coil": null}, "gen8zu": {"elo": 1159.7254548182, "gxe": 52.9, "rpr": 1526.4296843554, "rprd": 224.14052774881, "w": 13, "l": 14, "coil": null}, "gen9anythinggoes": {"elo": 1047.2322474741852, "gxe": 40.1, "rpr": 1421.2436460736667, "rprd": 103.657059460366, "w": 2, "l": 3, "coil": null}, "gen9godlygift": {"elo": 1160.5385827299, "gxe": 56.9, "rpr": 1554.6754936637, "rprd": 100.01956622025, "w": 9, "l": 8, "coil": null}, "gen9legendszaou": {"elo": 1040.6851062992012, "gxe": 46.3, "rpr": 1470.6745125796485, "rprd": 110.6403557449462, "w": 2, "l": 2, "coil": null}, "gen9monotype": {"elo": 1104.6431230533, "gxe": 52.9, "rpr": 1522.6154923554, "rprd": 85.253254599441, "w": 7, "l": 5, "coil": 1885.141687584958}, "gen9nationaldex": {"elo": 1143.347210496732, "gxe": 45.4, "rpr": 1464.514721663393, "rprd": 61.36274945240314, "w": 819, "l": 803, "coil": null}, "gen9nationaldexbh": {"elo": 1110.1960148359, "gxe": 53, "rpr": 1523.5701502825, "rprd": 103.37958204431, "w": 3, "l": 4, "coil": null}, "gen9nationaldexubers": {"elo": 1059.1143259037287, "gxe": 32.2, "rpr": 1354.3131528399929, "rprd": 98.31436469057135, "w": 13, "l": 12, "coil": null}, "gen9nationaldexuu": {"elo": 1116.4155324104397, "gxe": 43.7, "rpr": 1451.3595317214833, "rprd": 69.52726744018884, "w": 82, "l": 70, "coil": null}, "gen9nu": {"elo": 1162.0465178425154, "gxe": 52.7, "rpr": 1521.2680170034303, "rprd": 93.7163254687528, "w": 90, "l": 72, "coil": 2045.7998272118962}, "gen9ou": {"elo": 1193.063552733974, "gxe": 41.7, "rpr": 1434.2064680234012, "rprd": 109.5357535944752, "w": 33, "l": 31, "coil": null}, "gen9pu": {"elo": 1291.3750943402215, "gxe": 60.5, "rpr": 1581.7617855087835, "rprd": 63.275510341527635, "w": 122, "l": 106, "coil": 2369.044491424822}, "gen9randombattle": {"elo": 2028.551802065855, "gxe": 84.4, "rpr": 1819.136877030394, "rprd": 36.33244793282949, "w": 1371, "l": 1114, "coil": null}, "gen9randombattleblitz": {"elo": 1606.7631681717335, "gxe": 67.4, "rpr": 1637.3661605076395, "rprd": 34.6433114793636, "w": 68, "l": 42, "coil": null}, "gen9ru": {"elo": 1398.6471633657, "gxe": 66.7, "rpr": 1635.9304959513, "rprd": 100.01621246845, "w": 126, "l": 83, "coil": 2606.7746014693207}, "gen9uu": {"elo": 1289.0032560610266, "gxe": 56.7, "rpr": 1552.178540249037, "rprd": 80.18884011713946, "w": 51, "l": 43, "coil": null}, "gen9vgc2023regulationd": {"elo": 1000, "gxe": 43.6, "rpr": 1448.98162235564, "rprd": 122.18411525414545, "w": 0, "l": 1, "coil": null}, "gen9vgc2025regg": {"elo": 1222.1113036203215, "gxe": 50.3, "rpr": 1502.0928521657852, "rprd": 30.151131369149066, "w": 74, "l": 74, "coil": null}, "gen9vgc2026regf": {"elo": 1100.5206422815647, "gxe": 43.6, "rpr": 1451.2942246487723, "rprd": 58.16283996139001, "w": 15, "l": 17, "coil": null}, "gen9zu": {"elo": 1350.3760497615, "gxe": 62.5, "rpr": 1600.2762070938, "rprd": 100.04288004133, "w": 87, "l": 74, "coil": 2457.3159668559906}}}