{"username": "Jonkwell", "userid": "jonkwell", "registertime": 1704931200, "group": 1, "ratings": {"gen9randombattle": {"elo": 1466.776765811264, "gxe": 62.8, "rpr": 1599.1987234999724, "rprd": 39.84338653158631, "w": 3072, "l": 3018, "coil": null}}}