{"username": "Jonuz", "userid": "jonuz", "registertime": 1471651200, "group": 1, "ratings": {"doublesuu": {"elo": 1000, "gxe": 38, "rpr": 1403.5697458605, "rprd": 111.78546200765, "w": 0, "l": 3, "coil": null}, "gen3ou": {"elo": 1000, "gxe": 43.8, "rpr": 1450.3743644403833, "rprd": 122.2744747210011, "w": 0, "l": 1, "coil": null}, "gen3randombattle": {"elo": 1214.9657775260032, "gxe": 71.4, "rpr": 1679.1329908325647, "rprd": 97.69074081000424, "w": 6, "l": 0, "coil": null}, "gen6ou": {"elo": 1000, "gxe": 46, "rpr": 1468.084772445449, "rprd": 122.36269520454942, "w": 0, "l": 1, "coil": null}, "gen6randombattle": {"elo": 1000, "gxe": 45, "rpr": 1459.8393856612, "rprd": 122.8583080769, "w": 0, "l": 1, "coil": null}, "gen7anythinggoes": {"elo": 1085.8399182725, "gxe": 52.8, "rpr": 1525.2033857881, "rprd": 230.22292529891, "w": 5, "l": 3, "coil": null}, "gen7nu": {"elo": 1043.0014796533, "gxe": 42.8, "rpr": 1444.6174743003, "rprd": 67.729760061001, "w": 32, "l": 38, "coil": null}, "gen7ou": {"elo": 1191.5554666207831, "gxe": 64, "rpr": 1610.7227955201968, "rprd": 79.0909645840664, "w": 10, "l": 4, "coil": null}, "gen7randombattle": {"elo": 1073.1133672316, "gxe": 38.8, "rpr": 1409.3312797984, "rprd": 123.19799285124, "w": 8, "l": 10, "coil": null}, "gen7ru": {"elo": 1101.428266883, "gxe": 43.8, "rpr": 1449.5543890234, "rprd": 130, "w": 13, "l": 14, "coil": null}, "gen7uu": {"elo": 1050.6509760769, "gxe": 35.6, "rpr": 1367.5594214077, "rprd": 221.72963989601, "w": 10, "l": 20, "coil": null}, "gen8battlefactory": {"elo": 1000, "gxe": 40.7, "rpr": 1425.1787665412, "rprd": 116.0942830916, "w": 0, "l": 2, "coil": null}, "gen8ou": {"elo": 1000, "gxe": 45, "rpr": 1459.8393856612, "rprd": 122.8583080769, "w": 0, "l": 1, "coil": null}, "gen8randombattle": {"elo": 1410.9682216127, "gxe": 73.1, "rpr": 1712.19293165, "rprd": 179.41043647319, "w": 999, "l": 926, "coil": null}, "gen8ru": {"elo": 1049.9632701706, "gxe": 47.4, "rpr": 1475.9889442777, "rprd": 233.35277099905, "w": 3, "l": 4, "coil": null}, "gen91v1factory": {"elo": 1110.5075856507922, "gxe": 49.4, "rpr": 1495.5160640229205, "rprd": 45.05067840364835, "w": 29, "l": 32, "coil": null}, "gen9cap": {"elo": 1000, "gxe": 45, "rpr": 1459.8393856609866, "rprd": 122.85830807679145, "w": 0, "l": 1, "coil": null}, "gen9draftfactory": {"elo": 1080.9991201141859, "gxe": 53.1, "rpr": 1523.7178214837465, "rprd": 86.7501132171911, "w": 6, "l": 5, "coil": null}, "gen9legendszaou": {"elo": 1381.0423435811233, "gxe": 61.9, "rpr": 1591.633893850862, "rprd": 29.607905468370305, "w": 106, "l": 85, "coil": null}, "gen9nationaldex": {"elo": 1420.7823518547675, "gxe": 57.6, "rpr": 1558.6007930851235, "rprd": 65.20261418410344, "w": 265, "l": 251, "coil": null}, "gen9nationaldexmonotype": {"elo": 1059.9152864357395, "gxe": 55.9, "rpr": 1547.0284791485033, "rprd": 121.92240288485341, "w": 1, "l": 0, "coil": null}, "gen9nationaldexubers": {"elo": 1409.402757755957, "gxe": 63.6, "rpr": 1607.6495944150606, "rprd": 75.48567587249092, "w": 48, "l": 35, "coil": null}, "gen9nationaldexuu": {"elo": 1115.2810337238416, "gxe": 54.3, "rpr": 1533.2723423643367, "rprd": 90.60507078162357, "w": 5, "l": 4, "coil": null}, "gen9nu": {"elo": 1302.5161385156896, "gxe": 58.7, "rpr": 1569.5941226004543, "rprd": 110.62468874600877, "w": 50, "l": 28, "coil": 2206.3915223762724}, "gen9ou": {"elo": 1581.6971354143611, "gxe": 73.2, "rpr": 1689.3266427583578, "rprd": 30.03415793420491, "w": 1291, "l": 1156, "coil": null}, "gen9pokebilitiesaaa": {"elo": 1082.9122626149021, "gxe": 49.8, "rpr": 1498.0352120522637, "rprd": 111.82862088235169, "w": 2, "l": 1, "coil": null}, "gen9randombattle": {"elo": 1907.836692653941, "gxe": 81.9, "rpr": 1784.2840270273791, "rprd": 30.207106494401256, "w": 3879, "l": 3510, "coil": null}, "gen9randombattleblitz": {"elo": 1359.289291015076, "gxe": 65.4, "rpr": 1624.4249364413026, "rprd": 101.51776191223296, "w": 27, "l": 14, "coil": null}, "gen9ru": {"elo": 1214.3472643766586, "gxe": 60.4, "rpr": 1582.784785994334, "rprd": 98.030050661327, "w": 21, "l": 10, "coil": 2065.962407586567}, "gen9uu": {"elo": 1326.497971345521, "gxe": 59.7, "rpr": 1575.096075175432, "rprd": 69.12996274521507, "w": 231, "l": 170, "coil": null}, "megamons": {"elo": 1000, "gxe": 37.7, "rpr": 1400.7324649166, "rprd": 111.51861011339, "w": 0, "l": 3, "coil": null}, "ou": {"elo": 1094.626071262, "gxe": 37.4, "rpr": 1398.684389418, "rprd": 107.58885654637, "w": 7, "l": 9, "coil": null}, "ru": {"elo": 1153.3463469573, "gxe": 40.6, "rpr": 1427.8764983114, "rprd": 55.167888583796, "w": 40, "l": 74, "coil": null}, "ubers": {"elo": 1076.5704085741, "gxe": 59.2, "rpr": 1574.513338492, "rprd": 120.20578433974, "w": 2, "l": 0, "coil": null}, "uu": {"elo": 1022.1660277196, "gxe": 37.3, "rpr": 1396.9732753717, "rprd": 117.32435444336, "w": 3, "l": 8, "coil": null}}}