{"username": "Jorgeo58", "userid": "jorgeo58", "registertime": 1559865600, "group": 1, "ratings": {"gen1randombattle": {"elo": 1024.9381372148, "gxe": 50, "rpr": 1500, "rprd": 116.77753930647, "w": 1, "l": 1, "coil": null}, "gen4sharedpowerrandombattle": {"elo": 1000, "gxe": 45, "rpr": 1459.8393856612, "rprd": 122.8583080769, "w": 0, "l": 1, "coil": null}, "gen5randombattle": {"elo": 1040, "gxe": 51.2, "rpr": 1509.8407627851, "rprd": 118.58264659721, "w": 1, "l": 1, "coil": null}, "gen71v1": {"elo": 1011.8560526071, "gxe": 33.8, "rpr": 1368.4097040665, "rprd": 99.198040688466, "w": 1, "l": 5, "coil": null}, "gen7battlefactory": {"elo": 1061.4648705981, "gxe": 54, "rpr": 1531.7176828414, "rprd": 112.77812874818, "w": 2, "l": 1, "coil": null}, "gen7bssfactory": {"elo": 1100.0594626175, "gxe": 46.3, "rpr": 1471.2280919261, "rprd": 76.572927125665, "w": 10, "l": 18, "coil": null}, "gen7challengecup1v1": {"elo": 1032.0078198542, "gxe": 39.4, "rpr": 1415.945055165, "rprd": 100.69720908682, "w": 1, "l": 4, "coil": null}, "gen7doublesou": {"elo": 1000, "gxe": 45, "rpr": 1459.8393856612, "rprd": 122.8583080769, "w": 0, "l": 1, "coil": null}, "gen7monotype": {"elo": 1078.4931880562, "gxe": 36.4, "rpr": 1375.9992140968, "rprd": 214.46070386533, "w": 41, "l": 64, "coil": null}, "gen7monotyperandombattle": {"elo": 1043.2415380714, "gxe": 45.6, "rpr": 1466.5940606894, "rprd": 33.278881442477, "w": 113, "l": 136, "coil": null}, "gen7ou": {"elo": 1026.7750808712, "gxe": 36, "rpr": 1385.8420301859, "rprd": 112.2538383671, "w": 1, "l": 3, "coil": null}, "gen7pickyourteamrandombattle": {"elo": 1169.6482453834, "gxe": 55.9, "rpr": 1545.3169154454, "rprd": 58.839758426576, "w": 18, "l": 13, "coil": null}, "gen7randombattle": {"elo": 1330.5597778508, "gxe": 51.8, "rpr": 1513.2362327191, "rprd": 25, "w": 655, "l": 687, "coil": null}, "gen7randomdoublesbattle": {"elo": 1259.4041183411, "gxe": 56.2, "rpr": 1547.6228344815, "rprd": 55.803422779877, "w": 47, "l": 38, "coil": null}, "gen7superstaffbrosbrawl": {"elo": 1000, "gxe": 45, "rpr": 1459.8393856612, "rprd": 122.8583080769, "w": 0, "l": 0, "coil": null}, "gen8doublesou": {"elo": 1062.5420949273, "gxe": 54.1, "rpr": 1532.6864081616, "rprd": 112.19725587011, "w": 2, "l": 1, "coil": null}, "gen8doublesubers": {"elo": 1012.3504533744, "gxe": 43.3, "rpr": 1446.4979863118, "rprd": 111.22059361252, "w": 1, "l": 2, "coil": null}, "gen8monotype": {"elo": 1057.9712653785, "gxe": 39.2, "rpr": 1412.9143392746, "rprd": 110.28904765656, "w": 10, "l": 19, "coil": null}, "gen8monotyperandombattle": {"elo": 1134.4896746199, "gxe": 51.1, "rpr": 1508.0586032995, "rprd": 30.156911966492, "w": 380, "l": 401, "coil": null}, "gen8ou": {"elo": 1045.8319691238, "gxe": 43.8, "rpr": 1451.2614989868, "rprd": 102.79023611497, "w": 2, "l": 3, "coil": null}, "gen8randombattle": {"elo": 1296.2501401179, "gxe": 50.5, "rpr": 1503.7704299424, "rprd": 54.803936556006, "w": 452, "l": 461, "coil": null}, "gen8randombattleblitz": {"elo": 1027.0160269584, "gxe": 43.9, "rpr": 1451.6517416146, "rprd": 100.65473026312, "w": 2, "l": 3, "coil": null}, "gen8randomdoublesbattle": {"elo": 1132.4965962285, "gxe": 57.9, "rpr": 1563.8057396345, "rprd": 121.67418680463, "w": 7, "l": 5, "coil": null}, "gen8ubers": {"elo": 1040, "gxe": 51.4, "rpr": 1511.5931343421, "rprd": 126.17565333091, "w": 1, "l": 0, "coil": null}, "gen8vgc2020": {"elo": 1161.4181296361, "gxe": 34.5, "rpr": 1378.7911801624, "rprd": 42.597576118373, "w": 38, "l": 59, "coil": null}, "gen9champoinsou": {"elo": 1000, "gxe": 35, "rpr": 1378.3530186479659, "rprd": 106.91164920533053, "w": 0, "l": 4, "coil": null}, "gen9doublesou": {"elo": 1071.873541376697, "gxe": 38.1, "rpr": 1406.9454308732154, "rprd": 64.86707076872594, "w": 11, "l": 15, "coil": null}, "gen9doublesubers": {"elo": 1053.1402617413792, "gxe": 43.7, "rpr": 1450.3618226677722, "rprd": 101.95100666204404, "w": 2, "l": 3, "coil": null}, "gen9monotyperandombattle": {"elo": 1114.7571985379777, "gxe": 46.9, "rpr": 1475.9430628678122, "rprd": 60.73324735741943, "w": 448, "l": 622, "coil": null}, "gen9ou": {"elo": 1096.0223236281224, "gxe": 44.9, "rpr": 1460.8220713528494, "rprd": 75.44681551188208, "w": 14, "l": 12, "coil": null}, "gen9randombattle": {"elo": 1069.5966516132466, "gxe": 39.6, "rpr": 1419.7985556859715, "rprd": 48.969903520220385, "w": 1821, "l": 2142, "coil": null}, "gen9randombattlemayhem": {"elo": 1015.0284135737, "gxe": 42.6, "rpr": 1440.3539456854, "rprd": 120.61313190789, "w": 1, "l": 2, "coil": null}, "gen9randomdoublesbattle": {"elo": 1011.7722961321113, "gxe": 35.7, "rpr": 1384.0646016243147, "rprd": 109.99505337240005, "w": 1, "l": 4, "coil": null}, "gen9vgc2026regibo3": {"elo": 1000, "gxe": 36.8, "rpr": 1392.9320930021959, "rprd": 117.31626361803542, "w": 0, "l": 2, "coil": null}}}