{"username": "Jorn Lande", "userid": "jornlande", "registertime": 1704499200, "group": 1, "ratings": {"gen9randombattle": {"elo": 2091.2248170498806, "gxe": 82.9, "rpr": 1797.0456646405503, "rprd": 27.229829124465947, "w": 4805, "l": 4629, "coil": null}}}