{"username": "JoshHartEnjoyer", "userid": "joshhartenjoyer", "registertime": 1780272000, "group": 1, "ratings": {"gen9randombattle": {"elo": 1438.6472024813334, "gxe": 60.6, "rpr": 1581.4302022668498, "rprd": 25.866921691303784, "w": 222, "l": 204, "coil": null}}}