{"username": "jp031z", "userid": "jp031z", "registertime": 1727222400, "group": 1, "ratings": {"gen9megainvasionrandombattle": {"elo": 1096.4655351772494, "gxe": 49.6, "rpr": 1496.6779290063978, "rprd": 78.51523929043636, "w": 7, "l": 7, "coil": null}, "gen9randombattle": {"elo": 1181.9267482420398, "gxe": 47.3, "rpr": 1479.7089007415443, "rprd": 26.59091610977866, "w": 144, "l": 148, "coil": null}, "gen9randomroulette": {"elo": 1000, "gxe": 45.3, "rpr": 1462.6425836879882, "rprd": 121.92553569502361, "w": 0, "l": 1, "coil": null}}}