{"username": "Jrgranitto", "userid": "jrgranitto", "registertime": 1506988800, "group": 1, "ratings": {"gen1randombattle": {"elo": 1046.2451672724, "gxe": 52.6, "rpr": 1521.1768068641, "rprd": 125.06962338837, "w": 1, "l": 1, "coil": null}, "gen4randombattle": {"elo": 1000, "gxe": 32.4, "rpr": 1354.9968611113, "rprd": 105.71493210272, "w": 0, "l": 5, "coil": null}, "gen5randombattle": {"elo": 1113.135322261, "gxe": 57.9, "rpr": 1562.4215181889, "rprd": 108.01367768325, "w": 3, "l": 1, "coil": null}, "gen6battlefactory": {"elo": 1000, "gxe": 41.9, "rpr": 1435.2243311328, "rprd": 116.82372834793, "w": 0, "l": 2, "coil": null}, "gen6randombattle": {"elo": 1119.4664311585957, "gxe": 47.4, "rpr": 1479.3966489610661, "rprd": 90.33601971401274, "w": 330, "l": 344, "coil": null}, "gen7battlefactory": {"elo": 1015.3639347759, "gxe": 30.3, "rpr": 1332.6792746826, "rprd": 129.68666255294, "w": 3, "l": 7, "coil": null}, "gen7challengecup1v1": {"elo": 1000, "gxe": 45, "rpr": 1459.8393856612, "rprd": 122.8583080769, "w": 0, "l": 1, "coil": null}, "gen7monotypebattlefactory": {"elo": 1102.1647490868, "gxe": 56.9, "rpr": 1554.4342165104, "rprd": 98.772515076515, "w": 4, "l": 2, "coil": null}, "gen7pokebilitiesrandombattle": {"elo": 1000, "gxe": 45, "rpr": 1459.8393856609866, "rprd": 122.85830807679145, "w": 0, "l": 1, "coil": null}, "gen7randombattle": {"elo": 1090.703738601353, "gxe": 42.5, "rpr": 1441.9695895445293, "rprd": 68.47572885305495, "w": 2175, "l": 2304, "coil": null}, "gen7randomdoublesbattle": {"elo": 1020.6641652885, "gxe": 37.3, "rpr": 1398.0005211306, "rprd": 102.15697245297, "w": 1, "l": 4, "coil": null}, "gen8randombattle": {"elo": 1101.4739749771695, "gxe": 44.4, "rpr": 1456.513417295047, "rprd": 85.57067228119686, "w": 1765, "l": 2090, "coil": null}, "gen9randombattle": {"elo": 1129.810678061689, "gxe": 41.1, "rpr": 1432.0369008456944, "rprd": 41.07990119589003, "w": 1277, "l": 1559, "coil": null}, "gen9randomdoublesbattle": {"elo": 1000, "gxe": 40.1, "rpr": 1420.0619968845806, "rprd": 116.00138606624442, "w": 0, "l": 2, "coil": null}}}