{"username": "juanbalas01", "userid": "juanbalas01", "registertime": 1676678400, "group": 1, "ratings": {"gen9doublesubers": {"elo": 1094.0417717387, "gxe": 57.1, "rpr": 1556.3516288141, "rprd": 106.82056005568, "w": 3, "l": 1, "coil": null}, "gen9randombattle": {"elo": 2047.3996914458132, "gxe": 84.8, "rpr": 1824.5053706258534, "rprd": 36.01093435478004, "w": 838, "l": 707, "coil": null}, "gen9randomdoublesbattle": {"elo": 1634.9506298185238, "gxe": 75, "rpr": 1711.8043342920762, "rprd": 77.07464839356535, "w": 1234, "l": 1065, "coil": null}, "gen9vgc2023regulationc": {"elo": 1000, "gxe": 39.3, "rpr": 1413.7596828407, "rprd": 116.76006717298, "w": 0, "l": 2, "coil": null}, "gen9vgc2023regulationd": {"elo": 1244.99092794336, "gxe": 59.1, "rpr": 1571.023229665278, "rprd": 70.92831790385831, "w": 12, "l": 6, "coil": null}, "gen9vgc2023regulatione": {"elo": 1228.9778666251975, "gxe": 60.6, "rpr": 1582.5673585286736, "rprd": 71.87180381287082, "w": 13, "l": 5, "coil": null}, "gen9vgc2023regulationebo3": {"elo": 1040, "gxe": 42.4, "rpr": 1439.4570066377082, "rprd": 107.55544796038363, "w": 1, "l": 3, "coil": null}, "gen9vgc2023series2": {"elo": 1324.5795468373, "gxe": 57.6, "rpr": 1557.9829109472, "rprd": 36.420992454393, "w": 53, "l": 42, "coil": null}, "gen9vgc2024regf": {"elo": 1077.7109282094784, "gxe": 49.8, "rpr": 1498.4233766462687, "rprd": 92.96914300155936, "w": 5, "l": 5, "coil": null}, "gen9vgc2024regfbo3": {"elo": 1086.016884955665, "gxe": 47.9, "rpr": 1483.6560650691263, "rprd": 85.13910879558186, "w": 8, "l": 9, "coil": null}, "gen9vgc2026regfbo3": {"elo": 1028.8691354522286, "gxe": 50, "rpr": 1500, "rprd": 116.77753930629355, "w": 1, "l": 1, "coil": null}}}