{"username": "juancho007", "userid": "juancho007", "registertime": 0, "group": 0, "ratings": {"gen7randombattle": {"elo": 1000, "gxe": 41, "rpr": 1427.4328741711, "rprd": 116.77753930647, "w": 0, "l": 2, "coil": null}, "gen9randombattle": {"elo": 1075.8422982403301, "gxe": 36.8, "rpr": 1396.5019661698973, "rprd": 67.42741513828562, "w": 9, "l": 15, "coil": null}, "gen9randomdoublesbattle": {"elo": 1246.7645605437303, "gxe": 56.2, "rpr": 1547.462217215758, "rprd": 63.74841898467405, "w": 15, "l": 10, "coil": null}}}