{"username": "Juan1738", "userid": "juan1738", "registertime": 1476316800, "group": 1, "ratings": {"battlefactory": {"elo": 1000, "gxe": 39.1, "rpr": 1411.8331954112, "rprd": 115.67340950985, "w": 0, "l": 2, "coil": null}, "challengecup1v1": {"elo": 1000, "gxe": 39.9, "rpr": 1418.4733643532, "rprd": 116.36870264651, "w": 0, "l": 2, "coil": null}, "doublesubers": {"elo": 1000, "gxe": 45, "rpr": 1459.8393856612, "rprd": 122.8583080769, "w": 0, "l": 1, "coil": null}, "gen1randombattle": {"elo": 1097.3330094492, "gxe": 62.3, "rpr": 1599.2675350834, "rprd": 111.51861011339, "w": 3, "l": 0, "coil": null}, "gen3randombattle": {"elo": 1000, "gxe": 47.3, "rpr": 1478.2286325614, "rprd": 123.77616610363, "w": 0, "l": 1, "coil": null}, "gen7battlefactory": {"elo": 1086.0166392597, "gxe": 56.5, "rpr": 1551.799671472, "rprd": 106.76615923338, "w": 4, "l": 2, "coil": null}, "gen7challengecup": {"elo": 1000, "gxe": 45, "rpr": 1459.8393856612, "rprd": 122.8583080769, "w": 0, "l": 1, "coil": null}, "gen7hackmonscup": {"elo": 1000, "gxe": 45, "rpr": 1459.8393856612, "rprd": 122.8583080769, "w": 0, "l": 1, "coil": null}, "gen7monotyperandombattle": {"elo": 1199.2501121506, "gxe": 64.1, "rpr": 1613.6764840518, "rprd": 102.07649251219, "w": 8, "l": 2, "coil": null}, "gen7ou": {"elo": 1205.2532239065, "gxe": 50.2, "rpr": 1501.7185506551, "rprd": 34.586610294128, "w": 229, "l": 236, "coil": null}, "gen7oublitz": {"elo": 1054.2728773399, "gxe": 54.4, "rpr": 1535.2001037154, "rprd": 122.03439545843, "w": 1, "l": 0, "coil": null}, "gen7randombattle": {"elo": 1427.1926478073, "gxe": 66, "rpr": 1626.544839918, "rprd": 58.519311443842, "w": 414, "l": 390, "coil": null}, "gen7randomdoublesbattle": {"elo": 1000, "gxe": 44.3, "rpr": 1454.3259132904, "rprd": 121.84882001473, "w": 0, "l": 1, "coil": null}, "gen7ru": {"elo": 1135.255851549, "gxe": 66, "rpr": 1630.6783559819, "rprd": 104.14368769176, "w": 5, "l": 1, "coil": null}, "gen7superstaffbrosbrawl": {"elo": 1000, "gxe": 46.2, "rpr": 1469.3502733084, "rprd": 122.45930789036, "w": 0, "l": 1, "coil": null}, "gen7uu": {"elo": 1301.2416919053, "gxe": 53.9, "rpr": 1534.588424923, "rprd": 215.67990799876, "w": 121, "l": 119, "coil": null}, "gen8bdspou": {"elo": 1190.7861094939, "gxe": 63.2, "rpr": 1622.312139978, "rprd": 227.55490359281, "w": 9, "l": 2, "coil": null}, "gen8bdspuu": {"elo": 1094.5209437756, "gxe": 54.6, "rpr": 1536.0814277253, "rprd": 103.55207051214, "w": 3, "l": 2, "coil": null}, "gen8ou": {"elo": 1365.032557056, "gxe": 58.6, "rpr": 1576.8385400398, "rprd": 214.83232591613, "w": 189, "l": 169, "coil": null}, "gen8oublitz": {"elo": 1040, "gxe": 55, "rpr": 1540.1606143388, "rprd": 122.8583080769, "w": 1, "l": 0, "coil": null}, "gen8randombattle": {"elo": 1417.5795633458, "gxe": 73.7, "rpr": 1717.739705504, "rprd": 173.72142573426, "w": 1354, "l": 1203, "coil": null}, "gen8randombattleblitz": {"elo": 1000, "gxe": 45, "rpr": 1459.8393856612, "rprd": 122.8583080769, "w": 0, "l": 1, "coil": null}, "gen8ubers": {"elo": 1049.1563558386, "gxe": 53.4, "rpr": 1526.9375391988, "rprd": 122.91733064249, "w": 1, "l": 0, "coil": null}, "gen8uu": {"elo": 1336.6203208181, "gxe": 56.6, "rpr": 1559.05159908, "rprd": 215.88890992797, "w": 159, "l": 148, "coil": null}, "gen9almostanyability": {"elo": 1441.6699697456, "gxe": 66.6, "rpr": 1634.8826577654, "rprd": 100.07471119769, "w": 48, "l": 27, "coil": null}, "gen9megainvasionrandombattle": {"elo": 1040, "gxe": 55, "rpr": 1540.1606143390134, "rprd": 122.85830807679145, "w": 1, "l": 0, "coil": null}, "gen9nationaldexaaa": {"elo": 1125.2719672112, "gxe": 47.1, "rpr": 1476.1887196414, "rprd": 135.35245663111, "w": 8, "l": 9, "coil": null}, "gen9ou": {"elo": 1513.1495277328668, "gxe": 65.1, "rpr": 1618.7357657095492, "rprd": 49.439891673177556, "w": 96, "l": 71, "coil": null}, "gen9randombattle": {"elo": 1967.4040343587358, "gxe": 83.1, "rpr": 1799.839277901786, "rprd": 29.29611530514977, "w": 2185, "l": 2008, "coil": null}, "gen9sharedpower": {"elo": 1108.3471822137, "gxe": 46.9, "rpr": 1472.6860942967, "rprd": 202.28407013561, "w": 8, "l": 6, "coil": null}, "gen9sketchmons": {"elo": 1130.6517084283, "gxe": 61.2, "rpr": 1602.3148186347, "rprd": 223.49217026184, "w": 5, "l": 1, "coil": null}, "gen9tiershift": {"elo": 1129.8645910949047, "gxe": 65.3, "rpr": 1624.7473062198167, "rprd": 106.87208810707145, "w": 4, "l": 0, "coil": null}, "gen9trademarked": {"elo": 1081.806188380905, "gxe": 47, "rpr": 1476.5325735708468, "rprd": 93.59123164747778, "w": 4, "l": 4, "coil": null}, "gen9uu": {"elo": 1287.68424972793, "gxe": 60, "rpr": 1577.1815629754053, "rprd": 50.77377083741629, "w": 75, "l": 64, "coil": null}, "hackmonscup": {"elo": 1082.8179501726, "gxe": 55.6, "rpr": 1544.1990430122, "rprd": 111.25160360097, "w": 2, "l": 1, "coil": null}, "ou": {"elo": 1087.9624847646, "gxe": 44.6, "rpr": 1458.9213990613, "rprd": 46.228993453027, "w": 30, "l": 29, "coil": null}, "randomdoublesbattle": {"elo": 1040, "gxe": 48.4, "rpr": 1487.3610909327, "rprd": 116.97662980105, "w": 1, "l": 1, "coil": null}, "randomtriplesbattle": {"elo": 1083.1255980211, "gxe": 47.9, "rpr": 1483.5133724202, "rprd": 109.93772438384, "w": 2, "l": 2, "coil": null}, "ubers": {"elo": 1086.8400632175, "gxe": 49.1, "rpr": 1493.0030822949, "rprd": 72.131833934477, "w": 10, "l": 8, "coil": null}}}