{"username": "JustAPlum", "userid": "justaplum", "registertime": 1527033600, "group": 1, "ratings": {"gen3ou": {"elo": 1206.9844762528428, "gxe": 39.4, "rpr": 1416.3536937799008, "rprd": 87.1289390478236, "w": 42, "l": 27, "coil": null}, "gen3randombattle": {"elo": 1131.2165751163, "gxe": 57.9, "rpr": 1562.2530809294, "rprd": 88.53838187078, "w": 6, "l": 3, "coil": null}, "gen7battlefactory": {"elo": 1364.3455111051, "gxe": 69.5, "rpr": 1682.6499155734, "rprd": 214.24481276558, "w": 134, "l": 98, "coil": null}, "gen7bssfactory": {"elo": 1210.1258378145, "gxe": 63.2, "rpr": 1603.9276025794, "rprd": 75.99805933127, "w": 11, "l": 5, "coil": null}, "gen7ou": {"elo": 1429.1276045505, "gxe": 72.2, "rpr": 1686.0495864262, "rprd": 91.158336780778, "w": 25, "l": 9, "coil": null}, "gen7oublitz": {"elo": 1237.3211231515, "gxe": 65.9, "rpr": 1626.1739126699, "rprd": 67.286346429814, "w": 17, "l": 8, "coil": null}, "gen7pu": {"elo": 1302.728761715, "gxe": 68.7, "rpr": 1650.8630580387, "rprd": 73.642238087409, "w": 15, "l": 5, "coil": null}, "gen7randombattle": {"elo": 1443.6359263824, "gxe": 78.2, "rpr": 1745.8174792529, "rprd": 75.174784661922, "w": 125, "l": 68, "coil": null}, "gen7randomdoublesbattle": {"elo": 1045.6792799245, "gxe": 49.9, "rpr": 1499.2061364707, "rprd": 73.611069650836, "w": 10, "l": 10, "coil": null}, "gen7ru": {"elo": 1306.0974008129, "gxe": 67.6, "rpr": 1666.01046179, "rprd": 227.72913166609, "w": 18, "l": 11, "coil": null}, "gen7uu": {"elo": 1234.5066584582, "gxe": 66.4, "rpr": 1636.8676637719, "rprd": 130, "w": 8, "l": 3, "coil": null}, "gen8ou": {"elo": 1300.3874204249, "gxe": 65.6, "rpr": 1623.1021122337, "rprd": 65.20801533642, "w": 18, "l": 8, "coil": null}, "gen8randombattle": {"elo": 1391.8544404963, "gxe": 70.6, "rpr": 1698.3105324083, "rprd": 229.51960604273, "w": 179, "l": 118, "coil": null}, "gen9monotyperandombattle": {"elo": 1062.461457712341, "gxe": 54.8, "rpr": 1538.2201657726641, "rprd": 110.67314312366206, "w": 2, "l": 1, "coil": null}, "gen9randombattle": {"elo": 1437.2774193879848, "gxe": 64.5, "rpr": 1613.70993050999, "rprd": 55.48011544650448, "w": 396, "l": 338, "coil": null}, "gen9randombattleblitz": {"elo": 1118.3232420240674, "gxe": 53.2, "rpr": 1525.406696174972, "rprd": 118.36713674943941, "w": 6, "l": 2, "coil": null}}}