{"username": "Jxyjia", "userid": "jxyjia", "registertime": 1676419200, "group": 1, "ratings": {"gen1randombattle": {"elo": 1000, "gxe": 44.1, "rpr": 1452.68915241779, "rprd": 122.43119690066634, "w": 0, "l": 1, "coil": null}, "gen4randombattle": {"elo": 1084.22613351975, "gxe": 55.7, "rpr": 1545.406586710446, "rprd": 106.500287394709, "w": 3, "l": 1, "coil": null}, "gen8doublesou": {"elo": 1000, "gxe": 39, "rpr": 1410.8721610406142, "rprd": 116.87719852141419, "w": 0, "l": 2, "coil": null}, "gen8joltemonsrandombattle": {"elo": 1040, "gxe": 55, "rpr": 1540.1606143390134, "rprd": 122.85830807679145, "w": 1, "l": 0, "coil": null}, "gen8randombattle": {"elo": 1300.9767206656545, "gxe": 58.6, "rpr": 1566.079647471055, "rprd": 56.55650849826619, "w": 33, "l": 26, "coil": null}, "gen8randomdoublesbattle": {"elo": 1102.0543229854, "gxe": 47, "rpr": 1473.5583775434, "rprd": 200.99065538881, "w": 5, "l": 6, "coil": null}, "gen92v2doubles": {"elo": 1000, "gxe": 48.3, "rpr": 1486.670638124862, "rprd": 125.70178340457704, "w": 0, "l": 1, "coil": null}, "gen9almostanyability": {"elo": 1090.3188020447108, "gxe": 42.1, "rpr": 1437.7237081996755, "rprd": 98.04604244094104, "w": 2, "l": 4, "coil": null}, "gen9balancedhackmons": {"elo": 1110.7653438835607, "gxe": 54.4, "rpr": 1534.0884698414857, "rprd": 94.36932440383659, "w": 4, "l": 3, "coil": null}, "gen9challengecup1v1": {"elo": 1051.8147219693888, "gxe": 54.2, "rpr": 1533.385882844242, "rprd": 122.16553310565719, "w": 1, "l": 0, "coil": null}, "gen9challengecup2v2": {"elo": 1063.2696555811247, "gxe": 57.3, "rpr": 1558.7756340210756, "rprd": 122.7730418062881, "w": 1, "l": 0, "coil": null}, "gen9championsou": {"elo": 1041.9585594740947, "gxe": 41.1, "rpr": 1429.7417720544588, "rprd": 102.95737362123995, "w": 2, "l": 3, "coil": null}, "gen9championsrandombattle": {"elo": 1115.8604738172862, "gxe": 58.8, "rpr": 1569.1008518893373, "rprd": 90.27883745903762, "w": 6, "l": 3, "coil": null}, "gen9championsvgc2026regma": {"elo": 1316.394974695391, "gxe": 45.4, "rpr": 1465.4090738891928, "rprd": 27.763454930837455, "w": 91, "l": 90, "coil": null}, "gen9doublesou": {"elo": 1319.0116634369035, "gxe": 59.6, "rpr": 1575.4409104766507, "rprd": 88.39617679866818, "w": 106, "l": 117, "coil": null}, "gen9doublesubers": {"elo": 1084.167873762204, "gxe": 58.2, "rpr": 1565.9373333620613, "rprd": 116.56675642695478, "w": 2, "l": 0, "coil": null}, "gen9doublesuu": {"elo": 1138.6587641993922, "gxe": 47.6, "rpr": 1481.9355975648389, "rprd": 54.012608396746245, "w": 20, "l": 25, "coil": null}, "gen9megainvasionrandombattle": {"elo": 1042.254386439006, "gxe": 52.7, "rpr": 1521.9538567538016, "rprd": 123.85578015194677, "w": 1, "l": 0, "coil": null}, "gen9metronomebattle": {"elo": 1243.0945403841724, "gxe": 60.1, "rpr": 1578.3392592098378, "rprd": 67.15138347594963, "w": 14, "l": 8, "coil": null}, "gen9monotype": {"elo": 1191.1758800110613, "gxe": 62.6, "rpr": 1599.555785032553, "rprd": 76.09646590567941, "w": 11, "l": 4, "coil": 2282.953111349775}, "gen9monotyperandombattle": {"elo": 1155.438497742765, "gxe": 51.6, "rpr": 1512.17772086805, "rprd": 73.11669827604211, "w": 17, "l": 13, "coil": null}, "gen9nationaldex": {"elo": 1169.6828144532374, "gxe": 48.1, "rpr": 1485.8345642808226, "rprd": 37.512198191018996, "w": 98, "l": 102, "coil": null}, "gen9nu": {"elo": 1187.3245876002934, "gxe": 56.7, "rpr": 1551.816606452321, "rprd": 73.18674016516945, "w": 10, "l": 7, "coil": 1704.8631454727663}, "gen9ou": {"elo": 1183.4163194129005, "gxe": 39.4, "rpr": 1417.8252486016042, "rprd": 64.72247700767684, "w": 168, "l": 218, "coil": null}, "gen9randombattle": {"elo": 1880.1292310817473, "gxe": 79.4, "rpr": 1754.2219418403727, "rprd": 31.82676423085691, "w": 2607, "l": 2442, "coil": null}, "gen9randombattleblitz": {"elo": 1127.4245580742265, "gxe": 50.7, "rpr": 1505.5919814455578, "rprd": 122.03059351627238, "w": 17, "l": 18, "coil": null}, "gen9randomdoublesbattle": {"elo": 1509.4863552025697, "gxe": 66.5, "rpr": 1634.0899243117706, "rprd": 97.11589567629602, "w": 66, "l": 42, "coil": null}, "gen9uu": {"elo": 1016.6688787515887, "gxe": 35.1, "rpr": 1382.7069490432464, "rprd": 61.241572481614156, "w": 9, "l": 20, "coil": null}}}