{"username": "kaikalos", "userid": "kaikalos", "registertime": 1672358400, "group": 1, "ratings": {"gen8anythinggoes": {"elo": 1096.05792754, "gxe": 46.1, "rpr": 1469.7546478193, "rprd": 82.901596262857, "w": 6, "l": 6, "coil": null}, "gen9anythinggoes": {"elo": 1226.433575973, "gxe": 53.1, "rpr": 1523.2152815657, "rprd": 40.029473003528, "w": 46, "l": 42, "coil": null}, "gen9doublesou": {"elo": 1075.7948080723916, "gxe": 33.6, "rpr": 1362.7377333409988, "rprd": 130, "w": 12, "l": 13, "coil": null}, "gen9doublesubers": {"elo": 1042.48314889097, "gxe": 34.2, "rpr": 1372.0311526894302, "rprd": 102.22657692772438, "w": 5, "l": 10, "coil": null}, "gen9lc": {"elo": 1031.0167187931538, "gxe": 41.9, "rpr": 1436.489334954318, "rprd": 82.2016877372554, "w": 22, "l": 26, "coil": null}, "gen9monotype": {"elo": 1130.617544484472, "gxe": 41.9, "rpr": 1437.3585186354671, "rprd": 76.00043616583848, "w": 88, "l": 95, "coil": 1663.3516333309617}, "gen9nationaldex": {"elo": 1148.763185770344, "gxe": 47.9, "rpr": 1483.999272005056, "rprd": 44.425276475178244, "w": 134, "l": 131, "coil": null}, "gen9nationaldexmonotype": {"elo": 1048.3671251106625, "gxe": 40.7, "rpr": 1428.5038802285944, "rprd": 61.73644767102472, "w": 15, "l": 23, "coil": null}, "gen9nationaldexubers": {"elo": 1179.664207035463, "gxe": 47.7, "rpr": 1482.112331280748, "rprd": 98.07088607398408, "w": 114, "l": 110, "coil": null}, "gen9ou": {"elo": 1130.934672893, "gxe": 41.7, "rpr": 1435.6068795396, "rprd": 76.052589056383, "w": 8, "l": 8, "coil": null}, "gen9randombattle": {"elo": 1301.4959349277142, "gxe": 54.6, "rpr": 1535.2379594243064, "rprd": 41.91779393338233, "w": 133, "l": 130, "coil": null}, "gen9randombattleblitz": {"elo": 1000, "gxe": 43.6, "rpr": 1448.5068716323, "rprd": 122.38940693898, "w": 0, "l": 1, "coil": null}, "gen9ubers": {"elo": 1175.631595674, "gxe": 46.4, "rpr": 1473.1185556347, "rprd": 34.53125160831, "w": 50, "l": 59, "coil": null}}}