{"username": "kakaorobbot", "userid": "kakaorobbot", "registertime": 0, "group": 0, "ratings": {"gen9randombattle": {"elo": 1019.6625874961792, "gxe": 30.8, "rpr": 1344.7176305206171, "rprd": 66.49488406418226, "w": 8, "l": 18, "coil": null}}}