{"username": "kapersthekrap", "userid": "kapersthekrap", "registertime": 1681689600, "group": 1, "ratings": {"gen5pokebilitiesrandombattle": {"elo": 1178.1895461738363, "gxe": 65.1, "rpr": 1621.059122547206, "rprd": 85.20567603146489, "w": 8, "l": 3, "coil": null}, "gen6firstbloodrandombattle": {"elo": 1143.6158736622472, "gxe": 50.2, "rpr": 1501.724371099132, "rprd": 38.059876108960104, "w": 42, "l": 40, "coil": null}, "gen6tripleschallengecup": {"elo": 1070.1028089042, "gxe": 54.2, "rpr": 1533.0891783611, "rprd": 111.71834872893, "w": 2, "l": 1, "coil": null}, "gen7randombattleapexabilities": {"elo": 1316.7186397230057, "gxe": 61.1, "rpr": 1584.9115139870519, "rprd": 34.536646451058665, "w": 126, "l": 103, "coil": null}, "gen91v1": {"elo": 1319.408463289775, "gxe": 59.8, "rpr": 1574.8304800411686, "rprd": 29.65234857678249, "w": 428, "l": 394, "coil": null}, "gen9b6p4randomdoublesbattlebo3": {"elo": 1113.4731590969882, "gxe": 52.1, "rpr": 1515.7441112970678, "rprd": 69.56708081067825, "w": 11, "l": 11, "coil": null}, "gen9babyrandombattle": {"elo": 1212.8650703471, "gxe": 62.2, "rpr": 1598.3967105417, "rprd": 109.07346367816, "w": 22, "l": 16, "coil": null}, "gen9bssfactorybo3": {"elo": 1100.3129139187, "gxe": 62.4, "rpr": 1600.8170284145, "rprd": 118.53837673737, "w": 2, "l": 0, "coil": null}, "gen9caprandombattle": {"elo": 1047.7013361922689, "gxe": 54.2, "rpr": 1534.00695903147, "rprd": 122.38625141195988, "w": 1, "l": 0, "coil": null}, "gen9draftfactory": {"elo": 1000, "gxe": 45, "rpr": 1459.8393856609866, "rprd": 122.85830807679145, "w": 0, "l": 1, "coil": null}, "gen9flipped": {"elo": 1035.7197360149412, "gxe": 46, "rpr": 1468.3145308958087, "rprd": 109.71980241615886, "w": 1, "l": 2, "coil": null}, "gen9forceofthefallenrandomroulette": {"elo": 1106.4435097785315, "gxe": 60.4, "rpr": 1582.5577758793984, "rprd": 96.13839167194139, "w": 6, "l": 2, "coil": null}, "gen9fullpotential": {"elo": 1057.9206755968962, "gxe": 47.5, "rpr": 1480.6416382132647, "rprd": 82.02328593753387, "w": 5, "l": 7, "coil": null}, "gen9godlygift": {"elo": 1045.6928100099, "gxe": 41.5, "rpr": 1432.0715643337, "rprd": 108.93083477135, "w": 36, "l": 46, "coil": null}, "gen9inheritance": {"elo": 1062.0278773772, "gxe": 46.4, "rpr": 1471.3662876193, "rprd": 110.14363965433, "w": 6, "l": 7, "coil": 1668.2674062509257}, "gen9megainvasionrandombattle": {"elo": 1366.645432583555, "gxe": 74.6, "rpr": 1706.6801546921783, "rprd": 66.06834302172773, "w": 21, "l": 6, "coil": null}, "gen9monkeyspawrandombattle": {"elo": 1061.2076279408602, "gxe": 53.6, "rpr": 1528.781389321195, "rprd": 111.32531284834127, "w": 2, "l": 1, "coil": null}, "gen9monotyperandombattle": {"elo": 1456.8213430896187, "gxe": 74.4, "rpr": 1703.8989311797466, "rprd": 63.46621757818037, "w": 42, "l": 24, "coil": null}, "gen9ou": {"elo": 1313.6531555316026, "gxe": 59.9, "rpr": 1576.3649096349125, "rprd": 49.96097089294297, "w": 33, "l": 20, "coil": null}, "gen9partnersincrimerandombattle6moves": {"elo": 1201.7618811093866, "gxe": 57.1, "rpr": 1555.3416899005833, "rprd": 76.54003279131838, "w": 13, "l": 10, "coil": null}, "gen9pickyourteamrandombattle": {"elo": 1118.487367959676, "gxe": 60.4, "rpr": 1582.771404256041, "rprd": 102.12388473971572, "w": 4, "l": 1, "coil": null}, "gen9pu": {"elo": 1088.7427450589144, "gxe": 49.6, "rpr": 1496.8652783165342, "rprd": 79.19960036248101, "w": 7, "l": 7, "coil": 1402.8998538741105}, "gen9randombattle": {"elo": 2192.667676401906, "gxe": 86.7, "rpr": 1853.506199648462, "rprd": 25.66812789525638, "w": 2583, "l": 2404, "coil": null}, "gen9randombattleblitz": {"elo": 1405.9807452887337, "gxe": 66.6, "rpr": 1632.3826422734478, "rprd": 67.99825800085169, "w": 25, "l": 10, "coil": null}, "gen9randombattlehyperblitzautochoose": {"elo": 1139.0217124620956, "gxe": 60.3, "rpr": 1580.0743769668904, "rprd": 75.95890659299911, "w": 10, "l": 6, "coil": null}, "gen9randombattlesharedpowerb12p6": {"elo": 1447.0090209238, "gxe": 64.6, "rpr": 1617.7562218416, "rprd": 100.16630007759, "w": 209, "l": 166, "coil": null}, "gen9randomroulette": {"elo": 1149.601990841035, "gxe": 67.6, "rpr": 1644.383764517389, "rprd": 100.977330547357, "w": 7, "l": 2, "coil": null}, "gen9sharedpower": {"elo": 1000, "gxe": 32.2, "rpr": 1352.8408589122423, "rprd": 109.64867880719018, "w": 1, "l": 5, "coil": null}, "gen9superstaffbrosultimate": {"elo": 1040, "gxe": 55, "rpr": 1540.1606143390134, "rprd": 122.85830807679145, "w": 1, "l": 0, "coil": null}, "gen9tiershift": {"elo": 1247.6139393972, "gxe": 65.2, "rpr": 1624.5543700931, "rprd": 114.75376631169, "w": 16, "l": 7, "coil": null}, "gen9uu": {"elo": 1049.6171910019905, "gxe": 33.6, "rpr": 1367.7389522680996, "rprd": 84.92689360091939, "w": 3, "l": 8, "coil": null}}}