{"username": "kaushik6767", "userid": "kaushik6767", "registertime": 1781395200, "group": 1, "ratings": {"gen9randombattle": {"elo": 1039.88532239381, "gxe": 41.2, "rpr": 1431.063537190332, "rprd": 93.43976148087614, "w": 3, "l": 5, "coil": null}}}