{"username": "kayred1234", "userid": "kayred1234", "registertime": 1433462400, "group": 1, "ratings": {"anythinggoes": {"elo": 1148.5508973857, "gxe": 59.6, "rpr": 1574.9927472478, "rprd": 77.646843837587, "w": 11, "l": 5, "coil": null}, "gen7randombattle": {"elo": 1327.1866644377, "gxe": 56.1, "rpr": 1547.037219399, "rprd": 58.000547037471, "w": 338, "l": 331, "coil": null}, "gen8randombattle": {"elo": 1399.1561188566, "gxe": 63.8, "rpr": 1610.8377595567, "rprd": 100.95291592416, "w": 443, "l": 404, "coil": null}, "gen9randombattle": {"elo": 1346.6357023003484, "gxe": 57, "rpr": 1553.5939693258165, "rprd": 42.10516766409701, "w": 541, "l": 515, "coil": null}, "ubers": {"elo": 1306.3993257217, "gxe": 58.4, "rpr": 1564.1337100073, "rprd": 39.343832551495, "w": 106, "l": 93, "coil": null}}}