{"username": "kentarosu", "userid": "kentarosu", "registertime": 1469404800, "group": 1, "ratings": {"battlespotsingles": {"elo": 1418.4498452564, "gxe": 63.9, "rpr": 1608.3909532428, "rprd": 44.414896718184, "w": 357, "l": 334, "coil": null}, "gen7randombattle": {"elo": 1361.5042010845, "gxe": 55.7, "rpr": 1542.8464151507, "rprd": 26.495476648556, "w": 1596, "l": 1622, "coil": null}, "gen7superstaffbrosbrawl": {"elo": 1040, "gxe": 55, "rpr": 1540.1606143388, "rprd": 122.8583080769, "w": 1, "l": 0, "coil": null}, "gen8randombattle": {"elo": 1406.4986206485, "gxe": 57.9, "rpr": 1570.7781216922, "rprd": 214.47660981617, "w": 619, "l": 623, "coil": null}, "gen9randombattle": {"elo": 1185.4170027332161, "gxe": 48.6, "rpr": 1489.5198316308017, "rprd": 49.69059354286142, "w": 28, "l": 25, "coil": null}}}