{"username": "Key Sketcher", "userid": "keysketcher", "registertime": 1444176000, "group": 1, "ratings": {"1v1": {"elo": 1399.8255396799, "gxe": 63.9, "rpr": 1609.2258682862, "rprd": 63.544428589627, "w": 29, "l": 18, "coil": null}, "aaaubers": {"elo": 1065.7605657022, "gxe": 58.1, "rpr": 1565.1049441844, "rprd": 124.55823481235, "w": 1, "l": 0, "coil": null}, "abilityunity": {"elo": 1077.3907657387, "gxe": 59.1, "rpr": 1573.4820573348, "rprd": 118.38772519133, "w": 2, "l": 0, "coil": null}, "anythinggoes": {"elo": 1410.2477039444, "gxe": 85, "rpr": 1842.8206299287, "rprd": 108.79482963315, "w": 16, "l": 0, "coil": null}, "balancedhackmons": {"elo": 1499.9280358911, "gxe": 70.3, "rpr": 1750.4293312321, "rprd": 403.44505763253, "w": 68, "l": 40, "coil": null}, "enchanteditems": {"elo": 1076.864366136, "gxe": 53.9, "rpr": 1530.6909325123, "rprd": 109.81686746624, "w": 2, "l": 1, "coil": null}, "followtheleader": {"elo": 1049.6807090113, "gxe": 54.3, "rpr": 1534.2764045254, "rprd": 122.29362227945, "w": 1, "l": 0, "coil": null}, "gen3ou": {"elo": 1085.0040129845, "gxe": 58.5, "rpr": 1568.0992444466, "rprd": 116.58629905298, "w": 2, "l": 0, "coil": null}, "gen6ou": {"elo": 1183.0426658811605, "gxe": 72.1, "rpr": 1688.4074166228052, "rprd": 114.85122162116099, "w": 5, "l": 1, "coil": null}, "gen6purehackmons": {"elo": 1499.5305385928, "gxe": 85.1, "rpr": 1878.0505192569, "rprd": 198.23116125096, "w": 44, "l": 10, "coil": null}, "gen71v1": {"elo": 1431.4940168605, "gxe": 67.9, "rpr": 1642.9577593246, "rprd": 61.497796238296, "w": 48, "l": 28, "coil": null}, "gen72v2doubles": {"elo": 1139.2268356079, "gxe": 55.5, "rpr": 1542.1761988514, "rprd": 76.93372828002, "w": 9, "l": 6, "coil": null}, "gen7anythinggoes": {"elo": 1499.5062503988, "gxe": 89.1, "rpr": 1933.7586287977, "rprd": 157.18699305515, "w": 73, "l": 17, "coil": null}, "gen7balancedhackmons": {"elo": 1194.379162841, "gxe": 73.3, "rpr": 1703.0512066677, "rprd": 128.93134041149, "w": 7, "l": 0, "coil": null}, "gen7doublesou": {"elo": 1025.2402510110214, "gxe": 49.6, "rpr": 1496.8800134755493, "rprd": 116.11719159049775, "w": 1, "l": 1, "coil": null}, "gen7doublesubers": {"elo": 1327.9004480112, "gxe": 75.5, "rpr": 1716.748176381, "rprd": 75.961541349558, "w": 14, "l": 2, "coil": null}, "gen7mixandmega": {"elo": 1233.963692453, "gxe": 72, "rpr": 1688.002498847, "rprd": 120.99600648028, "w": 12, "l": 2, "coil": null}, "gen7monotype": {"elo": 1223.3437098394, "gxe": 68.9, "rpr": 1681.3249677117, "rprd": 232.78011184407, "w": 9, "l": 1, "coil": null}, "gen7nu": {"elo": 1063.5563731868, "gxe": 53.9, "rpr": 1531.3500876599, "rprd": 114.98242281633, "w": 2, "l": 1, "coil": null}, "gen7partnersincrime": {"elo": 1201.8808451902, "gxe": 70.6, "rpr": 1670.7766217551, "rprd": 93.954209045379, "w": 7, "l": 0, "coil": null}, "gen7pokbilities": {"elo": 1071.3101009665, "gxe": 56, "rpr": 1547.4248761201, "rprd": 111.37556894094, "w": 2, "l": 1, "coil": null}, "gen7purehackmons": {"elo": 1499.4863534349, "gxe": 91.3, "rpr": 1959.8674987762, "rprd": 100.95422872677, "w": 156, "l": 50, "coil": null}, "gen7randombattle": {"elo": 1132.4647878061, "gxe": 62.6, "rpr": 1602.0950501294, "rprd": 110.16410802021, "w": 4, "l": 0, "coil": null}, "gen7sketchmons": {"elo": 1000, "gxe": 46.4, "rpr": 1471.4289289846, "rprd": 123.10243368263, "w": 0, "l": 1, "coil": null}, "gen7ubers": {"elo": 1499.8675469536, "gxe": 84.1, "rpr": 1835.838921462, "rprd": 133.72530563895, "w": 29, "l": 5, "coil": null}, "gen7uu": {"elo": 1071.689980197, "gxe": 57.7, "rpr": 1561.9019169876, "rprd": 117.01089655438, "w": 2, "l": 0, "coil": null}, "gen9anythinggoes": {"elo": 1095.9035217671137, "gxe": 58.6, "rpr": 1568.7996778412298, "rprd": 115.79550732031262, "w": 2, "l": 0, "coil": null}, "gen9megainvasionrandombattle": {"elo": 1045.0347405722684, "gxe": 50.1, "rpr": 1501.0064547100376, "rprd": 106.6621669089966, "w": 2, "l": 2, "coil": null}, "gen9randombattle": {"elo": 1107.270727996229, "gxe": 57.3, "rpr": 1558.134808200007, "rprd": 106.73223233220737, "w": 3, "l": 1, "coil": null}, "gen9superstaffbrosultimate": {"elo": 1172.6715002286, "gxe": 63.7, "rpr": 1608.9534837876, "rprd": 86.611734344129, "w": 8, "l": 4, "coil": null}, "hackmonscup": {"elo": 1000, "gxe": 44.4, "rpr": 1455.3850828788, "rprd": 122.89181837674, "w": 0, "l": 1, "coil": null}, "inheritance": {"elo": 1070.3577329168, "gxe": 56, "rpr": 1572.5671258289, "rprd": 428.86191441034, "w": 2, "l": 0, "coil": null}, "megamons": {"elo": 1167.3332931527, "gxe": 66.3, "rpr": 1633.4991880255, "rprd": 105.1114624705, "w": 5, "l": 0, "coil": null}, "nu": {"elo": 1047.9162632244, "gxe": 46.9, "rpr": 1475.9558968582, "rprd": 104.15767050346, "w": 2, "l": 3, "coil": null}, "stabmons": {"elo": 1049.8403427161, "gxe": 53.3, "rpr": 1526.7831442893, "rprd": 130, "w": 1, "l": 0, "coil": null}, "uu": {"elo": 1144.077200255, "gxe": 66.2, "rpr": 1631.8411006965, "rprd": 105.78538078834, "w": 4, "l": 0, "coil": null}}}