{"username": "killer 143", "userid": "killer143", "registertime": 1756857600, "group": 1, "ratings": {"gen7randombattle": {"elo": 1000, "gxe": 45, "rpr": 1459.8393856612, "rprd": 122.8583080769, "w": 0, "l": 1, "coil": null}, "gen7ubers": {"elo": 1035.594357904, "gxe": 39.5, "rpr": 1416.6098858732, "rprd": 101.75757995724, "w": 1, "l": 4, "coil": null}, "gen8randombattle": {"elo": 1040, "gxe": 48.2, "rpr": 1485.33441207, "rprd": 117.10810698539, "w": 1, "l": 1, "coil": null}, "gen9randombattle": {"elo": 1044.6828210356402, "gxe": 37.1, "rpr": 1399.6097054622958, "rprd": 43.28307481860932, "w": 41, "l": 55, "coil": null}, "gen9randomdoublesbattle": {"elo": 1078.9108594468926, "gxe": 53.5, "rpr": 1527.7234831730793, "rprd": 113.73985591436013, "w": 2, "l": 1, "coil": null}}}