{"username": "kimahris", "userid": "kimahris", "registertime": 1457049600, "group": 1, "ratings": {"digimondigimonshowdownsingles": {"elo": 1000, "gxe": 41, "rpr": 1427.4328741711, "rprd": 116.77753930647, "w": 0, "l": 2, "coil": null}, "gen1randombattle": {"elo": 1040, "gxe": 55, "rpr": 1540.1606143388, "rprd": 122.8583080769, "w": 1, "l": 0, "coil": null}, "gen6randombattle": {"elo": 1000, "gxe": 45, "rpr": 1459.8393856612, "rprd": 122.8583080769, "w": 0, "l": 0, "coil": null}, "gen71v1": {"elo": 1216.0456687517, "gxe": 59.8, "rpr": 1576.1700959741, "rprd": 67.644675055018, "w": 14, "l": 8, "coil": null}, "gen7battlespotsingles": {"elo": 1000, "gxe": 39.5, "rpr": 1415.336406354, "rprd": 116.52861010669, "w": 0, "l": 2, "coil": null}, "gen7linked": {"elo": 1281.1536507764, "gxe": 66.5, "rpr": 1648.6286776538, "rprd": 198.40741041396, "w": 27, "l": 14, "coil": null}, "gen7metronomebattle": {"elo": 1087.2582245353, "gxe": 46.4, "rpr": 1471.904681282, "rprd": 83.294052190655, "w": 5, "l": 7, "coil": null}, "gen7monotype": {"elo": 1308.0530048775, "gxe": 62.6, "rpr": 1616.5648500458, "rprd": 226.27755590357, "w": 25, "l": 16, "coil": null}, "gen7ou": {"elo": 1499.5607773775, "gxe": 64.8, "rpr": 1635.6322586507, "rprd": 212.9041948016, "w": 1919, "l": 1837, "coil": null}, "gen7oublitz": {"elo": 1169.3818558163, "gxe": 58.8, "rpr": 1567.8615023911, "rprd": 50.387780767091, "w": 27, "l": 22, "coil": null}, "gen7randombattle": {"elo": 1545.7089469089, "gxe": 79.2, "rpr": 1755.5616345622, "rprd": 66.445981768281, "w": 0, "l": 0, "coil": null}, "gen7ru": {"elo": 1315.6882625883, "gxe": 65.9, "rpr": 1647.5012981279, "rprd": 220.52797251511, "w": 20, "l": 7, "coil": null}, "gen7suicidecup": {"elo": 1101.6147735655, "gxe": 54.8, "rpr": 1536.4714009994, "rprd": 62.581680684135, "w": 16, "l": 14, "coil": null}, "gen7ubers": {"elo": 1199.1752276353, "gxe": 65.1, "rpr": 1641.7222310542, "rprd": 231.01911067338, "w": 10, "l": 2, "coil": null}, "gen7uu": {"elo": 1185.6565126381, "gxe": 51.6, "rpr": 1514.3839972789, "rprd": 223.92887939466, "w": 33, "l": 29, "coil": null}, "gen8bdspou": {"elo": 1138.9561512768, "gxe": 54.9, "rpr": 1544.1925638303, "rprd": 227.67950342412, "w": 7, "l": 4, "coil": null}, "gen8bdsprandombattle": {"elo": 1362.5959228262, "gxe": 62.9, "rpr": 1600.3990811857, "rprd": 52.897550941873, "w": 41, "l": 32, "coil": null}, "gen8ou": {"elo": 1385.4034539938, "gxe": 61.6, "rpr": 1606.333880496, "rprd": 221.58495893449, "w": 138, "l": 126, "coil": null}, "gen8oublitz": {"elo": 1221.8516757459, "gxe": 51.8, "rpr": 1514.1095282433, "rprd": 130, "w": 14, "l": 11, "coil": null}, "gen8randombattle": {"elo": 1433.066342176, "gxe": 78.7, "rpr": 1774.7866956372, "rprd": 169.98368173091, "w": 3487, "l": 3216, "coil": null}, "gen8randombattleblitz": {"elo": 1089.8090125756, "gxe": 56.1, "rpr": 1548.0247072373, "rprd": 109.90854003143, "w": 3, "l": 1, "coil": null}, "gen8ubers": {"elo": 1000, "gxe": 45, "rpr": 1459.8393856612, "rprd": 122.8583080769, "w": 0, "l": 1, "coil": null}, "gen9monotyperandombattle": {"elo": 1237.5432397804768, "gxe": 62.8, "rpr": 1600.5025213742165, "rprd": 64.39153409806978, "w": 21, "l": 13, "coil": null}, "gen9ou": {"elo": 1357.784544425658, "gxe": 61.1, "rpr": 1587.4634124924946, "rprd": 79.2150803854445, "w": 112, "l": 97, "coil": null}, "gen9randombattle": {"elo": 1892.3044209802151, "gxe": 81, "rpr": 1774.2081465934402, "rprd": 35.07042976958945, "w": 4553, "l": 4282, "coil": null}, "ou": {"elo": 1399.147173226, "gxe": 69.8, "rpr": 1668.5048822042, "rprd": 132.40147677907, "w": 34, "l": 18, "coil": null}, "uu": {"elo": 1263.0527692096, "gxe": 65.7, "rpr": 1623.804379099, "rprd": 50.566858686331, "w": 29, "l": 18, "coil": null}}}