{"username": "Kingbants", "userid": "kingbants", "registertime": 1509494400, "group": 1, "ratings": {"gen1randombattle": {"elo": 1066.0492981927, "gxe": 43.3, "rpr": 1445.80776113, "rprd": 130, "w": 2, "l": 1, "coil": null}, "gen2randombattle": {"elo": 1064.2777168585, "gxe": 52.5, "rpr": 1520.1364082598, "rprd": 117.41025413052, "w": 1, "l": 1, "coil": null}, "gen3randombattle": {"elo": 1231.3028837068, "gxe": 68.4, "rpr": 1655.2595168667, "rprd": 130, "w": 11, "l": 5, "coil": null}, "gen4randombattle": {"elo": 1116.1246202777, "gxe": 58.8, "rpr": 1571.2350402067, "rprd": 123.5812168584, "w": 6, "l": 4, "coil": null}, "gen4sharedpowerrandombattle": {"elo": 1070.1028089042, "gxe": 59, "rpr": 1572.5671258289, "rprd": 116.77753930647, "w": 2, "l": 0, "coil": null}, "gen5randombattle": {"elo": 1160.4705161784, "gxe": 61.3, "rpr": 1592.79800765, "rprd": 130, "w": 11, "l": 6, "coil": null}, "gen6battlefactory": {"elo": 1106.3525478408, "gxe": 50.1, "rpr": 1500.7150449445, "rprd": 99.589005932735, "w": 3, "l": 3, "coil": null}, "gen6randombattle": {"elo": 1330.4480502684, "gxe": 76.6, "rpr": 1738.5239474397, "rprd": 130, "w": 18, "l": 6, "coil": null}, "gen7lc": {"elo": 1029.6097590247, "gxe": 48.3, "rpr": 1486.4935262327, "rprd": 116.91687739315, "w": 1, "l": 1, "coil": null}, "gen7monotyperandombattle": {"elo": 1242.6635046824, "gxe": 63.4, "rpr": 1606.0023921595, "rprd": 83.186056629064, "w": 21, "l": 10, "coil": null}, "gen7ou": {"elo": 1187.5461363108, "gxe": 49.5, "rpr": 1495.9372040667, "rprd": 53.484264729746, "w": 87, "l": 85, "coil": null}, "gen7pickyourteamrandombattle": {"elo": 1115.4649036959, "gxe": 59.5, "rpr": 1575.8330510102, "rprd": 102.22996493316, "w": 4, "l": 1, "coil": null}, "gen7randombattle": {"elo": 1527.7114267491174, "gxe": 67.5, "rpr": 1639.1529867762597, "rprd": 53.84332787691681, "w": 1137, "l": 1032, "coil": null}, "gen7ru": {"elo": 1129.0005846086, "gxe": 55.2, "rpr": 1547.282075066, "rprd": 230.9077985072, "w": 5, "l": 3, "coil": null}, "gen7ubers": {"elo": 1042.8022960856, "gxe": 38.4, "rpr": 1406.7411913266, "rprd": 107.83650363544, "w": 1, "l": 3, "coil": null}, "gen7uu": {"elo": 1213.2363650051, "gxe": 59.7, "rpr": 1588.5228899939, "rprd": 225.44705104722, "w": 13, "l": 6, "coil": null}, "gen8bdspou": {"elo": 1231.1865975822, "gxe": 61.8, "rpr": 1594.9064094074, "rprd": 107.31431353012, "w": 18, "l": 10, "coil": null}, "gen8bdsprandombattle": {"elo": 1231.0553026071, "gxe": 68.5, "rpr": 1650.9340519324, "rprd": 87.200924551124, "w": 11, "l": 4, "coil": null}, "gen8joltemonsrandombattle": {"elo": 1000, "gxe": 39.4, "rpr": 1413.7628137851973, "rprd": 130, "w": 0, "l": 2, "coil": null}, "gen8monotyperandombattle": {"elo": 1468.6705317796, "gxe": 70.7, "rpr": 1674.4237844904, "rprd": 110.55027027454, "w": 69, "l": 52, "coil": null}, "gen8nu": {"elo": 1050.2099095799, "gxe": 46.7, "rpr": 1473.9448400589, "rprd": 110.78474116658, "w": 2, "l": 3, "coil": null}, "gen8ou": {"elo": 1208.1265283754, "gxe": 45.4, "rpr": 1464.782711976, "rprd": 43.179038475691, "w": 114, "l": 118, "coil": null}, "gen8randombattle": {"elo": 1461.835143955673, "gxe": 77.6, "rpr": 1743.808254548661, "rprd": 103.79052995705025, "w": 741, "l": 655, "coil": null}, "gen8randombattleblitz": {"elo": 1049.4236881243, "gxe": 55, "rpr": 1540.1606143388, "rprd": 122.8583080769, "w": 1, "l": 0, "coil": null}, "gen8randomdoublesbattle": {"elo": 1033.10933063294, "gxe": 44.9, "rpr": 1459.947648210622, "rprd": 102.41140729090924, "w": 2, "l": 3, "coil": null}, "gen8uu": {"elo": 1186.4503346398, "gxe": 51.2, "rpr": 1510.94289048, "rprd": 220.63587823967, "w": 21, "l": 18, "coil": null}, "gen9babyrandombattle": {"elo": 1093.654947613228, "gxe": 58.4, "rpr": 1567.7397060346118, "rprd": 116.51531221465984, "w": 3, "l": 1, "coil": null}, "gen9computergeneratedteams": {"elo": 1000, "gxe": 45.8, "rpr": 1466.723390985429, "rprd": 122.78851787191986, "w": 0, "l": 1, "coil": null}, "gen9doublesou": {"elo": 1154.27354005261, "gxe": 51.4, "rpr": 1510.6160934403715, "rprd": 69.60866115193679, "w": 11, "l": 9, "coil": null}, "gen9draftfactory": {"elo": 1000, "gxe": 39.1, "rpr": 1412.2847475542517, "rprd": 110.7390342541888, "w": 0, "l": 3, "coil": null}, "gen9legendszaou": {"elo": 1408.7674965825915, "gxe": 65, "rpr": 1617.5275511535062, "rprd": 47.40165285724585, "w": 41, "l": 27, "coil": null}, "gen9monotyperandombattle": {"elo": 1324.957622468235, "gxe": 65.7, "rpr": 1625.5498386023337, "rprd": 79.24760969728017, "w": 23, "l": 14, "coil": null}, "gen9ou": {"elo": 1312.5052004813913, "gxe": 53.6, "rpr": 1527.1103950078007, "rprd": 51.57529624640528, "w": 61, "l": 54, "coil": null}, "gen9pu": {"elo": 1109.1503904153826, "gxe": 55.6, "rpr": 1544.6255784035507, "rprd": 118.40818620418027, "w": 3, "l": 1, "coil": 661.1991559415129}, "gen9randombattle": {"elo": 1892.0551508433957, "gxe": 80.7, "rpr": 1769.864442320197, "rprd": 31.86185260264561, "w": 2885, "l": 2670, "coil": null}, "gen9randombattleblitz": {"elo": 1000, "gxe": 45, "rpr": 1459.8393856609866, "rprd": 122.85830807679145, "w": 0, "l": 1, "coil": null}, "gen9randombattlemayhem": {"elo": 1000, "gxe": 41, "rpr": 1427.4761707527337, "rprd": 120.21822498708717, "w": 0, "l": 2, "coil": null}, "gen9randomdoublesbattle": {"elo": 1560.094668903235, "gxe": 69.3, "rpr": 1656.2448861153662, "rprd": 67.89234110260114, "w": 62, "l": 40, "coil": null}, "gen9ubers": {"elo": 1110.7369762838628, "gxe": 60.9, "rpr": 1587.3099472114625, "rprd": 111.2063879140629, "w": 3, "l": 0, "coil": null}, "gen9uu": {"elo": 1210.8746841809307, "gxe": 67.1, "rpr": 1637.8431920731168, "rprd": 84.10570364525552, "w": 13, "l": 5, "coil": null}, "gen9vgc2023regulationd": {"elo": 1080.000714484736, "gxe": 40, "rpr": 1422.3043313447547, "rprd": 68.43603813849366, "w": 9, "l": 12, "coil": null}, "gen9vgc2023regulatione": {"elo": 1081.2032416670122, "gxe": 52.7, "rpr": 1521.3188144060177, "rprd": 110.6171330890468, "w": 2, "l": 1, "coil": null}, "gen9vgc2024regg": {"elo": 1050.7515319910344, "gxe": 44.1, "rpr": 1453.798435209376, "rprd": 101.89240062161332, "w": 2, "l": 3, "coil": null}}}