{"username": "kinglercookie", "userid": "kinglercookie", "registertime": 1631491200, "group": 1, "ratings": {"gen1ou": {"elo": 1040, "gxe": 47, "rpr": 1476.3563971869, "rprd": 118.66381762251, "w": 1, "l": 1, "coil": null}, "gen1randombattleblitz": {"elo": 1143.4718176715, "gxe": 62.4, "rpr": 1598.8270095304, "rprd": 95.620317534737, "w": 6, "l": 2, "coil": null}, "gen4ou": {"elo": 1230.7436514965, "gxe": 59, "rpr": 1571.1569925872, "rprd": 91.953645378872, "w": 21, "l": 14, "coil": null}, "gen4randombattle": {"elo": 1000, "gxe": 45, "rpr": 1459.8393856612, "rprd": 122.8583080769, "w": 0, "l": 0, "coil": null}, "gen4sharedpowerrandombattle": {"elo": 1089.1823901293, "gxe": 58.9, "rpr": 1571.585591258, "rprd": 116.35652368398, "w": 2, "l": 0, "coil": null}, "gen6randombattle": {"elo": 1299.8207397817, "gxe": 70.5, "rpr": 1667.5524458917, "rprd": 71.540901987982, "w": 16, "l": 5, "coil": null}, "gen7doublesou": {"elo": 1000, "gxe": 45, "rpr": 1459.8393856612, "rprd": 122.8583080769, "w": 0, "l": 0, "coil": null}, "gen7pickyourteamrandombattle": {"elo": 1140.9898467205, "gxe": 61.9, "rpr": 1593.2777066308, "rprd": 78.646005342938, "w": 9, "l": 5, "coil": null}, "gen7randombattle": {"elo": 1479.2477659621, "gxe": 80.1, "rpr": 1768.0876383845, "rprd": 77.111825524304, "w": 23, "l": 3, "coil": null}, "gen81v1": {"elo": 1374.55944022, "gxe": 55.4, "rpr": 1548.3529419906, "rprd": 213.39638693988, "w": 333, "l": 298, "coil": null}, "gen82v2doubles": {"elo": 1115.5095798048, "gxe": 53.2, "rpr": 1524.6810096801, "rprd": 98.19549298246, "w": 5, "l": 5, "coil": null}, "gen8anythinggoes": {"elo": 1109.3260943468, "gxe": 52.8, "rpr": 1521.6833486013, "rprd": 99.949201360618, "w": 4, "l": 2, "coil": null}, "gen8balancedhackmons": {"elo": 1162.3712589408, "gxe": 60.2, "rpr": 1580.8701602371, "rprd": 92.458066449291, "w": 7, "l": 2, "coil": null}, "gen8battlefactory": {"elo": 1050.1394105363, "gxe": 55, "rpr": 1540.1606143388, "rprd": 122.8583080769, "w": 1, "l": 0, "coil": null}, "gen8bdspou": {"elo": 1117.0993305798, "gxe": 52.5, "rpr": 1522.8871497237, "rprd": 231.57852460276, "w": 4, "l": 3, "coil": null}, "gen8bdsprandombattle": {"elo": 1078.5010652969, "gxe": 48.3, "rpr": 1486.5849977308, "rprd": 90.781745754802, "w": 8, "l": 8, "coil": null}, "gen8bssfactory": {"elo": 1000, "gxe": 40.8, "rpr": 1425.4258788523, "rprd": 128.5245362564, "w": 0, "l": 0, "coil": null}, "gen8challengecup1v1": {"elo": 1092.1462614246, "gxe": 42.1, "rpr": 1437.7932662807, "rprd": 92.322677281934, "w": 8, "l": 9, "coil": null}, "gen8doublesou": {"elo": 1213.8257843533, "gxe": 60.3, "rpr": 1593.8447406453, "rprd": 225.19744598681, "w": 10, "l": 4, "coil": null}, "gen8godlygift": {"elo": 1088.2611436772, "gxe": 59, "rpr": 1572.204911546, "rprd": 116.49290484968, "w": 2, "l": 0, "coil": null}, "gen8jumpmagikarp": {"elo": 1147.8219591054, "gxe": 52.1, "rpr": 1516.5432690471, "rprd": 74.363349846384, "w": 9, "l": 8, "coil": null}, "gen8lc": {"elo": 1038.8021338859, "gxe": 47.5, "rpr": 1479.8349408406, "rprd": 130, "w": 1, "l": 1, "coil": null}, "gen8metronomebattle": {"elo": 1315.3178736888, "gxe": 60.1, "rpr": 1578.0915518427, "rprd": 60.234614250376, "w": 73, "l": 64, "coil": null}, "gen8monotype": {"elo": 1094.4677301259, "gxe": 56.4, "rpr": 1550.2778687974, "rprd": 98.630281864593, "w": 4, "l": 2, "coil": null}, "gen8monotyperandombattle": {"elo": 1292.0036959586, "gxe": 62.9, "rpr": 1600.8847849159, "rprd": 69.312601608005, "w": 15, "l": 8, "coil": null}, "gen8multibility": {"elo": 1036.7439704118, "gxe": 44.6, "rpr": 1457.0454098854, "rprd": 110.18499226501, "w": 1, "l": 2, "coil": null}, "gen8nationaldexag": {"elo": 1499.2691683498, "gxe": 78.3, "rpr": 1748.098647321, "rprd": 84.349662605608, "w": 63, "l": 26, "coil": null}, "gen8nationaldexmonotype": {"elo": 1378.8242969077, "gxe": 72, "rpr": 1683.3933956324, "rprd": 85.439145508766, "w": 19, "l": 7, "coil": null}, "gen8ou": {"elo": 1399.5127390752, "gxe": 68.8, "rpr": 1678.3647345216, "rprd": 224.52158782809, "w": 60, "l": 31, "coil": null}, "gen8randombattle": {"elo": 1421.1943268457646, "gxe": 79, "rpr": 1763.3119873587955, "rprd": 117.46145496128085, "w": 371, "l": 283, "coil": null}, "gen8randomdoublesbattle": {"elo": 1147.5571959388, "gxe": 64.8, "rpr": 1623.1787207502, "rprd": 130, "w": 5, "l": 1, "coil": null}, "gen8ru": {"elo": 1040.1396571648, "gxe": 50.7, "rpr": 1505.6849315109, "rprd": 115.32234545646, "w": 1, "l": 1, "coil": null}, "gen8ubers": {"elo": 1382.4914183051, "gxe": 73.6, "rpr": 1727.7081084193, "rprd": 214.20339343681, "w": 28, "l": 10, "coil": null}, "gen8uu": {"elo": 1057.7231451108, "gxe": 49.8, "rpr": 1498.7570179811, "rprd": 105.77951444549, "w": 2, "l": 2, "coil": null}, "gen91v1": {"elo": 1398.0939967379802, "gxe": 60, "rpr": 1581.6304102741171, "rprd": 130, "w": 120, "l": 87, "coil": null}, "gen92v2doubles": {"elo": 1026.919307854573, "gxe": 50.1, "rpr": 1500.8215706432284, "rprd": 116.3363652524822, "w": 1, "l": 1, "coil": null}, "gen9alphabetcup": {"elo": 1130.8107592833, "gxe": 50.5, "rpr": 1503.8059770409, "rprd": 156.77783753416, "w": 8, "l": 7, "coil": null}, "gen9anythinggoes": {"elo": 1499.1211626156, "gxe": 84, "rpr": 1822.1142172423, "rprd": 86.110854764473, "w": 29, "l": 3, "coil": null}, "gen9doublesou": {"elo": 1435.1971499614817, "gxe": 68.5, "rpr": 1655.184020283046, "rprd": 122.02053646462358, "w": 25, "l": 7, "coil": null}, "gen9fortemons": {"elo": 1344.3459079989102, "gxe": 71.3, "rpr": 1680.8301499008442, "rprd": 115.24670143133206, "w": 22, "l": 7, "coil": null}, "gen9godlygift": {"elo": 1044.8357531907, "gxe": 50.2, "rpr": 1501.7880215264, "rprd": 106.62283911647, "w": 2, "l": 2, "coil": null}, "gen9legendszaou": {"elo": 1085.3007400232896, "gxe": 53.1, "rpr": 1524.1270996229703, "rprd": 101.19411419485364, "w": 3, "l": 2, "coil": null}, "gen9monotype": {"elo": 1167.5689747222293, "gxe": 60.1, "rpr": 1579.201970719857, "rprd": 79.82768525146395, "w": 10, "l": 5, "coil": 2191.780862493953}, "gen9nationaldex": {"elo": 1447.0979836306428, "gxe": 61.8, "rpr": 1593.685571543358, "rprd": 96.29266194358593, "w": 45, "l": 26, "coil": null}, "gen9nationaldexag": {"elo": 1477.0185804459, "gxe": 81.7, "rpr": 1787.2031671563, "rprd": 73.210156320015, "w": 22, "l": 1, "coil": null}, "gen9nationaldexdoubles": {"elo": 1487.9277401187, "gxe": 75.6, "rpr": 1715.9275398188, "rprd": 65.783549107238, "w": 29, "l": 9, "coil": null}, "gen9nationaldexubers": {"elo": 1499.7759341566, "gxe": 75.2, "rpr": 1714.0140734546, "rprd": 82.611904779101, "w": 65, "l": 37, "coil": null}, "gen9nationaldexuu": {"elo": 1247.3705478097, "gxe": 64.9, "rpr": 1628.2951154436, "rprd": 167.80113829149, "w": 19, "l": 10, "coil": null}, "gen9nu": {"elo": 1123.1267296495266, "gxe": 45.1, "rpr": 1461.226015719384, "rprd": 112.81421632589972, "w": 10, "l": 10, "coil": 1415.3897126057384}, "gen9ou": {"elo": 1475.6182743254117, "gxe": 63.9, "rpr": 1608.1916731079912, "rprd": 44.841477265747365, "w": 117, "l": 96, "coil": null}, "gen9pu": {"elo": 1067.0612273418, "gxe": 53.6, "rpr": 1528.1351692769, "rprd": 103.04877570292, "w": 3, "l": 2, "coil": 812.4240796495734}, "gen9randombattle": {"elo": 1741.3884828858816, "gxe": 78.4, "rpr": 1744.1350050048209, "rprd": 45.36280389924521, "w": 847, "l": 650, "coil": null}, "gen9randombattleblitz": {"elo": 1524.6124802160598, "gxe": 65.6, "rpr": 1622.5074165268668, "rprd": 50.949203873250035, "w": 204, "l": 166, "coil": null}, "gen9randombattlepotd": {"elo": 1000, "gxe": 45, "rpr": 1459.8393856612, "rprd": 122.8583080769, "w": 0, "l": 1, "coil": null}, "gen9randomdoublesbattle": {"elo": 1094.5206085260406, "gxe": 56.8, "rpr": 1553.6162766954708, "rprd": 98.29078590480053, "w": 4, "l": 2, "coil": null}, "gen9ru": {"elo": 1152.6621508147525, "gxe": 56.6, "rpr": 1550.7764162583662, "rprd": 72.48830734643488, "w": 13, "l": 9, "coil": 1815.9092930357715}, "gen9stabmons": {"elo": 1108.6609780098, "gxe": 58.2, "rpr": 1572.1009213731, "rprd": 199.26051204743, "w": 5, "l": 2, "coil": null},