{"username": "KingCaspy", "userid": "kingcaspy", "registertime": 1777161600, "group": 1, "ratings": {"gen9randombattle": {"elo": 1737.716486522725, "gxe": 73.5, "rpr": 1693.9589850192515, "rprd": 48.01174874821625, "w": 83, "l": 49, "coil": null}}}