{"username": "KingSlugma13", "userid": "kingslugma13", "registertime": 1566777600, "group": 1, "ratings": {"gen7randombattle": {"elo": 1086.7822779933, "gxe": 52.3, "rpr": 1518.0396210147, "rprd": 102.13661006021, "w": 3, "l": 2, "coil": null}, "gen7uu": {"elo": 1042.493652574, "gxe": 45.7, "rpr": 1465.9029274356, "rprd": 102.29193189059, "w": 2, "l": 3, "coil": null}, "gen8ou": {"elo": 1049.9109966836, "gxe": 55, "rpr": 1540.1606143388, "rprd": 122.8583080769, "w": 1, "l": 0, "coil": null}, "gen8randombattle": {"elo": 1439.7569040202, "gxe": 64.9, "rpr": 1631.4442186148, "rprd": 185.43198609113, "w": 74, "l": 60, "coil": null}, "gen8ubers": {"elo": 1045.4399233942, "gxe": 55, "rpr": 1540.1606143388, "rprd": 122.8583080769, "w": 1, "l": 0, "coil": null}, "gen8uu": {"elo": 1000, "gxe": 40.5, "rpr": 1423.9803246147, "rprd": 116.65980066257, "w": 0, "l": 2, "coil": null}, "gen9championsvgc2026regma": {"elo": 1044.5849307009835, "gxe": 55, "rpr": 1540.1606143390134, "rprd": 122.85830807679145, "w": 1, "l": 0, "coil": null}, "gen9doublesou": {"elo": 1058.1013974116804, "gxe": 52.4, "rpr": 1518.9928862717975, "rprd": 110.50262465043207, "w": 2, "l": 1, "coil": null}, "gen9megainvasionrandombattle": {"elo": 1052.2096013119017, "gxe": 55, "rpr": 1540.1606143390134, "rprd": 122.85830807679145, "w": 1, "l": 0, "coil": null}, "gen9ou": {"elo": 1105.6909133652377, "gxe": 59.5, "rpr": 1576.3821658948198, "rprd": 112.08870788205658, "w": 3, "l": 0, "coil": null}, "gen9randombattle": {"elo": 1706.1267867511626, "gxe": 76.4, "rpr": 1722.7040556688085, "rprd": 42.01500885025869, "w": 234, "l": 167, "coil": null}, "gen9randombattleblitz": {"elo": 1000, "gxe": 44.2, "rpr": 1453.767005051155, "rprd": 121.85674739057075, "w": 0, "l": 1, "coil": null}}}