{"username": "kingcrossx", "userid": "kingcrossx", "registertime": 1723334400, "group": 1, "ratings": {"gen3ou": {"elo": 1054.618353042243, "gxe": 52.9, "rpr": 1522.851646236039, "rprd": 123.63058218260113, "w": 1, "l": 0, "coil": null}, "gen5ou": {"elo": 1042.0898367276432, "gxe": 50.7, "rpr": 1505.9849493705897, "rprd": 122.10865693546083, "w": 1, "l": 1, "coil": null}, "gen5pokebilitiesrandombattle": {"elo": 1000, "gxe": 36.4, "rpr": 1391.7978376828905, "rprd": 80.99935041705018, "w": 4, "l": 11, "coil": null}, "gen5randombattle": {"elo": 1045.8671446099909, "gxe": 43.4, "rpr": 1447.2342786947406, "rprd": 123.27239532772819, "w": 1, "l": 2, "coil": null}, "gen6megasrevisitedrandombattle": {"elo": 1000, "gxe": 45.7, "rpr": 1465.3760619213904, "rprd": 122.49663303851452, "w": 0, "l": 1, "coil": null}, "gen7randombattle": {"elo": 1000, "gxe": 42, "rpr": 1435.3133118974195, "rprd": 123.60515070458436, "w": 0, "l": 1, "coil": null}, "gen7randombattleapexabilities": {"elo": 1014.3482525043851, "gxe": 32.6, "rpr": 1360.9940139471898, "rprd": 64.85542621590665, "w": 11, "l": 24, "coil": null}, "gen91v1": {"elo": 1040, "gxe": 51.8, "rpr": 1514.5483521034384, "rprd": 117.17245107162559, "w": 1, "l": 1, "coil": null}, "gen9almostanyability": {"elo": 1085.107644803794, "gxe": 44.8, "rpr": 1459.3607109805268, "rprd": 97.0647389709888, "w": 16, "l": 23, "coil": null}, "gen9alphabetcup": {"elo": 1000, "gxe": 43.6, "rpr": 1448.961654236317, "rprd": 122.23653639728855, "w": 0, "l": 1, "coil": null}, "gen9babyrandombattle": {"elo": 1000, "gxe": 45.3, "rpr": 1462.162329415765, "rprd": 121.90638918837719, "w": 0, "l": 1, "coil": null}, "gen9balancedhackmons": {"elo": 1015.3133281471177, "gxe": 44.7, "rpr": 1458.0755539613551, "rprd": 110.95262146040211, "w": 1, "l": 2, "coil": null}, "gen9championsou": {"elo": 1000, "gxe": 43.9, "rpr": 1451.3357303830985, "rprd": 122.92123760257243, "w": 0, "l": 1, "coil": null}, "gen9championsrandombattle": {"elo": 1000, "gxe": 45.6, "rpr": 1464.8584603821994, "rprd": 122.43871550701111, "w": 0, "l": 1, "coil": null}, "gen9championsvgc2026regma": {"elo": 1030.7282191183365, "gxe": 34.8, "rpr": 1380.6639548028197, "rprd": 57.015148493540224, "w": 29, "l": 45, "coil": null}, "gen9championsvgc2026regmabo3": {"elo": 1000, "gxe": 45.9, "rpr": 1466.9846431578496, "rprd": 122.91446441102121, "w": 0, "l": 1, "coil": null}, "gen9championsvgc2026regmb": {"elo": 1043.5729882621833, "gxe": 39.1, "rpr": 1414.2034921882264, "rprd": 87.8248895240861, "w": 3, "l": 7, "coil": null}, "gen9godlygiftrandombattle": {"elo": 1049.0836550408796, "gxe": 57.1, "rpr": 1557.0456104045807, "rprd": 123.49687444830366, "w": 1, "l": 0, "coil": null}, "gen9lc": {"elo": 1000, "gxe": 45, "rpr": 1459.8393856609866, "rprd": 122.85830807679145, "w": 0, "l": 1, "coil": null}, "gen9livepatchbattlesver100": {"elo": 1040, "gxe": 55, "rpr": 1540.1606143390134, "rprd": 122.85830807679145, "w": 1, "l": 0, "coil": null}, "gen9metronomebattle": {"elo": 1079.3699739751496, "gxe": 52.2, "rpr": 1517.470930062234, "rprd": 115.45065161368312, "w": 3, "l": 3, "coil": null}, "gen9monotyperandombattle": {"elo": 1000, "gxe": 32.9, "rpr": 1358.1097853540766, "rprd": 120.74720258172724, "w": 0, "l": 4, "coil": null}, "gen9nationaldex": {"elo": 1094.075650445284, "gxe": 55, "rpr": 1539.7217960684995, "rprd": 110.87534062506717, "w": 2, "l": 1, "coil": null}, "gen9ou": {"elo": 1041.9736341063037, "gxe": 53.5, "rpr": 1528.1189239810935, "rprd": 122.93164055506912, "w": 1, "l": 0, "coil": null}, "gen9randombattle": {"elo": 1320.8397278644322, "gxe": 51.9, "rpr": 1514.6485655644274, "rprd": 47.66272308718987, "w": 30, "l": 32, "coil": null}, "gen9randombattlehyperblitzautochoose": {"elo": 1040, "gxe": 55, "rpr": 1540.1606143390134, "rprd": 122.85830807679145, "w": 1, "l": 0, "coil": null}, "gen9randombattlesharedpowerb12p6": {"elo": 1119.0654849382433, "gxe": 58.2, "rpr": 1565.0489629094536, "rprd": 96.61509216848093, "w": 5, "l": 2, "coil": null}, "gen9randomdoublesbattle": {"elo": 1363.7988187611886, "gxe": 60.1, "rpr": 1578.318837191787, "rprd": 57.08166930557521, "w": 19, "l": 10, "coil": null}, "gen9randomroulette": {"elo": 1000, "gxe": 38.3, "rpr": 1404.955649837377, "rprd": 122.8204550849258, "w": 0, "l": 2, "coil": null}, "gen9superstaffbrosultimate": {"elo": 1000, "gxe": 30.5, "rpr": 1334.4173427160433, "rprd": 127.65540226983053, "w": 0, "l": 4, "coil": null}, "gen9uu": {"elo": 1000, "gxe": 45.4, "rpr": 1463.3704517015271, "rprd": 122.80341735059896, "w": 0, "l": 1, "coil": null}}}