{"username": "kingmagikarps", "userid": "kingmagikarps", "registertime": 1546128000, "group": 1, "ratings": {"gen1ou": {"elo": 1343.7565790373, "gxe": 72.3, "rpr": 1714.2100619033, "rprd": 219.22470697422, "w": 171, "l": 100, "coil": null}, "gen2ou": {"elo": 1263.7890239616, "gxe": 71.7, "rpr": 1682.5768555718, "rprd": 101.33294948136, "w": 82, "l": 54, "coil": null}, "gen3ou": {"elo": 1476.6223654235805, "gxe": 72.7, "rpr": 1695.0505015245856, "rprd": 117.9527213730285, "w": 1337, "l": 925, "coil": null}, "gen4ou": {"elo": 1395.2611225472, "gxe": 69.4, "rpr": 1657.591182942, "rprd": 79.458368121129, "w": 50, "l": 30, "coil": null}, "gen4ubers": {"elo": 1151.5296816802, "gxe": 60.6, "rpr": 1596.4087289887, "rprd": 223.7413964429, "w": 11, "l": 7, "coil": null}, "gen5ou": {"elo": 1336.999280107, "gxe": 65.7, "rpr": 1625.277504002, "rprd": 74.140663166949, "w": 281, "l": 175, "coil": null}, "gen5randombattle": {"elo": 1030.2532730914, "gxe": 50.4, "rpr": 1503.5626031907, "rprd": 116.10104625679, "w": 1, "l": 1, "coil": null}, "gen6ou": {"elo": 1452.9155579118, "gxe": 72.7, "rpr": 1719.859222958, "rprd": 222.83978127747, "w": 41, "l": 20, "coil": null}, "gen7battlefactory": {"elo": 1497.9973957881, "gxe": 77.4, "rpr": 1766.2723886442, "rprd": 192.84193967763, "w": 167, "l": 116, "coil": null}, "gen7challengecup1v1": {"elo": 1054.5451274702, "gxe": 51.3, "rpr": 1509.7985174593, "rprd": 61.437821209209, "w": 13, "l": 14, "coil": null}, "gen7chimera": {"elo": 1061.3855450111, "gxe": 47.2, "rpr": 1478.6866082463, "rprd": 51.697413583268, "w": 20, "l": 23, "coil": null}, "gen7godlygift": {"elo": 1069.4530470571, "gxe": 47.5, "rpr": 1480.4571895613, "rprd": 96.33903667764, "w": 3, "l": 4, "coil": null}, "gen7metronomebattle": {"elo": 1089.6669639411, "gxe": 46.6, "rpr": 1474.060260391, "rprd": 61.281037251385, "w": 47, "l": 54, "coil": null}, "gen7monotyperandombattle": {"elo": 1422.1401409926, "gxe": 63.9, "rpr": 1608.9666067214, "rprd": 53.73828780935, "w": 79, "l": 66, "coil": null}, "gen7ou": {"elo": 1499.5581437086, "gxe": 74.9, "rpr": 1710.5673899202, "rprd": 80.180562240669, "w": 1058, "l": 969, "coil": null}, "gen7oublitz": {"elo": 1123.4866153669, "gxe": 61, "rpr": 1587.4846803325, "rprd": 98.271899810437, "w": 6, "l": 2, "coil": null}, "gen7pokebilities": {"elo": 1116.4892475104, "gxe": 52.3, "rpr": 1517.8414136156, "rprd": 89.236356799684, "w": 5, "l": 4, "coil": null}, "gen7randombattle": {"elo": 1499.9236941574, "gxe": 76.4, "rpr": 1735.9445664533, "rprd": 126.7728711544, "w": 1099, "l": 971, "coil": null}, "gen7scalemons": {"elo": 1122.2973503041, "gxe": 49.1, "rpr": 1492.9408332046, "rprd": 78.009286506541, "w": 7, "l": 8, "coil": null}, "gen8bdspou": {"elo": 1419.1865759342, "gxe": 74.5, "rpr": 1739.9443462674, "rprd": 221.40448864467, "w": 22, "l": 4, "coil": null}, "gen8flipped": {"elo": 1026.3109081701, "gxe": 45.8, "rpr": 1466.9273416, "rprd": 111.28464197598, "w": 1, "l": 2, "coil": null}, "gen8monotyperandombattle": {"elo": 1440.8942786964, "gxe": 74.6, "rpr": 1709.4346043636, "rprd": 88.652212086753, "w": 27, "l": 9, "coil": null}, "gen8nationaldexag": {"elo": 1052.6681238757, "gxe": 48.4, "rpr": 1487.5686012783, "rprd": 115.42051525058, "w": 1, "l": 1, "coil": null}, "gen8ou": {"elo": 1399.9102468863, "gxe": 64.8, "rpr": 1631.2620350969, "rprd": 192.44372242775, "w": 627, "l": 558, "coil": null}, "gen8oublitz": {"elo": 1017.5465384698, "gxe": 40.7, "rpr": 1423.9450122142, "rprd": 130, "w": 1, "l": 2, "coil": null}, "gen8randombattle": {"elo": 1402.432690234, "gxe": 71.2, "rpr": 1697.3018729288, "rprd": 201.39694600821, "w": 531, "l": 447, "coil": null}, "gen8randomdoublesbattle": {"elo": 1065.1771454636, "gxe": 53.3, "rpr": 1525.9465762191, "rprd": 101.64210604404, "w": 3, "l": 2, "coil": null}, "gen8ru": {"elo": 1048.4062657092, "gxe": 45.8, "rpr": 1466.9108216389, "rprd": 111.51861011339, "w": 1, "l": 2, "coil": null}, "gen9championsvgc2026regma": {"elo": 1362.5720727596597, "gxe": 54.9, "rpr": 1536.9725008284504, "rprd": 45.46943843824356, "w": 33, "l": 23, "coil": null}, "gen9ou": {"elo": 1454.126061119, "gxe": 66.4, "rpr": 1629.378990996, "rprd": 43.554269405577, "w": 44, "l": 25, "coil": null}, "gen9randombattle": {"elo": 1909.46189202352, "gxe": 81.9, "rpr": 1785.0937412679698, "rprd": 32.733783041172636, "w": 649, "l": 578, "coil": null}, "gen9randomdoublesbattle": {"elo": 1113.3305401890225, "gxe": 59.1, "rpr": 1572.1330403785403, "rprd": 101.00937658158009, "w": 4, "l": 1, "coil": null}, "nu": {"elo": 1000, "gxe": 33.3, "rpr": 1362.9980820185, "rprd": 108.41353200584, "w": 0, "l": 4, "coil": null}, "ou": {"elo": 1399.141422533, "gxe": 62.4, "rpr": 1599.2876776906, "rprd": 105.42175131682, "w": 189, "l": 177, "coil": null}}}