{"username": "king kylan", "userid": "kingkylan", "registertime": 1718236800, "group": 1, "ratings": {"gen1randombattle": {"elo": 1161.0020009809841, "gxe": 55.9, "rpr": 1547.207459499126, "rprd": 122.49522224827737, "w": 6, "l": 5, "coil": null}, "gen7purehackmons": {"elo": 1000, "gxe": 45, "rpr": 1459.8393856609866, "rprd": 122.85830807679145, "w": 0, "l": 1, "coil": null}, "gen81v1": {"elo": 1000, "gxe": 45, "rpr": 1459.8393856612, "rprd": 122.8583080769, "w": 0, "l": 1, "coil": null}, "gen8bssfactory": {"elo": 1055.8344423199, "gxe": 54.7, "rpr": 1537.9871173866, "rprd": 121.94263287494, "w": 1, "l": 0, "coil": null}, "gen8cap1v1": {"elo": 1000, "gxe": 45, "rpr": 1459.8393856612, "rprd": 122.8583080769, "w": 0, "l": 1, "coil": null}, "gen8randombattle": {"elo": 1205.3764904076, "gxe": 56.9, "rpr": 1553.9875611092, "rprd": 84.134480641019, "w": 16, "l": 10, "coil": null}, "gen91v1": {"elo": 1000, "gxe": 37.7, "rpr": 1401.2403815103082, "rprd": 107.0966577935912, "w": 0, "l": 4, "coil": null}, "gen9challengecup1v1": {"elo": 1000, "gxe": 43.4, "rpr": 1446.6584536209111, "rprd": 122.2480344497596, "w": 0, "l": 1, "coil": null}, "gen9ou": {"elo": 1040, "gxe": 55, "rpr": 1540.1606143390134, "rprd": 122.85830807679145, "w": 1, "l": 0, "coil": null}, "gen9randombattle": {"elo": 1325.4302421727332, "gxe": 55.6, "rpr": 1542.4674944201167, "rprd": 46.690481817581414, "w": 159, "l": 145, "coil": null}, "gen9randombattlemayhem": {"elo": 1000, "gxe": 46.4, "rpr": 1471.4538935093062, "rprd": 122.73116663576512, "w": 0, "l": 1, "coil": null}, "gen9randombattlesharedpowerb12p6": {"elo": 1000, "gxe": 37.7, "rpr": 1401.5072069264424, "rprd": 102.09791593786117, "w": 1, "l": 4, "coil": null}, "gen9randomdoublesbattle": {"elo": 1041.9972688270268, "gxe": 48.9, "rpr": 1491.5077097705603, "rprd": 115.6157518877643, "w": 1, "l": 1, "coil": null}, "gen9vgc2026regf": {"elo": 1000, "gxe": 44.6, "rpr": 1457.1207926042277, "rprd": 121.81754530222102, "w": 0, "l": 1, "coil": null}}}