{"username": "kirkiz", "userid": "kirkiz", "registertime": 1727481600, "group": 1, "ratings": {"gen1randombattle": {"elo": 1157.5011813036742, "gxe": 67.3, "rpr": 1641.5844078242997, "rprd": 101.90326653841933, "w": 5, "l": 0, "coil": null}, "gen4randombattle": {"elo": 1084.3756073625725, "gxe": 55.1, "rpr": 1540.7770394208897, "rprd": 109.98128726188375, "w": 0, "l": 0, "coil": null}, "gen6randombattle": {"elo": 1076.3875945184923, "gxe": 59, "rpr": 1572.567125829214, "rprd": 116.77753930629355, "w": 0, "l": 0, "coil": null}, "gen7anythinggoes": {"elo": 1000, "gxe": 44.3, "rpr": 1454.7921811095393, "rprd": 117.82395096334974, "w": 0, "l": 2, "coil": null}, "gen7purehackmons": {"elo": 1080.8097798224662, "gxe": 29.6, "rpr": 1334.7023478779965, "rprd": 61.66461906476296, "w": 8, "l": 20, "coil": null}, "gen7randombattle": {"elo": 1000, "gxe": 37.3, "rpr": 1397.2527365376113, "rprd": 110.8375844623789, "w": 0, "l": 0, "coil": null}, "gen9almostanyability": {"elo": 1022.8731648081664, "gxe": 25.3, "rpr": 1289.5875690212426, "rprd": 89.35002088012388, "w": 0, "l": 0, "coil": null}, "gen9alphabetcup": {"elo": 1153.0287385114, "gxe": 45.1, "rpr": 1462.3989935468, "rprd": 72.916902763064, "w": 45, "l": 47, "coil": null}, "gen9anythinggoes": {"elo": 1476.9419853055215, "gxe": 70.4, "rpr": 1663.1316237750589, "rprd": 27.462893943802822, "w": 795, "l": 696, "coil": null}, "gen9badnboosted": {"elo": 1064.007894873977, "gxe": 39.1, "rpr": 1416.256990345007, "rprd": 33.0029803922698, "w": 61, "l": 89, "coil": null}, "gen9balancedhackmons": {"elo": 1125.5332385119818, "gxe": 53.2, "rpr": 1524.039308508022, "rprd": 30.46814504086599, "w": 296, "l": 261, "coil": null}, "gen9camomons": {"elo": 1048.8437907244, "gxe": 36.9, "rpr": 1395.07149482, "rprd": 100.15403162434, "w": 0, "l": 0, "coil": null}, "gen9championsvgc2026regma": {"elo": 1287.3558467381251, "gxe": 51.4, "rpr": 1510.5240225079242, "rprd": 26.822048639311124, "w": 136, "l": 136, "coil": null}, "gen9championsvgc2026regmabo3": {"elo": 1225.3951635208323, "gxe": 71.5, "rpr": 1678.6101078972638, "rprd": 91.22909551362264, "w": 9, "l": 0, "coil": null}, "gen9championsvgc2026regmb": {"elo": 1055.6764329308892, "gxe": 46.2, "rpr": 1470.6271607848657, "rprd": 55.658714777706976, "w": 17, "l": 18, "coil": null}, "gen9doublesou": {"elo": 1287.694366275315, "gxe": 56, "rpr": 1545.8403056908694, "rprd": 51.16728198758944, "w": 25, "l": 18, "coil": null}, "gen9forceofthefallenrandomroulette": {"elo": 1049.8373127574, "gxe": 55, "rpr": 1540.1606143388, "rprd": 123.03963956633, "w": 0, "l": 0, "coil": null}, "gen9hackmonscup": {"elo": 1122.722129128061, "gxe": 54.3, "rpr": 1533.4038744373552, "rprd": 84.92013380334107, "w": 7, "l": 10, "coil": null}, "gen9nationaldex": {"elo": 1321.77313570505, "gxe": 54.6, "rpr": 1534.556384112223, "rprd": 40.786538111888106, "w": 130, "l": 114, "coil": null}, "gen9nationaldexubers": {"elo": 1015.5809964466652, "gxe": 42.7, "rpr": 1441.445009572556, "rprd": 116.14495076755883, "w": 0, "l": 0, "coil": null}, "gen9ou": {"elo": 1144.297177316865, "gxe": 50.1, "rpr": 1501.054697465087, "rprd": 54.26377140047448, "w": 24, "l": 18, "coil": null}, "gen9pokebilities": {"elo": 1056.3586787110382, "gxe": 41, "rpr": 1430.550848140625, "rprd": 50.40259388218787, "w": 20, "l": 31, "coil": null}, "gen9pokebilitiesaaa": {"elo": 1095.281178728735, "gxe": 36, "rpr": 1391.2256287886075, "rprd": 29.691672354174802, "w": 63, "l": 99, "coil": null}, "gen9randombattle": {"elo": 1592.1987439863724, "gxe": 67.8, "rpr": 1640.9524549445046, "rprd": 37.538222304727455, "w": 2223, "l": 2191, "coil": null}, "gen9randomdoublesbattle": {"elo": 1354.3444029916554, "gxe": 58.7, "rpr": 1566.30032467253, "rprd": 44.91043797553491, "w": 120, "l": 108, "coil": null}, "gen9randomroulette": {"elo": 1031.9780152044434, "gxe": 51.2, "rpr": 1509.6654868618184, "rprd": 106.8062448182034, "w": 0, "l": 0, "coil": null}, "gen9revelationmons": {"elo": 1000, "gxe": 43.9, "rpr": 1451.0840734800552, "rprd": 122.37857453293958, "w": 0, "l": 0, "coil": null}, "gen9ubers": {"elo": 1045.6306143799875, "gxe": 55.6, "rpr": 1544.7991079657395, "rprd": 122.83141802342722, "w": 0, "l": 0, "coil": null}, "gen9ubersuu": {"elo": 1000, "gxe": 47.1, "rpr": 1477.0694394223012, "rprd": 123.88335633965629, "w": 0, "l": 0, "coil": null}, "gen9vgc2025regj": {"elo": 1000, "gxe": 28.4, "rpr": 1321.3586565026872, "rprd": 83.04915383226593, "w": 0, "l": 0, "coil": null}, "ou": {"elo": 1112.0302595075, "gxe": 51.8, "rpr": 1513.5641828467, "rprd": 82.036684154478, "w": 0, "l": 0, "coil": null}}}