{"username": "KlausUnbound", "userid": "klausunbound", "registertime": 1756339200, "group": 1, "ratings": {"gen9randombattle": {"elo": 2234.3089358824, "gxe": 86.1, "rpr": 1844.145008974, "rprd": 25.876418629631, "w": 410, "l": 329, "coil": null}}}