{"username": "Knawtchogirl", "userid": "knawtchogirl", "registertime": 1647820800, "group": 1, "ratings": {"gen4randombattle": {"elo": 1000, "gxe": 44.1, "rpr": 1452.9199376295087, "rprd": 122.2405329604457, "w": 0, "l": 1, "coil": null}, "gen8randombattle": {"elo": 1399.1534455918, "gxe": 55.6, "rpr": 1549.315074486, "rprd": 210.39426907286, "w": 277, "l": 262, "coil": null}, "gen9doublesou": {"elo": 1467.6292584282835, "gxe": 63.3, "rpr": 1603.6704501406143, "rprd": 57.78822410708497, "w": 86, "l": 66, "coil": null}, "gen9randombattle": {"elo": 1634.8673111511885, "gxe": 71.4, "rpr": 1672.4578442335246, "rprd": 25.805867236429197, "w": 6872, "l": 6741, "coil": null}, "gen9randombattlemayhem": {"elo": 1000, "gxe": 45, "rpr": 1459.8393856612, "rprd": 122.8583080769, "w": 0, "l": 1, "coil": null}, "gen9randomdoublesbattle": {"elo": 1656.5725925969034, "gxe": 71.2, "rpr": 1672.3719157881915, "rprd": 57.53222014944443, "w": 65, "l": 35, "coil": null}}}