{"username": "Knockdown3s", "userid": "knockdown3s", "registertime": 1661472000, "group": 1, "ratings": {"gen8randombattle": {"elo": 1399.7060801868, "gxe": 69.9, "rpr": 1686.4232599516, "rprd": 210.2105923846, "w": 840, "l": 797, "coil": null}, "gen9battlefactory": {"elo": 1195.7129310148, "gxe": 57.1, "rpr": 1556.4702427661, "rprd": 116.90110239529, "w": 60, "l": 54, "coil": null}, "gen9randombattle": {"elo": 1978.674479046834, "gxe": 85.1, "rpr": 1829.059584698548, "rprd": 30.744272382209274, "w": 8259, "l": 7769, "coil": null}, "gen9vgc2025regh": {"elo": 1292.0567702409144, "gxe": 60.9, "rpr": 1583.6415119267485, "rprd": 44.84698213717538, "w": 38, "l": 28, "coil": null}, "gen9vgc2025reghbo3": {"elo": 1010.4023985378285, "gxe": 39.4, "rpr": 1416.5924794523648, "rprd": 82.4782385231297, "w": 4, "l": 8, "coil": null}, "gen9vgc2025regi": {"elo": 1476.501766653669, "gxe": 63, "rpr": 1600.346694904712, "rprd": 33.93514803194613, "w": 193, "l": 175, "coil": null}, "gen9vgc2025regibo3": {"elo": 1223.7657590438228, "gxe": 54.4, "rpr": 1533.9538005624354, "rprd": 59.10982892568486, "w": 48, "l": 39, "coil": null}, "gen9vgc2026regf": {"elo": 1279.110728032753, "gxe": 58.1, "rpr": 1562.3140286961336, "rprd": 54.44463663246099, "w": 33, "l": 24, "coil": null}, "gen9vgc2026regfbo3": {"elo": 1000, "gxe": 44.3, "rpr": 1454.3286707145085, "rprd": 122.01439948660203, "w": 0, "l": 1, "coil": null}}}