{"username": "KoffingWoffing", "userid": "koffingwoffing", "registertime": 1591488000, "group": 1, "ratings": {"gen1ou": {"elo": 1284.862808626998, "gxe": 67.1, "rpr": 1642.1575038141154, "rprd": 121.86667839663815, "w": 28, "l": 19, "coil": null}, "gen1randombattle": {"elo": 1434.6071812262, "gxe": 73.9, "rpr": 1698.1223581662, "rprd": 56.889086427525, "w": 764, "l": 652, "coil": null}, "gen2randombattle": {"elo": 1172.4052317543055, "gxe": 55, "rpr": 1540.3843407748843, "rprd": 122.31612207709156, "w": 152, "l": 105, "coil": null}, "gen3randombattle": {"elo": 1350.8657083820833, "gxe": 55.5, "rpr": 1544.4360292479516, "rprd": 125.44258676927574, "w": 122, "l": 98, "coil": null}, "gen4randombattle": {"elo": 1167.0965610688, "gxe": 64.1, "rpr": 1612.5571226969, "rprd": 86.106008889121, "w": 9, "l": 4, "coil": null}, "gen5randombattle": {"elo": 1040, "gxe": 51.6, "rpr": 1512.6055769634, "rprd": 130, "w": 0, "l": 0, "coil": null}, "gen6firstbloodrandombattle": {"elo": 1034.4168545418652, "gxe": 49.9, "rpr": 1498.8827131844237, "rprd": 115.96424779435733, "w": 1, "l": 1, "coil": null}, "gen6ou": {"elo": 1214.9197879888, "gxe": 66.3, "rpr": 1629.4240445512, "rprd": 65.580363635922, "w": 15, "l": 9, "coil": null}, "gen6randombattle": {"elo": 1013.9182112849, "gxe": 43.1, "rpr": 1444.8991943227, "rprd": 112.60388366931, "w": 0, "l": 0, "coil": null}, "gen7battlefactory": {"elo": 1126.0325017389, "gxe": 62.9, "rpr": 1606.3733469703, "rprd": 129.89038192961, "w": 4, "l": 1, "coil": null}, "gen7pickyourteamrandombattle": {"elo": 1000, "gxe": 44.4, "rpr": 1455.2008920346, "rprd": 122.83141802352, "w": 0, "l": 1, "coil": null}, "gen7randombattle": {"elo": 1103.6142667478, "gxe": 54.9, "rpr": 1538.7003238866, "rprd": 113.33733991346, "w": 0, "l": 0, "coil": null}, "gen7superstaffbrosbrawl": {"elo": 1067.7736962232, "gxe": 54.4, "rpr": 1535.3688748682, "rprd": 118.39495047865, "w": 2, "l": 1, "coil": null}, "gen81v1": {"elo": 1329.376158105, "gxe": 56.9, "rpr": 1562.2443918631, "rprd": 225.18677636213, "w": 34, "l": 22, "coil": null}, "gen82v2doubles": {"elo": 1186.226535119, "gxe": 63.5, "rpr": 1607.3443330615, "rprd": 87.683950163868, "w": 7, "l": 3, "coil": null}, "gen8anythinggoes": {"elo": 1402.1598180462, "gxe": 78.6, "rpr": 1750.3829647848, "rprd": 75.953144686472, "w": 17, "l": 1, "coil": null}, "gen8bdsprandombattle": {"elo": 1176.4408779577, "gxe": 56.8, "rpr": 1552.6517560895, "rprd": 63.036985244389, "w": 20, "l": 15, "coil": null}, "gen8bonustype": {"elo": 1045.4537377741, "gxe": 50.3, "rpr": 1502.4077601486, "rprd": 119.26880220909, "w": 1, "l": 1, "coil": null}, "gen8bssfactory": {"elo": 1071.6621139986, "gxe": 58.5, "rpr": 1567.7987266054, "rprd": 116.12319364785, "w": 2, "l": 0, "coil": null}, "gen8cap1v1": {"elo": 1050.795943877, "gxe": 49.3, "rpr": 1494.8148764436, "rprd": 114.5796309923, "w": 0, "l": 0, "coil": null}, "gen8challengecup1v1": {"elo": 1350.1637846887, "gxe": 70.1, "rpr": 1666.1115563141, "rprd": 91.872268417953, "w": 96, "l": 85, "coil": null}, "gen8chimera1v1": {"elo": 1376.5783010571, "gxe": 68.8, "rpr": 1664.10767321, "rprd": 162.03979877082, "w": 75, "l": 33, "coil": null}, "gen8doublesou": {"elo": 1000, "gxe": 40.7, "rpr": 1425.4379889441, "rprd": 116.70778143453, "w": 0, "l": 0, "coil": null}, "gen8fairandsquare": {"elo": 1095.786137571, "gxe": 58, "rpr": 1565.1862188628, "rprd": 128.57387123188, "w": 4, "l": 2, "coil": null}, "gen8hackmonscup": {"elo": 1205.8817398801, "gxe": 63, "rpr": 1603.2809625375, "rprd": 92.748513152207, "w": 14, "l": 9, "coil": null}, "gen8joltemonsrandombattle": {"elo": 1040, "gxe": 55, "rpr": 1540.1606143388, "rprd": 122.8583080769, "w": 1, "l": 0, "coil": null}, "gen8metronomebattle": {"elo": 1060.9744928903, "gxe": 49.1, "rpr": 1492.624602143, "rprd": 100.27750901268, "w": 6, "l": 7, "coil": null}, "gen8monotype": {"elo": 1097.0360086304, "gxe": 61, "rpr": 1589.3994496364, "rprd": 127.85174190022, "w": 1, "l": 0, "coil": null}, "gen8monotyperandombattle": {"elo": 1481.2750752641, "gxe": 74, "rpr": 1700.6407009095, "rprd": 68.045228918979, "w": 171, "l": 138, "coil": null}, "gen8nu": {"elo": 1290.8113687357, "gxe": 66.8, "rpr": 1633.6202925961, "rprd": 66.680737471616, "w": 21, "l": 10, "coil": null}, "gen8ou": {"elo": 1388.1261637107098, "gxe": 66.7, "rpr": 1636.1236034512708, "rprd": 102.3241804105033, "w": 758, "l": 684, "coil": null}, "gen8oublitz": {"elo": 1104.4338473841, "gxe": 59.3, "rpr": 1576.074451229, "rprd": 130, "w": 3, "l": 2, "coil": null}, "gen8purehackmons": {"elo": 1088.3824097085, "gxe": 59.1, "rpr": 1572.8724710168, "rprd": 117.11436939129, "w": 2, "l": 0, "coil": null}, "gen8randombattle": {"elo": 1499.9401550336, "gxe": 85.3, "rpr": 1843.887625552, "rprd": 100.08597863803, "w": 3337, "l": 3152, "coil": null}, "gen8randombattlemayhem": {"elo": 1142.214932329, "gxe": 59.2, "rpr": 1569.9290640041, "rprd": 34.545522506804, "w": 131, "l": 127, "coil": null}, "gen8randombattlenodmax": {"elo": 1111.5393471893, "gxe": 51.6, "rpr": 1512.2814833257, "rprd": 93.940889595448, "w": 4, "l": 4, "coil": null}, "gen8randomdoublesbattle": {"elo": 1432.392414220745, "gxe": 62.1, "rpr": 1597.129609332499, "rprd": 104.93063623622903, "w": 159, "l": 141, "coil": null}, "gen8ru": {"elo": 1257.275213645, "gxe": 62.6, "rpr": 1615.7052264743, "rprd": 221.20476903148, "w": 22, "l": 11, "coil": null}, "gen8superstaffbros4": {"elo": 1040, "gxe": 55, "rpr": 1540.1606143388, "rprd": 123.03963956633, "w": 1, "l": 0, "coil": null}, "gen8ubers": {"elo": 1402.6358039572, "gxe": 69.2, "rpr": 1680.992526589, "rprd": 219.01633342263, "w": 35, "l": 18, "coil": null}, "gen8uu": {"elo": 1163.1805806595, "gxe": 51.3, "rpr": 1511.7461298628, "rprd": 227.48172553985, "w": 32, "l": 28, "coil": null}, "gen8vgc2020": {"elo": 1048.4598077833, "gxe": 53.3, "rpr": 1526.5916136692, "rprd": 122.93063253497, "w": 0, "l": 0, "coil": null}, "gen8vgc2021": {"elo": 1078.14991411, "gxe": 50.7, "rpr": 1505.4165172663, "rprd": 111.83843989096, "w": 2, "l": 1, "coil": null}, "gen8vgc2021series10": {"elo": 1019.2421021047, "gxe": 37.4, "rpr": 1399.737036323, "rprd": 96.193125052682, "w": 2, "l": 5, "coil": null}, "gen8vgc2021series11": {"elo": 1075.1006108955, "gxe": 51.4, "rpr": 1510.7755134019, "rprd": 86.257428585074, "w": 6, "l": 5, "coil": null}, "gen8zu": {"elo": 1062.5812050097, "gxe": 47.3, "rpr": 1478.7046188161, "rprd": 118.21803257713, "w": 2, "l": 3, "coil": null}, "gen9almostanyability": {"elo": 1149.8091105986277, "gxe": 56.5, "rpr": 1551.2118381737043, "rprd": 97.42104908127759, "w": 7, "l": 5, "coil": null}, "gen9anythinggoes": {"elo": 1499.0177323481, "gxe": 81.1, "rpr": 1790.4629994081, "rprd": 123.25586970652, "w": 31, "l": 4, "coil": null}, "gen9babyrandombattle": {"elo": 1000, "gxe": 46.4, "rpr": 1471.1136385794694, "rprd": 123.0490607005698, "w": 0, "l": 1, "coil": null}, "gen9brokencup": {"elo": 1000, "gxe": 45, "rpr": 1459.8393856612, "rprd": 122.8583080769, "w": 0, "l": 1, "coil": null}, "gen9challengecup1v1": {"elo": 1361.5741920172, "gxe": 63.5, "rpr": 1608.7781272716, "rprd": 100.00408569448, "w": 190, "l": 106, "coil": null}, "gen9challengecup2v2": {"elo": 1065.1609863292815, "gxe": 56.1, "rpr": 1548.7875889854029, "rprd": 121.95570888539298, "w": 1, "l": 0, "coil": null}, "gen9monotyperandombattle": {"elo": 1158.0642208735335, "gxe": 59.4, "rpr": 1575.950283664896, "rprd": 123.12770514540306, "w": 8, "l": 5, "coil": null}, "gen9nfe": {"elo": 1093.6005238529, "gxe": 57.3, "rpr": 1567.6982154235, "rprd": 241.17714044581, "w": 3, "l": 1, "coil": null}, "gen9nu": {"elo": 1149.3632857545297, "gxe": 59.5, "rpr": 1574.071281576053, "rprd": 79.83037816745647, "w": 9, "l": 5, "coil": 1682.9141392239833}, "gen9ou": {"elo": 1428.4986608939762, "gxe": 65.4, "rpr": 1624.9284992309363, "rprd": 101.28242779977693, "w": 814, "l": 754, "coil": null}, "gen9partnersincrimerandombattle": {"elo": 1291.1959696958675, "gxe": 66.5, "rpr": 1631.1819109124185, "rprd": 61.94412774872009, "w": 19, "l": 9, "coil": null},