{"username": "koolcreatorx", "userid": "koolcreatorx", "registertime": 1595980800, "group": 1, "ratings": {"gen1randombattle": {"elo": 1015.6632410154, "gxe": 33.6, "rpr": 1368.4145585111, "rprd": 84.475894440514, "w": 11, "l": 18, "coil": null}, "gen2randombattle": {"elo": 1032.2047467392, "gxe": 40.7, "rpr": 1424.4015327109, "rprd": 123.79423071118, "w": 10, "l": 13, "coil": null}, "gen3ou": {"elo": 1024.1512065111972, "gxe": 41.7, "rpr": 1434.3781942776507, "rprd": 106.01851780066973, "w": 0, "l": 0, "coil": null}, "gen3randombattle": {"elo": 1085.564707537, "gxe": 40.2, "rpr": 1423.5199582405, "rprd": 71.280563030142, "w": 13, "l": 21, "coil": null}, "gen4ou": {"elo": 1079.7084088227966, "gxe": 54.5, "rpr": 1535.6115862748566, "rprd": 112.69743762728542, "w": 0, "l": 0, "coil": null}, "gen4randombattle": {"elo": 1161.2365892731, "gxe": 44.3, "rpr": 1455.8869738272, "rprd": 77.99433474501, "w": 65, "l": 84, "coil": null}, "gen5randombattle": {"elo": 1003.3667602181, "gxe": 42.4, "rpr": 1441.7275500052, "rprd": 64.407265345417, "w": 34, "l": 47, "coil": null}, "gen6purehackmons": {"elo": 1040, "gxe": 55, "rpr": 1540.1606143388, "rprd": 122.8583080769, "w": 1, "l": 0, "coil": null}, "gen6randombattle": {"elo": 1251.9074411414, "gxe": 53.9, "rpr": 1529.632323178, "rprd": 40.535879394546, "w": 173, "l": 201, "coil": null}, "gen7anythinggoes": {"elo": 1055.15173726, "gxe": 24.2, "rpr": 1275.3568879176, "rprd": 105.69531913828, "w": 20, "l": 67, "coil": null}, "gen7battlefactory": {"elo": 1000, "gxe": 45, "rpr": 1459.8393856612, "rprd": 122.8583080769, "w": 0, "l": 1, "coil": null}, "gen7doublesou": {"elo": 1013.5151427106, "gxe": 24.1, "rpr": 1277.1441061303, "rprd": 86.311219045199, "w": 5, "l": 19, "coil": null}, "gen7randombattle": {"elo": 1255.8755097546, "gxe": 52.7, "rpr": 1520.1485140393, "rprd": 35.764939503267, "w": 158, "l": 150, "coil": null}, "gen7superstaffbrosbrawl": {"elo": 1000, "gxe": 45, "rpr": 1459.8393856612, "rprd": 122.8583080769, "w": 0, "l": 1, "coil": null}, "gen7ubers": {"elo": 1026.4565590064, "gxe": 28.2, "rpr": 1291.8887516101, "rprd": 215.17835460525, "w": 25, "l": 52, "coil": null}, "gen81v1": {"elo": 1134.4032789792, "gxe": 46.3, "rpr": 1466.1637069165, "rprd": 230.13489549198, "w": 12, "l": 15, "coil": null}, "gen82v2doubles": {"elo": 1357.2596284715, "gxe": 70.7, "rpr": 1693.9322060483, "rprd": 207.87335273731, "w": 36, "l": 16, "coil": null}, "gen8anythinggoes": {"elo": 1196.322179218, "gxe": 60.1, "rpr": 1578.8040805231, "rprd": 82.337633997473, "w": 11, "l": 6, "coil": null}, "gen8battlefactory": {"elo": 1034.7695787507, "gxe": 42.7, "rpr": 1436.1744008186, "rprd": 194.64127699788, "w": 4, "l": 8, "coil": null}, "gen8bdspou": {"elo": 1047.8855267611, "gxe": 51.5, "rpr": 1514.0653808844, "rprd": 233.0902641852, "w": 3, "l": 3, "coil": null}, "gen8bssfactory": {"elo": 1017.2385762335282, "gxe": 36.9, "rpr": 1393.3128860811262, "rprd": 122.11917928372858, "w": 5, "l": 13, "coil": null}, "gen8challengecup1v1": {"elo": 1178.9827519675, "gxe": 50.5, "rpr": 1503.9847611358, "rprd": 80.982589639589, "w": 107, "l": 112, "coil": null}, "gen8doublesou": {"elo": 1050.1692625621, "gxe": 37.7, "rpr": 1390.0361533231, "rprd": 200.76246753734, "w": 47, "l": 72, "coil": null}, "gen8doublesubers": {"elo": 1032.0013149226, "gxe": 37.5, "rpr": 1403.4055292384, "rprd": 49.213302831948, "w": 17, "l": 31, "coil": null}, "gen8hackmonscup": {"elo": 1100.6433206863, "gxe": 51.8, "rpr": 1513.990668602, "rprd": 65.914899845859, "w": 26, "l": 30, "coil": null}, "gen8joltemonsrandombattle": {"elo": 1040, "gxe": 49.4, "rpr": 1495.2983824946, "rprd": 116.58287247474, "w": 1, "l": 1, "coil": null}, "gen8lc": {"elo": 1000, "gxe": 20.7, "rpr": 1238.0570213341, "rprd": 92.986150787727, "w": 7, "l": 36, "coil": null}, "gen8metronomebattle": {"elo": 1317.9568465428, "gxe": 52.4, "rpr": 1517.9845657928, "rprd": 52.887236457419, "w": 58, "l": 70, "coil": null}, "gen8monotyperandombattle": {"elo": 1071.5178081683, "gxe": 35.9, "rpr": 1385.4786216627, "rprd": 110.38454875519, "w": 9, "l": 15, "coil": null}, "gen8nationaldexag": {"elo": 1244.3773508785, "gxe": 46.1, "rpr": 1470.9013888629, "rprd": 28.426390910746, "w": 92, "l": 97, "coil": null}, "gen8nu": {"elo": 1003.2737837611, "gxe": 33.7, "rpr": 1363.9578073178, "rprd": 130, "w": 1, "l": 5, "coil": null}, "gen8ou": {"elo": 1077.742259425, "gxe": 32.3, "rpr": 1354.7815111127, "rprd": 104.84450969053, "w": 43, "l": 60, "coil": null}, "gen8randombattle": {"elo": 1416.4049944943, "gxe": 59.7, "rpr": 1583.3394493897, "rprd": 174.81191918191, "w": 900, "l": 1029, "coil": null}, "gen8randombattleblitz": {"elo": 1018.5973636652, "gxe": 38.8, "rpr": 1410.365899327, "rprd": 110.73354451744, "w": 3, "l": 5, "coil": null}, "gen8randombattlemayhem": {"elo": 1020.6882975928, "gxe": 40.3, "rpr": 1422.1219745782, "rprd": 114.31936549927, "w": 3, "l": 6, "coil": null}, "gen8randomdoublesbattle": {"elo": 1072.1362442482, "gxe": 46.5, "rpr": 1467.8788082419, "rprd": 230.04376989489, "w": 10, "l": 12, "coil": null}, "gen8ru": {"elo": 1000, "gxe": 35.2, "rpr": 1379.7233845318, "rprd": 106.37369118141, "w": 0, "l": 4, "coil": null}, "gen8superstaffbros4": {"elo": 1269.9493945395086, "gxe": 71.4, "rpr": 1681.412124484072, "rprd": 114.74286067173766, "w": 43, "l": 28, "coil": null}, "gen8ubers": {"elo": 1074.2695791326, "gxe": 38.4, "rpr": 1394.6297964957, "rprd": 217.19603200652, "w": 0, "l": 0, "coil": null}, "gen91v1": {"elo": 1100.3603705808007, "gxe": 46.8, "rpr": 1475.552626076779, "rprd": 75.11448698918075, "w": 169, "l": 191, "coil": null}, "gen92v2doubles": {"elo": 1154.5099797526893, "gxe": 64.1, "rpr": 1614.2523942926123, "rprd": 107.0602731644014, "w": 7, "l": 2, "coil": null}, "gen9almostanyability": {"elo": 1259.6246818891625, "gxe": 56.2, "rpr": 1548.7105680082323, "rprd": 92.37957440729089, "w": 474, "l": 391, "coil": null}, "gen9babyrandombattle": {"elo": 1041.1244196562125, "gxe": 48.6, "rpr": 1488.9319316767248, "rprd": 119.12875722273928, "w": 1, "l": 1, "coil": null}, "gen9balancedhackmons": {"elo": 1000, "gxe": 28.4, "rpr": 1316.1812591592766, "rprd": 117.62709536388093, "w": 1, "l": 6, "coil": null}, "gen9brokencup": {"elo": 1038.1777915307, "gxe": 48.7, "rpr": 1488.8436597585, "rprd": 173.37890222143, "w": 19, "l": 20, "coil": null}, "gen9bssfactory": {"elo": 1048.170407173257, "gxe": 48, "rpr": 1484.5362819798497, "rprd": 90.34856553966489, "w": 4, "l": 5, "coil": null}, "gen9challengecup1v1": {"elo": 1156.605754139117, "gxe": 55.1, "rpr": 1539.525769750101, "rprd": 73.50054117615612, "w": 12, "l": 8, "coil": null}, "gen9championsbssregma": {"elo": 1181.0399426012343, "gxe": 58.5, "rpr": 1566.1887053340101, "rprd": 69.21372234853905, "w": 12, "l": 8, "coil": null}, "gen9championsvgc2026regma": {"elo": 1346.6834252806802, "gxe": 56.4, "rpr": 1549.0586192678934, "rprd": 41.60135085153656, "w": 126, "l": 112, "coil": null}, "gen9championsvgc2026regmabo3": {"elo": 1000, "gxe": 42.2, "rpr": 1437.1178051790416, "rprd": 123.46106145534304, "w": 0, "l": 1, "coil": null}, "gen9championsvgc2026regmb": {"elo": 1112.0256254493925, "gxe": 50.8, "rpr": 1506.1344070213308, "rprd": 39.93867119261765, "w": 41, "l": 39, "coil": null}, "gen9chimera1v1randombattle": {"elo": 1000, "gxe": 45, "rpr": 1459.8393856609866, "rprd": 122.85830807679145, "w": 0, "l": 1, "coil": null}, "gen9computergeneratedteams": {"elo": 1036.9684311723454, "gxe": 50.5, "rpr": 1504.3425609170388, "rprd": 109.69493120499322, "w": 2, "l": 2, "coil": null}, "gen9doublesou": {"elo": 1486.3467526844584, "gxe": 65.8, "rpr": 1624.9978796626772, "rprd": 55.20283054973648, "w": 60, "l": 44, "coil": null}, "gen9doublesuu": {"elo": 1068.1223657405465, "gxe": 47.8, "rpr": 1483.2946702887868, "rprd": 83.48127410477322, "w": 6, "l": 7, "coil": null}, "gen9forceofthefallen": {"elo": 1078.3986821511523, "gxe": 47.1, "rpr": 1478.0494819640166, "rprd": 66.88233391147845, "w": 11, "l": 12, "coil": null}, "gen9freedomcup": {"elo": 1000, "gxe": 27.8,