{"username": "Kool Kiddo", "userid": "koolkiddo", "registertime": 1511308800, "group": 1, "ratings": {"gen7anythinggoes": {"elo": 1063.5001469919, "gxe": 43.2, "rpr": 1438.1385899793, "rprd": 233.03662706995, "w": 2, "l": 4, "coil": null}, "gen7randombattle": {"elo": 1047.339456278, "gxe": 37.7, "rpr": 1401.0271641738, "rprd": 108.85978968913, "w": 14, "l": 18, "coil": null}, "gen8bdsprandombattle": {"elo": 1079.3159436242, "gxe": 60.6, "rpr": 1585.824472231, "rprd": 117.10585726507, "w": 2, "l": 0, "coil": null}, "gen8ou": {"elo": 1297.644547985, "gxe": 52.2, "rpr": 1516.8365270879, "rprd": 32.71002626918, "w": 149, "l": 148, "coil": null}, "gen8randombattle": {"elo": 1363.350648639, "gxe": 59.2, "rpr": 1582.984680129, "rprd": 213.8662334699, "w": 782, "l": 783, "coil": null}, "gen9battlefactory": {"elo": 1000, "gxe": 44.7, "rpr": 1457.163537229953, "rprd": 122.6239519935905, "w": 0, "l": 1, "coil": null}, "gen9championsvgc2026regmabo3": {"elo": 1000, "gxe": 45, "rpr": 1459.8393856609866, "rprd": 122.85830807679145, "w": 0, "l": 1, "coil": null}, "gen9doublesou": {"elo": 1069.1625556276, "gxe": 53.3, "rpr": 1526.4204034737, "rprd": 111.70015549767, "w": 2, "l": 1, "coil": null}, "gen9ou": {"elo": 1324.2144333690298, "gxe": 55.4, "rpr": 1541.690200371566, "rprd": 62.57400777342019, "w": 44, "l": 31, "coil": null}, "gen9randombattle": {"elo": 2055.9777470403974, "gxe": 83.1, "rpr": 1800.7935889550686, "rprd": 31.728228281978364, "w": 5966, "l": 5633, "coil": null}, "gen9vgc2023regulationc": {"elo": 1000.6313588405899, "gxe": 41.3, "rpr": 1433.4125299590044, "rprd": 54.98324521804227, "w": 44, "l": 58, "coil": null}, "gen9vgc2023series1": {"elo": 1034.6123187373, "gxe": 34.5, "rpr": 1375.5452483069, "rprd": 88.972067719976, "w": 2, "l": 7, "coil": null}, "gen9vgc2023series2": {"elo": 1252.1469960783, "gxe": 51.5, "rpr": 1511.6668496507, "rprd": 35.59784569146, "w": 61, "l": 54, "coil": null}, "gen9vgc2024regf": {"elo": 1119.7433751819462, "gxe": 48.4, "rpr": 1488.1360313803648, "rprd": 50.65191830331793, "w": 24, "l": 21, "coil": null}, "gen9vgc2024regfbo3": {"elo": 1204.879416123482, "gxe": 47.6, "rpr": 1481.980636124826, "rprd": 35.990772709469624, "w": 58, "l": 58, "coil": null}, "gen9vgc2024reggbo3": {"elo": 1087.5690793196698, "gxe": 49.9, "rpr": 1499.1465224740402, "rprd": 41.138088129388265, "w": 48, "l": 46, "coil": null}, "gen9vgc2024reghbo3": {"elo": 1045.8179882265406, "gxe": 43.5, "rpr": 1448.3825751412746, "rprd": 107.05330741179844, "w": 1, "l": 3, "coil": null}, "gen9vgc2025regg": {"elo": 1045.0695703961062, "gxe": 55, "rpr": 1540.1606143390134, "rprd": 122.85830807679145, "w": 1, "l": 0, "coil": null}, "gen9vgc2025reggbo3": {"elo": 1100.8907829850116, "gxe": 46.5, "rpr": 1473.0780398049246, "rprd": 47.00858411984034, "w": 34, "l": 36, "coil": null}, "gen9vgc2025regh": {"elo": 1000, "gxe": 45, "rpr": 1459.8393856609866, "rprd": 122.85830807679145, "w": 0, "l": 1, "coil": null}, "gen9vgc2025reghbo3": {"elo": 1072.302441269242, "gxe": 38.3, "rpr": 1409.4682304842026, "rprd": 56.155725080790404, "w": 17, "l": 23, "coil": null}, "gen9vgc2025regibo3": {"elo": 1120.230655618739, "gxe": 48.9, "rpr": 1491.891970286551, "rprd": 73.86932774729681, "w": 17, "l": 13, "coil": null}, "gen9vgc2026regfbo3": {"elo": 1133.9070616283639, "gxe": 45.8, "rpr": 1467.600294010902, "rprd": 54.82070956014374, "w": 41, "l": 44, "coil": null}, "gen9vgc2026regibo3": {"elo": 1038.144418469403, "gxe": 47.4, "rpr": 1480.0617350526804, "rprd": 94.91280814737975, "w": 3, "l": 4, "coil": null}}}