{"username": "kormorano", "userid": "kormorano", "registertime": 0, "group": 0, "ratings": {"gen8randombattle": {"elo": 1194.3369738659, "gxe": 65.8, "rpr": 1626.71809396, "rprd": 88.696093330458, "w": 8, "l": 1, "coil": null}, "gen9championsrandombattle": {"elo": 1117.899795776907, "gxe": 55.4, "rpr": 1542.2691904634044, "rprd": 87.49382384218087, "w": 6, "l": 4, "coil": null}, "gen9ou": {"elo": 1130.9627093969232, "gxe": 54.3, "rpr": 1534.0160137178557, "rprd": 103.32888764926321, "w": 4, "l": 1, "coil": null}, "gen9randombattle": {"elo": 2136.5955275965, "gxe": 82.3, "rpr": 1790.004758234, "rprd": 26.724110503285, "w": 232, "l": 178, "coil": null}}}