{"username": "KorujaS7", "userid": "korujas7", "registertime": 1692316800, "group": 1, "ratings": {"gen7ou": {"elo": 1125.9134715902253, "gxe": 57, "rpr": 1555.1974429916993, "rprd": 103.45675409560742, "w": 4, "l": 1, "coil": null}, "gen8joltemonsrandombattle": {"elo": 1040, "gxe": 55, "rpr": 1540.1606143390134, "rprd": 122.85830807679145, "w": 1, "l": 0, "coil": null}, "gen8nationaldex": {"elo": 1040, "gxe": 55, "rpr": 1540.1606143390134, "rprd": 122.85830807679145, "w": 1, "l": 0, "coil": null}, "gen9balancedhackmons": {"elo": 1000, "gxe": 33.6, "rpr": 1366.2598178576025, "rprd": 101.50895018744926, "w": 0, "l": 5, "coil": null}, "gen9battlestadiumsinglesregulationd": {"elo": 1105.4931401860913, "gxe": 54.5, "rpr": 1535.6155833353162, "rprd": 105.3060463162935, "w": 3, "l": 1, "coil": null}, "gen9championsrandombattle": {"elo": 1048.205611686565, "gxe": 46.8, "rpr": 1474.5848293230576, "rprd": 102.79847532807908, "w": 2, "l": 3, "coil": null}, "gen9championsvgc2026regmabo3": {"elo": 1182.5304306845112, "gxe": 48.1, "rpr": 1485.9520366869906, "rprd": 42.069874887453814, "w": 61, "l": 70, "coil": null}, "gen9doublesou": {"elo": 1189.97978163477, "gxe": 68.6, "rpr": 1653.2516222317279, "rprd": 103.2787692413126, "w": 7, "l": 0, "coil": null}, "gen9doublesubers": {"elo": 1000, "gxe": 45.9, "rpr": 1467.1295025763818, "rprd": 122.2952673724942, "w": 0, "l": 1, "coil": null}, "gen9dragonkingcup": {"elo": 1000, "gxe": 44.3, "rpr": 1454.5277148434, "rprd": 122.65580790237, "w": 0, "l": 1, "coil": null}, "gen9hackmonscup": {"elo": 1040, "gxe": 55, "rpr": 1540.1606143390134, "rprd": 122.85830807679145, "w": 1, "l": 0, "coil": null}, "gen9monotype": {"elo": 1046.394042122596, "gxe": 52.4, "rpr": 1519.6108607335022, "rprd": 124.20905247824523, "w": 1, "l": 0, "coil": 524}, "gen9nationaldex": {"elo": 1136.2712795015927, "gxe": 50.4, "rpr": 1503.3323714419487, "rprd": 99.00529531499079, "w": 6, "l": 4, "coil": null}, "gen9nationaldexdoubles": {"elo": 1311.0282136057122, "gxe": 57, "rpr": 1556.0148716887923, "rprd": 115.90403643837355, "w": 32, "l": 25, "coil": null}, "gen9nationaldexubers": {"elo": 1047.9579327476927, "gxe": 52.3, "rpr": 1518.2339565071875, "rprd": 124.4782907387405, "w": 1, "l": 0, "coil": null}, "gen9ou": {"elo": 1150.6020712325096, "gxe": 42.7, "rpr": 1443.0271826553956, "rprd": 75.76549751910352, "w": 62, "l": 61, "coil": null}, "gen9randombattle": {"elo": 1364.3911218948936, "gxe": 60, "rpr": 1576.4662301810115, "rprd": 40.01143985740013, "w": 999, "l": 987, "coil": null}, "gen9randombattleblitz": {"elo": 1049.5188142196062, "gxe": 53.1, "rpr": 1524.4740637583031, "rprd": 123.25909799406558, "w": 1, "l": 0, "coil": null}, "gen9randombattlehyperblitzautochoose": {"elo": 1040, "gxe": 55, "rpr": 1540.1606143390134, "rprd": 122.85830807679145, "w": 1, "l": 0, "coil": null}, "gen9randomdoublesbattle": {"elo": 1369.7752492649956, "gxe": 59.6, "rpr": 1575.7285379895973, "rprd": 91.4225872306204, "w": 49, "l": 42, "coil": null}, "gen9ubers": {"elo": 1216.1897448078819, "gxe": 58.6, "rpr": 1565.94235049177, "rprd": 58.960717273900656, "w": 26, "l": 19, "coil": null}, "gen9vgc2023regulationd": {"elo": 1168.179410378444, "gxe": 35.5, "rpr": 1387.2062118404442, "rprd": 34.89044069965294, "w": 57, "l": 90, "coil": null}, "gen9vgc2023regulatione": {"elo": 1327.8441752687024, "gxe": 43.4, "rpr": 1449.7514542869233, "rprd": 37.43815279473236, "w": 181, "l": 220, "coil": null}, "gen9vgc2023regulationebo3": {"elo": 1074.5859856883874, "gxe": 40.1, "rpr": 1424.1505060363868, "rprd": 44.754917330813456, "w": 28, "l": 37, "coil": null}, "gen9vgc2024regf": {"elo": 1081.5715247447256, "gxe": 41.6, "rpr": 1434.5315394543193, "rprd": 83.50750345092335, "w": 10, "l": 13, "coil": null}, "gen9vgc2024regfbo3": {"elo": 1106.2237294119222, "gxe": 41.4, "rpr": 1434.280731737448, "rprd": 26.023955846853816, "w": 142, "l": 177, "coil": null}, "gen9vgc2024regg": {"elo": 1036.4507280969826, "gxe": 46.5, "rpr": 1472.0543815810086, "rprd": 130, "w": 1, "l": 1, "coil": null}, "gen9vgc2024reggbo3": {"elo": 1162.1753228195162, "gxe": 46.2, "rpr": 1471.232244234295, "rprd": 41.79308499616865, "w": 193, "l": 241, "coil": null}, "gen9vgc2024regh": {"elo": 1089.320364416125, "gxe": 57.8, "rpr": 1562.238895267432, "rprd": 116.13931812145383, "w": 2, "l": 0, "coil": null}, "gen9vgc2024reghbo3": {"elo": 1200.961038383389, "gxe": 45.4, "rpr": 1464.8150038514839, "rprd": 36.6151961095969, "w": 250, "l": 289, "coil": null}, "gen9vgc2025reggbo3": {"elo": 1176.563204318133, "gxe": 53.7, "rpr": 1528.561124724418, "rprd": 76.11588800861335, "w": 12, "l": 8, "coil": null}, "gen9vgc2025reghbo3": {"elo": 1036.4556115695827, "gxe": 40.2, "rpr": 1421.5414425850295, "rprd": 105.70583228803567, "w": 3, "l": 5, "coil": null}, "gen9vgc2025regibo3": {"elo": 1176.2530210151517, "gxe": 49.8, "rpr": 1498.1864797354708, "rprd": 49.20906134463664, "w": 67, "l": 68, "coil": null}, "gen9vgc2025regj": {"elo": 1065.341021269626, "gxe": 49.2, "rpr": 1493.7146619397931, "rprd": 110.55140427645117, "w": 3, "l": 2, "coil": null}, "gen9vgc2026regfbo3": {"elo": 1000, "gxe": 31.5, "rpr": 1349.5648910294703, "rprd": 86.69972320688859, "w": 2, "l": 8, "coil": null}}}