{"username": "Kosaji", "userid": "kosaji", "registertime": 1763856000, "group": 1, "ratings": {"gen9battlestadiumdoubles": {"elo": 1040, "gxe": 55, "rpr": 1540.1606143388, "rprd": 122.8583080769, "w": 0, "l": 0, "coil": null}, "gen9randombattle": {"elo": 2032.0336433355733, "gxe": 83.2, "rpr": 1801.701991626094, "rprd": 27.549054587364285, "w": 470, "l": 380, "coil": null}}}