{"username": "Kowalski020", "userid": "kowalski020", "registertime": 1657238400, "group": 1, "ratings": {"gen81v1": {"elo": 1102.8722225864, "gxe": 47.9, "rpr": 1481.3620190808, "rprd": 217.96435560374, "w": 24, "l": 26, "coil": null}, "gen82v2doubles": {"elo": 1000, "gxe": 40.3, "rpr": 1421.6115592693, "rprd": 116.7154686017, "w": 0, "l": 2, "coil": null}, "gen8almostanyability": {"elo": 1040, "gxe": 33.3, "rpr": 1364.1452089265, "rprd": 94.420436204282, "w": 1, "l": 6, "coil": null}, "gen8anythinggoes": {"elo": 1059.806848156, "gxe": 47.9, "rpr": 1483.6915208235, "rprd": 107.07902636646, "w": 2, "l": 2, "coil": null}, "gen8battlefactory": {"elo": 1034.7837234567, "gxe": 42.2, "rpr": 1432.6453849802, "rprd": 191.14108680945, "w": 9, "l": 15, "coil": null}, "gen8chimera1v1": {"elo": 1071.3944732082, "gxe": 44.7, "rpr": 1458.9058826333, "rprd": 92.809937390437, "w": 3, "l": 5, "coil": null}, "gen8doublesou": {"elo": 1350.9104607242, "gxe": 48.5, "rpr": 1486.9949322703, "rprd": 189.98578122504, "w": 34, "l": 36, "coil": null}, "gen8doublesubers": {"elo": 1038.5969945414, "gxe": 51.8, "rpr": 1514.4611293208, "rprd": 117.28995061849, "w": 1, "l": 1, "coil": null}, "gen8lc": {"elo": 1000, "gxe": 40.3, "rpr": 1421.8361019144, "rprd": 116.04270556293, "w": 0, "l": 2, "coil": null}, "gen8metronomebattle": {"elo": 1024.245622245, "gxe": 41.2, "rpr": 1429.8984072404, "rprd": 106.26653449509, "w": 1, "l": 3, "coil": null}, "gen8monotyperandombattle": {"elo": 1140.1584591024, "gxe": 49.4, "rpr": 1495.5636698891, "rprd": 78.510616472881, "w": 8, "l": 8, "coil": null}, "gen8nationaldex": {"elo": 1000, "gxe": 43.6, "rpr": 1448.2212225212047, "rprd": 122.19645324048854, "w": 0, "l": 1, "coil": null}, "gen8nationaldexag": {"elo": 1080.6892413984, "gxe": 34.3, "rpr": 1376.7476340349, "rprd": 40.555192503568, "w": 106, "l": 134, "coil": null}, "gen8nationaldexuu": {"elo": 1000, "gxe": 45, "rpr": 1459.8393856612, "rprd": 122.8583080769, "w": 0, "l": 1, "coil": null}, "gen8ou": {"elo": 1038.2133896045, "gxe": 34.1, "rpr": 1374.4198694973, "rprd": 54.037220531105, "w": 21, "l": 32, "coil": null}, "gen8partnersincrime": {"elo": 1000, "gxe": 31.1, "rpr": 1344.1171402941, "rprd": 97.604281716556, "w": 0, "l": 6, "coil": null}, "gen8randombattle": {"elo": 1284.3531577527, "gxe": 51, "rpr": 1507.6213781116, "rprd": 53.322466811065, "w": 149, "l": 146, "coil": null}, "gen8randomdoublesbattle": {"elo": 1141.1913740508, "gxe": 50.6, "rpr": 1505.3780371535, "rprd": 224.09214695917, "w": 11, "l": 10, "coil": null}, "gen8ubers": {"elo": 1116.1977140453, "gxe": 52.8, "rpr": 1524.7819867995, "rprd": 210.7713787988, "w": 12, "l": 10, "coil": null}, "gen92v2doubles": {"elo": 1000, "gxe": 45, "rpr": 1459.8393856609866, "rprd": 122.85830807679145, "w": 0, "l": 1, "coil": null}, "gen9championsbssregmb": {"elo": 1108.1739466780575, "gxe": 43.3, "rpr": 1447.865787777015, "rprd": 71.53098691538946, "w": 8, "l": 11, "coil": null}, "gen9championsou": {"elo": 1090.9051822582705, "gxe": 47.8, "rpr": 1482.9146154788148, "rprd": 58.93043893061829, "w": 15, "l": 16, "coil": null}, "gen9championsrandombattle": {"elo": 1176.6330378185112, "gxe": 59.7, "rpr": 1574.5849234731486, "rprd": 55.68646001124178, "w": 22, "l": 15, "coil": null}, "gen9championsvgc2026regmb": {"elo": 1012.68463608402, "gxe": 40.3, "rpr": 1424.6223568198138, "rprd": 70.85935214292934, "w": 7, "l": 12, "coil": null}, "gen9championsvgc2026regmbbo3": {"elo": 1000, "gxe": 41, "rpr": 1427.432874170786, "rprd": 116.77753930629355, "w": 0, "l": 2, "coil": null}, "gen9nationaldex": {"elo": 1204.5320775902728, "gxe": 45.2, "rpr": 1463.6427174658274, "rprd": 31.27359713486145, "w": 228, "l": 226, "coil": null}, "gen9nationaldexdoubles": {"elo": 1049.8199572882286, "gxe": 44.7, "rpr": 1459.269466258545, "rprd": 52.22209572039508, "w": 20, "l": 22, "coil": null}, "gen9nationaldexubers": {"elo": 1067.4394605839134, "gxe": 50, "rpr": 1499.8193788882836, "rprd": 32.77356418681724, "w": 83, "l": 76, "coil": null}, "gen9ou": {"elo": 1075.1697327236184, "gxe": 36.7, "rpr": 1396.5520698807175, "rprd": 38.48857336635745, "w": 55, "l": 63, "coil": null}, "gen9pokebilitiesaaa": {"elo": 1100.8076710816795, "gxe": 46.9, "rpr": 1475.336120006705, "rprd": 98.55180262044885, "w": 3, "l": 4, "coil": null}, "gen9randombattle": {"elo": 1460.6869711634117, "gxe": 64.6, "rpr": 1613.502121243291, "rprd": 35.02886682693768, "w": 143, "l": 126, "coil": null}, "gen9randombattleblitz": {"elo": 1191.6345987229845, "gxe": 62.6, "rpr": 1599.7357077897384, "rprd": 83.45378023219529, "w": 9, "l": 3, "coil": null}, "gen9randombattlesharedpowerb12p6": {"elo": 1058.115627739617, "gxe": 40.3, "rpr": 1423.448230968027, "rprd": 94.57247123425891, "w": 8, "l": 8, "coil": null}, "gen9randomdoublesbattle": {"elo": 1061.9177862628821, "gxe": 49.1, "rpr": 1492.8549275139421, "rprd": 105.4985008914922, "w": 2, "l": 2, "coil": null}, "gen9ubers": {"elo": 1092.0576993524, "gxe": 52.8, "rpr": 1521.8496034076, "rprd": 67.432459565158, "w": 12, "l": 11, "coil": null}, "gen9vgc2026regi": {"elo": 1000, "gxe": 44, "rpr": 1452.239813910219, "rprd": 122.60145195297774, "w": 0, "l": 1, "coil": null}}}