{"username": "kp999", "userid": "kp999", "registertime": 0, "group": 0, "ratings": {"gen9randombattle": {"elo": 1341.6416295555289, "gxe": 56.4, "rpr": 1548.513362188353, "rprd": 30.535304680050796, "w": 307, "l": 302, "coil": null}}}