{"username": "krishiiii68", "userid": "krishiiii68", "registertime": 1781308800, "group": 1, "ratings": {"gen9championsrandombattle": {"elo": 1124.5265657948394, "gxe": 61.2, "rpr": 1588.581559572754, "rprd": 93.27168828918032, "w": 6, "l": 2, "coil": null}, "gen9championsvgc2026regma": {"elo": 1227.5661095527237, "gxe": 57.4, "rpr": 1557.029536714429, "rprd": 66.64009484603251, "w": 15, "l": 8, "coil": null}, "gen9megainvasionrandombattle": {"elo": 1232.915686557539, "gxe": 64.3, "rpr": 1612.8309433871405, "rprd": 66.99434564944485, "w": 15, "l": 7, "coil": null}, "gen9monotyperandombattle": {"elo": 1091.8159347764379, "gxe": 59.1, "rpr": 1572.6937748972914, "rprd": 115.36643418557105, "w": 2, "l": 0, "coil": null}, "gen9randombattle": {"elo": 1314.051904663231, "gxe": 65.3, "rpr": 1621.3812792284923, "rprd": 75.41176907345049, "w": 12, "l": 4, "coil": null}, "gen9randombattlesharedpowerb12p6": {"elo": 1045.2034519530214, "gxe": 47.4, "rpr": 1479.4399338060427, "rprd": 106.99053892785396, "w": 2, "l": 2, "coil": null}, "gen9randomdoublesbattle": {"elo": 1110.7663927837457, "gxe": 56.4, "rpr": 1550.5700660302882, "rprd": 98.26677665315258, "w": 4, "l": 2, "coil": null}, "gen9randomroulette": {"elo": 1029.352228707059, "gxe": 49.6, "rpr": 1497.035952135796, "rprd": 117.34832437761443, "w": 1, "l": 1, "coil": null}}}