{"username": "kuhgjkxfg", "userid": "kuhgjkxfg", "registertime": 0, "group": 0, "ratings": {"gen9randombattle": {"elo": 1258.0161157156797, "gxe": 49.7, "rpr": 1497.8341940664554, "rprd": 49.36056897824352, "w": 26, "l": 22, "coil": null}}}