{"username": "Kuroko1213", "userid": "kuroko1213", "registertime": 1658966400, "group": 1, "ratings": {"gen7randombattle": {"elo": 1000, "gxe": 35, "rpr": 1378.3530186483, "rprd": 106.91164920561, "w": 0, "l": 4, "coil": null}, "gen8anythinggoes": {"elo": 1040, "gxe": 55, "rpr": 1540.1606143388, "rprd": 122.8583080769, "w": 1, "l": 0, "coil": null}, "gen8randombattle": {"elo": 1037.8724434082, "gxe": 37.3, "rpr": 1399.9479396821, "rprd": 75.08328705534, "w": 6, "l": 10, "coil": null}, "gen8randomdoublesbattle": {"elo": 1000, "gxe": 41.3, "rpr": 1429.6946852977, "rprd": 117.95370900586, "w": 0, "l": 2, "coil": null}, "gen9randombattle": {"elo": 1185.698818876708, "gxe": 42.1, "rpr": 1439.4874540825397, "rprd": 36.37393902571434, "w": 85, "l": 101, "coil": null}}}