{"username": "Kvngnick18", "userid": "kvngnick18", "registertime": 1662163200, "group": 1, "ratings": {"gen8randombattle": {"elo": 1318.587150567, "gxe": 60.6, "rpr": 1581.7376617481, "rprd": 40.800224967536, "w": 174, "l": 158, "coil": null}, "gen9championsou": {"elo": 1078.357895886325, "gxe": 40.7, "rpr": 1427.7659291912314, "rprd": 72.56263126214387, "w": 10, "l": 14, "coil": null}, "gen9legendszaou": {"elo": 1284.3634649538853, "gxe": 57.1, "rpr": 1554.330417555688, "rprd": 40.55185920290334, "w": 69, "l": 56, "coil": null}, "gen9nationaldex": {"elo": 1197.2622873444732, "gxe": 43.7, "rpr": 1451.700905846146, "rprd": 71.70792308477264, "w": 186, "l": 191, "coil": null}, "gen9nationaldexubers": {"elo": 1068.9382865299656, "gxe": 48.2, "rpr": 1485.5159364687859, "rprd": 107.16676596396051, "w": 2, "l": 2, "coil": null}, "gen9ou": {"elo": 1319.3686542291996, "gxe": 54.9, "rpr": 1538.366651672122, "rprd": 94.83959816026288, "w": 275, "l": 265, "coil": null}, "gen9randombattle": {"elo": 1923.8018859780111, "gxe": 81.8, "rpr": 1782.8521758872544, "rprd": 27.424454143457446, "w": 4796, "l": 4524, "coil": null}}}