{"username": "kytfvb2", "userid": "kytfvb2", "registertime": 1672531200, "group": 1, "ratings": {"gen9alphabetcup": {"elo": 1077.1928626612, "gxe": 47.2, "rpr": 1477.1660144599, "rprd": 137.86695999926, "w": 4, "l": 4, "coil": null}, "gen9ou": {"elo": 1374.2899331451722, "gxe": 58.4, "rpr": 1564.1191606378557, "rprd": 28.326444768889257, "w": 166, "l": 156, "coil": null}, "gen9randombattle": {"elo": 1945.3680934170832, "gxe": 80.7, "rpr": 1769.4643605422061, "rprd": 29.4563457460404, "w": 196, "l": 149, "coil": null}, "gen9randombattleblitz": {"elo": 1090.3555548486518, "gxe": 50.9, "rpr": 1506.7971278351376, "rprd": 122.92290273646424, "w": 7, "l": 7, "coil": null}, "gen9vgc2023series1": {"elo": 1295.3471251281, "gxe": 56.2, "rpr": 1547.4451068477, "rprd": 48.614471717282, "w": 29, "l": 20, "coil": null}}}