{"username": "labrys#031", "userid": "labrys031", "registertime": 1570579200, "group": 1, "ratings": {"gen3ou": {"elo": 1082.5010159937854, "gxe": 34.5, "rpr": 1378.2162584083408, "rprd": 49.37314697730569, "w": 26, "l": 37, "coil": null}, "gen4ou": {"elo": 1140.3958419347, "gxe": 49.1, "rpr": 1493.3773136692, "rprd": 61.394593311462, "w": 16, "l": 16, "coil": null}, "gen5ou": {"elo": 1124.0763865394, "gxe": 56.3, "rpr": 1548.3469383389, "rprd": 70.893068514974, "w": 11, "l": 10, "coil": null}, "gen6randombattle": {"elo": 1498.35000622, "gxe": 76.2, "rpr": 1720.6622961967, "rprd": 43.766987417006, "w": 42, "l": 20, "coil": null}, "gen7doublesou": {"elo": 1246.1266067564, "gxe": 60.5, "rpr": 1595.2586388089, "rprd": 220.19173328016, "w": 22, "l": 8, "coil": null}, "gen7ou": {"elo": 1298.7338322235, "gxe": 54.7, "rpr": 1536.3635305044, "rprd": 63.775454926438, "w": 23, "l": 14, "coil": null}, "gen7randombattle": {"elo": 1201.0321233323, "gxe": 55.2, "rpr": 1540.4011380871, "rprd": 69.91124010645, "w": 16, "l": 10, "coil": null}, "gen7randomdoublesbattle": {"elo": 1000, "gxe": 41.3, "rpr": 1430.1332848574, "rprd": 116.73315578942, "w": 0, "l": 2, "coil": null}, "gen7uu": {"elo": 1159.8567226378, "gxe": 46.5, "rpr": 1469.0519054294, "rprd": 218.65926036401, "w": 29, "l": 30, "coil": null}, "gen8doublesou": {"elo": 1050.2936803939, "gxe": 51.3, "rpr": 1511.3108094609, "rprd": 217.48172116176, "w": 26, "l": 23, "coil": null}, "gen8monotype": {"elo": 1499.2904367051, "gxe": 78.2, "rpr": 1744.0953214446, "rprd": 65.388356445969, "w": 159, "l": 114, "coil": null}, "gen8ou": {"elo": 1358.5462287042, "gxe": 56.6, "rpr": 1549.8308383644, "rprd": 37.576534807255, "w": 170, "l": 167, "coil": null}, "gen8randombattle": {"elo": 1384.486769845, "gxe": 59.2, "rpr": 1574.7020641107, "rprd": 130, "w": 129, "l": 108, "coil": null}, "gen8randomdoublesbattle": {"elo": 1321.8103376042, "gxe": 57.5, "rpr": 1568.2890146924, "rprd": 224.98644536016, "w": 54, "l": 44, "coil": null}, "gen8ru": {"elo": 1094.0615807421, "gxe": 52.6, "rpr": 1523.6875917763, "rprd": 227.44166738686, "w": 6, "l": 5, "coil": null}, "gen8uu": {"elo": 1174.5848107243, "gxe": 52.9, "rpr": 1524.9229919583, "rprd": 186.95672582616, "w": 102, "l": 91, "coil": null}, "gen8vgc2020": {"elo": 1000, "gxe": 31.2, "rpr": 1345.2344961695, "rprd": 102.6266359666, "w": 0, "l": 5, "coil": null}, "gen8vgc2021": {"elo": 1000, "gxe": 34.4, "rpr": 1373.3246196944, "rprd": 106.59139363953, "w": 0, "l": 4, "coil": null}, "gen9championsou": {"elo": 1049.2038513633202, "gxe": 40.6, "rpr": 1426.649774651861, "rprd": 82.9407828894831, "w": 4, "l": 8, "coil": null}, "gen9championsvgc2026regma": {"elo": 1057.9116915931834, "gxe": 45.3, "rpr": 1463.2769493791043, "rprd": 84.70007275515701, "w": 5, "l": 6, "coil": null}, "gen9monotype": {"elo": 1464.6170820272605, "gxe": 69, "rpr": 1651.125553021309, "rprd": 33.3052754971439, "w": 81, "l": 52, "coil": 2731.381195997604}, "gen9ou": {"elo": 1389.2426120969183, "gxe": 57.5, "rpr": 1559.2477631818317, "rprd": 100.98012379194292, "w": 316, "l": 303, "coil": null}, "gen9randombattle": {"elo": 1558.3161003020743, "gxe": 71.4, "rpr": 1673.541937019061, "rprd": 48.62282460412514, "w": 1913, "l": 1763, "coil": null}, "gen9randombattleblitz": {"elo": 1052.8880299098607, "gxe": 55, "rpr": 1540.1606143390134, "rprd": 122.85830807679145, "w": 1, "l": 0, "coil": null}, "gen9uu": {"elo": 1137.2828917496777, "gxe": 50.4, "rpr": 1503.0934674543842, "rprd": 106.91373137325041, "w": 7, "l": 7, "coil": null}}}