{"username": "Lachrymose", "userid": "lachrymose", "registertime": 1383696000, "group": 1, "ratings": {"1v1": {"elo": 1024.8524594447, "gxe": 48.6, "rpr": 1489.255435501, "rprd": 116.72886039623, "w": 1, "l": 1, "coil": null}, "battlefactory": {"elo": 1097.4386709506, "gxe": 48.4, "rpr": 1487.7042308928, "rprd": 60.180238105375, "w": 15, "l": 18, "coil": null}, "gen1randombattle": {"elo": 1499.504302514, "gxe": 74.7, "rpr": 1711.9984217066, "rprd": 100.16630007759, "w": 589, "l": 472, "coil": null}, "gen2randombattle": {"elo": 1167.9096495098265, "gxe": 82.7, "rpr": 1814.4072114643386, "rprd": 130, "w": 16, "l": 11, "coil": null}, "gen3randombattle": {"elo": 1323.0274371099151, "gxe": 47.7, "rpr": 1482.1437949520216, "rprd": 106.46154683991374, "w": 29, "l": 14, "coil": null}, "gen4randombattle": {"elo": 1069.4705074665878, "gxe": 53.9, "rpr": 1530.9110161539747, "rprd": 101.36281533681999, "w": 3, "l": 2, "coil": null}, "gen6battlefactory": {"elo": 1234.1388712174, "gxe": 71.7, "rpr": 1677.7257718112, "rprd": 59.77215600677, "w": 30, "l": 13, "coil": null}, "gen7battlefactory": {"elo": 1386.3119084452, "gxe": 65.5, "rpr": 1643.1418073866, "rprd": 219.69643190868, "w": 92, "l": 63, "coil": null}, "gen7bssfactory": {"elo": 1000, "gxe": 28.4, "rpr": 1319.4747286964, "rprd": 96.483929961644, "w": 0, "l": 7, "coil": null}, "gen7monotyperandombattle": {"elo": 1499.1097398959, "gxe": 73.2, "rpr": 1699.2768680756, "rprd": 113.27202019588, "w": 113, "l": 63, "coil": null}, "gen7ou": {"elo": 1124.9667970228, "gxe": 56.1, "rpr": 1547.9446976141, "rprd": 95.413170686714, "w": 5, "l": 2, "coil": null}, "gen7randombattle": {"elo": 1374.2625988683, "gxe": 70, "rpr": 1668.5513414728, "rprd": 116.80656601221, "w": 521, "l": 454, "coil": null}, "gen7uu": {"elo": 1432.692090391, "gxe": 70.4, "rpr": 1694.4767381023, "rprd": 222.24195910308, "w": 169, "l": 116, "coil": null}, "gen8monotyperandombattle": {"elo": 1499.1968684106, "gxe": 72, "rpr": 1696.0384449835, "rprd": 159.66310903602, "w": 149, "l": 106, "coil": null}, "gen8randombattle": {"elo": 1399.8262178, "gxe": 70.8, "rpr": 1699.7611388687, "rprd": 225.08854017675, "w": 49, "l": 33, "coil": null}, "gen9randombattle": {"elo": 2095.5573595790156, "gxe": 83.2, "rpr": 1801.5053040518085, "rprd": 27.6366884135385, "w": 2178, "l": 2056, "coil": null}, "pu": {"elo": 1280.9592439119, "gxe": 68.7, "rpr": 1650.3156346645, "rprd": 59.709097851424, "w": 21, "l": 10, "coil": null}}}