{"username": "lahat", "userid": "lahat", "registertime": 1709942400, "group": 1, "ratings": {"gen1randombattleblitz": {"elo": 1000, "gxe": 38.6, "rpr": 1407.9594653929, "rprd": 111.43237783352, "w": 0, "l": 3, "coil": null}, "gen6randombattle": {"elo": 1024.4143931489, "gxe": 46.3, "rpr": 1470.9775301652, "rprd": 101.73951538717, "w": 2, "l": 3, "coil": null}, "gen7randombattle": {"elo": 1000, "gxe": 44.9, "rpr": 1459.4023595131, "rprd": 121.81981909439, "w": 0, "l": 1, "coil": null}, "gen8anythinggoes": {"elo": 1073.5644068827, "gxe": 50.8, "rpr": 1506.0122157464, "rprd": 99.428829252151, "w": 4, "l": 3, "coil": null}, "gen8joltemonsrandombattle": {"elo": 1028.4099318319, "gxe": 50, "rpr": 1500, "rprd": 116.77753930647, "w": 1, "l": 1, "coil": null}, "gen8monotyperandombattle": {"elo": 1046.0229251924, "gxe": 55, "rpr": 1540.0059031365, "rprd": 122.53076921916, "w": 1, "l": 0, "coil": null}, "gen8randombattle": {"elo": 1277.3745582737201, "gxe": 57.4, "rpr": 1558.6666389330444, "rprd": 111.98745912064823, "w": 17, "l": 16, "coil": null}, "gen8randomdoublesbattle": {"elo": 1187.4885202938, "gxe": 53.7, "rpr": 1531.6024305799, "rprd": 172.30111917588, "w": 24, "l": 36, "coil": null}, "gen8vgc2021series10": {"elo": 1026.4393260958, "gxe": 46.7, "rpr": 1474.0248623546, "rprd": 116.52883878024, "w": 1, "l": 1, "coil": null}, "gen8vgc2021series11": {"elo": 1040.1677481913, "gxe": 41.1, "rpr": 1429.6947576079, "rprd": 95.484272032269, "w": 3, "l": 5, "coil": null}, "gen9anythinggoes": {"elo": 1207.6332688267048, "gxe": 55.1, "rpr": 1539.5130892805066, "rprd": 91.73622409386712, "w": 20, "l": 14, "coil": null}, "gen9balancedhackmons": {"elo": 1087.2676522944457, "gxe": 40.4, "rpr": 1422.60957170262, "rprd": 115.29965832361226, "w": 15, "l": 17, "coil": null}, "gen9fortemons": {"elo": 1049.2394670278, "gxe": 41.3, "rpr": 1423.2630417308, "rprd": 198.15552989038, "w": 2, "l": 4, "coil": null}, "gen9hackmonscup": {"elo": 1112.8400828872166, "gxe": 59.4, "rpr": 1575.2241639451595, "rprd": 112.97229365372887, "w": 3, "l": 0, "coil": null}, "gen9randombattle": {"elo": 1072.2957185957155, "gxe": 37.7, "rpr": 1403.0812930172742, "rprd": 83.17097197359523, "w": 489, "l": 511, "coil": null}, "gen9randomdoublesbattle": {"elo": 1024.1699499983415, "gxe": 47.5, "rpr": 1480.4123065441495, "rprd": 116.508664887777, "w": 1, "l": 1, "coil": null}}}