{"username": "laius", "userid": "laius", "registertime": 1368748800, "group": 1, "ratings": {"gen1randombattle": {"elo": 1312.4468141648772, "gxe": 73.2, "rpr": 1700.5582821481412, "rprd": 122.11758723740374, "w": 18, "l": 8, "coil": null}, "gen2randombattle": {"elo": 1189.8038615569, "gxe": 65.5, "rpr": 1633.6094099305, "rprd": 165.0940971597, "w": 18, "l": 12, "coil": null}, "gen3randombattle": {"elo": 1159.320923495415, "gxe": 61, "rpr": 1583.4735997626672, "rprd": 66.59559078735455, "w": 14, "l": 9, "coil": null}, "gen4randombattle": {"elo": 1043.3415764286, "gxe": 50.2, "rpr": 1501.2047115667, "rprd": 123.28104665914, "w": 2, "l": 3, "coil": null}, "gen5randombattle": {"elo": 1491.3413306216, "gxe": 72.5, "rpr": 1696.2024723564, "rprd": 135.58082321804, "w": 87, "l": 57, "coil": null}, "gen6randombattle": {"elo": 1499.2164968185, "gxe": 73.4, "rpr": 1705.9385250898, "rprd": 136.65568568407, "w": 179, "l": 135, "coil": null}, "gen7battlefactory": {"elo": 1384.0858456762, "gxe": 68.9, "rpr": 1660.8236701985, "rprd": 133.01869644271, "w": 178, "l": 117, "coil": null}, "gen7challengecup1v1": {"elo": 1097.6294365811, "gxe": 54.9, "rpr": 1538.4373800041, "rprd": 104.09537713455, "w": 5, "l": 4, "coil": null}, "gen7hackmonscup": {"elo": 1057.2591360586, "gxe": 49.2, "rpr": 1494.006872137, "rprd": 106.93142687192, "w": 2, "l": 2, "coil": null}, "gen7letsgorandombattle": {"elo": 1040, "gxe": 55, "rpr": 1540.1606143388, "rprd": 122.8583080769, "w": 1, "l": 0, "coil": null}, "gen7ou": {"elo": 1342.5301171317, "gxe": 62.9, "rpr": 1600.7801451093, "rprd": 64.826430480562, "w": 26, "l": 13, "coil": null}, "gen7randombattle": {"elo": 1520.5413149592225, "gxe": 70.9, "rpr": 1668.5581894815325, "rprd": 33.54675663698731, "w": 3692, "l": 3486, "coil": null}, "gen8battlefactory": {"elo": 1198.2469229548, "gxe": 63.9, "rpr": 1617.4020187976, "rprd": 151.25031122483, "w": 13, "l": 8, "coil": null}, "gen8bdsprandombattle": {"elo": 1138.2746706972, "gxe": 53.3, "rpr": 1524.9542854072, "rprd": 52.7745758706, "w": 27, "l": 26, "coil": null}, "gen8bssfactory": {"elo": 1040, "gxe": 55, "rpr": 1540.1606143390134, "rprd": 122.85830807679145, "w": 1, "l": 0, "coil": null}, "gen8challengecup1v1": {"elo": 1095.5236119868, "gxe": 38.6, "rpr": 1411.2386071122, "rprd": 67.161507422704, "w": 8, "l": 14, "coil": null}, "gen8hackmonscup": {"elo": 1112.8272151878045, "gxe": 65.1, "rpr": 1622.8510751510858, "rprd": 108.01162872994547, "w": 4, "l": 0, "coil": null}, "gen8joltemonsrandombattle": {"elo": 1049.8960020717, "gxe": 56.8, "rpr": 1554.8324500198, "rprd": 123.17387052482, "w": 1, "l": 0, "coil": null}, "gen8monotyperandombattle": {"elo": 1249.073339638, "gxe": 63.2, "rpr": 1603.9927338479, "rprd": 69.193071073731, "w": 16, "l": 7, "coil": null}, "gen8randombattle": {"elo": 1420.2238344783, "gxe": 65.4, "rpr": 1633.8477511074, "rprd": 173.75338442093, "w": 2881, "l": 2787, "coil": null}, "gen8randomdoublesbattle": {"elo": 1193.6321802517, "gxe": 56.1, "rpr": 1552.3805020646, "rprd": 188.51834471103, "w": 10, "l": 6, "coil": null}, "gen8superstaffbros4": {"elo": 1080.7461094779997, "gxe": 59.8, "rpr": 1578.2414358220274, "rprd": 112.62817286557431, "w": 2, "l": 1, "coil": null}, "gen91v1": {"elo": 1151.0528255156444, "gxe": 45.5, "rpr": 1464.2696197850953, "rprd": 121.80578786815701, "w": 24, "l": 26, "coil": null}, "gen9challengecup2v2": {"elo": 1040, "gxe": 55, "rpr": 1540.1606143388, "rprd": 122.8583080769, "w": 1, "l": 0, "coil": null}, "gen9computergeneratedteams": {"elo": 1145.9559821398548, "gxe": 66.5, "rpr": 1634.960951382055, "rprd": 103.13171438345816, "w": 5, "l": 0, "coil": null}, "gen9monotype": {"elo": 1102.7418506535341, "gxe": 42.1, "rpr": 1439.2405089589017, "rprd": 61.24913733489704, "w": 125, "l": 130, "coil": 1674.8698610199401}, "gen9randombattle": {"elo": 1558.0695139901045, "gxe": 62.7, "rpr": 1597.5894603598672, "rprd": 27.456451898360832, "w": 16367, "l": 16257, "coil": null}, "gen9randombattleblitz": {"elo": 1040, "gxe": 55, "rpr": 1540.1606143388, "rprd": 122.8583080769, "w": 1, "l": 0, "coil": null}, "gen9randomdoublesbattle": {"elo": 1000, "gxe": 40, "rpr": 1419.2036110628962, "rprd": 116.18024726927011, "w": 0, "l": 2, "coil": null}, "randomdoublesbattle": {"elo": 1118.8603936274, "gxe": 61.4, "rpr": 1591.43116482, "rprd": 102.0029867782, "w": 4, "l": 1, "coil": null}}}