{"username": "lalalaplant", "userid": "lalalaplant", "registertime": 1590192000, "group": 1, "ratings": {"gen7ou": {"elo": 1499.990855403, "gxe": 72.6, "rpr": 1703.8390421945, "rprd": 168.50055829553, "w": 37, "l": 17, "coil": null}, "gen7randombattle": {"elo": 1207.1790714901, "gxe": 50.6, "rpr": 1504.4164746606, "rprd": 40.903003653757, "w": 73, "l": 67, "coil": null}, "gen8battlestadiumsingles": {"elo": 1088.0835223653, "gxe": 35.7, "rpr": 1387.4531788481, "rprd": 64.710977748492, "w": 8, "l": 16, "coil": null}, "gen8ou": {"elo": 1383.5261422883, "gxe": 58.7, "rpr": 1578.2856603383, "rprd": 213.23868199674, "w": 183, "l": 173, "coil": null}, "gen8oublitz": {"elo": 1132.1649589706, "gxe": 70, "rpr": 1670.6031380274, "rprd": 130, "w": 4, "l": 0, "coil": null}, "gen8randombattle": {"elo": 1414.5397119985, "gxe": 65.5, "rpr": 1635.4035301027, "rprd": 175.27864313637, "w": 1463, "l": 1456, "coil": null}, "gen8uu": {"elo": 1271.0722647198, "gxe": 54.2, "rpr": 1536.79626313, "rprd": 194.6520347151, "w": 40, "l": 32, "coil": null}, "gen9nationaldex": {"elo": 1170.385488185411, "gxe": 49.2, "rpr": 1493.8740778883366, "rprd": 37.61133963095709, "w": 61, "l": 56, "coil": null}, "gen9randombattle": {"elo": 1865.0321029852769, "gxe": 81, "rpr": 1773.554646204636, "rprd": 25.798450446252417, "w": 11007, "l": 10775, "coil": null}, "gen9randomdoublesbattle": {"elo": 1044.8692699358235, "gxe": 55, "rpr": 1539.7983754934205, "rprd": 121.86321796192654, "w": 1, "l": 0, "coil": null}}}