{"username": "Lantern Snake", "userid": "lanternsnake", "registertime": 1399075200, "group": 1, "ratings": {"battlefactory": {"elo": 1023.6293027734, "gxe": 45.5, "rpr": 1464.0980758963, "rprd": 111.19484737404, "w": 1, "l": 2, "coil": null}, "challengecup1v1": {"elo": 1128.6232443687, "gxe": 54.6, "rpr": 1536.0293452396, "rprd": 88.067863101533, "w": 9, "l": 7, "coil": null}, "digimondigimonshowdownsingles": {"elo": 1040, "gxe": 55, "rpr": 1540.1606143388, "rprd": 122.8583080769, "w": 1, "l": 0, "coil": null}, "doublesou": {"elo": 1042.2797262272, "gxe": 40.6, "rpr": 1425.4057768948, "rprd": 100.05493635655, "w": 2, "l": 4, "coil": null}, "doublesuu": {"elo": 1079.6904909293, "gxe": 45.2, "rpr": 1463.3846072897, "rprd": 64.636494597946, "w": 33, "l": 45, "coil": null}, "gen1randombattle": {"elo": 1099.2385685803483, "gxe": 41, "rpr": 1427.0696681966851, "rprd": 130, "w": 12, "l": 10, "coil": null}, "gen2ou": {"elo": 1000, "gxe": 45, "rpr": 1459.8393856612, "rprd": 122.8583080769, "w": 0, "l": 1, "coil": null}, "gen2randombattle": {"elo": 1091.5148141738, "gxe": 61.8, "rpr": 1595.8502332692, "rprd": 124.16146376493, "w": 2, "l": 0, "coil": null}, "gen3ou": {"elo": 1217.5162853731879, "gxe": 43.2, "rpr": 1445.6923816707645, "rprd": 115.5969037938321, "w": 85, "l": 78, "coil": null}, "gen3randombattle": {"elo": 1386.8681522801749, "gxe": 68.7, "rpr": 1655.5845417471144, "rprd": 109.67079184107651, "w": 122, "l": 69, "coil": null}, "gen4ou": {"elo": 1373.8625280674, "gxe": 66, "rpr": 1627.1499260299, "rprd": 69.994533089748, "w": 140, "l": 135, "coil": null}, "gen4randombattle": {"elo": 1515.923082419834, "gxe": 77.9, "rpr": 1749.2675635465405, "rprd": 109.9558535364518, "w": 60, "l": 27, "coil": null}, "gen5ou": {"elo": 1121.2963362988, "gxe": 55.4, "rpr": 1541.2963287519, "rprd": 63.645421796876, "w": 19, "l": 15, "coil": null}, "gen5randombattle": {"elo": 1450.1708456306, "gxe": 78.9, "rpr": 1758.9172453014, "rprd": 103.57717266403, "w": 25, "l": 8, "coil": null}, "gen6ou": {"elo": 1194.054896, "gxe": 61.6, "rpr": 1589.7431890555, "rprd": 58.384296493186, "w": 28, "l": 21, "coil": null}, "gen6randombattle": {"elo": 1511.812211634965, "gxe": 78.1, "rpr": 1755.787847407442, "rprd": 130, "w": 47, "l": 23, "coil": null}, "gen71v1": {"elo": 1328.501596252, "gxe": 52, "rpr": 1515.5543373374, "rprd": 50.346380128614, "w": 116, "l": 129, "coil": null}, "gen7battlespotdoubles": {"elo": 1243.9676866323, "gxe": 66.3, "rpr": 1630.0298946192, "rprd": 70.588966759172, "w": 43, "l": 27, "coil": null}, "gen7challengecup": {"elo": 1052.9346105725, "gxe": 55, "rpr": 1540.1606143388, "rprd": 122.8583080769, "w": 1, "l": 0, "coil": null}, "gen7challengecup1v1": {"elo": 1199.363268605, "gxe": 49.8, "rpr": 1498.3633719255, "rprd": 94.545152826313, "w": 32, "l": 23, "coil": null}, "gen7doublesou": {"elo": 1217.1227672644, "gxe": 50.7, "rpr": 1505.5706926995, "rprd": 112.88894635101, "w": 40, "l": 39, "coil": null}, "gen7doublesubers": {"elo": 1255.0655982412, "gxe": 63.3, "rpr": 1609.3480779033, "rprd": 130, "w": 17, "l": 8, "coil": null}, "gen7doublesuu": {"elo": 1239.6747365511, "gxe": 62.5, "rpr": 1597.7010101071, "rprd": 71.133533468066, "w": 148, "l": 128, "coil": null}, "gen7hackmonscup": {"elo": 1396.7043808941, "gxe": 77.3, "rpr": 1744.0348944577, "rprd": 119.86135974155, "w": 25, "l": 10, "coil": null}, "gen7monotype": {"elo": 1277.024350407, "gxe": 56.5, "rpr": 1559.5132195063, "rprd": 232.84234175624, "w": 34, "l": 24, "coil": null}, "gen7monotypebattlefactory": {"elo": 1051.8892795707, "gxe": 55.6, "rpr": 1545.086872027, "rprd": 122.14108252882, "w": 1, "l": 0, "coil": null}, "gen7nu": {"elo": 1284.8218736194, "gxe": 60.7, "rpr": 1583.312976914, "rprd": 74.305090380297, "w": 90, "l": 74, "coil": null}, "gen7ou": {"elo": 1306.1959305274, "gxe": 51.2, "rpr": 1508.9689625169, "rprd": 60.102530766775, "w": 189, "l": 183, "coil": null}, "gen7oublitz": {"elo": 1180.2828484426, "gxe": 56.5, "rpr": 1550.0579135261, "rprd": 59.621723279871, "w": 22, "l": 17, "coil": null}, "gen7pokebankdoublesou": {"elo": 1073.4282922632, "gxe": 51, "rpr": 1508.0945415423, "rprd": 99.140190725364, "w": 3, "l": 3, "coil": null}, "gen7pu": {"elo": 1293.6363101247, "gxe": 58.7, "rpr": 1567.2701294415, "rprd": 61.236368375109, "w": 223, "l": 213, "coil": null}, "gen7randombattle": {"elo": 1565.0269727729408, "gxe": 84.4, "rpr": 1840.137550459656, "rprd": 130, "w": 1014, "l": 806, "coil": null}, "gen7randomdoublesbattle": {"elo": 1499.7061035726, "gxe": 77.8, "rpr": 1740.0031899261, "rprd": 66.114447629414, "w": 924, "l": 768, "coil": null}, "gen7ru": {"elo": 1340.5388602625, "gxe": 60.7, "rpr": 1597.8414085836, "rprd": 221.91095363688, "w": 176, "l": 158, "coil": null}, "gen7suicidecup": {"elo": 1074.0725641859, "gxe": 48.2, "rpr": 1486.4075356062, "rprd": 71.70323260898, "w": 9, "l": 10, "coil": null}, "gen7superstaffbrosbrawl": {"elo": 1112.7687682217, "gxe": 55.3, "rpr": 1541.8988698812, "rprd": 111.96167723214, "w": 6, "l": 3, "coil": null}, "gen7ubers": {"elo": 1138.5788964529, "gxe": 54.3, "rpr": 1538.7311836117, "rprd": 225.00984046766, "w": 10, "l": 6, "coil": null}, "gen7uu": {"elo": 1408.29984672, "gxe": 64.8, "rpr": 1638.0650156815, "rprd": 226.30625748336, "w": 128, "l": 116, "coil": null}, "gen8bdsprandombattle": {"elo": 1499.9073829667, "gxe": 68.6, "rpr": 1683.8452782436, "rprd": 257.47794199054, "w": 221, "l": 164, "coil": null}, "gen8challengecup1v1": {"elo": 1229.0747300382, "gxe": 62.4, "rpr": 1598.2840474779, "rprd": 83.939184709669, "w": 9, "l": 3, "coil": null}, "gen8hackmonscup": {"elo": 1085.2053306631, "gxe": 54.1, "rpr": 1532.3134727979, "rprd": 96.000278691124, "w": 5, "l": 3, "coil": null}, "gen8monotyperandombattle": {"elo": 1446.1283741992, "gxe": 71.1, "rpr": 1671.9335334067, "rprd": 59.696513389057, "w": 443, "l": 334, "coil": null}, "gen8ou": {"elo": 1223.6402711772, "gxe": 62.2, "rpr": 1596.8067673889, "rprd": 85.586225049652, "w": 12, "l": 4, "coil": null}, "gen8randombattle": {"elo": 1399.4741823768, "gxe": 74, "rpr": 1731.5277380939, "rprd": 213.75659501579, "w": 1512, "l": 1255, "coil": null}, "gen8randombattlenodmax": {"elo": 1085.6851771548, "gxe": 45.8, "rpr": 1466.6977090969, "rprd": 97.981862965525, "w": 2, "l": 4, "coil": null}, "gen8randomdoublesbattle": {"elo": 1499.1705581614, "gxe": 82.3, "rpr": 1810.0263320107, "rprd": 133.99784949878, "w": 1179, "l": 952, "coil": null}, "gen9brokencup": {"elo": 1197.1558565151, "gxe": 64.5, "rpr": 1628.1375163868, "rprd": 190.12539122114, "w": 8, "l": 2, "coil": null}, "gen9challengecup1v1": {"elo": 1274.5937401943886, "gxe": 55.5, "rpr": 1542.3216891456254, "rprd": 67.28393060452608, "w": 37, "l": 29, "coil": null}, "gen9challengecup2v2": {"elo": 1246.5574048155, "gxe": 71.2, "rpr": 1690.8916325411, "rprd": 172.84073627368, "w": 10, "l": 2, "coil": null}, "gen9championsrandombattle": {"elo": 1290.7614062004, "gxe": 61.2, "rpr": 1585.7041966134, "rprd": 35.216599267576, "w": 72, "l": 53, "coil": null}, "gen9computergeneratedteams": {"elo": 1040, "gxe": 55, "rpr": 1540.1606143390134, "rprd": 122.85830807679145, "w": 1, "l": 0, "coil": null}, "gen9monotyperandombattle": {"elo": 1451.3781646096486, "gxe": 75.1, "rpr": 1710.7450536417218, "rprd": 62.369005605662934, "w": 373, "l": 300, "coil": null}, "gen9randombattle": {"elo": 1862.9532178473225, "gxe": 82, "rpr": 1787.0608955963928, "rprd": 44.75260520128143, "w": 1162, "l": 939, "coil": null}, "gen9randomdoublesbattle": {"elo": 1521.6993109995954, "gxe": 69.3, "rpr": 1654.7377996862965, "rprd": 44.76283016449243, "w": 473, "l": 359, "coil": null}, "hackmonscup": {"elo": 1040, "gxe": 55, "rpr": 1540.1606143388, "rprd": 122.8583080769, "w": 1, "l": 0, "coil": null}, "lc": {"elo": 1079.76150894, "gxe": 58.3, "rpr": 1566.4058828251, "rprd": 116.93946355917, "w": 2, "l": 0, "coil": null}, "monogen": {"elo": 1056.5568307101, "gxe": 55.5, "rpr": 1544.4719468402, "rprd": 122.65130312575, "w": 1, "l": 0, "coil": null}, "nu": {"elo": 1064.989865287, "gxe": 48.9,