{"username": "LanYu", "userid": "lanyu", "registertime": 1625702400, "group": 1, "ratings": {"gen7randombattle": {"elo": 1304.7032698962032, "gxe": 81, "rpr": 1787.344579309524, "rprd": 112.1619307369239, "w": 10, "l": 1, "coil": null}, "gen8ou": {"elo": 1372.234996535, "gxe": 56.7, "rpr": 1561.1891019291, "rprd": 227.36344544669, "w": 76, "l": 59, "coil": null}, "gen8oublitz": {"elo": 1040, "gxe": 55, "rpr": 1540.1606143388, "rprd": 122.8583080769, "w": 1, "l": 0, "coil": null}, "gen8randombattle": {"elo": 1399.1166688927, "gxe": 66.1, "rpr": 1635.1687260121, "rprd": 135.24495790133, "w": 125, "l": 90, "coil": null}, "gen9nationaldex": {"elo": 1432.16909958128, "gxe": 58.1, "rpr": 1563.0360599176906, "rprd": 77.98963532873508, "w": 99, "l": 86, "coil": null}, "gen9nationaldexuu": {"elo": 1135.9595807314352, "gxe": 59.4, "rpr": 1575.1686142892363, "rprd": 116.42583492013948, "w": 5, "l": 3, "coil": null}, "gen9ou": {"elo": 1412.3326381683744, "gxe": 56.3, "rpr": 1548.1438871950386, "rprd": 57.544666126944776, "w": 89, "l": 74, "coil": null}, "gen9randombattle": {"elo": 1660.6691804531047, "gxe": 73.9, "rpr": 1697.2328565158411, "rprd": 39.683333121390696, "w": 478, "l": 369, "coil": null}, "gen9ru": {"elo": 1205.3021543691898, "gxe": 63.6, "rpr": 1607.1026392328445, "rprd": 68.90479738426693, "w": 13, "l": 8, "coil": 2019.17413810355}, "gen9uu": {"elo": 1040, "gxe": 55, "rpr": 1540.1606143390134, "rprd": 122.85830807679145, "w": 1, "l": 0, "coil": null}}}