{"username": "Lastmu", "userid": "lastmu", "registertime": 1653177600, "group": 1, "ratings": {"gen8bdsprandombattle": {"elo": 1103.0374228293, "gxe": 41.2, "rpr": 1432.2234098586, "rprd": 46.345651391825, "w": 34, "l": 48, "coil": null}, "gen8monotyperandombattle": {"elo": 1105.8549069425, "gxe": 61.9, "rpr": 1596.2696650695, "rprd": 110.81085337211, "w": 3, "l": 0, "coil": null}, "gen8randombattle": {"elo": 1091.0141311009, "gxe": 46.6, "rpr": 1474.2166769206, "rprd": 61.493997084385, "w": 15, "l": 14, "coil": null}, "gen8roulettemonsrandombattle": {"elo": 1040, "gxe": 55, "rpr": 1540.1606143388, "rprd": 122.8583080769, "w": 1, "l": 0, "coil": null}, "gen9monotyperandombattle": {"elo": 1028.9822359199286, "gxe": 42.5, "rpr": 1440.0117279649467, "rprd": 111.40660150176599, "w": 1, "l": 2, "coil": null}, "gen9ou": {"elo": 1135.7518491800452, "gxe": 45, "rpr": 1460.9609466152938, "rprd": 83.28482871117642, "w": 18, "l": 14, "coil": null}, "gen9randombattle": {"elo": 1268.1287968768088, "gxe": 56.8, "rpr": 1551.673939362474, "rprd": 26.679380852256468, "w": 3040, "l": 3045, "coil": null}, "gen9randombattleblitz": {"elo": 1048.6462113446407, "gxe": 51, "rpr": 1507.705837053376, "rprd": 122.27430471533826, "w": 1, "l": 1, "coil": null}, "gen9randomdoublesbattle": {"elo": 1303.4404252801014, "gxe": 53.8, "rpr": 1528.907540975467, "rprd": 67.14046879486112, "w": 330, "l": 325, "coil": null}, "gen9ubers": {"elo": 1115.8042461279938, "gxe": 51, "rpr": 1507.6540791514076, "rprd": 73.74220889905703, "w": 18, "l": 15, "coil": null}}}