{"username": "Latemaster", "userid": "latemaster", "registertime": 1568764800, "group": 1, "ratings": {"gen71v1": {"elo": 1033.1424079313, "gxe": 50, "rpr": 1500, "rprd": 116.77753930647, "w": 1, "l": 1, "coil": null}, "gen7ou": {"elo": 1086.6843708112, "gxe": 48.4, "rpr": 1487.1073797946, "rprd": 130, "w": 5, "l": 7, "coil": null}, "gen7randombattle": {"elo": 1294.8280385301, "gxe": 56.5, "rpr": 1549.7990791818, "rprd": 43.746970967164, "w": 205, "l": 198, "coil": null}, "gen7uu": {"elo": 1051.2214401883, "gxe": 54.7, "rpr": 1537.7180650569, "rprd": 121.94085471708, "w": 1, "l": 0, "coil": null}, "gen7vgc2017": {"elo": 1113.6404259073, "gxe": 42.5, "rpr": 1432.4617970196, "rprd": 221.23397939729, "w": 14, "l": 17, "coil": null}, "gen8randombattle": {"elo": 1237.3023306362, "gxe": 50.8, "rpr": 1506.5466740969, "rprd": 119.140105568, "w": 122, "l": 115, "coil": null}, "gen9randombattle": {"elo": 1416.7652809955916, "gxe": 56.2, "rpr": 1546.8683567964492, "rprd": 34.98563630056866, "w": 149, "l": 135, "coil": null}, "ou": {"elo": 1044.6604332895, "gxe": 43, "rpr": 1443.8736291306, "rprd": 120.36124085425, "w": 7, "l": 9, "coil": null}, "uu": {"elo": 1036.4869639109, "gxe": 44.2, "rpr": 1454.8219025861, "rprd": 97.142834199338, "w": 3, "l": 4, "coil": null}}}