{"username": "laundry&&&bias", "userid": "laundrybias", "registertime": 1707004800, "group": 1, "ratings": {"gen9randombattle": {"elo": 1860.5082224729958, "gxe": 80.4, "rpr": 1766.3454221493032, "rprd": 26.105824578516284, "w": 5704, "l": 5450, "coil": null}}}