{"username": "Laurie B", "userid": "laurieb", "registertime": 1779235200, "group": 1, "ratings": {"gen1ou": {"elo": 1000, "gxe": 44.2, "rpr": 1453.6644499089266, "rprd": 122.17441051995453, "w": 0, "l": 1, "coil": null}, "gen7randombattle": {"elo": 1570.6336992935564, "gxe": 72.4, "rpr": 1682.7079683091338, "rprd": 41.23613105519536, "w": 59, "l": 38, "coil": null}, "gen9randombattle": {"elo": 1044.5849307009835, "gxe": 55, "rpr": 1540.1606143390134, "rprd": 122.85830807679145, "w": 1, "l": 0, "coil": null}}}