{"username": "L.Chrollo", "userid": "lchrollo", "registertime": 1465516800, "group": 1, "ratings": {"gen1randombattle": {"elo": 1203.211086593407, "gxe": 61.8, "rpr": 1597.0597009790843, "rprd": 130, "w": 59, "l": 52, "coil": null}, "gen2randombattle": {"elo": 1213.9387728365982, "gxe": 56.1, "rpr": 1549.3563164423226, "rprd": 127.38744406112276, "w": 140, "l": 120, "coil": null}, "gen3randombattle": {"elo": 1281.1992972376013, "gxe": 64.8, "rpr": 1622.3776695618392, "rprd": 130, "w": 293, "l": 279, "coil": null}, "gen4randombattle": {"elo": 1245.4075894402, "gxe": 55, "rpr": 1538.7164753688, "rprd": 80.660333172789, "w": 90, "l": 82, "coil": null}, "gen5randombattle": {"elo": 1130.1869251908, "gxe": 52.7, "rpr": 1520.9582842376, "rprd": 64.220599654675, "w": 73, "l": 71, "coil": null}, "gen6randombattle": {"elo": 1261.51035077, "gxe": 64.1, "rpr": 1611.804711908, "rprd": 78.759719062789, "w": 20, "l": 11, "coil": null}, "gen7anythinggoes": {"elo": 1066.1981813402, "gxe": 54.2, "rpr": 1533.0891783611, "rprd": 111.51861011339, "w": 2, "l": 1, "coil": null}, "gen7battlefactory": {"elo": 1000, "gxe": 43.3, "rpr": 1446.3644103889, "rprd": 123.03901390902, "w": 0, "l": 1, "coil": null}, "gen7randombattle": {"elo": 1132.0646370666677, "gxe": 45.5, "rpr": 1464.6266300191887, "rprd": 96.02208346478437, "w": 34, "l": 34, "coil": null}, "gen8randombattle": {"elo": 1123.3537405518, "gxe": 62.6, "rpr": 1603.9429693911, "rprd": 130, "w": 5, "l": 2, "coil": null}, "gen9randombattle": {"elo": 1338.6068954749273, "gxe": 53.4, "rpr": 1525.7309851977661, "rprd": 37.2138302051597, "w": 2019, "l": 2050, "coil": null}, "ou": {"elo": 1014.5919994933, "gxe": 29.4, "rpr": 1332.5455063353, "rprd": 62.321888716646, "w": 9, "l": 19, "coil": null}}}