{"username": "lcx5294", "userid": "lcx5294", "registertime": 1715472000, "group": 1, "ratings": {"gen5randombattle": {"elo": 1040, "gxe": 55, "rpr": 1540.1606143390134, "rprd": 122.85830807679145, "w": 1, "l": 0, "coil": null}, "gen7ou": {"elo": 1240.7989195106334, "gxe": 58.4, "rpr": 1565.4877278762597, "rprd": 76.27523478170113, "w": 16, "l": 8, "coil": null}, "gen7randombattle": {"elo": 1000, "gxe": 45, "rpr": 1459.8393856609866, "rprd": 122.85830807679145, "w": 0, "l": 1, "coil": null}, "gen9babyrandombattle": {"elo": 1104.6997820885, "gxe": 54.6, "rpr": 1537.0180386538, "rprd": 134.03714391318, "w": 7, "l": 6, "coil": null}, "gen9metronomebattle": {"elo": 1000, "gxe": 35.8, "rpr": 1382.7454183265056, "rprd": 124.88939624892333, "w": 0, "l": 3, "coil": null}, "gen9monotyperandombattle": {"elo": 1357.321054331593, "gxe": 67.9, "rpr": 1642.296783950983, "rprd": 52.50444940333807, "w": 26, "l": 15, "coil": null}, "gen9randombattle": {"elo": 1488.665602336234, "gxe": 66.7, "rpr": 1631.830639757606, "rprd": 40.289793904044316, "w": 871, "l": 817, "coil": null}, "gen9randombattleblitz": {"elo": 1000, "gxe": 40.1, "rpr": 1420.5164919789593, "rprd": 116.77816750753769, "w": 0, "l": 2, "coil": null}, "gen9randombattlemayhem": {"elo": 1000, "gxe": 44.5, "rpr": 1455.9311750248419, "rprd": 122.40772629439208, "w": 0, "l": 1, "coil": null}, "gen9randombattlesharedpowerb12p6": {"elo": 1082.4986243689382, "gxe": 59.5, "rpr": 1576.2106932066881, "rprd": 115.97416800784922, "w": 2, "l": 0, "coil": null}, "gen9randomdoublesbattle": {"elo": 1303.7248486855872, "gxe": 55.5, "rpr": 1541.8621404417645, "rprd": 38.91226656347806, "w": 43, "l": 36, "coil": null}}}