{"username": "leafy30", "userid": "leafy30", "registertime": 1677542400, "group": 1, "ratings": {"gen6ou": {"elo": 1000, "gxe": 42, "rpr": 1436.2478555808, "rprd": 116.44713641203, "w": 0, "l": 2, "coil": null}, "gen7doublesou": {"elo": 1160.1863627564, "gxe": 59.1, "rpr": 1579.8566985781, "rprd": 197.89844812735, "w": 8, "l": 4, "coil": null}, "gen8doublesou": {"elo": 1129.2643560847, "gxe": 52.3, "rpr": 1518.964165076, "rprd": 168.43094667876, "w": 14, "l": 14, "coil": null}, "gen9doublesou": {"elo": 1198.8932096887, "gxe": 52.6, "rpr": 1520.0328613561, "rprd": 58.251682230696, "w": 19, "l": 14, "coil": null}, "gen9nationaldex": {"elo": 1061.951385434536, "gxe": 41.9, "rpr": 1434.4385079066356, "rprd": 130, "w": 35, "l": 36, "coil": null}, "gen9nationaldexubers": {"elo": 1150.8925341653758, "gxe": 47.1, "rpr": 1477.6525762557435, "rprd": 50.948896758235215, "w": 61, "l": 61, "coil": null}, "gen9nationaldexuu": {"elo": 1092.5230287913, "gxe": 44.1, "rpr": 1453.6579287188, "rprd": 86.871231599474, "w": 4, "l": 6, "coil": null}, "gen9ou": {"elo": 1069.0060871318015, "gxe": 35.7, "rpr": 1387.8113870713514, "rprd": 53.70383156951321, "w": 22, "l": 33, "coil": null}, "gen9randombattle": {"elo": 1382.4399835403478, "gxe": 57.5, "rpr": 1556.747465296486, "rprd": 31.035127653146244, "w": 2255, "l": 2266, "coil": null}, "gen9randombattleblitz": {"elo": 1000, "gxe": 44.3, "rpr": 1453.9412882661143, "rprd": 121.91286638085847, "w": 0, "l": 1, "coil": null}, "gen9ubers": {"elo": 1142.3670442944035, "gxe": 36.9, "rpr": 1398.169363584745, "rprd": 52.80438278739533, "w": 26, "l": 48, "coil": null}}}