{"username": "Le bolero", "userid": "lebolero", "registertime": 1704153600, "group": 1, "ratings": {"gen9championsou": {"elo": 1076.7679713107814, "gxe": 56.2, "rpr": 1549.6914290114141, "rprd": 119.24569051010849, "w": 2, "l": 0, "coil": null}, "gen9championsrandombattle": {"elo": 1049.3995381008847, "gxe": 50.1, "rpr": 1500.6388273243651, "rprd": 78.55959371741704, "w": 7, "l": 7, "coil": null}, "gen9legendszaou": {"elo": 1220.680940357895, "gxe": 52.1, "rpr": 1516.6765883927953, "rprd": 87.40877697877546, "w": 35, "l": 29, "coil": null}, "gen9monotype": {"elo": 1188.9653964296053, "gxe": 57.4, "rpr": 1559.5310445295888, "rprd": 126.86105862981624, "w": 15, "l": 7, "coil": 2155.7853708792777}, "gen9nationaldex": {"elo": 1000, "gxe": 25.2, "rpr": 1285.5774510495096, "rprd": 106.33764611524951, "w": 0, "l": 5, "coil": null}, "gen9nu": {"elo": 1122.2421758204189, "gxe": 43.9, "rpr": 1452.5870547798731, "rprd": 70.18454021222215, "w": 34, "l": 37, "coil": 1640.0062302987144}, "gen9ou": {"elo": 1242.8884135439641, "gxe": 39, "rpr": 1413.491686591793, "rprd": 87.36500396669862, "w": 78, "l": 66, "coil": null}, "gen9pu": {"elo": 1063.3381011335587, "gxe": 38.7, "rpr": 1408.4341502080977, "rprd": 123.00937954884752, "w": 5, "l": 7, "coil": 1033.1660471276066}, "gen9randombattle": {"elo": 1813.904276287318, "gxe": 77.2, "rpr": 1730.305551868306, "rprd": 31.999661865055216, "w": 2154, "l": 2030, "coil": null}, "gen9ru": {"elo": 1114.3107016466834, "gxe": 52.9, "rpr": 1522.2904575581758, "rprd": 67.04995658717603, "w": 35, "l": 29, "coil": 1961.5099143382217}, "gen9uu": {"elo": 1112.3887940051102, "gxe": 49.7, "rpr": 1498.050463686784, "rprd": 39.3914504759635, "w": 67, "l": 69, "coil": null}}}