{"username": "lectruist6", "userid": "lectruist6", "registertime": 1771804800, "group": 1, "ratings": {"gen9randombattle": {"elo": 1408.8417847927506, "gxe": 62.5, "rpr": 1596.4957255480708, "rprd": 31.351418879270533, "w": 322, "l": 296, "coil": null}, "gen9randombattleblitz": {"elo": 1097.4357252948505, "gxe": 49.6, "rpr": 1496.5011096988503, "rprd": 90.68953378749983, "w": 5, "l": 4, "coil": null}, "gen9randomdoublesbattle": {"elo": 1226.92791739414, "gxe": 66.9, "rpr": 1636.157341666216, "rprd": 87.54393551489542, "w": 10, "l": 2, "coil": null}}}