{"username": "LegacySaturn56", "userid": "legacysaturn56", "registertime": 1744329600, "group": 1, "ratings": {"gen1randombattle": {"elo": 1018.4406314875698, "gxe": 45.8, "rpr": 1466.8806136236567, "rprd": 116.08779288375601, "w": 1, "l": 2, "coil": null}, "gen2randombattle": {"elo": 1042.312007192195, "gxe": 54.6, "rpr": 1536.6442039383899, "rprd": 122.6538523385748, "w": 1, "l": 0, "coil": null}, "gen3randombattle": {"elo": 1052.1039110000454, "gxe": 54.5, "rpr": 1536.0897123200843, "rprd": 122.00246204987846, "w": 1, "l": 0, "coil": null}, "gen4randombattle": {"elo": 1040, "gxe": 46.9, "rpr": 1475.1627179135735, "rprd": 123.09975419569642, "w": 1, "l": 2, "coil": null}, "gen5randombattle": {"elo": 1081.4809570931714, "gxe": 40.3, "rpr": 1422.3091186543113, "rprd": 115.69360800256797, "w": 3, "l": 7, "coil": null}, "gen6randombattle": {"elo": 1091.6591415813919, "gxe": 59.6, "rpr": 1576.760248163829, "rprd": 115.08856283975828, "w": 2, "l": 0, "coil": null}, "gen7randombattle": {"elo": 1080.1818469842603, "gxe": 56.7, "rpr": 1552.9767916971339, "rprd": 98.7979346680264, "w": 4, "l": 2, "coil": null}, "gen8randombattle": {"elo": 1048.8063501999006, "gxe": 54.1, "rpr": 1532.7734431208205, "rprd": 122.80193169087768, "w": 1, "l": 0, "coil": null}, "gen9championsvgc2026regma": {"elo": 1117.1970272826663, "gxe": 47.4, "rpr": 1480.379343918368, "rprd": 57.422547848884555, "w": 17, "l": 18, "coil": null}, "gen9doublesou": {"elo": 1040, "gxe": 55, "rpr": 1540.1606143390134, "rprd": 122.85830807679145, "w": 1, "l": 0, "coil": null}, "gen9monotyperandombattle": {"elo": 1000, "gxe": 45.6, "rpr": 1465.155526208995, "rprd": 122.07083055929941, "w": 0, "l": 1, "coil": null}, "gen9pokebilitiesaaa": {"elo": 1223.4907049034616, "gxe": 60.1, "rpr": 1578.1588480776988, "rprd": 65.2537487509809, "w": 15, "l": 8, "coil": null}, "gen9randombattle": {"elo": 1958.0185109197705, "gxe": 81.6, "rpr": 1780.8412482623773, "rprd": 35.04998080062995, "w": 809, "l": 736, "coil": null}, "gen9randombattleblitz": {"elo": 1170.3143183345971, "gxe": 46, "rpr": 1469.42041892079, "rprd": 62.2415763354581, "w": 14, "l": 14, "coil": null}, "gen9randomdoublesbattle": {"elo": 1202.8502431069599, "gxe": 55.9, "rpr": 1546.299476663114, "rprd": 95.84380268968545, "w": 18, "l": 10, "coil": null}}}