{"username": "legendkiller01", "userid": "legendkiller01", "registertime": 1436659200, "group": 1, "ratings": {"1v1": {"elo": 1098.490490244, "gxe": 45.9, "rpr": 1468.5073976863, "rprd": 46.279539385499, "w": 68, "l": 79, "coil": null}, "anythinggoes": {"elo": 1376.025924026, "gxe": 67.6, "rpr": 1639.5196736932, "rprd": 51.746594843742, "w": 31, "l": 14, "coil": null}, "battlefactory": {"elo": 1000, "gxe": 40.3, "rpr": 1422.1850251699, "rprd": 116.06248616324, "w": 0, "l": 2, "coil": null}, "challengecup1v1": {"elo": 1174.3412552249, "gxe": 54.5, "rpr": 1534.5958690491, "rprd": 73.669221654994, "w": 37, "l": 36, "coil": null}, "gen1ou": {"elo": 1065.7485176684, "gxe": 56.4, "rpr": 1550.9681519812, "rprd": 112.45744858434, "w": 2, "l": 1, "coil": null}, "gen1randombattle": {"elo": 1301.8999722482156, "gxe": 64, "rpr": 1611.8259665533233, "rprd": 89.87536207710983, "w": 119, "l": 123, "coil": null}, "gen2randombattle": {"elo": 1026.8969707244216, "gxe": 34.8, "rpr": 1378.7879972473204, "rprd": 82.33245706884296, "w": 15, "l": 34, "coil": null}, "gen3randombattle": {"elo": 1097.4331404721624, "gxe": 44.3, "rpr": 1455.3385600768415, "rprd": 96.5875615924837, "w": 41, "l": 52, "coil": null}, "gen4randombattle": {"elo": 1145.0012164593065, "gxe": 51.2, "rpr": 1509.2736445258552, "rprd": 73.74902213959423, "w": 52, "l": 61, "coil": null}, "gen5ou": {"elo": 1075.9441844834, "gxe": 55.6, "rpr": 1543.8843484567, "rprd": 104.11776296941, "w": 3, "l": 2, "coil": null}, "gen5randombattle": {"elo": 1164.5938059643836, "gxe": 46.2, "rpr": 1471.1000209536348, "rprd": 51.45997594556166, "w": 106, "l": 116, "coil": null}, "gen6randombattle": {"elo": 1192.4081055608638, "gxe": 50.1, "rpr": 1500.9344086754063, "rprd": 77.54894071185039, "w": 175, "l": 168, "coil": null}, "gen7challengecup1v1": {"elo": 1318.0695606418, "gxe": 64.4, "rpr": 1614.4715796978, "rprd": 78.425949040556, "w": 42, "l": 25, "coil": null}, "gen7lc": {"elo": 1032.4785703546, "gxe": 47, "rpr": 1476.0530876349, "rprd": 110.90076926432, "w": 1, "l": 2, "coil": null}, "gen7monotype": {"elo": 1157.2834261518, "gxe": 54.5, "rpr": 1540.8197966533, "rprd": 227.39645725844, "w": 7, "l": 4, "coil": null}, "gen7nu": {"elo": 1245.1538540725, "gxe": 66.5, "rpr": 1632.2785562503, "rprd": 79.719057224245, "w": 11, "l": 4, "coil": null}, "gen7ou": {"elo": 1302.4768103151, "gxe": 42.6, "rpr": 1439.9387463359, "rprd": 130, "w": 46, "l": 39, "coil": null}, "gen7pu": {"elo": 1000, "gxe": 44.4, "rpr": 1454.8140159829, "rprd": 122.96113164991, "w": 0, "l": 1, "coil": null}, "gen7randombattle": {"elo": 1396.4123182053431, "gxe": 57.9, "rpr": 1560.234682178925, "rprd": 50.24074242859193, "w": 1227, "l": 1252, "coil": null}, "gen7ru": {"elo": 1162.158753563, "gxe": 59.9, "rpr": 1591.1846118017, "rprd": 231.0758428442, "w": 8, "l": 3, "coil": null}, "gen7ubers": {"elo": 1143.9684374176, "gxe": 58.5, "rpr": 1578.1562147729, "rprd": 231.68841138206, "w": 5, "l": 2, "coil": null}, "gen7uu": {"elo": 1157.768781405, "gxe": 58.5, "rpr": 1568.1899390488, "rprd": 113.31240886032, "w": 7, "l": 5, "coil": null}, "gen8almostanyability": {"elo": 1088.4193060299, "gxe": 43.7, "rpr": 1450.7013146946, "rprd": 85.127449325709, "w": 7, "l": 9, "coil": null}, "gen8anythinggoes": {"elo": 1238.8045591295, "gxe": 61.7, "rpr": 1591.0807162489, "rprd": 63.536799162464, "w": 26, "l": 15, "coil": null}, "gen8bdspou": {"elo": 1128.1423098113, "gxe": 41, "rpr": 1419.9099532619, "rprd": 207.45580396821, "w": 93, "l": 135, "coil": null}, "gen8bdsprandombattle": {"elo": 1121.1179745872, "gxe": 45.3, "rpr": 1463.5790727727, "rprd": 81.543126115643, "w": 101, "l": 113, "coil": null}, "gen8bdspubers": {"elo": 1055.8443503647, "gxe": 42.5, "rpr": 1440.8123318833, "rprd": 92.465721794877, "w": 3, "l": 6, "coil": null}, "gen8bdspuu": {"elo": 1000, "gxe": 23.5, "rpr": 1274.6980444555, "rprd": 61.835545637464, "w": 9, "l": 36, "coil": null}, "gen8challengecup1v1": {"elo": 1041.2418275037, "gxe": 42.5, "rpr": 1442.2067337439, "rprd": 72.387803184365, "w": 28, "l": 36, "coil": null}, "gen8doublesou": {"elo": 1009.1133901981, "gxe": 43.4, "rpr": 1447.8451500974, "rprd": 108.59860862768, "w": 1, "l": 3, "coil": null}, "gen8lc": {"elo": 1119.9441463092, "gxe": 42.3, "rpr": 1438.366210143, "rprd": 116.15611953838, "w": 17, "l": 16, "coil": null}, "gen8monotype": {"elo": 1173.3043525459, "gxe": 50.8, "rpr": 1505.935891006, "rprd": 80.017592345144, "w": 168, "l": 162, "coil": null}, "gen8monotyperandombattle": {"elo": 1051.374372362, "gxe": 55, "rpr": 1540.1606143388, "rprd": 122.8583080769, "w": 1, "l": 0, "coil": null}, "gen8nationaldexag": {"elo": 1229.4723546464, "gxe": 52, "rpr": 1515.2034401913, "rprd": 42.402179002757, "w": 56, "l": 49, "coil": null}, "gen8nationaldexuu": {"elo": 1055.4297748663, "gxe": 48, "rpr": 1481.8843202405, "rprd": 232.05433858005, "w": 3, "l": 4, "coil": null}, "gen8nu": {"elo": 1000, "gxe": 42.8, "rpr": 1442.6655084128, "rprd": 116.39481675208, "w": 0, "l": 2, "coil": null}, "gen8ou": {"elo": 1059.4680570111, "gxe": 43.2, "rpr": 1446.7477110522, "rprd": 81.998127438862, "w": 182, "l": 200, "coil": null}, "gen8oublitz": {"elo": 1104.2760524583, "gxe": 60.1, "rpr": 1582.4388117183, "rprd": 130, "w": 3, "l": 1, "coil": null}, "gen8pu": {"elo": 1070.759692618, "gxe": 40.1, "rpr": 1421.0163924256, "rprd": 108.21737685336, "w": 4, "l": 8, "coil": null}, "gen8randombattle": {"elo": 1234.610134522354, "gxe": 54.1, "rpr": 1531.8539672560169, "rprd": 88.79997344508196, "w": 710, "l": 730, "coil": null}, "gen8randomdoublesbattle": {"elo": 1089.6771875372, "gxe": 56.8, "rpr": 1554.947249701, "rprd": 123.69501724519, "w": 3, "l": 1, "coil": null}, "gen8roulettemonsrandombattle": {"elo": 1040, "gxe": 55, "rpr": 1540.1606143388, "rprd": 123.03963956633, "w": 1, "l": 0, "coil": null}, "gen8ru": {"elo": 1077.7923047179, "gxe": 53.6, "rpr": 1528.8055732517, "rprd": 110.52250762611, "w": 2, "l": 1, "coil": null}, "gen8ubers": {"elo": 1231.1503567348, "gxe": 60.8, "rpr": 1598.5318968041, "rprd": 222.56785638405, "w": 24, "l": 15, "coil": null}, "gen8vgc2022": {"elo": 1000, "gxe": 36.5, "rpr": 1390.0751799926, "rprd": 112.59303426906, "w": 0, "l": 3, "coil": null}, "gen9almostanyability": {"elo": 1102.9212311777806, "gxe": 39.1, "rpr": 1413.2143885326366, "rprd": 97.80952313019196, "w": 14, "l": 14, "coil": null}, "gen9babyrandombattle": {"elo": 1000, "gxe": 45, "rpr": 1459.8393856609866, "rprd": 122.85830807679145, "w": 0, "l": 1, "coil": null}, "gen9challengecup1v1": {"elo": 1157.037840978872, "gxe": 54.7, "rpr": 1536.89110058647, "rprd": 105.32189501073397, "w": 19, "l": 17, "coil": null}, "gen9challengecup2v2": {"elo": 1000, "gxe": 45.8, "rpr": 1466.6014905056, "rprd": 122.33532200373, "w": 0, "l": 1, "coil": null}, "gen9championsrandombattle": {"elo": 1000, "gxe": 44.2, "rpr": 1453.0674832598881, "rprd": 122.47673537132249, "w": 0, "l": 1, "coil": null}, "gen9championsvgc2026regmb": {"elo": 1013.743454098063, "gxe": 40.8, "rpr": 1426.4423425009331, "rprd": 106.44064886847043, "w": 1, "l": 3, "coil": null}, "gen9doublesou": {"elo": 1298.335665493984, "gxe": 47.1, "rpr": 1477.2321259302705, "rprd": 110.13866174516795, "w": 51, "l": 48, "coil": null}, "gen9godlygiftrandombattle": {"elo": 1000, "gxe": 45, "rpr": 1459.8393856609866, "rprd": 122.85830807679145, "w": 0, "l": 1, "coil": null}, "gen9lc": {"elo": 1044.5194566638186, "gxe": 41.6, "rpr": 1433.6748709625933, "rprd": 102.81070476396233, "w": 1, "l": 4, "coil": null}, "gen9livepatchbattlesver100": {"elo": 1065.1519247028696, "gxe": 55.3, "rpr": 1540.6232670393472, "rprd": 52.83623480992143, "w": 32, "l": 27, "coil": null}, "gen9mixandmega": {"elo": 1000, "gxe": 46.7, "rpr": 1473.9573537391673, "rprd": 123.09773207361211, "w": 0, "l": 1, "coil": null}, "gen9monotyperandombattle": {"elo": 1041.4459971995507, "gxe": 40.5, "rpr": 1424.9853034159369, "rprd": 89.70513003172788, "w": 3, "l": 6, "coil": null}, "gen9nationaldex": {"elo": 1090.0170452961777, "gxe": 34.7, "rpr": 1374.241108775417,