{"username": "leltrell", "userid": "leltrell", "registertime": 1612656000, "group": 1, "ratings": {"gen7anythinggoes": {"elo": 1040.9223845717, "gxe": 27.7, "rpr": 1307.358665231, "rprd": 130, "w": 6, "l": 14, "coil": null}, "gen7lc": {"elo": 1043.3109593403, "gxe": 55, "rpr": 1540.1606143388, "rprd": 122.8583080769, "w": 1, "l": 0, "coil": null}, "gen7ou": {"elo": 1117.2541713977, "gxe": 37.4, "rpr": 1400.0926626462, "rprd": 89.000071283331, "w": 0, "l": 0, "coil": null}, "gen7randombattle": {"elo": 1040, "gxe": 51.5, "rpr": 1512.3251590433, "rprd": 125.98262589092, "w": 1, "l": 0, "coil": null}, "gen7ubers": {"elo": 1032.7993933055, "gxe": 39.4, "rpr": 1414.4593626612, "rprd": 118.85442125764, "w": 1, "l": 3, "coil": null}, "gen8doublesou": {"elo": 1082.2485145613, "gxe": 57.9, "rpr": 1562.6904735855, "rprd": 106.43409744986, "w": 3, "l": 1, "coil": null}, "gen8ou": {"elo": 1154.9007252019, "gxe": 38.8, "rpr": 1413.775365982, "rprd": 36.942005282737, "w": 110, "l": 139, "coil": null}, "gen8oublitz": {"elo": 1083.6501950781, "gxe": 53.7, "rpr": 1529.8398343684, "rprd": 123.85263388469, "w": 2, "l": 1, "coil": null}, "gen8randombattle": {"elo": 1069.6926838218, "gxe": 40.9, "rpr": 1430.2672842337, "rprd": 53.396226143948, "w": 99, "l": 107, "coil": null}, "gen9balancedhackmons": {"elo": 1499.8530273096, "gxe": 85, "rpr": 1837.8400960792, "rprd": 94.072338823542, "w": 593, "l": 314, "coil": null}, "gen9championsvgc2026regmabo3": {"elo": 1298.0405593674602, "gxe": 59.9, "rpr": 1576.170296347196, "rprd": 37.762222613709525, "w": 56, "l": 44, "coil": null}, "gen9doublesou": {"elo": 1303.8188926243, "gxe": 57.5, "rpr": 1556.9325775183, "rprd": 36.729918813787, "w": 81, "l": 65, "coil": null}, "gen9nationaldex": {"elo": 1155.7608001248498, "gxe": 55.5, "rpr": 1542.760191330107, "rprd": 81.32498110640636, "w": 9, "l": 4, "coil": null}, "gen9ou": {"elo": 1429.663511934829, "gxe": 65.4, "rpr": 1620.473636908227, "rprd": 41.024476300876316, "w": 182, "l": 181, "coil": null}, "gen9randombattle": {"elo": 1773.8521237737991, "gxe": 80.9, "rpr": 1772.6660658069443, "rprd": 35.251686356695785, "w": 1773, "l": 1678, "coil": null}, "gen9randombattleblitz": {"elo": 1534.3583464119456, "gxe": 64.2, "rpr": 1616.2792607495574, "rprd": 121.8040515773142, "w": 51, "l": 36, "coil": null}, "gen9vgc2023regulationc": {"elo": 1336.0835490962768, "gxe": 54.4, "rpr": 1533.1706338327488, "rprd": 31.463982898676345, "w": 233, "l": 214, "coil": null}, "gen9vgc2023regulationd": {"elo": 1353.3165101247473, "gxe": 52.4, "rpr": 1518.2006534999732, "rprd": 25, "w": 507, "l": 499, "coil": null}, "gen9vgc2023regulatione": {"elo": 1109.4321563693593, "gxe": 51.7, "rpr": 1512.8147651717263, "rprd": 25, "w": 132, "l": 130, "coil": null}, "gen9vgc2023regulationebo3": {"elo": 1337.8399476756372, "gxe": 54.2, "rpr": 1531.5465288267037, "rprd": 26.602623164777533, "w": 360, "l": 353, "coil": null}, "gen9vgc2023series1": {"elo": 1384.7141893524, "gxe": 48.5, "rpr": 1489.0434108205, "rprd": 25, "w": 237, "l": 234, "coil": null}, "gen9vgc2023series2": {"elo": 1351.1503585776984, "gxe": 55.2, "rpr": 1539.2046190771493, "rprd": 25, "w": 341, "l": 330, "coil": null}, "gen9vgc2024regfbo3": {"elo": 1220.4748268723163, "gxe": 52.5, "rpr": 1519.1224230769565, "rprd": 31.46161866937117, "w": 186, "l": 184, "coil": null}, "gen9vgc2024reggbo3": {"elo": 1233.7132752399048, "gxe": 56.5, "rpr": 1549.4862311349086, "rprd": 25.026179550327242, "w": 468, "l": 460, "coil": null}, "gen9vgc2024regh": {"elo": 1382.6440349363838, "gxe": 75.6, "rpr": 1717.7638627981066, "rprd": 76.17110434309575, "w": 18, "l": 2, "coil": null}, "gen9vgc2024reghbo3": {"elo": 1282.4714345505529, "gxe": 53.7, "rpr": 1527.9255447268283, "rprd": 40.86493187649161, "w": 252, "l": 239, "coil": null}, "gen9vgc2025regg": {"elo": 1040.6499476305235, "gxe": 52.7, "rpr": 1521.35035007567, "rprd": 123.85623975757515, "w": 1, "l": 0, "coil": null}, "gen9vgc2025reggbo3": {"elo": 1456.3659682258817, "gxe": 64.2, "rpr": 1610.1715124197478, "rprd": 29.58895687057208, "w": 179, "l": 152, "coil": null}, "gen9vgc2025reghbo3": {"elo": 1028.6370508490165, "gxe": 43.6, "rpr": 1450.0008683178717, "rprd": 87.25758064153439, "w": 4, "l": 6, "coil": null}, "gen9vgc2025regibo3": {"elo": 1292.548524623845, "gxe": 57.6, "rpr": 1558.1358359845224, "rprd": 35.85576900332702, "w": 119, "l": 108, "coil": null}, "gen9vgc2026regfbo3": {"elo": 1308.0119892462533, "gxe": 57.6, "rpr": 1558.0810849609545, "rprd": 36.09112562859506, "w": 65, "l": 60, "coil": null}, "gen9vgc2026regibo3": {"elo": 1321.6349771385917, "gxe": 70.1, "rpr": 1662.6550426026852, "rprd": 64.7663516891184, "w": 20, "l": 7, "coil": null}}}