{"username": "lemontheheavens", "userid": "lemontheheavens", "registertime": 1646265600, "group": 1, "ratings": {"gen1randombattle": {"elo": 1040, "gxe": 55, "rpr": 1540.1606143388, "rprd": 122.8583080769, "w": 1, "l": 0, "coil": null}, "gen3ou": {"elo": 1096.4214628738014, "gxe": 47.5, "rpr": 1480.7370819434752, "rprd": 92.88128034820276, "w": 4, "l": 4, "coil": null}, "gen6randombattle": {"elo": 1487.1187799535337, "gxe": 73.9, "rpr": 1704.3575333570243, "rprd": 100.94529704444886, "w": 62, "l": 44, "coil": null}, "gen7randombattle": {"elo": 1263.9252140809567, "gxe": 66.2, "rpr": 1633.6776438322029, "rprd": 115.23517477532738, "w": 15, "l": 5, "coil": null}, "gen8ou": {"elo": 1117.2034399974252, "gxe": 50.7, "rpr": 1505.6201523420073, "rprd": 61.233483243268815, "w": 15, "l": 17, "coil": null}, "gen8randombattle": {"elo": 1441.0208566246, "gxe": 71.9, "rpr": 1695.9131558373, "rprd": 165.05047186473, "w": 1790, "l": 1742, "coil": null}, "gen8randomdoublesbattle": {"elo": 1035.2205643154, "gxe": 43, "rpr": 1443.1413497813, "rprd": 130, "w": 1, "l": 2, "coil": null}, "gen8ru": {"elo": 1000, "gxe": 45, "rpr": 1459.8393856612, "rprd": 122.8583080769, "w": 0, "l": 1, "coil": null}, "gen8ubers": {"elo": 1315.2886271193, "gxe": 57.4, "rpr": 1565.3329826595, "rprd": 205.70893114141, "w": 50, "l": 38, "coil": null}, "gen9ou": {"elo": 1567.3489262305452, "gxe": 71.9, "rpr": 1678.1498349681383, "rprd": 44.335775024800945, "w": 268, "l": 235, "coil": null}, "gen9randombattle": {"elo": 2039.6168793368793, "gxe": 84.5, "rpr": 1819.7033058178813, "rprd": 28.91657727329165, "w": 5435, "l": 5105, "coil": null}, "gen9randombattleblitz": {"elo": 1435.728306894703, "gxe": 65.7, "rpr": 1625.9952602865587, "rprd": 83.15636418605368, "w": 40, "l": 21, "coil": null}, "gen9randomdoublesbattle": {"elo": 1094.56487201174, "gxe": 50.4, "rpr": 1503.3123981696726, "rprd": 120.5997984103227, "w": 4, "l": 3, "coil": null}, "gen9sharedpower": {"elo": 1005.3279667589001, "gxe": 36, "rpr": 1387.2085099459712, "rprd": 103.72876260857107, "w": 1, "l": 4, "coil": null}, "gen9ubers": {"elo": 1109.2553236563392, "gxe": 42, "rpr": 1437.2652444026835, "rprd": 90.98158063327178, "w": 4, "l": 5, "coil": null}}}