{"username": "Leo Justice", "userid": "leojustice", "registertime": 1623974400, "group": 1, "ratings": {"gen1ou": {"elo": 1165.09909261488, "gxe": 57.1, "rpr": 1555.0110101134915, "rprd": 76.43422720353104, "w": 16, "l": 13, "coil": null}, "gen3ou": {"elo": 1169.1311279050396, "gxe": 59, "rpr": 1570.905893253628, "rprd": 89.34467459246498, "w": 8, "l": 3, "coil": null}, "gen5randombattle": {"elo": 1040, "gxe": 53.4, "rpr": 1527.5240484057, "rprd": 130, "w": 1, "l": 1, "coil": null}, "gen6randombattle": {"elo": 1081.7912155793, "gxe": 59.5, "rpr": 1576.3628014431, "rprd": 116.48896840937, "w": 2, "l": 0, "coil": null}, "gen7ou": {"elo": 1000, "gxe": 43.7, "rpr": 1449.0594102996126, "rprd": 122.693806374895, "w": 0, "l": 1, "coil": null}, "gen7randombattle": {"elo": 1169.154752515, "gxe": 59.3, "rpr": 1573.115375576, "rprd": 82.540423195977, "w": 9, "l": 4, "coil": null}, "gen7randombattleapexabilities": {"elo": 1045.1442881906942, "gxe": 53.3, "rpr": 1526.4623476634063, "rprd": 123.03716577683763, "w": 1, "l": 0, "coil": null}, "gen8anythinggoes": {"elo": 1081.9793955631, "gxe": 47.4, "rpr": 1479.6615833238, "rprd": 88.982706383251, "w": 5, "l": 6, "coil": null}, "gen8bssfactory": {"elo": 1000, "gxe": 43.8, "rpr": 1450.1427667872, "rprd": 122.98371137432, "w": 0, "l": 1, "coil": null}, "gen8lc": {"elo": 1218.5670267219, "gxe": 58.2, "rpr": 1563.8145091907, "rprd": 69.546944224949, "w": 20, "l": 14, "coil": null}, "gen8monotyperandombattle": {"elo": 1070.355850488, "gxe": 50.3, "rpr": 1502.2884976165, "rprd": 130, "w": 7, "l": 5, "coil": null}, "gen8nationaldexag": {"elo": 1229.2498305035, "gxe": 55.8, "rpr": 1544.7693082007, "rprd": 79.206069940405, "w": 11, "l": 6, "coil": null}, "gen8nationaldexmonotype": {"elo": 1262.5052286497, "gxe": 67.7, "rpr": 1641.9311578972, "rprd": 68.711954842638, "w": 18, "l": 6, "coil": null}, "gen8ou": {"elo": 1356.8824480618, "gxe": 61.5, "rpr": 1589.7759230494, "rprd": 74.558133475645, "w": 33, "l": 25, "coil": null}, "gen8randombattle": {"elo": 1441.3386472981, "gxe": 75.9, "rpr": 1742.8738666264, "rprd": 176.54564455607, "w": 442, "l": 362, "coil": null}, "gen8randombattleblitz": {"elo": 1194.6807910987, "gxe": 50.7, "rpr": 1505.7972183172, "rprd": 96.744885684018, "w": 47, "l": 39, "coil": null}, "gen8randomdoublesbattle": {"elo": 1234.1981737052, "gxe": 61.5, "rpr": 1605.1975637416, "rprd": 225.6853486171, "w": 14, "l": 6, "coil": null}, "gen8ubers": {"elo": 1165.1413724392, "gxe": 62.6, "rpr": 1616.0978621702, "rprd": 228.69936416478, "w": 6, "l": 1, "coil": null}, "gen9babyrandombattle": {"elo": 1194.5247692373, "gxe": 54, "rpr": 1532.1962257843, "rprd": 115.86089388325, "w": 22, "l": 21, "coil": null}, "gen9championsvgc2026regma": {"elo": 1396.2525844383804, "gxe": 62.6, "rpr": 1598.1521469069423, "rprd": 57.43630490970914, "w": 30, "l": 16, "coil": null}, "gen9championsvgc2026regmabo3": {"elo": 1205.2409318590283, "gxe": 67.1, "rpr": 1638.8896228355472, "rprd": 96.21931518896102, "w": 8, "l": 1, "coil": null}, "gen9freedomcup": {"elo": 1087.9199231442399, "gxe": 40.5, "rpr": 1425.5645845898582, "rprd": 90.54664925293318, "w": 3, "l": 6, "coil": null}, "gen9monkeyspawrandombattle": {"elo": 1040, "gxe": 55, "rpr": 1540.1606143390134, "rprd": 122.85830807679145, "w": 1, "l": 0, "coil": null}, "gen9monotype": {"elo": 1292.1329569997035, "gxe": 72.8, "rpr": 1691.8555239356358, "rprd": 92.26966667095475, "w": 13, "l": 2, "coil": 2654.9358866815273}, "gen9nationaldexubersuu": {"elo": 1086.5214048825, "gxe": 50.9, "rpr": 1507.9184949625, "rprd": 184.66992657568, "w": 9, "l": 9, "coil": null}, "gen9nationaldexuu": {"elo": 1087.8515806293558, "gxe": 52.9, "rpr": 1522.6985130794792, "rprd": 111.00290985470517, "w": 2, "l": 1, "coil": null}, "gen9ou": {"elo": 1413.2234104974866, "gxe": 71.4, "rpr": 1678.6993415068944, "rprd": 98.82424505461033, "w": 30, "l": 12, "coil": null}, "gen9oususpect": {"elo": 1058.5732146925109, "gxe": 50.8, "rpr": 1506.0589818572164, "rprd": 107.1820413868824, "w": 2, "l": 2, "coil": null}, "gen9randombattle": {"elo": 2191.2404745066, "gxe": 88.1, "rpr": 1877.1470601264, "rprd": 31.116292642038, "w": 1351, "l": 1078, "coil": null}, "gen9randombattleblitz": {"elo": 1072.9375811646105, "gxe": 52.2, "rpr": 1517.8424240164015, "rprd": 130, "w": 17, "l": 19, "coil": null}, "gen9ubers": {"elo": 1049.1392573059177, "gxe": 49.1, "rpr": 1493.0861936543529, "rprd": 130, "w": 1, "l": 1, "coil": null}, "gen9ubersuu": {"elo": 1271.1836739179507, "gxe": 72.7, "rpr": 1693.8599009962775, "rprd": 112.95463734904205, "w": 903, "l": 473, "coil": null}, "gen9uu": {"elo": 1499.9497493468, "gxe": 75.4, "rpr": 1719.5377888676, "rprd": 100.17294967195, "w": 46, "l": 18, "coil": null}, "gen9vgc2023regulationd": {"elo": 1169.881746480859, "gxe": 56.2, "rpr": 1547.5707888586767, "rprd": 67.70334138842503, "w": 14, "l": 9, "coil": null}, "gen9vgc2023regulatione": {"elo": 1037.8489863784835, "gxe": 40.9, "rpr": 1427.2897741260033, "rprd": 105.89407527998867, "w": 1, "l": 3, "coil": null}, "gen9vgc2023series2": {"elo": 1107.1060186466, "gxe": 58.3, "rpr": 1565.2250991361, "rprd": 94.776560582212, "w": 5, "l": 2, "coil": null}, "gen9vgc2024regf": {"elo": 1366.2385743670409, "gxe": 64.4, "rpr": 1613.3460846510277, "rprd": 66.92240204379702, "w": 20, "l": 9, "coil": null}, "gen9vgc2024regg": {"elo": 1413.1226036810867, "gxe": 61.6, "rpr": 1589.7221254073647, "rprd": 40.17478549312668, "w": 145, "l": 125, "coil": null}, "gen9vgc2024reggbo3": {"elo": 1275.2514378196956, "gxe": 56.1, "rpr": 1546.2439533926472, "rprd": 51.25936962117469, "w": 31, "l": 26, "coil": null}, "gen9vgc2024regh": {"elo": 1086.6557404157825, "gxe": 52.6, "rpr": 1520.1961675347527, "rprd": 104.33835271838329, "w": 3, "l": 2, "coil": null}, "gen9vgc2024reghbo3": {"elo": 1210.593880599398, "gxe": 62.1, "rpr": 1593.9061176004382, "rprd": 42.30053146839769, "w": 44, "l": 32, "coil": null}, "gen9vgc2025reggbo3": {"elo": 1270.9795853137325, "gxe": 59, "rpr": 1569.3146510612462, "rprd": 50.826983999604394, "w": 34, "l": 25, "coil": null}, "gen9vgc2025regibo3": {"elo": 1123.5468466557913, "gxe": 60.3, "rpr": 1581.72921184651, "rprd": 95.00001994980708, "w": 5, "l": 2, "coil": null}, "gen9zu": {"elo": 1074.85730345256, "gxe": 50.1, "rpr": 1500.4533994909496, "rprd": 105.53418175533407, "w": 2, "l": 2, "coil": 1002}}}