{"username": "LEPPY33", "userid": "leppy33", "registertime": 1458691200, "group": 1, "ratings": {"gen1ou": {"elo": 1086.6105204525, "gxe": 51.6, "rpr": 1512.3053934237, "rprd": 90.155817312096, "w": 4, "l": 6, "coil": null}, "gen1randombattle": {"elo": 1081.5084015229188, "gxe": 47.7, "rpr": 1482.3020745980498, "rprd": 97.31544104191757, "w": 5, "l": 6, "coil": null}, "gen2randombattle": {"elo": 1117.1191765467556, "gxe": 64.2, "rpr": 1615.1826728399778, "rprd": 104.32866955533369, "w": 4, "l": 1, "coil": null}, "gen3ou": {"elo": 1547.9132112024486, "gxe": 61, "rpr": 1584.7637468042494, "rprd": 41.55260503284983, "w": 174, "l": 166, "coil": null}, "gen3randombattle": {"elo": 1190.7095649234918, "gxe": 58.3, "rpr": 1564.2421084978293, "rprd": 74.69788125705388, "w": 14, "l": 10, "coil": null}, "gen7monotype": {"elo": 1201.6619566987, "gxe": 43.9, "rpr": 1444.8457198765, "rprd": 222.0150077345, "w": 11, "l": 11, "coil": null}, "gen7ou": {"elo": 1148.8098853679, "gxe": 47.9, "rpr": 1484.2180597697, "rprd": 37.732741114182, "w": 48, "l": 45, "coil": null}, "gen7randombattle": {"elo": 1050.1565326273, "gxe": 35.3, "rpr": 1379.4961360475, "rprd": 119.10897110281, "w": 20, "l": 22, "coil": null}, "gen8randombattle": {"elo": 1052.179495155, "gxe": 53.2, "rpr": 1526.0781118103, "rprd": 130, "w": 2, "l": 4, "coil": null}, "gen9babyrandombattle": {"elo": 1000, "gxe": 47.9, "rpr": 1483.1023813794982, "rprd": 124.84219234287606, "w": 0, "l": 1, "coil": null}, "gen9championsbssregma": {"elo": 1000, "gxe": 46.5, "rpr": 1472.208410831084, "rprd": 123.28550591566139, "w": 0, "l": 1, "coil": null}, "gen9championsvgc2026regma": {"elo": 1108.4403006851326, "gxe": 50.3, "rpr": 1502.1219850299751, "rprd": 60.809637938312115, "w": 29, "l": 26, "coil": null}, "gen9championsvgc2026regmabo3": {"elo": 1046.3508337659587, "gxe": 50, "rpr": 1499.9407135429756, "rprd": 117.12209820795101, "w": 1, "l": 1, "coil": null}, "gen9championsvgc2026regmb": {"elo": 1000, "gxe": 41, "rpr": 1427.432874170786, "rprd": 116.77753930629355, "w": 0, "l": 2, "coil": null}, "gen9monotyperandombattle": {"elo": 1040, "gxe": 50, "rpr": 1500, "rprd": 116.77753930629355, "w": 1, "l": 1, "coil": null}, "gen9ou": {"elo": 1363.2079104190202, "gxe": 50.4, "rpr": 1502.9976635065518, "rprd": 40.91877660764468, "w": 213, "l": 223, "coil": null}, "gen9randombattle": {"elo": 1563.1552837069596, "gxe": 70.1, "rpr": 1661.760522681269, "rprd": 51.62934038627618, "w": 475, "l": 424, "coil": null}, "gen9randombattleblitz": {"elo": 1042.6351038020905, "gxe": 52.9, "rpr": 1523.3680149153722, "rprd": 123.63915335715289, "w": 1, "l": 0, "coil": null}, "gen9randombattlesharedpowerb12p6": {"elo": 1200.3060831820853, "gxe": 54.2, "rpr": 1531.8752402155774, "rprd": 58.97241211129053, "w": 19, "l": 14, "coil": null}, "gen9randomdoublesbattle": {"elo": 1697.0006439087495, "gxe": 76.1, "rpr": 1720.7654816334766, "rprd": 53.48469062313063, "w": 96, "l": 63, "coil": null}, "gen9vgc2024regg": {"elo": 1213.8858177429631, "gxe": 40, "rpr": 1423.8605859368438, "rprd": 27.86788259589322, "w": 79, "l": 90, "coil": null}, "gen9vgc2024regh": {"elo": 1374.696990983764, "gxe": 53, "rpr": 1523.2006427300096, "rprd": 73.38293382847965, "w": 73, "l": 62, "coil": null}, "gen9vgc2025regg": {"elo": 1137.2409526093038, "gxe": 44.7, "rpr": 1459.6868875027035, "rprd": 54.689457807794696, "w": 56, "l": 54, "coil": null}, "gen9vgc2025regh": {"elo": 1063.5839671323004, "gxe": 48.6, "rpr": 1489.037635592985, "rprd": 66.90788125972159, "w": 13, "l": 12, "coil": null}, "gen9vgc2025regi": {"elo": 1478.4356587791697, "gxe": 58.6, "rpr": 1565.5966379988372, "rprd": 47.83310913464402, "w": 40, "l": 31, "coil": null}, "gen9vgc2025regj": {"elo": 1081.2568872620195, "gxe": 42.2, "rpr": 1440.2199323144798, "rprd": 60.82326956048443, "w": 13, "l": 17, "coil": null}, "ou": {"elo": 1084.6886491079, "gxe": 41.7, "rpr": 1436.9006207239, "rprd": 32.643971726572, "w": 87, "l": 101, "coil": null}, "ubers": {"elo": 1172.8306715195, "gxe": 58.9, "rpr": 1567.685958667, "rprd": 36.915238148821, "w": 48, "l": 43, "coil": null}}}