{"username": "letmebedeer", "userid": "letmebedeer", "registertime": 0, "group": 0, "ratings": {"gen9randombattle": {"elo": 1020.6476711847597, "gxe": 44.6, "rpr": 1457.7042837882939, "rprd": 103.0809451909037, "w": 2, "l": 3, "coil": null}}}