{"username": "LewisBavin", "userid": "lewisbavin", "registertime": 1699920000, "group": 1, "ratings": {"gen8doublesou": {"elo": 1195.9551021267, "gxe": 67.4, "rpr": 1642.4450337172, "rprd": 100.01119829389, "w": 10, "l": 3, "coil": null}, "gen9doublesou": {"elo": 1482.7244632824174, "gxe": 67.5, "rpr": 1641.3877561996403, "rprd": 79.46845442565724, "w": 1040, "l": 652, "coil": null}, "gen9randombattle": {"elo": 1797.700662292292, "gxe": 80.7, "rpr": 1769.584498502022, "rprd": 25.669272427582584, "w": 8258, "l": 7973, "coil": null}, "gen9randomdoublesbattle": {"elo": 1174.687177874836, "gxe": 56.9, "rpr": 1554.5984593273142, "rprd": 109.4752689833627, "w": 11, "l": 5, "coil": null}}}