{"username": "Lextorn", "userid": "lextorn", "registertime": 1607472000, "group": 1, "ratings": {"gen1randombattle": {"elo": 1000, "gxe": 44.4, "rpr": 1455.2008920346, "rprd": 122.83141802352, "w": 0, "l": 1, "coil": null}, "gen7monotypebattlefactory": {"elo": 1065.1812194458, "gxe": 48.8, "rpr": 1490.5894563967, "rprd": 89.505414598612, "w": 4, "l": 5, "coil": null}, "gen8bssfactory": {"elo": 1085.1420617419, "gxe": 56.2, "rpr": 1549.0226465261, "rprd": 102.64781850856, "w": 3, "l": 2, "coil": null}, "gen8hackmonscup": {"elo": 1101.2384657081, "gxe": 52.2, "rpr": 1518.067812591, "rprd": 130, "w": 4, "l": 3, "coil": null}, "gen8monotyperandombattle": {"elo": 1107.4229431084, "gxe": 44.6, "rpr": 1457.962275296, "rprd": 85.187507703523, "w": 57, "l": 64, "coil": null}, "gen8nationaldex": {"elo": 1060.2185356084342, "gxe": 52.8, "rpr": 1522.3554970453433, "rprd": 110.49997316027026, "w": 2, "l": 1, "coil": null}, "gen8randombattle": {"elo": 1315.456760493, "gxe": 63.7, "rpr": 1608.6064369986, "rprd": 84.123497942759, "w": 598, "l": 722, "coil": null}, "gen8randombattleblitz": {"elo": 1003.975252015, "gxe": 38.2, "rpr": 1404.4127991708, "rprd": 112.83023495992, "w": 1, "l": 3, "coil": null}, "gen8randombattlemayhem": {"elo": 1070.1028089042, "gxe": 59.1, "rpr": 1573.4820573348, "rprd": 118.38772519133, "w": 2, "l": 0, "coil": null}, "gen8randomdoublesbattle": {"elo": 1087.7402818012, "gxe": 31.9, "rpr": 1347.7218869571, "rprd": 130, "w": 50, "l": 78, "coil": null}, "gen8roulettemonsrandombattle": {"elo": 1070.1028089042, "gxe": 59, "rpr": 1572.5671258289, "rprd": 118.1063799045, "w": 2, "l": 0, "coil": null}, "gen8superstaffbros4": {"elo": 1015.2358148381, "gxe": 43, "rpr": 1444.0122048096, "rprd": 119.57499724013, "w": 1, "l": 3, "coil": null}, "gen9battlefactory": {"elo": 1040, "gxe": 55, "rpr": 1540.1606143390134, "rprd": 122.85830807679145, "w": 1, "l": 0, "coil": null}, "gen9brokencup": {"elo": 1000, "gxe": 44, "rpr": 1452.055153248646, "rprd": 122.14452288949654, "w": 0, "l": 1, "coil": null}, "gen9chimera1v1randombattle": {"elo": 1040, "gxe": 49.1, "rpr": 1493.1590238458443, "rprd": 116.42185259480152, "w": 1, "l": 1, "coil": null}, "gen9computergeneratedteams": {"elo": 1080.7438120557126, "gxe": 55.5, "rpr": 1543.522841349079, "rprd": 112.1861245433707, "w": 2, "l": 1, "coil": null}, "gen9doublesubers": {"elo": 1000, "gxe": 46.1, "rpr": 1468.9576104194412, "rprd": 122.73803900258555, "w": 0, "l": 1, "coil": null}, "gen9fusionevolutionrandombattle": {"elo": 1040, "gxe": 55, "rpr": 1540.1606143390134, "rprd": 122.85830807679145, "w": 1, "l": 0, "coil": null}, "gen9hackmonscup": {"elo": 1000, "gxe": 46.1, "rpr": 1469.0368495524906, "rprd": 122.40408392262286, "w": 0, "l": 1, "coil": null}, "gen9metronomebattle": {"elo": 1218.8246892395562, "gxe": 58, "rpr": 1561.6435779187307, "rprd": 63.83678511743674, "w": 60, "l": 48, "coil": null}, "gen9monotyperandombattle": {"elo": 1121.4176497906194, "gxe": 49.5, "rpr": 1495.6701611388974, "rprd": 119.58476588497471, "w": 7, "l": 9, "coil": null}, "gen9nationaldex": {"elo": 1107.8156748708066, "gxe": 40.6, "rpr": 1427.9570309989901, "rprd": 49.8411471016102, "w": 106, "l": 104, "coil": null}, "gen9partnersincrimerandombattle6moves": {"elo": 1054.976430377465, "gxe": 55.1, "rpr": 1541.276332477049, "rprd": 122.44881972835323, "w": 1, "l": 0, "coil": null}, "gen9purehackmons": {"elo": 1040, "gxe": 55, "rpr": 1540.1606143390134, "rprd": 122.85830807679145, "w": 1, "l": 0, "coil": null}, "gen9randombattle": {"elo": 1491.5303399401403, "gxe": 59.7, "rpr": 1574.3342085229465, "rprd": 28.166738836598743, "w": 1082, "l": 1070, "coil": null}, "gen9randombattlemayhem": {"elo": 1000, "gxe": 43.8, "rpr": 1450.1542888876565, "rprd": 122.23496533222847, "w": 0, "l": 1, "coil": null}, "gen9randomdoublesbattle": {"elo": 1399.8392522751055, "gxe": 59.2, "rpr": 1569.9060480127034, "rprd": 29.456045440194774, "w": 197, "l": 178, "coil": null}, "gen9randomroulette": {"elo": 1058.325678639154, "gxe": 57.8, "rpr": 1562.787946489642, "rprd": 123.30631847333375, "w": 1, "l": 0, "coil": null}, "gen9ubers": {"elo": 1247.1288343865638, "gxe": 55.4, "rpr": 1541.1985757304503, "rprd": 50.60861619852954, "w": 70, "l": 62, "coil": null}}}