{"username": "Li_angle", "userid": "liangle", "registertime": 1687046400, "group": 1, "ratings": {"gen7randombattle": {"elo": 1042.0396210039094, "gxe": 49.7, "rpr": 1497.7600045537872, "rprd": 115.874152888424, "w": 1, "l": 1, "coil": null}, "gen9ou": {"elo": 1050.0606963970893, "gxe": 41.6, "rpr": 1433.281832179874, "rprd": 110.12405115844889, "w": 0, "l": 0, "coil": null}, "gen9randombattle": {"elo": 1778.6354943408244, "gxe": 76.2, "rpr": 1719.9224795241419, "rprd": 37.093001656753685, "w": 1217, "l": 1129, "coil": null}, "gen9randomdoublesbattle": {"elo": 1000, "gxe": 43.5, "rpr": 1447.4409550807281, "rprd": 122.97594910032471, "w": 0, "l": 1, "coil": null}}}