{"username": "LiggyLiggy", "userid": "liggyliggy", "registertime": 1658016000, "group": 1, "ratings": {"gen8anythinggoes": {"elo": 1499.2530968477, "gxe": 79.6, "rpr": 1770.3437237652, "rprd": 117.95140629334, "w": 0, "l": 0, "coil": null}, "gen8randombattle": {"elo": 1430.4925451802, "gxe": 69.5, "rpr": 1673.1529957466, "rprd": 169.98368173091, "w": 0, "l": 0, "coil": null}, "gen9anythinggoes": {"elo": 1542.8142311442, "gxe": 75.1, "rpr": 1708.4203690255, "rprd": 37.882104252633, "w": 283, "l": 219, "coil": null}, "gen9monotype": {"elo": 1200.859030884817, "gxe": 51, "rpr": 1507.6401616062058, "rprd": 55.04975877422209, "w": 0, "l": 0, "coil": 0}, "gen9randombattle": {"elo": 1869.82609440698, "gxe": 78.3, "rpr": 1741.4349451413445, "rprd": 25, "w": 3974, "l": 3889, "coil": null}, "gen9randomdoublesbattle": {"elo": 1107.083886761482, "gxe": 57.5, "rpr": 1559.1051969817443, "rprd": 105.58533363355197, "w": 3, "l": 1, "coil": null}}}