{"username": "lightingspeed", "userid": "lightingspeed", "registertime": 0, "group": 0, "ratings": {"gen7randombattle": {"elo": 1000, "gxe": 45, "rpr": 1459.8393856612, "rprd": 122.8583080769, "w": 0, "l": 1, "coil": null}, "gen9randombattle": {"elo": 1041.67503059856, "gxe": 30.8, "rpr": 1342.9397142875068, "rprd": 90.54751363206329, "w": 4, "l": 11, "coil": null}}}