{"username": "LinkNinjaTC11", "userid": "linkninjatc11", "registertime": 1648425600, "group": 1, "ratings": {"gen1randombattle": {"elo": 1040, "gxe": 55, "rpr": 1540.1606143388, "rprd": 122.8583080769, "w": 1, "l": 0, "coil": null}, "gen5randombattle": {"elo": 1051.0591088373, "gxe": 50.4, "rpr": 1503.181174097, "rprd": 110.91577408438, "w": 0, "l": 0, "coil": null}, "gen6randombattle": {"elo": 1053.9242635884, "gxe": 48.7, "rpr": 1489.6541795259, "rprd": 101.94474985541, "w": 0, "l": 0, "coil": null}, "gen7pickyourteamrandombattle": {"elo": 1024.3975758582, "gxe": 50, "rpr": 1499.8382970036, "rprd": 116.08064990201, "w": 0, "l": 0, "coil": null}, "gen7randombattle": {"elo": 1067.4813262720795, "gxe": 54.5, "rpr": 1535.3101377349708, "rprd": 111.79999317423581, "w": 2, "l": 1, "coil": null}, "gen81v1": {"elo": 1304.9528936974, "gxe": 54.1, "rpr": 1536.2723437715, "rprd": 213.88013045219, "w": 548, "l": 555, "coil": null}, "gen82v2doubles": {"elo": 1403.480001133, "gxe": 73.4, "rpr": 1737.6278596517, "rprd": 252.32709483867, "w": 41, "l": 12, "coil": null}, "gen8anythinggoes": {"elo": 1172.8785715775, "gxe": 53, "rpr": 1523.2035696794, "rprd": 66.644179068471, "w": 22, "l": 15, "coil": null}, "gen8bdspou": {"elo": 1000, "gxe": 44.5, "rpr": 1456.1074134729, "rprd": 122.23512193664, "w": 0, "l": 0, "coil": null}, "gen8bdsprandombattle": {"elo": 1016.5220483584, "gxe": 42, "rpr": 1437.7212944997, "rprd": 79.196931495831, "w": 0, "l": 0, "coil": null}, "gen8challengecup1v1": {"elo": 1060.3102884127, "gxe": 53.2, "rpr": 1524.9388041536, "rprd": 110.26593870059, "w": 0, "l": 0, "coil": null}, "gen8monotype": {"elo": 1321.0019286193, "gxe": 57.8, "rpr": 1559.5987886853, "rprd": 52.464791152994, "w": 47, "l": 36, "coil": null}, "gen8monotyperandombattle": {"elo": 1073.2584842559, "gxe": 47.2, "rpr": 1478.5940150164, "rprd": 49.181702625459, "w": 139, "l": 142, "coil": null}, "gen8nationaldexmonotype": {"elo": 1075.3994463963, "gxe": 53.8, "rpr": 1529.7752940333, "rprd": 109.965910203, "w": 2, "l": 1, "coil": null}, "gen8ou": {"elo": 1080.8612054995, "gxe": 46.2, "rpr": 1469.8905618429, "rprd": 96.075114635871, "w": 5, "l": 4, "coil": null}, "gen8randombattle": {"elo": 1403.7772426064, "gxe": 55.5, "rpr": 1547.5144825418, "rprd": 183.96495795184, "w": 247, "l": 246, "coil": null}, "gen8randomdoublesbattle": {"elo": 1141.4956887764, "gxe": 52, "rpr": 1517.5286770243, "rprd": 221.65463297177, "w": 13, "l": 10, "coil": null}, "gen8vgc2022": {"elo": 1011.1478451108, "gxe": 39.8, "rpr": 1418.0908370263, "rprd": 108.38413533149, "w": 0, "l": 0, "coil": null}, "gen91v1": {"elo": 1007.1718142359472, "gxe": 41.8, "rpr": 1436.1912792027772, "rprd": 71.12955281159316, "w": 7, "l": 12, "coil": null}, "gen9anythinggoes": {"elo": 1135.3985585141077, "gxe": 56.6, "rpr": 1550.9339257383294, "rprd": 79.78489971203076, "w": 8, "l": 5, "coil": null}, "gen9championsrandombattle": {"elo": 1162.9788382806762, "gxe": 61.2, "rpr": 1587.7300318927246, "rprd": 73.66136876683441, "w": 12, "l": 5, "coil": null}, "gen9livepatchbattlesver100": {"elo": 1055.517569889589, "gxe": 52.8, "rpr": 1522.0213843383096, "rprd": 107.3760192651906, "w": 2, "l": 2, "coil": null}, "gen9monotyperandombattle": {"elo": 1430.6380233533055, "gxe": 69.5, "rpr": 1656.4619207903372, "rprd": 48.130978924188845, "w": 89, "l": 69, "coil": null}, "gen9ou": {"elo": 1050.3362981415, "gxe": 47.2, "rpr": 1478.1195102628, "rprd": 78.258540615737, "w": 7, "l": 7, "coil": null}, "gen9randombattle": {"elo": 1680.3914198213183, "gxe": 77.6, "rpr": 1734.6470591697898, "rprd": 25.539259947066462, "w": 8142, "l": 7984, "coil": null}, "gen9randomdoublesbattle": {"elo": 1047.5991432822907, "gxe": 41.6, "rpr": 1431.9212316120588, "rprd": 122.90341485211368, "w": 4, "l": 5, "coil": null}, "gen9ubers": {"elo": 1000, "gxe": 45, "rpr": 1459.8393856609866, "rprd": 122.85830807679145, "w": 0, "l": 1, "coil": null}, "gen9vgc2023series1": {"elo": 1164.5985069846, "gxe": 56.8, "rpr": 1553.2717022265, "rprd": 82.583551235553, "w": 8, "l": 4, "coil": null}, "gen9vgc2023series2": {"elo": 1026.1119557677, "gxe": 40.7, "rpr": 1427.3083103988, "rprd": 75.355075260931, "w": 0, "l": 0, "coil": null}}}