{"username": "lionbark", "userid": "lionbark", "registertime": 1393718400, "group": 1, "ratings": {"gen9randombattle": {"elo": 2134.4425299536565, "gxe": 85.4, "rpr": 1833.1602911515618, "rprd": 34.84349892563388, "w": 2290, "l": 2024, "coil": null}}}