{"username": "lizardgoatboys", "userid": "lizardgoatboys", "registertime": 1757203200, "group": 1, "ratings": {"gen2randombattle": {"elo": 1057.7002708908542, "gxe": 56.5, "rpr": 1552.6208468554098, "rprd": 122.85674288655206, "w": 1, "l": 0, "coil": null}, "gen3ou": {"elo": 1437.6320792426661, "gxe": 58.4, "rpr": 1564.0095496292236, "rprd": 44.85441790244147, "w": 176, "l": 166, "coil": null}, "gen3randombattle": {"elo": 1361.7948614623256, "gxe": 76.7, "rpr": 1729.3587684230754, "rprd": 76.32305608616765, "w": 15, "l": 2, "coil": null}, "gen4randombattle": {"elo": 1073.8673540321179, "gxe": 55, "rpr": 1540.1606143390134, "rprd": 122.85830807679145, "w": 2, "l": 1, "coil": null}, "gen5randombattle": {"elo": 1172.3810727429343, "gxe": 69.9, "rpr": 1664.4647094698018, "rprd": 94.61443023974734, "w": 7, "l": 0, "coil": null}, "gen6ou": {"elo": 1390.9458718412327, "gxe": 73.9, "rpr": 1697.1278905248196, "rprd": 48.13064018353907, "w": 77, "l": 51, "coil": null}, "gen6randombattle": {"elo": 1132.0223286486948, "gxe": 54.5, "rpr": 1534.352831016207, "rprd": 61.48925714446964, "w": 17, "l": 13, "coil": null}, "gen7randombattle": {"elo": 1565.7025336687, "gxe": 78.3, "rpr": 1744.9475947814, "rprd": 64.070759586395, "w": 66, "l": 32, "coil": null}, "gen91v1factory": {"elo": 1057.0056054169509, "gxe": 40.3, "rpr": 1424.830758043443, "rprd": 60.925307092568424, "w": 13, "l": 21, "coil": null}, "gen9nu": {"elo": 1157.0977399177095, "gxe": 60.7, "rpr": 1585.8290876857463, "rprd": 111.20208866239233, "w": 5, "l": 2, "coil": 1214}, "gen9ou": {"elo": 1155.07111539933, "gxe": 54.3, "rpr": 1533.669360265434, "rprd": 88.80902515597563, "w": 10, "l": 5, "coil": null}, "gen9pu": {"elo": 1329.2056334968, "gxe": 67.4, "rpr": 1642.6751989729, "rprd": 100.05703391904, "w": 29, "l": 14, "coil": 2408.3245058571906}, "gen9randombattle": {"elo": 1850.2669034271498, "gxe": 80.5, "rpr": 1768.5755870166504, "rprd": 40.939102170937744, "w": 506, "l": 421, "coil": null}, "gen9ru": {"elo": 1415.7270257961, "gxe": 73.2, "rpr": 1696.8858241981, "rprd": 100.08817648824, "w": 23, "l": 7, "coil": 2490.7534472641055}, "gen9ubers": {"elo": 1159.9127652399557, "gxe": 63.5, "rpr": 1607.958042197617, "rprd": 96.66283602096021, "w": 7, "l": 2, "coil": null}, "gen9uu": {"elo": 1314.1790997648927, "gxe": 71.9, "rpr": 1680.9052805012345, "rprd": 75.3957848735247, "w": 13, "l": 4, "coil": null}}}