{"username": "L lawlet", "userid": "llawlet", "registertime": 1640649600, "group": 1, "ratings": {"gen1randombattle": {"elo": 1000, "gxe": 41.9, "rpr": 1435.1555250269, "rprd": 116.77984062723, "w": 0, "l": 2, "coil": null}, "gen6randombattle": {"elo": 1000, "gxe": 40.6, "rpr": 1424.0720297418, "rprd": 116.33249712009, "w": 0, "l": 2, "coil": null}, "gen7randombattle": {"elo": 1047.488103559625, "gxe": 38.1, "rpr": 1402.9243237543421, "rprd": 122.75872476682707, "w": 2, "l": 4, "coil": null}, "gen8balancedhackmons": {"elo": 1015.2695024243, "gxe": 34.7, "rpr": 1373.2240944917, "rprd": 124.24213855202, "w": 1, "l": 5, "coil": null}, "gen8bdsprandombattle": {"elo": 1046.9552660739, "gxe": 53.4, "rpr": 1527.529145766, "rprd": 122.93892422966, "w": 1, "l": 0, "coil": null}, "gen8randombattle": {"elo": 1185.8454301579, "gxe": 46.8, "rpr": 1476.0326569411, "rprd": 47.830662525732, "w": 487, "l": 639, "coil": null}, "gen8randomdoublesbattle": {"elo": 1025.6244113682, "gxe": 38.7, "rpr": 1395.0260074173, "rprd": 232.67661984915, "w": 3, "l": 7, "coil": null}, "gen9doublesou": {"elo": 1040, "gxe": 49, "rpr": 1492.1889313059949, "rprd": 116.36841015480445, "w": 1, "l": 1, "coil": null}, "gen9megainvasionrandombattle": {"elo": 1000, "gxe": 45, "rpr": 1459.8393856609866, "rprd": 122.85830807679145, "w": 0, "l": 1, "coil": null}, "gen9ou": {"elo": 1000, "gxe": 26.8, "rpr": 1308.1699481127055, "rprd": 65.8542642329282, "w": 9, "l": 22, "coil": null}, "gen9randombattle": {"elo": 1361.0429124838636, "gxe": 53, "rpr": 1522.4459391381681, "rprd": 31.02558950206629, "w": 1066, "l": 1242, "coil": null}, "gen9randombattleblitz": {"elo": 1040, "gxe": 55, "rpr": 1540.1606143390134, "rprd": 122.85830807679145, "w": 1, "l": 0, "coil": null}}}