{"username": "loc25090", "userid": "loc25090", "registertime": 1779494400, "group": 1, "ratings": {"gen9championsvgc2026regma": {"elo": 1112.0805353240185, "gxe": 59.9, "rpr": 1579.4038976244265, "rprd": 111.56006424606062, "w": 3, "l": 0, "coil": null}, "gen9championsvgc2026regmabo3": {"elo": 1090.7805172870376, "gxe": 41.7, "rpr": 1434.3048452132753, "rprd": 93.43530441739898, "w": 3, "l": 5, "coil": null}, "gen9randombattle": {"elo": 1163.6416854722747, "gxe": 44.8, "rpr": 1460.3859906582918, "rprd": 48.05008571647301, "w": 25, "l": 25, "coil": null}}}