{"username": "loerik2", "userid": "loerik2", "registertime": 0, "group": 0, "ratings": {"gen1randombattle": {"elo": 1040, "gxe": 53.2, "rpr": 1525.9877222618054, "rprd": 123.30995792968993, "w": 1, "l": 0, "coil": null}, "gen6firstbloodrandombattle": {"elo": 1387.936198640983, "gxe": 56.8, "rpr": 1551.88283738613, "rprd": 25.603264222250854, "w": 479, "l": 464, "coil": null}, "gen9randombattle": {"elo": 2011.5976550786847, "gxe": 83.1, "rpr": 1800.6005854625412, "rprd": 25.134972514428608, "w": 3083, "l": 2929, "coil": null}, "gen9randombattleblitz": {"elo": 1543.9271933197062, "gxe": 63.4, "rpr": 1603.7206377958566, "rprd": 25.8144425521974, "w": 103, "l": 78, "coil": null}, "gen9randomdoublesbattle": {"elo": 1544.1670679097542, "gxe": 69.6, "rpr": 1657.5386897474223, "rprd": 55.149550767389215, "w": 1164, "l": 1029, "coil": null}}}