{"username": "lopunny luvr", "userid": "lopunnyluvr", "registertime": 1734220800, "group": 1, "ratings": {"gen1randombattle": {"elo": 1048.2031802351, "gxe": 52.5, "rpr": 1519.9377321143, "rprd": 111.75009268622, "w": 0, "l": 0, "coil": null}, "gen7randombattle": {"elo": 1048.5885507852, "gxe": 54.6, "rpr": 1536.6489444829, "rprd": 122.07982523189, "w": 0, "l": 0, "coil": null}, "gen8ou": {"elo": 1308.0338246251522, "gxe": 71.9, "rpr": 1681.3059741222007, "rprd": 79.65809939776018, "w": 12, "l": 3, "coil": null}, "gen8randombattle": {"elo": 1347.764370450575, "gxe": 74.6, "rpr": 1715.1852060499064, "rprd": 123.11077599413991, "w": 16, "l": 3, "coil": null}, "gen9ou": {"elo": 1505.4081564886264, "gxe": 82.7, "rpr": 1804.950064996161, "rprd": 95.57907713155474, "w": 44, "l": 11, "coil": null}, "gen9randombattle": {"elo": 2078.058138062373, "gxe": 88.6, "rpr": 1887.5161075998715, "rprd": 40.015954689043014, "w": 301, "l": 201, "coil": null}, "gen9randombattleblitz": {"elo": 1615.090431510812, "gxe": 69.3, "rpr": 1653.9070561243796, "rprd": 37.07352445272626, "w": 266, "l": 232, "coil": null}}}