{"username": "lorbolor", "userid": "lorbolor", "registertime": 1773619200, "group": 1, "ratings": {"gen9randombattle": {"elo": 1390.0350601530984, "gxe": 59.4, "rpr": 1571.5493978398013, "rprd": 27.56985239288964, "w": 760, "l": 784, "coil": null}}}