{"username": "louiszhang", "userid": "louiszhang", "registertime": 1546473600, "group": 1, "ratings": {"digimondigimonshowdowndoubles": {"elo": 1048.3930321606, "gxe": 55, "rpr": 1540.1606143388, "rprd": 123.40150317888, "w": 1, "l": 0, "coil": null}, "digimondigimonshowdowntriples": {"elo": 1000, "gxe": 45, "rpr": 1459.8393856612, "rprd": 122.8583080769, "w": 0, "l": 1, "coil": null}, "gen7anythinggoes": {"elo": 1491.2726196823, "gxe": 67.7, "rpr": 1664.5741957927, "rprd": 215.48527492602, "w": 101, "l": 79, "coil": null}, "gen7balancedhackmons": {"elo": 1081.0997202981, "gxe": 53.4, "rpr": 1527.0281519353, "rprd": 110.45410602983, "w": 2, "l": 1, "coil": null}, "gen7doublesou": {"elo": 1163.1137794609, "gxe": 53.7, "rpr": 1533.1329806623, "rprd": 227.91420575031, "w": 12, "l": 8, "coil": null}, "gen7doublesubers": {"elo": 1000, "gxe": 44.2, "rpr": 1453.4079114889, "rprd": 122.04403890973, "w": 0, "l": 1, "coil": null}, "gen7ou": {"elo": 1155.8404383422, "gxe": 47.3, "rpr": 1479.707326163, "rprd": 64.190171667176, "w": 29, "l": 26, "coil": null}, "gen7randombattle": {"elo": 1429.8191361482, "gxe": 62.5, "rpr": 1595.9608961069, "rprd": 25, "w": 456, "l": 433, "coil": null}, "gen7randomdoublesbattle": {"elo": 1355.8270630981, "gxe": 58.3, "rpr": 1564.6374253638, "rprd": 68.895157312616, "w": 1052, "l": 1046, "coil": null}, "gen8randombattle": {"elo": 1246.906695724, "gxe": 55.7, "rpr": 1542.952573599, "rprd": 25, "w": 1462, "l": 1447, "coil": null}, "gen8randomdoublesbattle": {"elo": 1084.4717260491, "gxe": 51.1, "rpr": 1510.0851689104, "rprd": 221.91149650302, "w": 1400, "l": 1334, "coil": null}, "gen9doublesuu": {"elo": 1014.0925461221699, "gxe": 44.9, "rpr": 1459.8431865793812, "rprd": 111.5605591731395, "w": 1, "l": 2, "coil": null}, "gen9ou": {"elo": 1052.1422037589439, "gxe": 43.9, "rpr": 1451.8308835681512, "rprd": 100.72619783141369, "w": 3, "l": 3, "coil": null}, "gen9randombattle": {"elo": 1414.4261769140658, "gxe": 61.4, "rpr": 1587.2245073675633, "rprd": 27.447797985731977, "w": 4601, "l": 4525, "coil": null}, "gen9randombattleblitz": {"elo": 1000, "gxe": 44.2, "rpr": 1453.2722113243678, "rprd": 122.8083318897263, "w": 0, "l": 1, "coil": null}, "gen9randomdoublesbattle": {"elo": 1215.8825410160098, "gxe": 56.4, "rpr": 1550.2569433139136, "rprd": 103.44038270107788, "w": 18, "l": 14, "coil": null}, "gen9uu": {"elo": 1112.2066918362316, "gxe": 44.6, "rpr": 1458.0687665054577, "rprd": 88.56170592542861, "w": 6, "l": 7, "coil": null}}}