{"username": "LoveHerTs", "userid": "loveherts", "registertime": 1678147200, "group": 1, "ratings": {"gen1randombattle": {"elo": 1102.5699275283398, "gxe": 56.2, "rpr": 1548.990242163415, "rprd": 108.11239114146008, "w": 6, "l": 4, "coil": null}, "gen3randombattle": {"elo": 1091.6582023155036, "gxe": 59.1, "rpr": 1573.2108868761618, "rprd": 122.24547908835311, "w": 2, "l": 0, "coil": null}, "gen4randombattle": {"elo": 1072.6165444382436, "gxe": 59, "rpr": 1572.6251939661986, "rprd": 115.97627626642031, "w": 2, "l": 0, "coil": null}, "gen5randombattle": {"elo": 1035.3832042661963, "gxe": 46, "rpr": 1467.9913730085768, "rprd": 110.97247219681013, "w": 1, "l": 2, "coil": null}, "gen6randombattle": {"elo": 1040, "gxe": 55, "rpr": 1540.1606143390134, "rprd": 122.85830807679145, "w": 1, "l": 0, "coil": null}, "gen9doublesou": {"elo": 1082.635138776925, "gxe": 40.6, "rpr": 1428.5718331255366, "rprd": 25.43377173987019, "w": 866, "l": 927, "coil": null}, "gen9doublesubers": {"elo": 1171.604992793033, "gxe": 66.8, "rpr": 1637.073031082517, "rprd": 97.8218357824912, "w": 8, "l": 1, "coil": null}, "gen9mixandmegacup": {"elo": 1074.5999399173631, "gxe": 55.9, "rpr": 1546.7486317043538, "rprd": 111.3439272951201, "w": 2, "l": 1, "coil": null}, "gen9ou": {"elo": 1000, "gxe": 24, "rpr": 1272.7974291491298, "rprd": 108.81123699264732, "w": 11, "l": 19, "coil": null}, "gen9randombattle": {"elo": 1207.5580792112935, "gxe": 49.9, "rpr": 1499.400993137684, "rprd": 48.98221129952724, "w": 575, "l": 585, "coil": null}, "gen9randombattleblitz": {"elo": 1063.313856524457, "gxe": 47.8, "rpr": 1482.4464511016693, "rprd": 122.88804364401028, "w": 4, "l": 4, "coil": null}, "gen9randomdoublesbattle": {"elo": 1197.5868138580774, "gxe": 49.7, "rpr": 1497.8634371799888, "rprd": 54.999666998033604, "w": 104, "l": 107, "coil": null}, "gen9randomroulette": {"elo": 1079.1395989387154, "gxe": 37.6, "rpr": 1402.0797526586898, "rprd": 76.80979298989985, "w": 6, "l": 16, "coil": null}, "gen9ubers": {"elo": 1047.5813065250659, "gxe": 55, "rpr": 1540.1606143390134, "rprd": 122.85830807679145, "w": 1, "l": 0, "coil": null}}}