{"username": "lt.nitro", "userid": "ltnitro", "registertime": 1581292800, "group": 1, "ratings": {"gen5randombattle": {"elo": 1024.6552103574, "gxe": 50, "rpr": 1500, "rprd": 116.77753930647, "w": 1, "l": 1, "coil": null}, "gen8ou": {"elo": 1077.4037792293, "gxe": 41.6, "rpr": 1436.0981410661, "rprd": 25.495817221635, "w": 15, "l": 18, "coil": null}, "gen8randombattle": {"elo": 1339.6223025492, "gxe": 59.1, "rpr": 1569.1252126801, "rprd": 26.29656506053, "w": 63, "l": 63, "coil": null}, "gen8randomdoublesbattle": {"elo": 1335.9679261028, "gxe": 55.8, "rpr": 1549.414321515, "rprd": 174.50187916271, "w": 49, "l": 43, "coil": null}, "gen8uu": {"elo": 1115.5052201111, "gxe": 43.3, "rpr": 1441.2910354654, "rprd": 195.05331988087, "w": 0, "l": 0, "coil": null}, "gen8vgc2022": {"elo": 1135.3421083698, "gxe": 36.6, "rpr": 1377.830408458, "rprd": 212.72809268523, "w": 91, "l": 127, "coil": null}, "gen92v2doubles": {"elo": 1000, "gxe": 41, "rpr": 1427.4328741711, "rprd": 116.77753930647, "w": 0, "l": 2, "coil": null}, "gen9randombattle": {"elo": 1618.0626777993418, "gxe": 72.7, "rpr": 1686.1975856524855, "rprd": 47.594752121584335, "w": 1207, "l": 1111, "coil": null}, "gen9randomdoublesbattle": {"elo": 1666.625791360862, "gxe": 73.5, "rpr": 1693.2655390605419, "rprd": 39.49126051910332, "w": 89, "l": 57, "coil": null}, "gen9vgc2023regulationc": {"elo": 1088.8226927908393, "gxe": 37.9, "rpr": 1407.0733880101118, "rprd": 31.420603680656846, "w": 58, "l": 77, "coil": null}, "gen9vgc2023regulationd": {"elo": 1011.677958822883, "gxe": 24.6, "rpr": 1284.709875448818, "rprd": 71.69402162693557, "w": 4, "l": 19, "coil": null}, "gen9vgc2023regulatione": {"elo": 1065.4464792651881, "gxe": 29.9, "rpr": 1338.7851059531997, "rprd": 38.77504170860004, "w": 29, "l": 56, "coil": null}, "gen9vgc2023regulationebo3": {"elo": 1000, "gxe": 37.4, "rpr": 1397.2465032281616, "rprd": 118.14553063732895, "w": 0, "l": 2, "coil": null}, "gen9vgc2023series1": {"elo": 1068.9658564771, "gxe": 36.9, "rpr": 1398.3327621434, "rprd": 40.871230281247, "w": 29, "l": 52, "coil": null}, "gen9vgc2024regh": {"elo": 1090.8198831261936, "gxe": 39.1, "rpr": 1415.513887258034, "rprd": 52.647967194279026, "w": 20, "l": 23, "coil": null}, "gen9vgc2025regi": {"elo": 1014.3476065294835, "gxe": 27.3, "rpr": 1309.4705878935415, "rprd": 91.07166274092405, "w": 1, "l": 8, "coil": null}}}