{"username": "luc050805", "userid": "luc050805", "registertime": 1585612800, "group": 1, "ratings": {"digimondigimonshowdownsingles": {"elo": 1000, "gxe": 45, "rpr": 1459.8393856612, "rprd": 122.8583080769, "w": 0, "l": 1, "coil": null}, "gen3randombattle": {"elo": 1045.1050381556, "gxe": 55, "rpr": 1540.1606143388, "rprd": 122.8583080769, "w": 1, "l": 0, "coil": null}, "gen6randombattle": {"elo": 1382.750822389854, "gxe": 67.8, "rpr": 1646.7409623992464, "rprd": 105.19807235175467, "w": 20, "l": 11, "coil": null}, "gen7battlefactory": {"elo": 1019.9394557505, "gxe": 45.6, "rpr": 1465.210543375, "rprd": 110.83079618169, "w": 1, "l": 2, "coil": null}, "gen7monotypebattlefactory": {"elo": 1000, "gxe": 44.9, "rpr": 1458.972638016, "rprd": 122.67047566112, "w": 0, "l": 1, "coil": null}, "gen7ou": {"elo": 1083.6510300729, "gxe": 42.1, "rpr": 1438.1287299297, "rprd": 83.125372371461, "w": 10, "l": 10, "coil": null}, "gen7randombattle": {"elo": 1048.9325480135838, "gxe": 60.1, "rpr": 1582.337131725073, "rprd": 130, "w": 1, "l": 1, "coil": null}, "gen8bdsprandombattle": {"elo": 1092.0868414363, "gxe": 50.1, "rpr": 1500.6545971089, "rprd": 64.179157553571, "w": 154, "l": 154, "coil": null}, "gen8cap1v1": {"elo": 1040, "gxe": 50, "rpr": 1500, "rprd": 116.77753930647, "w": 1, "l": 1, "coil": null}, "gen8challengecup1v1": {"elo": 1130.9746580809, "gxe": 51.3, "rpr": 1510.0203901637, "rprd": 124.24036196862, "w": 8, "l": 5, "coil": null}, "gen8monotyperandombattle": {"elo": 1101.9000695984, "gxe": 46.2, "rpr": 1469.8504711028, "rprd": 118.58076655402, "w": 4, "l": 5, "coil": null}, "gen8ou": {"elo": 1017.085777896, "gxe": 41.4, "rpr": 1430.8649613258, "rprd": 112.02411924053, "w": 2, "l": 4, "coil": null}, "gen8randombattle": {"elo": 1305.5849337513, "gxe": 54.4, "rpr": 1534.1820375881, "rprd": 77.694633608202, "w": 296, "l": 298, "coil": null}, "gen8randomdoublesbattle": {"elo": 1211.0685158674, "gxe": 47.3, "rpr": 1478.7486452896, "rprd": 105.7475080832, "w": 36, "l": 45, "coil": null}, "gen8superstaffbros4": {"elo": 1000, "gxe": 45, "rpr": 1459.8393856612, "rprd": 122.8583080769, "w": 0, "l": 1, "coil": null}, "gen9almostanyability": {"elo": 1113.1237206456892, "gxe": 46.7, "rpr": 1474.7092227247263, "rprd": 69.0678393612037, "w": 12, "l": 12, "coil": null}, "gen9battlefactory": {"elo": 1152.4991248199, "gxe": 55, "rpr": 1540.437938218, "rprd": 130.18394594429, "w": 18, "l": 15, "coil": null}, "gen9challengecup2v2": {"elo": 1000, "gxe": 45, "rpr": 1459.8393856612, "rprd": 122.8583080769, "w": 0, "l": 1, "coil": null}, "gen9championsbssregmb": {"elo": 1040, "gxe": 55, "rpr": 1540.1606143390134, "rprd": 122.85830807679145, "w": 1, "l": 0, "coil": null}, "gen9championsrandombattle": {"elo": 1207.1127757046, "gxe": 67.6, "rpr": 1640.1175868374, "rprd": 56.271435254566, "w": 25, "l": 13, "coil": null}, "gen9championsvgc2026regmb": {"elo": 1405.1620699582656, "gxe": 63.2, "rpr": 1602.3441769095425, "rprd": 40.7736157924238, "w": 47, "l": 31, "coil": null}, "gen9doublesou": {"elo": 1420.122863113116, "gxe": 58.7, "rpr": 1568.3644647916203, "rprd": 90.21608315435346, "w": 50, "l": 26, "coil": null}, "gen9draftfactory": {"elo": 1040, "gxe": 51, "rpr": 1507.8127740634195, "rprd": 127.65527899413878, "w": 1, "l": 1, "coil": null}, "gen9godlygift": {"elo": 1054.012718388128, "gxe": 49.3, "rpr": 1494.8430383973866, "rprd": 114.34975679580499, "w": 2, "l": 2, "coil": null}, "gen9nu": {"elo": 1063.8788199988144, "gxe": 48.8, "rpr": 1490.8798897054442, "rprd": 106.60453127940616, "w": 2, "l": 2, "coil": 580.3330721213279}, "gen9ou": {"elo": 1357.4360644284059, "gxe": 64.6, "rpr": 1615.183230280211, "rprd": 65.90868755145972, "w": 30, "l": 15, "coil": null}, "gen9pickyourteamrandombattle": {"elo": 1040, "gxe": 55, "rpr": 1540.1606143390134, "rprd": 122.85830807679145, "w": 1, "l": 0, "coil": null}, "gen9pu": {"elo": 1163.6479660133184, "gxe": 54.3, "rpr": 1533.2859538472114, "rprd": 82.88935000847623, "w": 24, "l": 16, "coil": 1923.8870514903272}, "gen9randombattle": {"elo": 2007.2037396463647, "gxe": 83, "rpr": 1799.4730641995268, "rprd": 34.383685395786166, "w": 2587, "l": 2456, "coil": null}, "gen9randombattleblitz": {"elo": 1046.254489373, "gxe": 50.1, "rpr": 1500.9208710749, "rprd": 118.29909122049, "w": 1, "l": 1, "coil": null}, "gen9randombattlemayhem": {"elo": 1086.5222186928297, "gxe": 67.7, "rpr": 1648.714150063915, "rprd": 130, "w": 2, "l": 0, "coil": null}, "gen9randombattlesharedpowerb12p6": {"elo": 1307.8294825457986, "gxe": 57.3, "rpr": 1555.8911039885227, "rprd": 50.31725961949485, "w": 62, "l": 55, "coil": null}, "gen9ru": {"elo": 1000, "gxe": 38.3, "rpr": 1405.9357003975208, "rprd": 110.79494983896365, "w": 0, "l": 3, "coil": 303.9873014519102}, "gen9superstaffbrosultimate": {"elo": 1000, "gxe": 45, "rpr": 1459.8393856609866, "rprd": 122.85830807679145, "w": 0, "l": 1, "coil": null}, "gen9uu": {"elo": 1053.8670091836093, "gxe": 46.2, "rpr": 1470.7076743467476, "rprd": 84.60197732693258, "w": 9, "l": 8, "coil": null}, "gen9vgc2024regf": {"elo": 1106.849277986996, "gxe": 51.5, "rpr": 1511.821710490053, "rprd": 81.13659725569714, "w": 7, "l": 5, "coil": null}, "gen9vgc2024regg": {"elo": 1051.213307125489, "gxe": 41.6, "rpr": 1435.6267733191914, "rprd": 55.21982316011456, "w": 16, "l": 19, "coil": null}, "gen9vgc2024regh": {"elo": 1107.3136492951874, "gxe": 46.8, "rpr": 1475.3267556040407, "rprd": 94.17577219661388, "w": 5, "l": 3, "coil": null}, "gen9vgc2026regf": {"elo": 1000, "gxe": 45, "rpr": 1459.8393856609866, "rprd": 122.85830807679145, "w": 0, "l": 1, "coil": null}}}