{"username": "LucaPaglia", "userid": "lucapaglia", "registertime": 1762905600, "group": 1, "ratings": {"gen9randombattle": {"elo": 1599.5751987369515, "gxe": 62.1, "rpr": 1593.3621572600453, "rprd": 30.585203594817106, "w": 416, "l": 392, "coil": null}}}