{"username": "lucas53674", "userid": "lucas53674", "registertime": 1778198400, "group": 1, "ratings": {"gen1randombattle": {"elo": 1000, "gxe": 45, "rpr": 1459.8393856609866, "rprd": 122.85830807679145, "w": 0, "l": 1, "coil": null}, "gen81v1": {"elo": 1000, "gxe": 45, "rpr": 1459.8393856609866, "rprd": 122.85830807679145, "w": 0, "l": 1, "coil": null}, "gen8vgc2022": {"elo": 1000, "gxe": 45.8, "rpr": 1466.1225845592294, "rprd": 122.17434615837853, "w": 0, "l": 1, "coil": null}, "gen9doublesubers": {"elo": 1012.7474025908971, "gxe": 39.4, "rpr": 1415.5944921690873, "rprd": 102.83219891021805, "w": 1, "l": 4, "coil": null}, "gen9megainvasionrandombattle": {"elo": 1000, "gxe": 35.9, "rpr": 1385.0973924488517, "rprd": 110.87804660574979, "w": 0, "l": 3, "coil": null}, "gen9ou": {"elo": 1053.1380634916386, "gxe": 32.7, "rpr": 1362.646124557508, "rprd": 59.67651082128666, "w": 13, "l": 22, "coil": null}, "gen9randombattle": {"elo": 1257.950066279847, "gxe": 44.5, "rpr": 1458.138610093578, "rprd": 49.203038860572796, "w": 49, "l": 53, "coil": null}, "gen9randombattleblitz": {"elo": 1000, "gxe": 31.2, "rpr": 1345.4226353756562, "rprd": 99.05320707664231, "w": 1, "l": 5, "coil": null}, "gen9randombattlemayhem": {"elo": 1048.298511967071, "gxe": 55.5, "rpr": 1544.4895553616889, "rprd": 122.93275504687341, "w": 1, "l": 0, "coil": null}, "gen9randomdoublesbattle": {"elo": 1101.5852892228268, "gxe": 54.3, "rpr": 1533.073746636735, "rprd": 79.86666394869506, "w": 8, "l": 5, "coil": null}}}