{"username": "lucas is bad", "userid": "lucasisbad", "registertime": 1771200000, "group": 1, "ratings": {"gen7randombattle": {"elo": 1159.7430684901, "gxe": 74.7, "rpr": 1717.4934112504, "rprd": 130, "w": 6, "l": 2, "coil": null}, "gen8ou": {"elo": 1297.7817508501626, "gxe": 69.7, "rpr": 1660.7627111896124, "rprd": 81.68067241377946, "w": 16, "l": 7, "coil": null}, "gen8randombattle": {"elo": 1038.9088126861395, "gxe": 44.9, "rpr": 1458.6456349577938, "rprd": 130, "w": 2, "l": 2, "coil": null}, "gen9anythinggoes": {"elo": 1000, "gxe": 40.8, "rpr": 1426.1517478193703, "rprd": 116.61083505718557, "w": 0, "l": 2, "coil": null}, "gen9nationaldex": {"elo": 1111.7800253674957, "gxe": 43.5, "rpr": 1449.7272997178727, "rprd": 80.56629902255554, "w": 21, "l": 18, "coil": null}, "gen9randombattle": {"elo": 1093.8989922876372, "gxe": 39.6, "rpr": 1419.5439672818236, "rprd": 47.039749155755636, "w": 35, "l": 44, "coil": null}, "gen9randombattleblitz": {"elo": 1000, "gxe": 40.5, "rpr": 1423.3261638574893, "rprd": 116.68864372023343, "w": 0, "l": 2, "coil": null}}}