{"username": "luciano0707", "userid": "luciano0707", "registertime": 0, "group": 0, "ratings": {"gen9randombattle": {"elo": 1088.443311819403, "gxe": 53.7, "rpr": 1529.4877441106657, "rprd": 109.21770138503732, "w": 3, "l": 1, "coil": null}}}