{"username": "lucky liu", "userid": "luckyliu", "registertime": 1772323200, "group": 1, "ratings": {"gen9ou": {"elo": 1435.2612051664032, "gxe": 63.2, "rpr": 1602.3548049092478, "rprd": 38.946338896332186, "w": 0, "l": 0, "coil": null}, "gen9randombattle": {"elo": 1859.740349220106, "gxe": 80.9, "rpr": 1771.776471291383, "rprd": 25.225717103419974, "w": 206, "l": 174, "coil": null}}}