{"username": "Lujay7", "userid": "lujay7", "registertime": 1670803200, "group": 1, "ratings": {"gen1randombattleblitz": {"elo": 1044.6961266394, "gxe": 51.3, "rpr": 1510.1391859159, "rprd": 116.63898401358, "w": 1, "l": 1, "coil": null}, "gen3randombattle": {"elo": 1043.6891181639664, "gxe": 54.4, "rpr": 1535.1495476124524, "rprd": 122.96309306598725, "w": 1, "l": 0, "coil": null}, "gen6randombattle": {"elo": 1153.9337095700503, "gxe": 61.5, "rpr": 1593.293558598538, "rprd": 116.10016311003143, "w": 6, "l": 3, "coil": null}, "gen7randombattle": {"elo": 1050.9303863918, "gxe": 55.7, "rpr": 1546.0326124121, "rprd": 121.85638426879, "w": 1, "l": 0, "coil": null}, "gen8joltemonsrandombattle": {"elo": 1203.4193021336, "gxe": 65.8, "rpr": 1634.7433374815, "rprd": 153.30666731874, "w": 8, "l": 2, "coil": null}, "gen8randombattle": {"elo": 1354.7417301759, "gxe": 70.4, "rpr": 1666.5720202054, "rprd": 70.757789386064, "w": 16, "l": 3, "coil": null}, "gen9babyrandombattle": {"elo": 1040, "gxe": 45.8, "rpr": 1466.910821638751, "rprd": 111.51861011315509, "w": 1, "l": 2, "coil": null}, "gen9challengecup1v1": {"elo": 1000, "gxe": 39.5, "rpr": 1415.0970348159, "rprd": 116.30603297979, "w": 0, "l": 2, "coil": null}, "gen9challengecup2v2": {"elo": 1164.1780027116215, "gxe": 65.9, "rpr": 1631.2353990089046, "rprd": 123.35816718423243, "w": 9, "l": 4, "coil": null}, "gen9championsou": {"elo": 1245.9772362571766, "gxe": 66.6, "rpr": 1633.5312955596282, "rprd": 84.83272843258888, "w": 11, "l": 2, "coil": null}, "gen9championsvgc2026regma": {"elo": 1188.5937889596992, "gxe": 53.5, "rpr": 1526.603259010839, "rprd": 57.25259083332519, "w": 21, "l": 14, "coil": null}, "gen9championsvgc2026regmabo3": {"elo": 1099.2751956811016, "gxe": 52.1, "rpr": 1516.343692255628, "rprd": 61.221477796883356, "w": 17, "l": 15, "coil": null}, "gen9livepatchbattlesver100": {"elo": 1136.614335534891, "gxe": 62.5, "rpr": 1598.9803612850337, "rprd": 85.78855795188736, "w": 8, "l": 3, "coil": null}, "gen9monotyperandombattle": {"elo": 1156.148065821912, "gxe": 52.6, "rpr": 1519.915648925627, "rprd": 58.23707264230715, "w": 24, "l": 21, "coil": null}, "gen9nationaldex": {"elo": 1396.727180747866, "gxe": 58.4, "rpr": 1564.4990401922191, "rprd": 50.48719784196836, "w": 166, "l": 136, "coil": null}, "gen9nationaldexdoubles": {"elo": 1354.3370947946146, "gxe": 58.1, "rpr": 1563.0570197856782, "rprd": 71.17580048232574, "w": 26, "l": 17, "coil": null}, "gen9nationaldexmonotype": {"elo": 1472.3823821649, "gxe": 72.3, "rpr": 1684.7431298055, "rprd": 78.161703108157, "w": 140, "l": 88, "coil": null}, "gen9nationaldexubers": {"elo": 1384.7459004153104, "gxe": 71.2, "rpr": 1673.6264635731402, "rprd": 73.15009939328553, "w": 17, "l": 4, "coil": null}, "gen9ou": {"elo": 1464.7790523675935, "gxe": 68.8, "rpr": 1650.4093010583797, "rprd": 49.09364367730911, "w": 34, "l": 15, "coil": null}, "gen9randombattle": {"elo": 1995.183062701541, "gxe": 82.4, "rpr": 1790.907112680712, "rprd": 30.32874167074251, "w": 2187, "l": 1913, "coil": null}, "gen9randombattlemayhem": {"elo": 1040, "gxe": 55, "rpr": 1540.1606143390134, "rprd": 122.85830807679145, "w": 1, "l": 0, "coil": null}, "gen9randomdoublesbattle": {"elo": 1266.6911616418538, "gxe": 63.8, "rpr": 1611.5290754288142, "rprd": 101.4814694405758, "w": 21, "l": 11, "coil": null}, "gen9randomroulette": {"elo": 1106.3773483517002, "gxe": 64.4, "rpr": 1618.6765326893578, "rprd": 123.2032711196848, "w": 3, "l": 0, "coil": null}, "gen9sixbysixrandombattle": {"elo": 1000, "gxe": 45, "rpr": 1459.8393856609866, "rprd": 122.85830807679145, "w": 0, "l": 1, "coil": null}}}