{"username": "Lunarity123", "userid": "lunarity123", "registertime": 1671235200, "group": 1, "ratings": {"gen9ou": {"elo": 1246.5279125642303, "gxe": 68.5, "rpr": 1650.3627022535736, "rprd": 83.73563416228066, "w": 10, "l": 2, "coil": null}, "gen9pu": {"elo": 1091.8315033315, "gxe": 60, "rpr": 1580.3998820255, "rprd": 116.22236343386, "w": 2, "l": 0, "coil": 212.13203435596427}, "gen9randombattle": {"elo": 1996.3370507984462, "gxe": 83.8, "rpr": 1810.5387002150408, "rprd": 35.65662136194583, "w": 1811, "l": 1512, "coil": null}, "gen9randomdoublesbattle": {"elo": 1180.0638405619488, "gxe": 63.1, "rpr": 1604.502366925634, "rprd": 87.81648460945796, "w": 8, "l": 2, "coil": null}, "gen9vgc2026regf": {"elo": 1425.9180985378614, "gxe": 54.5, "rpr": 1533.7919043009792, "rprd": 38.85078326613226, "w": 57, "l": 45, "coil": null}}}