{"username": "luq09", "userid": "luq09", "registertime": 1603929600, "group": 1, "ratings": {"gen1randombattle": {"elo": 1155.513790359, "gxe": 61.4, "rpr": 1593.5458055241, "rprd": 130, "w": 8, "l": 5, "coil": null}, "gen2randombattle": {"elo": 1196.9374970758, "gxe": 59, "rpr": 1572.8381394492, "rprd": 130, "w": 43, "l": 38, "coil": null}, "gen3randombattle": {"elo": 1168.6026759852, "gxe": 48.1, "rpr": 1484.3859451266, "rprd": 130, "w": 46, "l": 50, "coil": null}, "gen4randombattle": {"elo": 1064.1662867894, "gxe": 46.9, "rpr": 1476.369961831, "rprd": 51.681081436312, "w": 29, "l": 32, "coil": null}, "gen4sharedpowerrandombattle": {"elo": 1040, "gxe": 45.2, "rpr": 1461.9825571541, "rprd": 111.15754019878, "w": 1, "l": 2, "coil": null}, "gen6firstbloodrandombattle": {"elo": 1051.8860760409532, "gxe": 48.7, "rpr": 1490.078182388484, "rprd": 70.34971681540786, "w": 11, "l": 11, "coil": null}, "gen6tripleschallengecup": {"elo": 1000, "gxe": 37.5, "rpr": 1399.431110709571, "rprd": 102.0672563588253, "w": 1, "l": 5, "coil": null}, "gen7pickyourteamrandombattle": {"elo": 1178.3183312129, "gxe": 53.4, "rpr": 1526.0000004522, "rprd": 49.159276838657, "w": 29, "l": 25, "coil": null}, "gen7randombattleapexabilities": {"elo": 1048.3680292554075, "gxe": 54.3, "rpr": 1534.551658174967, "rprd": 122.1412743318778, "w": 1, "l": 0, "coil": null}, "gen8balancedhackmons": {"elo": 1000, "gxe": 45, "rpr": 1459.8393856612, "rprd": 122.8583080769, "w": 0, "l": 1, "coil": null}, "gen8bdsprandombattle": {"elo": 1000, "gxe": 35.9, "rpr": 1384.9079615031, "rprd": 116.14433152075, "w": 0, "l": 3, "coil": null}, "gen8cap": {"elo": 1040, "gxe": 55, "rpr": 1540.1606143388, "rprd": 122.8583080769, "w": 1, "l": 0, "coil": null}, "gen8challengecup1v1": {"elo": 1074.3214382999, "gxe": 41.9, "rpr": 1436.8954388687, "rprd": 71.084670739514, "w": 79, "l": 106, "coil": null}, "gen8doublesou": {"elo": 1035.9772355357, "gxe": 48.7, "rpr": 1489.8027552436, "rprd": 115.40388829968, "w": 1, "l": 1, "coil": null}, "gen8doublesubers": {"elo": 1000, "gxe": 38.3, "rpr": 1405.0714270944, "rprd": 117.63570660474, "w": 0, "l": 2, "coil": null}, "gen8hackmonscup": {"elo": 1025.8262051227, "gxe": 35.6, "rpr": 1381.8244077421, "rprd": 117.46383969982, "w": 1, "l": 4, "coil": null}, "gen8joltemonsrandombattle": {"elo": 1000, "gxe": 46, "rpr": 1467.6330683035, "rprd": 122.28379952233, "w": 0, "l": 1, "coil": null}, "gen8lc": {"elo": 1214.6054692901, "gxe": 60.6, "rpr": 1583.4435241362, "rprd": 83.581971382389, "w": 27, "l": 20, "coil": null}, "gen8metronomebattle": {"elo": 1079.8155526944, "gxe": 45.5, "rpr": 1465.226357076, "rprd": 65.867892959202, "w": 68, "l": 63, "coil": null}, "gen8monotype": {"elo": 1049.1260937746, "gxe": 38.3, "rpr": 1407.4181209539, "rprd": 91.555469894699, "w": 48, "l": 50, "coil": null}, "gen8monotyperandombattle": {"elo": 1071.798821467, "gxe": 43.3, "rpr": 1448.2638029068, "rprd": 65.431285709686, "w": 64, "l": 63, "coil": null}, "gen8nationaldexag": {"elo": 1479.8806839351, "gxe": 70, "rpr": 1663.3449659687, "rprd": 82.024507589525, "w": 37, "l": 16, "coil": null}, "gen8nfe": {"elo": 1130.4118924963, "gxe": 64.3, "rpr": 1616.4274612943, "rprd": 116.26778360659, "w": 4, "l": 1, "coil": null}, "gen8nu": {"elo": 1000, "gxe": 21.2, "rpr": 1236.3700637022, "rprd": 130, "w": 5, "l": 19, "coil": null}, "gen8ou": {"elo": 1181.206731852, "gxe": 43.4, "rpr": 1447.6510271661, "rprd": 107.92598340389, "w": 210, "l": 219, "coil": null}, "gen8oublitz": {"elo": 1040, "gxe": 54.1, "rpr": 1533.0842737558, "rprd": 123.2248942792, "w": 1, "l": 0, "coil": null}, "gen8pu": {"elo": 1046.3394617364, "gxe": 27.3, "rpr": 1306.1879523327, "rprd": 109.5786646521, "w": 5, "l": 12, "coil": null}, "gen8randombattle": {"elo": 1161.0355935461496, "gxe": 43.4, "rpr": 1446.8557359439685, "rprd": 130, "w": 123, "l": 121, "coil": null}, "gen8randombattlemayhem": {"elo": 1064.6438594192, "gxe": 46.5, "rpr": 1472.4351767843, "rprd": 90.066266666716, "w": 20, "l": 22, "coil": null}, "gen8randomdoublesbattle": {"elo": 1245.6676268163, "gxe": 53.1, "rpr": 1527.1720012914, "rprd": 198.78119831098, "w": 61, "l": 56, "coil": null}, "gen8ru": {"elo": 1102.7660189096, "gxe": 46.6, "rpr": 1469.805136244, "rprd": 223.97464659059, "w": 29, "l": 29, "coil": null}, "gen8ubers": {"elo": 1172.6516741651, "gxe": 47.8, "rpr": 1480.2307697966, "rprd": 232.2152284246, "w": 30, "l": 22, "coil": null}, "gen8uu": {"elo": 1177.0338767114, "gxe": 55.3, "rpr": 1542.6108135128, "rprd": 116.85421754337, "w": 72, "l": 77, "coil": null}, "gen8zu": {"elo": 1026.0485331149, "gxe": 45.2, "rpr": 1456.4654421998, "rprd": 226.32135681676, "w": 6, "l": 9, "coil": null}, "gen9babyrandombattle": {"elo": 1077.4576116564062, "gxe": 44.8, "rpr": 1457.9990821069616, "rprd": 122.79474111221471, "w": 2, "l": 4, "coil": null}, "gen9brokencup": {"elo": 1054.9102208321438, "gxe": 55.3, "rpr": 1542.7809916469416, "rprd": 121.81306881508448, "w": 1, "l": 0, "coil": null}, "gen9caprandombattle": {"elo": 1043.2636901188, "gxe": 55, "rpr": 1540.1606143388, "rprd": 123.03963956633, "w": 1, "l": 0, "coil": null}, "gen9challengecup1v1": {"elo": 1241.8472859322435, "gxe": 54.8, "rpr": 1537.6929396503554, "rprd": 107.82231620786715, "w": 31, "l": 27, "coil": null}, "gen9challengecup2v2": {"elo": 1042.8319226933, "gxe": 45.1, "rpr": 1460.9301320726, "rprd": 109.32386910198, "w": 2, "l": 4, "coil": null}, "gen9chimera1v1randombattle": {"elo": 1057.0749645351887, "gxe": 55.1, "rpr": 1541.020607667283, "rprd": 121.84550093439766, "w": 1, "l": 0, "coil": null}, "gen9computergeneratedteams": {"elo": 1065.5704689615843, "gxe": 51, "rpr": 1507.6914477132984, "rprd": 130, "w": 2, "l": 1, "coil": null}, "gen9doublesbrokencup": {"elo": 1173.474231492403, "gxe": 60.2, "rpr": 1580.6192022962498, "rprd": 92.18751776382463, "w": 6, "l": 3, "coil": null}, "gen9draftfactory": {"elo": 1000, "gxe": 45, "rpr": 1459.8393856609866, "rprd": 122.85830807679145, "w": 0, "l": 1, "coil": null}, "gen9megainvasionrandombattle": {"elo": 1044.9195102021824, "gxe": 53.5, "rpr": 1528.2599261626547, "rprd": 122.77533182118232, "w": 1, "l": 0, "coil": null}, "gen9monkeyspawrandombattle": {"elo": 1040, "gxe": 55, "rpr": 1540.1606143390134, "rprd": 122.85830807679145, "w": 1, "l": 0, "coil": null}, "gen9monotyperandombattle": {"elo": 1172.832875331618, "gxe": 53.9, "rpr": 1530.8427338944946, "rprd": 97.71181133113109, "w": 206, "l": 227, "coil": null}, "gen9partnersincrimerandombattle6moves": {"elo": 1000, "gxe": 45, "rpr": 1459.8393856609866, "rprd": 122.85830807679145, "w": 0, "l": 1, "coil": null}, "gen9pickyourteamrandombattle": {"elo": 1051.3609554449924, "gxe": 56.2, "rpr": 1550.1135270279176, "rprd": 122.21766062106668, "w": 1, "l": 0, "coil": null}, "gen9randombattle": {"elo": 1298.4408494440797, "gxe": 55.9, "rpr": 1545.4002413299727, "rprd": 77.677225185019, "w": 95, "l": 87, "coil": null}, "gen9randombattlemayhem": {"elo": 1153.0474396079187, "gxe": 60.1, "rpr": 1581.4082844778977, "rprd": 122.16291074647408, "w": 7, "l": 7, "coil": null}, "gen9randombattlesharedpowerb12p6": {"elo": 1069.659675516583, "gxe": 52.1, "rpr": 1516.148431273953, "rprd": 102.70626154559596, "w": 3, "l": 2, "coil": null}, "gen9randomdoublesbattle": {"elo": 1088.2193522667524, "gxe": 46.7, "rpr": 1473.0145982342106, "rprd": 130, "w": 4, "l": 3, "coil": null}, "gen9randomroulette": {"elo": 1048.3774657068202, "gxe": 50.3, "rpr": 1502.5124399998888, "rprd": 110.81443275037999, "w": 2, "l": 2, "coil": null}, "gen9superstaffbrosultimate": {"elo": 1047.9631116222404, "gxe": 55, "rpr": 1540.1606143390134, "rprd": 122.85830807679145, "w": 1, "l": 0, "coil": null}}}