{"username": "Luxaltair273", "userid": "luxaltair273", "registertime": 1667952000, "group": 1, "ratings": {"gen1ou": {"elo": 1052.5870745475686, "gxe": 55, "rpr": 1540.1606143390134, "rprd": 122.85830807679145, "w": 1, "l": 0, "coil": null}, "gen6ou": {"elo": 1078.0749794798, "gxe": 52.2, "rpr": 1517.526824177, "rprd": 101.24394362661, "w": 3, "l": 2, "coil": null}, "gen7ou": {"elo": 1120.645534395935, "gxe": 50, "rpr": 1499.8050370303854, "rprd": 118.21142702826, "w": 5, "l": 3, "coil": null}, "gen7randombattle": {"elo": 1040, "gxe": 53.7, "rpr": 1529.3423873966, "rprd": 122.9615816977, "w": 1, "l": 0, "coil": null}, "gen8hackmonscup": {"elo": 1043.8143601088, "gxe": 47.5, "rpr": 1479.9848600933, "rprd": 108.14363167532, "w": 2, "l": 2, "coil": null}, "gen8monotype": {"elo": 1063.8550528588, "gxe": 35.6, "rpr": 1385.7487109255, "rprd": 73.626417370729, "w": 6, "l": 13, "coil": null}, "gen8ou": {"elo": 1027.5561343033, "gxe": 40.8, "rpr": 1427.1876136315, "rprd": 93.995038573612, "w": 3, "l": 5, "coil": null}, "gen8purehackmons": {"elo": 1199.6797405861, "gxe": 62.3, "rpr": 1596.6631093019, "rprd": 68.035117483914, "w": 15, "l": 7, "coil": null}, "gen8randombattle": {"elo": 1313.1029858476, "gxe": 59.7, "rpr": 1574.5092766508, "rprd": 55.551312735155, "w": 55, "l": 44, "coil": null}, "gen8randombattleblitz": {"elo": 1030.0502895581, "gxe": 49.5, "rpr": 1495.9668902395, "rprd": 115.10079657792, "w": 1, "l": 1, "coil": null}, "gen8randomdoublesbattle": {"elo": 1128.5293598923, "gxe": 55.7, "rpr": 1550.7425438916, "rprd": 218.29222551616, "w": 6, "l": 3, "coil": null}, "gen91v1": {"elo": 1231.2343565402628, "gxe": 53.4, "rpr": 1526.3142222512665, "rprd": 58.2102141829486, "w": 19, "l": 16, "coil": null}, "gen9almostanyability": {"elo": 1134.796094845815, "gxe": 44.1, "rpr": 1454.3186433968615, "rprd": 72.52079134598142, "w": 62, "l": 89, "coil": null}, "gen9anythinggoes": {"elo": 1158.119816376456, "gxe": 64.3, "rpr": 1615.358460447116, "rprd": 103.7767518260597, "w": 5, "l": 0, "coil": null}, "gen9balancedhackmons": {"elo": 1073.4188123564766, "gxe": 33.8, "rpr": 1368.7894063064678, "rprd": 95.97896600245939, "w": 3, "l": 8, "coil": null}, "gen9championsvgc2026regma": {"elo": 1202.478968800131, "gxe": 48.2, "rpr": 1486.2764267833097, "rprd": 33.15567151987771, "w": 147, "l": 150, "coil": null}, "gen9championsvgc2026regmabo3": {"elo": 1184.5981547987963, "gxe": 57.2, "rpr": 1555.0787520315, "rprd": 43.677137018206444, "w": 65, "l": 59, "coil": null}, "gen9championsvgc2026regmb": {"elo": 1213.5003627400915, "gxe": 69.7, "rpr": 1661.7649289816593, "rprd": 86.98717728001762, "w": 9, "l": 1, "coil": null}, "gen9chimera1v1randombattle": {"elo": 1156.1199438475408, "gxe": 55.3, "rpr": 1541.1635325616792, "rprd": 82.24882106836647, "w": 7, "l": 5, "coil": null}, "gen9doublesou": {"elo": 1209.7439487753115, "gxe": 66.3, "rpr": 1631.445393656488, "rprd": 89.11142547222494, "w": 8, "l": 1, "coil": null}, "gen9godlygift": {"elo": 1000, "gxe": 18, "rpr": 1191.8369836094, "rprd": 140.09625314436, "w": 1, "l": 24, "coil": null}, "gen9inheritance": {"elo": 1000, "gxe": 46.2, "rpr": 1469.8282222156513, "rprd": 123.41186631634504, "w": 0, "l": 1, "coil": 462}, "gen9lc": {"elo": 1000, "gxe": 38.6, "rpr": 1408.407681808588, "rprd": 111.11149138565632, "w": 0, "l": 3, "coil": null}, "gen9legendszaou": {"elo": 1032.1792744175712, "gxe": 38.6, "rpr": 1409.2887988550892, "rprd": 97.8272821499259, "w": 2, "l": 5, "coil": null}, "gen9monotype": {"elo": 1117.6496228494368, "gxe": 43.1, "rpr": 1446.4095879667202, "rprd": 69.67361445985006, "w": 108, "l": 117, "coil": 1713.4105604398862}, "gen9monotyperandombattle": {"elo": 1031.7536535718918, "gxe": 40.7, "rpr": 1426.1697773991248, "rprd": 106.92503013676131, "w": 2, "l": 5, "coil": null}, "gen9nationaldex": {"elo": 1199.737187074795, "gxe": 57.3, "rpr": 1556.4145223100088, "rprd": 73.39461600144968, "w": 11, "l": 6, "coil": null}, "gen9nationaldexmonotype": {"elo": 1030.8923461662641, "gxe": 44.5, "rpr": 1457.5326415718152, "rprd": 64.40774568979872, "w": 169, "l": 181, "coil": null}, "gen9nationaldexubers": {"elo": 1339.5371945841675, "gxe": 66.1, "rpr": 1631.1072299411446, "rprd": 98.99350326783899, "w": 65, "l": 42, "coil": null}, "gen9nationaldexuu": {"elo": 1092.0149697320003, "gxe": 55.4, "rpr": 1542.5801197165558, "rprd": 102.96913419421546, "w": 3, "l": 2, "coil": null}, "gen9nu": {"elo": 1036.224125121536, "gxe": 43.5, "rpr": 1448.7749855901682, "rprd": 103.35711081469586, "w": 2, "l": 3, "coil": 659.3367064320232}, "gen9ou": {"elo": 1287.3489033715323, "gxe": 52.1, "rpr": 1516.0609611133837, "rprd": 63.73047167799051, "w": 218, "l": 215, "coil": null}, "gen9pokebilities": {"elo": 1016.7870014572, "gxe": 35.6, "rpr": 1375.9346021342, "rprd": 168.11270514088, "w": 7, "l": 16, "coil": null}, "gen9purehackmons": {"elo": 1011.7534138612724, "gxe": 37.1, "rpr": 1397.649983535843, "rprd": 89.37353210644065, "w": 2, "l": 7, "coil": null}, "gen9randombattle": {"elo": 1290.31113762177, "gxe": 56.9, "rpr": 1553.2365483809856, "rprd": 68.08708193961324, "w": 340, "l": 321, "coil": null}, "gen9randombattleblitz": {"elo": 1279.9250166434142, "gxe": 63.5, "rpr": 1608.8490102331864, "rprd": 106.62520694175251, "w": 26, "l": 17, "coil": null}, "gen9ru": {"elo": 1113.8952598903206, "gxe": 31.4, "rpr": 1345.2070214381326, "rprd": 111.49416340856423, "w": 39, "l": 45, "coil": 1185.5061367282071}, "gen9stabmons": {"elo": 1000, "gxe": 31.7, "rpr": 1339.361285408, "rprd": 165.33408024691, "w": 1, "l": 9, "coil": null}, "gen9teamstarchallenge": {"elo": 1000, "gxe": 45, "rpr": 1459.8393856609866, "rprd": 122.85830807679145, "w": 0, "l": 1, "coil": null}, "gen9thelosersgame": {"elo": 1000, "gxe": 39.6, "rpr": 1416.1011287178483, "rprd": 116.53630487684256, "w": 0, "l": 2, "coil": null}, "gen9trademarked": {"elo": 1085.5911618517516, "gxe": 42.2, "rpr": 1439.501321883471, "rprd": 67.58617080211782, "w": 10, "l": 13, "coil": null}, "gen9ubers": {"elo": 1142.9719372839722, "gxe": 53.8, "rpr": 1529.5452395048924, "rprd": 90.14984844258697, "w": 97, "l": 91, "coil": null}, "gen9uu": {"elo": 1210.592844751864, "gxe": 53, "rpr": 1522.8443987786432, "rprd": 46.41331438586584, "w": 151, "l": 153, "coil": null}, "gen9vgc2023regulationd": {"elo": 1040, "gxe": 55, "rpr": 1540.1606143390134, "rprd": 122.85830807679145, "w": 1, "l": 0, "coil": null}, "gen9vgc2024regg": {"elo": 1215.873621363337, "gxe": 56.9, "rpr": 1553.0031927649345, "rprd": 66.17326681852897, "w": 14, "l": 8, "coil": null}, "gen9vgc2024reggbo3": {"elo": 1027.4904764883577, "gxe": 36, "rpr": 1389.6090068510462, "rprd": 65.16485503170576, "w": 36, "l": 51, "coil": null}, "gen9vgc2024reghbo3": {"elo": 1028.9711199243943, "gxe": 49.4, "rpr": 1495.0863356322552, "rprd": 116.57495940803204, "w": 1, "l": 1, "coil": null}, "gen9vgc2026regibo3": {"elo": 1015.2978893907526, "gxe": 41.4, "rpr": 1431.0126601856546, "rprd": 114.64174329795705, "w": 1, "l": 3, "coil": null}}}