{"username": "LV2DT", "userid": "lv2dt", "registertime": 1684713600, "group": 1, "ratings": {"gen9championsrandombattle": {"elo": 1141.001273759, "gxe": 55.7, "rpr": 1544.114867510133, "rprd": 80.64757108566644, "w": 8, "l": 6, "coil": null}, "gen9randombattle": {"elo": 1994.15239790132, "gxe": 82.5, "rpr": 1793.218732322805, "rprd": 37.23736274103024, "w": 1586, "l": 1324, "coil": null}, "gen9randombattleblitz": {"elo": 1018.0485897472297, "gxe": 40.7, "rpr": 1426.1249811380435, "rprd": 108.57773929459509, "w": 2, "l": 4, "coil": null}}}