{"username": "MacMacAndCheese", "userid": "macmacandcheese", "registertime": 1647734400, "group": 1, "ratings": {"gen1randombattle": {"elo": 1000, "gxe": 32.8, "rpr": 1355.6193992739275, "rprd": 130, "w": 0, "l": 3, "coil": null}, "gen7ou": {"elo": 1172.097876254727, "gxe": 55.3, "rpr": 1540.9204034991878, "rprd": 70.0299172252393, "w": 299, "l": 309, "coil": null}, "gen81v1": {"elo": 1086.8672156655, "gxe": 48.2, "rpr": 1483.7859301717, "rprd": 213.10757996127, "w": 92, "l": 93, "coil": null}, "gen8nationaldexag": {"elo": 1000, "gxe": 40.1, "rpr": 1420.5473501382, "rprd": 116.0205446796, "w": 0, "l": 2, "coil": null}, "gen8ou": {"elo": 1110.6366697479, "gxe": 42.5, "rpr": 1442.8017953256, "rprd": 32.741742802003, "w": 681, "l": 773, "coil": null}, "gen8oublitz": {"elo": 1064.4318451953, "gxe": 42, "rpr": 1436.4838363727, "rprd": 105.51174867164, "w": 2, "l": 6, "coil": null}, "gen8randombattle": {"elo": 1239.3023636017, "gxe": 49.6, "rpr": 1497.1564621427, "rprd": 48.632493942532, "w": 221, "l": 228, "coil": null}, "gen9monotype": {"elo": 1145.8531314799277, "gxe": 43.9, "rpr": 1453.5662682478655, "rprd": 56.691187838663694, "w": 118, "l": 125, "coil": 1746.0106903178707}, "gen9ou": {"elo": 1245.9974937289464, "gxe": 50.3, "rpr": 1502.588783721737, "rprd": 78.50489883133372, "w": 732, "l": 807, "coil": null}, "gen9pu": {"elo": 1000, "gxe": 40.9, "rpr": 1426.8819152052904, "rprd": 115.94194870604544, "w": 0, "l": 2, "coil": 144.60333675264897}, "gen9randombattle": {"elo": 1300.0992575376104, "gxe": 54.5, "rpr": 1534.4888859713164, "rprd": 48.0363771094409, "w": 1081, "l": 1091, "coil": null}, "gen9randombattleblitz": {"elo": 1125.360235372412, "gxe": 46.1, "rpr": 1469.6194452349619, "rprd": 77.8872183700868, "w": 55, "l": 62, "coil": null}, "gen9randomdoublesbattle": {"elo": 1090.1290336404827, "gxe": 54.1, "rpr": 1532.165251846676, "rprd": 99.07044875159202, "w": 4, "l": 2, "coil": null}, "gen9ru": {"elo": 1072.0675474006, "gxe": 49.7, "rpr": 1497.5351281044, "rprd": 65.041739259681, "w": 12, "l": 12, "coil": 1624.1119605216531}, "gen9uu": {"elo": 1000, "gxe": 45, "rpr": 1459.8393856609866, "rprd": 122.85830807679145, "w": 0, "l": 1, "coil": null}, "gen9zu": {"elo": 1068.8377654875721, "gxe": 42.1, "rpr": 1438.7050792650157, "rprd": 69.0465410057725, "w": 8, "l": 14, "coil": 1484.5996734132998}}}