{"username": "MadThrower", "userid": "madthrower", "registertime": 1700265600, "group": 1, "ratings": {"gen4randombattle": {"elo": 1466.372605676498, "gxe": 74.3, "rpr": 1699.938415706408, "rprd": 32.303003489529424, "w": 621, "l": 542, "coil": null}, "gen5randombattle": {"elo": 1281.6909753659977, "gxe": 56.9, "rpr": 1552.992561564084, "rprd": 46.01349197762865, "w": 36, "l": 29, "coil": null}, "gen6ou": {"elo": 1418.9445738044, "gxe": 60.4, "rpr": 1587.8574469049, "rprd": 158.0221992078, "w": 262, "l": 254, "coil": null}, "gen6randombattle": {"elo": 1478.7839516622034, "gxe": 72.7, "rpr": 1688.5194354994862, "rprd": 75.15239508294344, "w": 159, "l": 114, "coil": null}, "gen7battlefactory": {"elo": 1275.542496988, "gxe": 71.2, "rpr": 1677.3001935434, "rprd": 100.01531921057, "w": 20, "l": 9, "coil": null}, "gen7randombattle": {"elo": 1499.1277663881, "gxe": 73.6, "rpr": 1700.1979081388, "rprd": 93.771306093736, "w": 232, "l": 184, "coil": null}, "gen9battlefactory": {"elo": 1045.7081697188555, "gxe": 55, "rpr": 1540.1606143390134, "rprd": 122.85830807679145, "w": 1, "l": 0, "coil": null}, "gen9championsrandombattle": {"elo": 1000, "gxe": 46.1, "rpr": 1468.8616677481577, "rprd": 122.67368315657286, "w": 0, "l": 1, "coil": null}, "gen9livepatchbattlesver100": {"elo": 1040, "gxe": 55, "rpr": 1540.1606143390134, "rprd": 122.85830807679145, "w": 1, "l": 0, "coil": null}, "gen9ou": {"elo": 1325.397368284287, "gxe": 53, "rpr": 1523.1347009848814, "rprd": 47.01478497766048, "w": 79, "l": 69, "coil": null}, "gen9randombattle": {"elo": 2011.6303997667508, "gxe": 81.4, "rpr": 1778.723584120489, "rprd": 25, "w": 6762, "l": 6485, "coil": null}, "gen9randombattleblitz": {"elo": 1001.6024197500493, "gxe": 41.4, "rpr": 1431.7432345680086, "rprd": 106.94911730354349, "w": 1, "l": 3, "coil": null}, "gen9randomdoublesbattle": {"elo": 1084.8822316162243, "gxe": 54.1, "rpr": 1532.8605929966118, "rprd": 111.00391306515091, "w": 2, "l": 1, "coil": null}}}