{"username": "MagicTAC1", "userid": "magictac1", "registertime": 1406678400, "group": 1, "ratings": {"battlefactory": {"elo": 1135.5381487003, "gxe": 61.3, "rpr": 1587.7182045519, "rprd": 67.363235797236, "w": 14, "l": 8, "coil": null}, "gen1randombattle": {"elo": 1211.2321447409515, "gxe": 62, "rpr": 1594.15711957041, "rprd": 69.56041684978811, "w": 75, "l": 72, "coil": null}, "gen3ou": {"elo": 1131.2032290168818, "gxe": 40.4, "rpr": 1424.8899443832265, "rprd": 82.91513351016734, "w": 173, "l": 175, "coil": null}, "gen3randombattle": {"elo": 1499.9842764415, "gxe": 73.8, "rpr": 1703.1805424869, "rprd": 100.0785940182, "w": 197, "l": 155, "coil": null}, "gen3uubl": {"elo": 1222.2074215028, "gxe": 55.7, "rpr": 1545.1646534812, "rprd": 105.4949508246, "w": 28, "l": 21, "coil": null}, "gen4ou": {"elo": 1364.9830708741013, "gxe": 65.6, "rpr": 1626.899725680697, "rprd": 101.77613245443362, "w": 196, "l": 158, "coil": null}, "gen4randombattle": {"elo": 1392.814081273463, "gxe": 70.5, "rpr": 1665.8533976498504, "rprd": 52.30381393924992, "w": 139, "l": 112, "coil": null}, "gen4uu": {"elo": 1075.2869896829, "gxe": 57.2, "rpr": 1573.8535484053, "rprd": 308.39633858025, "w": 2, "l": 0, "coil": null}, "gen5randombattle": {"elo": 1308.3283370090448, "gxe": 63.5, "rpr": 1605.7163144190142, "rprd": 67.48175868106053, "w": 28, "l": 20, "coil": null}, "gen7randombattle": {"elo": 1483.8217728507, "gxe": 75.6, "rpr": 1720.4532318366, "rprd": 92.52694651925, "w": 379, "l": 305, "coil": null}, "gen7uu": {"elo": 1203.1517179183, "gxe": 61, "rpr": 1599.9182003256, "rprd": 218.54089193871, "w": 30, "l": 22, "coil": null}, "gen8anythinggoes": {"elo": 1044.8917517154, "gxe": 39.7, "rpr": 1417.9934666839, "rprd": 107.49573897316, "w": 1, "l": 3, "coil": null}, "gen8bdspou": {"elo": 1372.5868757064, "gxe": 57.2, "rpr": 1563.809393766, "rprd": 204.66518017598, "w": 85, "l": 69, "coil": null}, "gen8bdsprandombattle": {"elo": 1040, "gxe": 55, "rpr": 1540.1606143388, "rprd": 122.8583080769, "w": 1, "l": 0, "coil": null}, "gen8bdspuu": {"elo": 1156.4290364783, "gxe": 61, "rpr": 1584.9933255945, "rprd": 54.13052396154, "w": 24, "l": 15, "coil": null}, "gen8lc": {"elo": 1199.924512206, "gxe": 56, "rpr": 1545.6025255496, "rprd": 31.685852957719, "w": 72, "l": 58, "coil": null}, "gen8nationaldexuu": {"elo": 1212.1142730747, "gxe": 60.8, "rpr": 1599.2713665384, "rprd": 224.97853253495, "w": 45, "l": 23, "coil": null}, "gen8nu": {"elo": 1177.4010464499, "gxe": 53, "rpr": 1523.6333787486, "rprd": 117.59342495878, "w": 16, "l": 12, "coil": null}, "gen8pu": {"elo": 1294.3471425554, "gxe": 61.4, "rpr": 1589.1783169403, "rprd": 79.22616483476, "w": 55, "l": 35, "coil": null}, "gen8randombattle": {"elo": 1400.3300134736, "gxe": 75, "rpr": 1744.8186449076, "rprd": 217.37260187611, "w": 1113, "l": 967, "coil": null}, "gen8ru": {"elo": 1334.8768879152, "gxe": 68.3, "rpr": 1670.824896706, "rprd": 214.01431761336, "w": 73, "l": 50, "coil": null}, "gen9nationaldexmonotype": {"elo": 1000, "gxe": 42.8, "rpr": 1441.7828577721502, "rprd": 122.80908106124838, "w": 0, "l": 1, "coil": null}, "gen9nu": {"elo": 1000, "gxe": 46.2, "rpr": 1469.5029750543654, "rprd": 123.32760936128693, "w": 0, "l": 1, "coil": 14.4375}, "gen9pu": {"elo": 1182.3714894805041, "gxe": 57.1, "rpr": 1557.248975111832, "rprd": 130, "w": 9, "l": 5, "coil": 1615.0318882300746}, "gen9randombattle": {"elo": 1658.4218978377658, "gxe": 77, "rpr": 1728.0826558906047, "rprd": 29.54862083066617, "w": 3208, "l": 2997, "coil": null}, "gen9randombattlehyperblitzautochoose": {"elo": 1000, "gxe": 45.5, "rpr": 1464.1409747895789, "rprd": 122.00536153486733, "w": 0, "l": 1, "coil": null}, "gen9ru": {"elo": 1336.9456047044375, "gxe": 59.6, "rpr": 1573.6380950585735, "rprd": 39.52719313820842, "w": 56, "l": 45, "coil": 2272.180278403606}, "gen9uu": {"elo": 1264.0024739602034, "gxe": 60.3, "rpr": 1579.701527743092, "rprd": 50.818669044612655, "w": 27, "l": 18, "coil": null}, "nu": {"elo": 1316.8392266483, "gxe": 70.5, "rpr": 1664.5496644632, "rprd": 41.267437049607, "w": 50, "l": 22, "coil": null}, "pu": {"elo": 1238.7133933996, "gxe": 67, "rpr": 1636.0509462962, "rprd": 70.628601627915, "w": 20, "l": 10, "coil": null}, "ru": {"elo": 1394.9318141234, "gxe": 72.4, "rpr": 1685.96713957, "rprd": 79.072702498449, "w": 61, "l": 30, "coil": null}}}