{"username": "magikarprevengingg", "userid": "magikarprevengingg", "registertime": 1780876800, "group": 1, "ratings": {"gen9ou": {"elo": 1094.3218083128554, "gxe": 45.3, "rpr": 1464.158706217835, "rprd": 51.57852515643601, "w": 23, "l": 23, "coil": null}, "gen9randombattle": {"elo": 1313.5111259102916, "gxe": 57.7, "rpr": 1558.1530952913547, "rprd": 25, "w": 1442, "l": 1453, "coil": null}, "gen9randomdoublesbattle": {"elo": 1000, "gxe": 20.7, "rpr": 1244.2046891907942, "rprd": 52.764872890981664, "w": 5, "l": 36, "coil": null}}}