{"username": "magikarpitalism", "userid": "magikarpitalism", "registertime": 1553040000, "group": 1, "ratings": {"gen7monotyperandombattle": {"elo": 1030.7306227584, "gxe": 50.1, "rpr": 1501.1789974831, "rprd": 115.95242485827, "w": 0, "l": 0, "coil": null}, "gen7ou": {"elo": 1499.1064044547, "gxe": 73.9, "rpr": 1717.805480332, "rprd": 167.89952853551, "w": 196, "l": 143, "coil": null}, "gen7oublitz": {"elo": 1040.7282986876, "gxe": 49.7, "rpr": 1497.4804999339, "rprd": 115.64949705656, "w": 0, "l": 0, "coil": null}, "gen7randombattle": {"elo": 1499.845256092, "gxe": 68.2, "rpr": 1668.8507977694, "rprd": 212.92279336374, "w": 654, "l": 595, "coil": null}, "gen7vgc2019ultraseries": {"elo": 1000, "gxe": 31.7, "rpr": 1350.0305953751, "rprd": 94.738629147332, "w": 0, "l": 0, "coil": null}, "gen8challengecup1v1": {"elo": 1328.3856371308, "gxe": 58.5, "rpr": 1565.7358154803, "rprd": 60.83445439251, "w": 41, "l": 33, "coil": null}, "gen8doublesou": {"elo": 1047.9555340869, "gxe": 55, "rpr": 1540.1606143388, "rprd": 122.8583080769, "w": 0, "l": 0, "coil": null}, "gen8lc": {"elo": 1165.2935325927, "gxe": 60, "rpr": 1579.0688381965, "rprd": 89.809923011032, "w": 9, "l": 5, "coil": null}, "gen8monotype": {"elo": 1178.4361016999, "gxe": 55.7, "rpr": 1545.0765819497, "rprd": 100.04311121833, "w": 18, "l": 11, "coil": null}, "gen8monotyperandombattle": {"elo": 1499.8779520368, "gxe": 75.1, "rpr": 1749.4606033088, "rprd": 227.9264957565, "w": 2641, "l": 1866, "coil": null}, "gen8nu": {"elo": 1117.0754830788, "gxe": 52.1, "rpr": 1516.4920391213, "rprd": 91.271565889436, "w": 6, "l": 4, "coil": null}, "gen8ou": {"elo": 1399.8553932419, "gxe": 61.8, "rpr": 1602.8970833866, "rprd": 187.0167238093, "w": 284, "l": 258, "coil": null}, "gen8randombattle": {"elo": 1399.0065194986, "gxe": 81.2, "rpr": 1823.7773122776, "rprd": 210.3166236696, "w": 4497, "l": 4157, "coil": null}, "gen8ru": {"elo": 1218.2459755179, "gxe": 55.6, "rpr": 1550.9726333242, "rprd": 224.16359051097, "w": 22, "l": 14, "coil": null}, "gen8uu": {"elo": 1134.2106214027, "gxe": 54.3, "rpr": 1538.931226845, "rprd": 222.62167578826, "w": 11, "l": 8, "coil": null}, "gen8vgc2021": {"elo": 1459.9473098269, "gxe": 59.7, "rpr": 1574.9116002004, "rprd": 61.369213657981, "w": 112, "l": 96, "coil": null}, "gen8vgc2021series10": {"elo": 1108.1945349286, "gxe": 49.7, "rpr": 1497.9555441894, "rprd": 87.511210063744, "w": 2, "l": 0, "coil": null}, "gen9monotyperandombattle": {"elo": 1485.3482275938, "gxe": 69.3, "rpr": 1673.9955550686, "rprd": 183.24222599149, "w": 175, "l": 118, "coil": null}, "gen9ou": {"elo": 1548.3790506184403, "gxe": 70.1, "rpr": 1661.5209161552082, "rprd": 43.78949422244593, "w": 98, "l": 73, "coil": null}, "gen9randombattle": {"elo": 2072.354874396609, "gxe": 85.3, "rpr": 1831.4955097007899, "rprd": 25.673495442704276, "w": 8448, "l": 7952, "coil": null}, "gen9randombattleblitz": {"elo": 1046.7927409615054, "gxe": 55.1, "rpr": 1540.7788141511671, "rprd": 121.8237088746371, "w": 1, "l": 0, "coil": null}}}