{"username": "Maik2020", "userid": "maik2020", "registertime": 1589846400, "group": 1, "ratings": {"gen1randombattle": {"elo": 1180.7472879985094, "gxe": 69.1, "rpr": 1658.9276534303895, "rprd": 106.6369083856749, "w": 10, "l": 5, "coil": null}, "gen3randombattle": {"elo": 1025.4233829342, "gxe": 43.2, "rpr": 1447.6056604331, "rprd": 71.984469619053, "w": 7, "l": 11, "coil": null}, "gen6firstbloodrandombattle": {"elo": 1004.1547150344137, "gxe": 40.3, "rpr": 1426.039259466889, "rprd": 35.81873730175295, "w": 39, "l": 60, "coil": null}, "gen6randombattle": {"elo": 1073.6211545963, "gxe": 41.1, "rpr": 1430.2801689552, "rprd": 87.751508874406, "w": 5, "l": 8, "coil": null}, "gen7anythinggoes": {"elo": 1080.2293960171, "gxe": 57.3, "rpr": 1558.749992159, "rprd": 116.50827093036, "w": 2, "l": 0, "coil": null}, "gen7randombattle": {"elo": 1115.8047930047, "gxe": 54.4, "rpr": 1535.4640478857, "rprd": 130, "w": 63, "l": 65, "coil": null}, "gen8challengecup1v1": {"elo": 1000, "gxe": 44.1, "rpr": 1452.73757665, "rprd": 122.18814836898, "w": 0, "l": 1, "coil": null}, "gen8hackmonscup": {"elo": 1052.4175654336, "gxe": 50, "rpr": 1500, "rprd": 116.77753930647, "w": 1, "l": 1, "coil": null}, "gen8monotyperandombattle": {"elo": 1103.7975005422, "gxe": 49.2, "rpr": 1493.9281208756, "rprd": 99.558947239738, "w": 10, "l": 11, "coil": null}, "gen8nationaldexag": {"elo": 1174.2658324746, "gxe": 51.7, "rpr": 1513.2841039222, "rprd": 62.516518120388, "w": 50, "l": 41, "coil": null}, "gen8randombattle": {"elo": 1170.0911060759, "gxe": 49.3, "rpr": 1494.9910348643, "rprd": 34.401780510932, "w": 414, "l": 426, "coil": null}, "gen8randomdoublesbattle": {"elo": 1341.2450592941, "gxe": 59.4, "rpr": 1583.6925408361, "rprd": 204.19777992325, "w": 558, "l": 552, "coil": null}, "gen8superstaffbros4": {"elo": 1000, "gxe": 45.9, "rpr": 1467.1698855767, "rprd": 122.7903846411, "w": 0, "l": 1, "coil": null}, "gen8vgc2020": {"elo": 1406.2727861943, "gxe": 53.1, "rpr": 1523.4515583506, "rprd": 26.818148366778, "w": 55, "l": 42, "coil": null}, "gen8vgc2021": {"elo": 1354.7516929796, "gxe": 53.5, "rpr": 1526.8491020936, "rprd": 44.544510641603, "w": 49, "l": 54, "coil": null}, "gen8vgc2021series10": {"elo": 1232.1744055416, "gxe": 50.1, "rpr": 1500.557355515, "rprd": 39.014089910836, "w": 56, "l": 45, "coil": null}, "gen8vgc2021series9": {"elo": 1260.1930184914, "gxe": 52.6, "rpr": 1519.5846462857, "rprd": 36.917243666083, "w": 49, "l": 39, "coil": null}, "gen8vgc2022": {"elo": 1383.5561327743, "gxe": 54.9, "rpr": 1543.5670793427, "rprd": 215.00116692422, "w": 96, "l": 79, "coil": null}, "gen9challengecup2v2": {"elo": 1000, "gxe": 45.5, "rpr": 1464.0213275422, "rprd": 121.98733688452, "w": 0, "l": 1, "coil": null}, "gen9championsrandombattle": {"elo": 1108.5924244137968, "gxe": 57.6, "rpr": 1559.2324364215337, "rprd": 91.68057507278434, "w": 5, "l": 3, "coil": null}, "gen9championsvgc2026regma": {"elo": 1627.8355804204518, "gxe": 64.4, "rpr": 1611.8081916303893, "rprd": 30.99650011336691, "w": 130, "l": 97, "coil": null}, "gen9monotyperandombattle": {"elo": 1028.0588733824043, "gxe": 48.1, "rpr": 1484.9667787826634, "rprd": 117.02639651637276, "w": 1, "l": 1, "coil": null}, "gen9randombattle": {"elo": 1770.503386244658, "gxe": 78.6, "rpr": 1745.6306733763806, "rprd": 35.043391480257924, "w": 1122, "l": 1043, "coil": null}, "gen9randomdoublesbattle": {"elo": 1265.76635025097, "gxe": 55.2, "rpr": 1540.8519280951582, "rprd": 97.12199398393523, "w": 42, "l": 34, "coil": null}, "gen9vgc2023regulationc": {"elo": 1154.596199150947, "gxe": 49.3, "rpr": 1494.445617434887, "rprd": 53.49752382166631, "w": 41, "l": 39, "coil": null}, "gen9vgc2023regulationd": {"elo": 1110.8404557495232, "gxe": 41.7, "rpr": 1435.5543878975939, "rprd": 65.42574332733003, "w": 12, "l": 13, "coil": null}, "gen9vgc2024regg": {"elo": 1150.7010763169017, "gxe": 54.9, "rpr": 1537.736150534383, "rprd": 79.8492149017861, "w": 8, "l": 5, "coil": null}, "gen9vgc2024regh": {"elo": 1098.1249885399627, "gxe": 47.8, "rpr": 1483.293890404588, "rprd": 51.18604318536789, "w": 22, "l": 22, "coil": null}}}