{"username": "makkereel", "userid": "makkereel", "registertime": 1610841600, "group": 1, "ratings": {"gen1randombattle": {"elo": 1047.9631116222, "gxe": 54, "rpr": 1531.7272370796, "rprd": 123.66306791021, "w": 1, "l": 0, "coil": null}, "gen8randombattle": {"elo": 1399.8904948321, "gxe": 68.6, "rpr": 1664.8937148276, "rprd": 175.63049440847, "w": 97, "l": 78, "coil": null}, "gen9randombattle": {"elo": 2072.1032092614532, "gxe": 84.8, "rpr": 1824.4472341972441, "rprd": 28.290347062936213, "w": 5974, "l": 5730, "coil": null}}}