{"username": "MakotoV7", "userid": "makotov7", "registertime": 1574294400, "group": 1, "ratings": {"gen1randombattle": {"elo": 1000, "gxe": 45.4, "rpr": 1463.2319784911, "rprd": 122.06294680615, "w": 0, "l": 1, "coil": null}, "gen2randombattle": {"elo": 1022.1660277196, "gxe": 50, "rpr": 1500, "rprd": 116.77753930647, "w": 1, "l": 1, "coil": null}, "gen3randombattle": {"elo": 1238.9460990161, "gxe": 61.3, "rpr": 1588.3895326539, "rprd": 74.177871966269, "w": 13, "l": 7, "coil": null}, "gen4randombattle": {"elo": 1180.1586024838, "gxe": 65.2, "rpr": 1622.3411524342, "rprd": 91.64319291805, "w": 11, "l": 4, "coil": null}, "gen5randombattle": {"elo": 1111.3493189371, "gxe": 55.2, "rpr": 1540.7492231545, "rprd": 104.95991633252, "w": 4, "l": 3, "coil": null}, "gen6ou": {"elo": 1111.4285514049, "gxe": 53.1, "rpr": 1524.2419259742, "rprd": 102.68873527015, "w": 3, "l": 2, "coil": null}, "gen6randombattle": {"elo": 1249.5006171603, "gxe": 48.6, "rpr": 1488.5423344905, "rprd": 124.11772955029, "w": 457, "l": 363, "coil": null}, "gen7battlefactory": {"elo": 1083.7517892941, "gxe": 59.4, "rpr": 1575.2601825359, "rprd": 115.51898176634, "w": 2, "l": 0, "coil": null}, "gen7ou": {"elo": 1319.807079197, "gxe": 54.6, "rpr": 1534.7446135005, "rprd": 38.615888152614, "w": 69, "l": 55, "coil": null}, "gen7randombattle": {"elo": 1429.4799633557, "gxe": 57.4, "rpr": 1557.9520924144, "rprd": 83.83383118171, "w": 293, "l": 277, "coil": null}, "gen7superstaffbrosbrawl": {"elo": 1040, "gxe": 55, "rpr": 1540.1606143388, "rprd": 122.8583080769, "w": 1, "l": 0, "coil": null}, "gen7ubers": {"elo": 1005.3291305192, "gxe": 40.3, "rpr": 1422.0726532038, "rprd": 112.95287199913, "w": 1, "l": 3, "coil": null}, "gen8bdsprandombattle": {"elo": 1040, "gxe": 55, "rpr": 1540.1606143388, "rprd": 122.8583080769, "w": 1, "l": 0, "coil": null}, "gen8cap1v1": {"elo": 1040, "gxe": 55, "rpr": 1540.1606143388, "rprd": 122.8583080769, "w": 1, "l": 0, "coil": null}, "gen8challengecup1v1": {"elo": 1256.3518399516, "gxe": 58.5, "rpr": 1567.3468360562, "rprd": 98.959213820765, "w": 102, "l": 88, "coil": null}, "gen8hackmonscup": {"elo": 1000, "gxe": 45, "rpr": 1459.8393856612, "rprd": 122.8583080769, "w": 0, "l": 1, "coil": null}, "gen8monotype": {"elo": 1322.5791844941, "gxe": 60.1, "rpr": 1577.3174001527, "rprd": 44.174271197163, "w": 58, "l": 51, "coil": null}, "gen8monotyperandombattle": {"elo": 1471.5245064313, "gxe": 66.8, "rpr": 1634.7415976351, "rprd": 81.942652778495, "w": 457, "l": 420, "coil": null}, "gen8randombattle": {"elo": 1436.4607806306, "gxe": 72.3, "rpr": 1701.4312867537, "rprd": 169.85247426428, "w": 3217, "l": 3058, "coil": null}, "gen8randomdoublesbattle": {"elo": 1378.2158689897, "gxe": 51.5, "rpr": 1513.839071861, "rprd": 226.61760855595, "w": 96, "l": 80, "coil": null}, "gen8ubers": {"elo": 1047.9643734581, "gxe": 39, "rpr": 1412.0339685785, "rprd": 102.12436468024, "w": 1, "l": 4, "coil": null}, "gen9challengecup1v1": {"elo": 1057.4859800945662, "gxe": 54.4, "rpr": 1535.1651918393102, "rprd": 122.03663452214776, "w": 1, "l": 0, "coil": null}, "gen9randombattle": {"elo": 2058.272677551686, "gxe": 83.5, "rpr": 1805.6568895682358, "rprd": 26.303983883281614, "w": 5298, "l": 4970, "coil": null}}}