{"username": "malnouriished", "userid": "malnouriished", "registertime": 1666483200, "group": 1, "ratings": {"gen8randombattle": {"elo": 1295.8649703286, "gxe": 67.4, "rpr": 1640.7930937993, "rprd": 84.802100578756, "w": 15, "l": 4, "coil": null}, "gen9almostanyability": {"elo": 1102.1543996617618, "gxe": 44.1, "rpr": 1453.7062555011587, "rprd": 90.42263518189651, "w": 4, "l": 5, "coil": null}, "gen9b6p4randomdoublesbattlebo3": {"elo": 1018.2140819619016, "gxe": 44.9, "rpr": 1459.7806577474462, "rprd": 111.54307088151086, "w": 1, "l": 2, "coil": null}, "gen9championsou": {"elo": 1114.2943386259192, "gxe": 48, "rpr": 1484.624005616041, "rprd": 78.35858271150363, "w": 7, "l": 7, "coil": null}, "gen9championsvgc2026regmabo3": {"elo": 1104.6154353399068, "gxe": 48.7, "rpr": 1489.9329531684336, "rprd": 77.43483343808138, "w": 11, "l": 11, "coil": null}, "gen9linked": {"elo": 1145.990024587748, "gxe": 50.6, "rpr": 1504.239199047922, "rprd": 61.56050430438002, "w": 14, "l": 14, "coil": null}, "gen9ou": {"elo": 1363.9383105727147, "gxe": 55, "rpr": 1538.0322854980595, "rprd": 50.35766115328522, "w": 51, "l": 40, "coil": null}, "gen9pokebilitiesaaa": {"elo": 1052.5575182464077, "gxe": 33.8, "rpr": 1370.7495456535057, "rprd": 68.1418893756091, "w": 12, "l": 24, "coil": null}, "gen9randombattle": {"elo": 1334.4475828741013, "gxe": 51.3, "rpr": 1510.1290947186353, "rprd": 105.2140492646618, "w": 89, "l": 82, "coil": null}, "gen9staaabmons": {"elo": 1018.7974524416306, "gxe": 44.5, "rpr": 1456.3423938962478, "rprd": 111.56037636921674, "w": 1, "l": 2, "coil": null}}}