{"username": "Mandodragon", "userid": "mandodragon", "registertime": 1688515200, "group": 1, "ratings": {"gen8randombattle": {"elo": 1012.511610739, "gxe": 42.5, "rpr": 1440.8156506443, "rprd": 91.800347716634, "w": 3, "l": 5, "coil": null}, "gen9babyrandombattle": {"elo": 1048.114530859395, "gxe": 55.6, "rpr": 1544.7913893031066, "rprd": 122.83395520743242, "w": 1, "l": 0, "coil": null}, "gen9randombattle": {"elo": 1853.77913448695, "gxe": 76.6, "rpr": 1723.141567510893, "rprd": 26.13771603026205, "w": 1373, "l": 1337, "coil": null}, "gen9randomdoublesbattle": {"elo": 1000, "gxe": 41.4, "rpr": 1431.5659367007063, "rprd": 106.52303598329958, "w": 1, "l": 3, "coil": null}}}