{"username": "manitodemano", "userid": "manitodemano", "registertime": 0, "group": 0, "ratings": {"gen9randombattle": {"elo": 1143.2681086152277, "gxe": 48.8, "rpr": 1490.585947261859, "rprd": 70.54246342651395, "w": 12, "l": 9, "coil": null}}}