{"username": "Manumed", "userid": "manumed", "registertime": 1519689600, "group": 1, "ratings": {"gen1randombattle": {"elo": 1055.7754361307, "gxe": 54.2, "rpr": 1533.3668156565, "rprd": 122.19389376411, "w": 1, "l": 0, "coil": null}, "gen2randombattle": {"elo": 1040, "gxe": 55, "rpr": 1540.1606143388, "rprd": 122.8583080769, "w": 1, "l": 0, "coil": null}, "gen3randombattle": {"elo": 1044.584930701, "gxe": 55, "rpr": 1540.1606143388, "rprd": 122.8583080769, "w": 1, "l": 0, "coil": null}, "gen4randombattle": {"elo": 1027.4494672961, "gxe": 50, "rpr": 1500, "rprd": 116.77753930647, "w": 1, "l": 1, "coil": null}, "gen5randombattle": {"elo": 1000, "gxe": 45, "rpr": 1459.8393856612, "rprd": 122.8583080769, "w": 0, "l": 1, "coil": null}, "gen71v1": {"elo": 1265.0936270042, "gxe": 58.2, "rpr": 1563.9741332239, "rprd": 73.225498372784, "w": 15, "l": 8, "coil": null}, "gen7anythinggoes": {"elo": 1162.3230060912, "gxe": 62.7, "rpr": 1602.1424863914, "rprd": 107.29962114369, "w": 7, "l": 2, "coil": null}, "gen7balancedhackmons": {"elo": 1247.9361538751, "gxe": 54.8, "rpr": 1536.9395507453, "rprd": 60.863744931902, "w": 18, "l": 12, "coil": null}, "gen7battlefactory": {"elo": 1218.8357934584, "gxe": 59.3, "rpr": 1583.9152681786, "rprd": 220.30358495921, "w": 36, "l": 35, "coil": null}, "gen7bssfactory": {"elo": 1056.3807194194, "gxe": 41.2, "rpr": 1428.3546627263, "rprd": 130, "w": 2, "l": 5, "coil": null}, "gen7cap": {"elo": 1000, "gxe": 45, "rpr": 1459.8393856612, "rprd": 122.8583080769, "w": 0, "l": 1, "coil": null}, "gen7challengecup1v1": {"elo": 1035.6008244722, "gxe": 49.9, "rpr": 1499.1946460392, "rprd": 116.0205805202, "w": 1, "l": 1, "coil": null}, "gen7doublesou": {"elo": 1080.7846646459, "gxe": 39.9, "rpr": 1407.3366188713, "rprd": 227.06786846765, "w": 4, "l": 9, "coil": null}, "gen7hackmonscup": {"elo": 1103.3838590463, "gxe": 51, "rpr": 1507.5883500767, "rprd": 107.65593742844, "w": 16, "l": 21, "coil": null}, "gen7monotyperandombattle": {"elo": 1380.1701595314, "gxe": 56.5, "rpr": 1549.781470978, "rprd": 46.339685709628, "w": 243, "l": 243, "coil": null}, "gen7ou": {"elo": 1067.2596292838, "gxe": 39, "rpr": 1410.2356221602, "rprd": 130, "w": 4, "l": 4, "coil": null}, "gen7randombattle": {"elo": 1531.803654505338, "gxe": 74.6, "rpr": 1716.1691778002514, "rprd": 130, "w": 10, "l": 7, "coil": null}, "gen7randomdoublesbattle": {"elo": 1085.8865276902, "gxe": 43.7, "rpr": 1449.7617422192, "rprd": 107.78111697416, "w": 2, "l": 4, "coil": null}, "gen7ru": {"elo": 1040.3201058768, "gxe": 55, "rpr": 1540.1606143388, "rprd": 122.8583080769, "w": 1, "l": 0, "coil": null}, "gen7ubers": {"elo": 1049.3783891023, "gxe": 48.5, "rpr": 1488.2376089579, "rprd": 107.7054698572, "w": 2, "l": 2, "coil": null}, "gen8anythinggoes": {"elo": 1277.3818919139, "gxe": 64.3, "rpr": 1612.6845220627, "rprd": 60.861003250063, "w": 19, "l": 10, "coil": null}, "gen8cap1v1": {"elo": 1124.4139967191, "gxe": 61.4, "rpr": 1591.1796740055, "rprd": 103.24893973507, "w": 7, "l": 3, "coil": null}, "gen8challengecup1v1": {"elo": 1170.3720976245, "gxe": 50.3, "rpr": 1502.422314007, "rprd": 85.021356160738, "w": 47, "l": 44, "coil": null}, "gen8hackmonscup": {"elo": 1256.2326947418, "gxe": 77.1, "rpr": 1739.493956522, "rprd": 108.92573856339, "w": 9, "l": 1, "coil": null}, "gen8monotyperandombattle": {"elo": 1396.1730725588, "gxe": 68.8, "rpr": 1654.1812342732, "rprd": 92.733138851992, "w": 34, "l": 24, "coil": null}, "gen8ou": {"elo": 1107.8677940886, "gxe": 62.5, "rpr": 1600.8528343858, "rprd": 110.98454208306, "w": 3, "l": 0, "coil": null}, "gen8randombattle": {"elo": 1399.1973014046, "gxe": 74.3, "rpr": 1735.7931824708, "rprd": 213.13313420957, "w": 2022, "l": 1753, "coil": null}, "gen8randombattleblitz": {"elo": 1041.1458796052, "gxe": 54.6, "rpr": 1536.4666988766, "rprd": 122.33492677261, "w": 1, "l": 0, "coil": null}, "gen8superstaffbros4": {"elo": 1040, "gxe": 55, "rpr": 1540.1606143388, "rprd": 122.8583080769, "w": 1, "l": 0, "coil": null}, "gen9challengecup1v1": {"elo": 1108.2932108363298, "gxe": 51.6, "rpr": 1512.5027496913006, "rprd": 102.99447998554368, "w": 4, "l": 3, "coil": null}, "gen9monotyperandombattle": {"elo": 1052.548130951191, "gxe": 55.1, "rpr": 1540.4975300718202, "rprd": 121.94886332964931, "w": 1, "l": 0, "coil": null}, "gen9randombattle": {"elo": 2226.9429249313057, "gxe": 85.5, "rpr": 1835.199370631152, "rprd": 28.79775723439987, "w": 2270, "l": 2036, "coil": null}}}