{"username": "Manuehhhh", "userid": "manuehhhh", "registertime": 1547942400, "group": 1, "ratings": {"gen1randombattle": {"elo": 1121.9078278003, "gxe": 57.2, "rpr": 1558.7105517535, "rprd": 130, "w": 9, "l": 8, "coil": null}, "gen2randombattle": {"elo": 1026.7586862255, "gxe": 48.4, "rpr": 1487.0762038623, "rprd": 130, "w": 1, "l": 2, "coil": null}, "gen3randombattle": {"elo": 1060.886457538082, "gxe": 44.6, "rpr": 1456.617590157773, "rprd": 121.81036091694499, "w": 3, "l": 4, "coil": null}, "gen4randombattle": {"elo": 1107.8655385703619, "gxe": 58, "rpr": 1563.9815976431476, "rprd": 109.72799168356505, "w": 4, "l": 2, "coil": null}, "gen5pokebilitiesrandombattle": {"elo": 1044.5849307009835, "gxe": 55, "rpr": 1540.1606143390134, "rprd": 122.85830807679145, "w": 1, "l": 0, "coil": null}, "gen5randombattle": {"elo": 1083.4934015286358, "gxe": 45.1, "rpr": 1460.3459644625145, "rprd": 122.74737014132468, "w": 4, "l": 4, "coil": null}, "gen6randombattle": {"elo": 1246.0988300922772, "gxe": 67.5, "rpr": 1644.596316278828, "rprd": 111.76727006763707, "w": 11, "l": 3, "coil": null}, "gen71v1": {"elo": 1030.9353983682, "gxe": 49.3, "rpr": 1494.537260848, "rprd": 116.08821449898, "w": 1, "l": 1, "coil": null}, "gen7anythinggoes": {"elo": 1120.2762466747, "gxe": 36.4, "rpr": 1375.9867650792, "rprd": 217.86543622133, "w": 21, "l": 38, "coil": null}, "gen7battlefactory": {"elo": 1040, "gxe": 55, "rpr": 1540.1606143388, "rprd": 122.8583080769, "w": 1, "l": 0, "coil": null}, "gen7battlespotdoubles": {"elo": 1173.2428173963, "gxe": 55.7, "rpr": 1544.2173878843, "rprd": 90.307965019003, "w": 6, "l": 5, "coil": null}, "gen7battlespotsingles": {"elo": 1089.0179711897, "gxe": 36.6, "rpr": 1392.8711939549, "rprd": 89.952376596351, "w": 11, "l": 17, "coil": null}, "gen7doublesou": {"elo": 1316.3178571808, "gxe": 62.2, "rpr": 1611.6532302506, "rprd": 224.82539196938, "w": 23, "l": 18, "coil": null}, "gen7doublesubers": {"elo": 1150.6203311839, "gxe": 64, "rpr": 1613.4450141336, "rprd": 107.54980397358, "w": 4, "l": 0, "coil": null}, "gen7doublesuu": {"elo": 1000, "gxe": 38, "rpr": 1402.9444478697, "rprd": 111.07126308783, "w": 0, "l": 3, "coil": null}, "gen7hackmonscup": {"elo": 1044.1018108163, "gxe": 53.1, "rpr": 1525.1232727229, "rprd": 123.20336604505, "w": 1, "l": 0, "coil": null}, "gen7monotype": {"elo": 1107.2706097952, "gxe": 43.8, "rpr": 1450.1406850889, "rprd": 130, "w": 15, "l": 20, "coil": null}, "gen7ou": {"elo": 1097.3533048455, "gxe": 41.5, "rpr": 1433.3120565966, "rprd": 81.018012792898, "w": 11, "l": 11, "coil": null}, "gen7randombattle": {"elo": 1230.8638632491843, "gxe": 50.9, "rpr": 1507.1138411163147, "rprd": 112.28227486755097, "w": 343, "l": 346, "coil": null}, "gen7randomdoublesbattle": {"elo": 1037.7426563333, "gxe": 36.3, "rpr": 1389.8392483485, "rprd": 99.19237197458, "w": 5, "l": 8, "coil": null}, "gen7ubers": {"elo": 1079.0981992326, "gxe": 42.9, "rpr": 1435.4885929161, "rprd": 226.92788593849, "w": 7, "l": 10, "coil": null}, "gen7uu": {"elo": 1067.0619368582, "gxe": 35.8, "rpr": 1368.0212769168, "rprd": 228.09600721612, "w": 11, "l": 19, "coil": null}, "gen7vgc2018": {"elo": 1047.7155076112, "gxe": 34.5, "rpr": 1374.5596371303, "rprd": 100.67506921708, "w": 5, "l": 14, "coil": null}, "gen7vgc2019ultraseries": {"elo": 1000, "gxe": 43.5, "rpr": 1448.1511265752, "rprd": 122.92789572603, "w": 0, "l": 1, "coil": null}, "gen81v1": {"elo": 1499.8951454906, "gxe": 59.1, "rpr": 1585.8860341646, "rprd": 247.48981542579, "w": 512, "l": 502, "coil": null}, "gen8doublesou": {"elo": 1017.1366416347, "gxe": 35.4, "rpr": 1364.0650804039, "rprd": 228.96415727761, "w": 34, "l": 46, "coil": null}, "gen8doublesuu": {"elo": 1006.8824891741, "gxe": 37.8, "rpr": 1400.5030888307, "rprd": 126.19464971131, "w": 1, "l": 4, "coil": null}, "gen8hackmonscup": {"elo": 1214.0208777201135, "gxe": 58.7, "rpr": 1569.049951714021, "rprd": 106.81914450049614, "w": 59, "l": 62, "coil": null}, "gen8maxberries": {"elo": 1087.1254109238, "gxe": 41.7, "rpr": 1436.5025997863, "rprd": 55.731430824952, "w": 15, "l": 23, "coil": null}, "gen8monotype": {"elo": 1274.3516503501, "gxe": 59.5, "rpr": 1574.4774387267, "rprd": 83.638241626139, "w": 174, "l": 171, "coil": null}, "gen8monotyperandombattle": {"elo": 1169.6534644669, "gxe": 63.3, "rpr": 1607.9318178312, "rprd": 113.67241236337, "w": 10, "l": 5, "coil": null}, "gen8nationaldexag": {"elo": 1048.27099801, "gxe": 39.7, "rpr": 1418.2674733367, "rprd": 100.07483218814, "w": 2, "l": 4, "coil": null}, "gen8nationaldexmonotype": {"elo": 1000.6900058942, "gxe": 34.8, "rpr": 1377.6737593323, "rprd": 95.694045201626, "w": 4, "l": 10, "coil": null}, "gen8nationaldexuu": {"elo": 1144.4694828096, "gxe": 46.7, "rpr": 1470.1263670365, "rprd": 219.90062095408, "w": 74, "l": 108, "coil": null}, "gen8nu": {"elo": 1058.0258365698, "gxe": 29.3, "rpr": 1322.7788056473, "rprd": 130, "w": 50, "l": 80, "coil": null}, "gen8ou": {"elo": 1030.5378473054, "gxe": 37.2, "rpr": 1396.8742896324, "rprd": 106.50685103715, "w": 2, "l": 3, "coil": null}, "gen8pu": {"elo": 1000, "gxe": 37.1, "rpr": 1399.5271987873, "rprd": 49.439960432108, "w": 37, "l": 56, "coil": null}, "gen8randombattle": {"elo": 1377.3817649204393, "gxe": 57, "rpr": 1555.9038128250995, "rprd": 122.53960692663622, "w": 1816, "l": 1812, "coil": null}, "gen8randomdoublesbattle": {"elo": 1174.2134245108, "gxe": 67.6, "rpr": 1647.2358005665, "rprd": 126.84062154244, "w": 8, "l": 3, "coil": null}, "gen8ru": {"elo": 1053.4281487352, "gxe": 37.3, "rpr": 1383.2357206594, "rprd": 225.72797792012, "w": 4, "l": 11, "coil": null}, "gen8uu": {"elo": 1000, "gxe": 30.2, "rpr": 1311.9576271892, "rprd": 222.56510413671, "w": 23, "l": 44, "coil": null}, "gen8vgc2020": {"elo": 1050.0833091699, "gxe": 39.9, "rpr": 1421.2287337465, "rprd": 65.492605810148, "w": 11, "l": 15, "coil": null}, "gen8vgc2021": {"elo": 1000, "gxe": 45, "rpr": 1459.8393856612, "rprd": 122.8583080769, "w": 0, "l": 1, "coil": null}, "gen8vgc2022": {"elo": 1171.1591372261, "gxe": 40.2, "rpr": 1411.8354016175, "rprd": 215.43230365866, "w": 40, "l": 50, "coil": null}, "gen9battlefactory": {"elo": 1000, "gxe": 45.8, "rpr": 1466.3852157543126, "rprd": 122.76651449738253, "w": 0, "l": 1, "coil": null}, "gen9challengecup1v1": {"elo": 1269.9574167525284, "gxe": 51, "rpr": 1507.9249494717146, "rprd": 122.37340948881058, "w": 62, "l": 59, "coil": null}, "gen9championsvgc2026regma": {"elo": 1276.3324763143419, "gxe": 52.5, "rpr": 1518.858274659864, "rprd": 43.36955969708268, "w": 76, "l": 66, "coil": null}, "gen9computergeneratedteams": {"elo": 1060.5699865165293, "gxe": 57.4, "rpr": 1559.2121827880221, "rprd": 123.2428554737506, "w": 1, "l": 0, "coil": null}, "gen9draftfactory": {"elo": 1040, "gxe": 55, "rpr": 1540.1606143390134, "rprd": 122.85830807679145, "w": 1, "l": 0, "coil": null}, "gen9forceofthefallenrandomroulette": {"elo": 1022.1660277196066, "gxe": 50, "rpr": 1500, "rprd": 116.77753930629355, "w": 1, "l": 1, "coil": null}, "gen9hackmonscup": {"elo": 1087.009226311491, "gxe": 44.5, "rpr": 1455.8828721066732, "rprd": 112.94731920008715, "w": 53, "l": 66, "coil": null}, "gen9monotyperandombattle": {"elo": 1115.716076595111, "gxe": 61.3, "rpr": 1591.4117631449787, "rprd": 121.95194816213491, "w": 3, "l": 1, "coil": null}, "gen9ou": {"elo": 1063.37616223856, "gxe": 47.2, "rpr": 1479.0579735864612, "rprd": 43.63831760200577, "w": 32, "l": 32, "coil": null}, "gen9partnersincrimerandombattle": {"elo": 1000, "gxe": 45, "rpr": 1459.8393856609866, "rprd": 122.85830807679145, "w": 0, "l": 1, "coil": null}, "gen9randombattle": {"elo": 1607.8280673167112, "gxe": 63.3, "rpr": 1602.9190817394765, "rprd": 38.70974818697241, "w": 2215, "l": 2176, "coil": null}, "gen9randombattleblitz": {"elo": 1085.5650577857637, "gxe": 46.3, "rpr": 1471.7304230816603, "rprd": 60.16073268040927, "w": 17, "l": 16, "coil": null}, "gen9randombattlemayhem": {"elo": 1000, "gxe": 42.3, "rpr": 1438.4130059671902, "rprd": 116.03561116488179, "w": 0, "l": 2, "coil": null},