{"username": "ManWhoCouldntCook", "userid": "manwhocouldntcook", "registertime": 1683676800, "group": 1, "ratings": {"gen7ou": {"elo": 1134.152182257567, "gxe": 54.8, "rpr": 1537.274370611677, "rprd": 96.14286571590202, "w": 5, "l": 2, "coil": null}, "gen7uu": {"elo": 1000, "gxe": 44.9, "rpr": 1459.0997844734773, "rprd": 122.86052544043487, "w": 0, "l": 1, "coil": null}, "gen8ou": {"elo": 1146.7508884756949, "gxe": 56.5, "rpr": 1550.3633433100774, "rprd": 77.6847993656609, "w": 9, "l": 8, "coil": null}, "gen9anythinggoes": {"elo": 1000, "gxe": 45.9, "rpr": 1467.3042418656275, "rprd": 122.8737287616373, "w": 0, "l": 1, "coil": null}, "gen9babyrandombattle": {"elo": 1000, "gxe": 35, "rpr": 1377.598820302416, "rprd": 108.25960258528991, "w": 0, "l": 4, "coil": null}, "gen9championsbssregma": {"elo": 1000, "gxe": 45, "rpr": 1459.8393856609866, "rprd": 122.85830807679145, "w": 0, "l": 1, "coil": null}, "gen9championsvgc2026regma": {"elo": 1216.752028496566, "gxe": 48.2, "rpr": 1486.0841217871136, "rprd": 62.77194730084617, "w": 17, "l": 16, "coil": null}, "gen9monkeyspawrandombattle": {"elo": 1195.2921779868, "gxe": 67.4, "rpr": 1651.5630777577, "rprd": 166.47022034062, "w": 8, "l": 1, "coil": null}, "gen9monotype": {"elo": 1263.579467600116, "gxe": 50.3, "rpr": 1502.1722303244433, "rprd": 77.25947397628909, "w": 41, "l": 36, "coil": 1976.1004427120283}, "gen9nationaldex": {"elo": 1175.0776671071956, "gxe": 59.3, "rpr": 1573.384422337694, "rprd": 89.3002777015283, "w": 7, "l": 2, "coil": null}, "gen9ou": {"elo": 1404.6609164545234, "gxe": 61.4, "rpr": 1587.6112444123355, "rprd": 42.55139977902857, "w": 1295, "l": 1234, "coil": null}, "gen9ousolgaleo": {"elo": 1184.9536918603, "gxe": 62.3, "rpr": 1598.0609790106, "rprd": 92.166138198731, "w": 8, "l": 3, "coil": null}, "gen9randombattle": {"elo": 1855.841919749574, "gxe": 80.3, "rpr": 1765.4578729647146, "rprd": 30.05837286819059, "w": 1473, "l": 1296, "coil": null}, "gen9randombattleblitz": {"elo": 1409.1121372882849, "gxe": 65.9, "rpr": 1626.4899391392255, "rprd": 70.27948572435102, "w": 25, "l": 10, "coil": null}, "gen9stabmonsmixandmega": {"elo": 1092.3930283493676, "gxe": 51.3, "rpr": 1510.0258192272836, "rprd": 98.42303251659058, "w": 3, "l": 3, "coil": null}, "gen9superstaffbrosultimate": {"elo": 1056.2167458879871, "gxe": 54.9, "rpr": 1538.9577662069548, "rprd": 122.13183398021896, "w": 1, "l": 0, "coil": null}, "gen9tiershift": {"elo": 1306.1355623546888, "gxe": 62.6, "rpr": 1601.4190030308166, "rprd": 102.4973072760153, "w": 25, "l": 14, "coil": null}, "gen9ubers": {"elo": 1245.1449460708218, "gxe": 60, "rpr": 1580.6549352340437, "rprd": 115.35633011067092, "w": 13, "l": 6, "coil": null}, "gen9ubersuu": {"elo": 1082.0427641621, "gxe": 55, "rpr": 1540.9449583493, "rprd": 146.83892392042, "w": 6, "l": 4, "coil": null}, "gen9uu": {"elo": 1197.418314805076, "gxe": 52.9, "rpr": 1522.3462169932002, "rprd": 79.22224062015134, "w": 26, "l": 19, "coil": null}, "gen9vgc2025regi": {"elo": 1041.4095546862814, "gxe": 46.2, "rpr": 1470.3744259715593, "rprd": 107.0493724979513, "w": 2, "l": 2, "coil": null}}}