{"username": "Marble Gamerz YT", "userid": "marblegamerzyt", "registertime": 1677369600, "group": 1, "ratings": {"gen1randombattle": {"elo": 1141.1601474883294, "gxe": 59.4, "rpr": 1575.2840740621555, "rprd": 116.76870814013172, "w": 7, "l": 5, "coil": null}, "gen2randombattle": {"elo": 1023.2023729709185, "gxe": 28.2, "rpr": 1313.48676400877, "rprd": 123.95893946196605, "w": 3, "l": 12, "coil": null}, "gen3randombattle": {"elo": 1136.3847607289208, "gxe": 62.6, "rpr": 1602.7430509517437, "rprd": 122.94100334250099, "w": 5, "l": 2, "coil": null}, "gen4randombattle": {"elo": 1271.6902752196331, "gxe": 58.1, "rpr": 1561.9423220254503, "rprd": 50.33164177180891, "w": 61, "l": 62, "coil": null}, "gen5ou": {"elo": 1014.2552808459044, "gxe": 26.5, "rpr": 1302.650014292985, "rprd": 82.88904844506291, "w": 6, "l": 13, "coil": null}, "gen5pokebilitiesrandombattle": {"elo": 1173.4094829663916, "gxe": 55.9, "rpr": 1544.9839612696935, "rprd": 40.36143301154667, "w": 72, "l": 68, "coil": null}, "gen5randombattle": {"elo": 1126.9217040446633, "gxe": 56.6, "rpr": 1552.8674737681695, "rprd": 122.71387953305282, "w": 5, "l": 2, "coil": null}, "gen6firstbloodrandombattle": {"elo": 1028.0271357509585, "gxe": 43.2, "rpr": 1448.1391900041674, "rprd": 43.267233101056306, "w": 30, "l": 39, "coil": null}, "gen6megasrevisitedrandombattle": {"elo": 1135.6749518985, "gxe": 64.5, "rpr": 1617.4145745025, "rprd": 100.49775337592, "w": 5, "l": 1, "coil": null}, "gen6purehackmons": {"elo": 1040.376672113697, "gxe": 50, "rpr": 1500, "rprd": 116.77753930629355, "w": 1, "l": 1, "coil": null}, "gen6randombattle": {"elo": 1184.2768597142185, "gxe": 54, "rpr": 1531.9011428597864, "rprd": 122.12050018460178, "w": 24, "l": 18, "coil": null}, "gen6tripleschallengecup": {"elo": 1124.5808563739554, "gxe": 53.5, "rpr": 1526.7906213917165, "rprd": 79.64693823376915, "w": 8, "l": 8, "coil": null}, "gen6uu": {"elo": 1043.7362481654725, "gxe": 50.3, "rpr": 1502.3760317037325, "rprd": 116.50837916876166, "w": 1, "l": 1, "coil": null}, "gen7battlefactory": {"elo": 1087.6325760066175, "gxe": 60.7, "rpr": 1586.7205871002616, "rprd": 124.13130296793331, "w": 2, "l": 0, "coil": null}, "gen7ou": {"elo": 1196.239129358277, "gxe": 51.5, "rpr": 1511.657774068687, "rprd": 50.69256532241255, "w": 33, "l": 30, "coil": null}, "gen7pokebilitiesrandombattle": {"elo": 1040.4404702772674, "gxe": 34.2, "rpr": 1373.1400769029242, "rprd": 84.18600753643696, "w": 4, "l": 11, "coil": null}, "gen7purehackmons": {"elo": 1070.1154053129528, "gxe": 39.8, "rpr": 1419.2844155372286, "rprd": 95.46990844013416, "w": 2, "l": 5, "coil": null}, "gen7randombattle": {"elo": 1234.9203650238592, "gxe": 51.5, "rpr": 1511.6732453294683, "rprd": 78.37808231896666, "w": 270, "l": 277, "coil": null}, "gen7randombattleapexabilities": {"elo": 1014.6175673429196, "gxe": 38.6, "rpr": 1408.939972653526, "rprd": 102.14901102672736, "w": 1, "l": 4, "coil": null}, "gen8battlefactory": {"elo": 1148.8720130139138, "gxe": 62.2, "rpr": 1598.9698717648678, "rprd": 115.271325280534, "w": 5, "l": 3, "coil": null}, "gen8bssfactory": {"elo": 1073.645682086675, "gxe": 54.4, "rpr": 1535.0100547757977, "rprd": 119.60994632289207, "w": 2, "l": 1, "coil": null}, "gen8hackmonscup": {"elo": 1045.54162036497, "gxe": 50.6, "rpr": 1504.7069423693445, "rprd": 118.65991247790613, "w": 2, "l": 3, "coil": null}, "gen8joltemonsrandombattle": {"elo": 1074.6094480409588, "gxe": 59.5, "rpr": 1576.4197019112255, "rprd": 116.80955465582228, "w": 2, "l": 0, "coil": null}, "gen8ou": {"elo": 1060.2382172055684, "gxe": 47.7, "rpr": 1482.2285111415722, "rprd": 99.49011379426378, "w": 3, "l": 3, "coil": null}, "gen8randombattle": {"elo": 1251.2662138361793, "gxe": 59.1, "rpr": 1570.2345843483545, "rprd": 66.43072306269349, "w": 50, "l": 40, "coil": null}, "gen8randomdoublesbattle": {"elo": 1109.6392536207425, "gxe": 56.1, "rpr": 1548.009313288685, "rprd": 106.50240428256804, "w": 4, "l": 2, "coil": null}, "gen8superstaffbros4": {"elo": 1070.102808904164, "gxe": 59.5, "rpr": 1577.0614193212336, "rprd": 124.584121936534, "w": 2, "l": 0, "coil": null}, "gen91v1factory": {"elo": 1135.2250852544269, "gxe": 47.7, "rpr": 1482.0238722438041, "rprd": 69.24332776368021, "w": 74, "l": 81, "coil": null}, "gen9anythinggoes": {"elo": 1048.662385048237, "gxe": 34, "rpr": 1368.5491739517502, "rprd": 115.46419921582718, "w": 4, "l": 10, "coil": null}, "gen9b6p4randomdoublesbattlebo3": {"elo": 1000, "gxe": 45.9, "rpr": 1466.888327262493, "rprd": 122.26332150636448, "w": 0, "l": 1, "coil": null}, "gen9babyrandombattle": {"elo": 1198.0916677014, "gxe": 67.6, "rpr": 1644.4326120524, "rprd": 100.14223705278, "w": 24, "l": 19, "coil": null}, "gen9ballsrandombattle": {"elo": 1040, "gxe": 55, "rpr": 1540.1606143390134, "rprd": 122.85830807679145, "w": 1, "l": 0, "coil": null}, "gen9battlefactory": {"elo": 1055.4109931317587, "gxe": 47.9, "rpr": 1483.1431673862126, "rprd": 119.35118555331927, "w": 9, "l": 11, "coil": null}, "gen9blankcanvasrandombattle": {"elo": 1040, "gxe": 55, "rpr": 1540.1606143388, "rprd": 125.72823279221, "w": 1, "l": 0, "coil": null}, "gen9brokencup": {"elo": 1207.9473856355528, "gxe": 54.1, "rpr": 1531.3237946350448, "rprd": 49.15547003888585, "w": 116, "l": 123, "coil": null}, "gen9caprandombattle": {"elo": 1000, "gxe": 45.4, "rpr": 1462.8938458366854, "rprd": 122.00706427757525, "w": 0, "l": 1, "coil": null}, "gen9challengecup1v1": {"elo": 1253.8831633736252, "gxe": 53.8, "rpr": 1530.396149436, "rprd": 116.49739433690733, "w": 42, "l": 46, "coil": null}, "gen9challengecup2v2": {"elo": 1071.533976092085, "gxe": 39.4, "rpr": 1415.225310673119, "rprd": 109.61250066988741, "w": 27, "l": 36, "coil": null}, "gen9championsou": {"elo": 1000, "gxe": 45, "rpr": 1459.8393856609866, "rprd": 122.85830807679145, "w": 0, "l": 1, "coil": null}, "gen9championsrandombattle": {"elo": 1057.9127968816622, "gxe": 53.9, "rpr": 1531.0479319559404, "rprd": 110.99526847912297, "w": 2, "l": 1, "coil": null}, "gen9championsvgc2026regma": {"elo": 1000, "gxe": 45, "rpr": 1459.8393856609866, "rprd": 122.85830807679145, "w": 0, "l": 1, "coil": null}, "gen9chatbats": {"elo": 1040, "gxe": 55, "rpr": 1540.1606143388, "rprd": 126.7877074784, "w": 1, "l": 0, "coil": null}, "gen9chimera1v1randombattle": {"elo": 1085.1028407664876, "gxe": 44.8, "rpr": 1459.7621435676044, "rprd": 87.40709784846321, "w": 4, "l": 6, "coil": null}, "gen9computergeneratedteams": {"elo": 1040, "gxe": 40.6, "rpr": 1424.004315597818, "rprd": 123.59335626371454, "w": 6, "l": 10, "coil": null}, "gen9donotuse": {"elo": 1053.9660941755, "gxe": 56.1, "rpr": 1553.6247708217, "rprd": 206.48556650924, "w": 1, "l": 0, "coil": null}, "gen9doublesbrokencup": {"elo": 1123.0975061353708, "gxe": 40.7, "rpr": 1428.2484452347453, "rprd": 58.19445656381284, "w": 18, "l": 27, "coil": null}, "gen9doublesou": {"elo": 1142.879589329238, "gxe": 47.8, "rpr": 1482.576822060164, "rprd": 105.03723706117229, "w": 17, "l": 25, "coil": null}, "gen9doublesubers": {"elo": 1000, "gxe": 35.9, "rpr": 1385.3669498589352, "rprd": 111.31002509350073, "w": 0, "l": 3, "coil": null}, "gen9draftfactory": {"elo": 1072.679793722, "gxe": 49.9, "rpr": 1498.9500208143, "rprd": 92.884170340198, "w": 4, "l": 4, "coil": null}, "gen9forceofthefallenrandomroulette": {"elo": 1211.7692497121052, "gxe": 51.6, "rpr": 1512.4180478746327, "rprd": 41.91848115605143, "w": 68, "l": 68, "coil": null}, "gen9fortemons": {"elo": 1076.3869094723, "gxe": 45, "rpr": 1455.3070116851, "rprd": 221.90004058108, "w": 5, "l": 7, "coil": null}, "gen9fusionevolutionrandombattle": {"elo": 1040, "gxe": 55, "rpr": 1540.1606143388, "rprd": 123.22070420879, "w": 1, "l": 0, "coil": null}, "gen9hackmonscup": {"elo": 1211.245012051773, "gxe": 59.5, "rpr": 1574.630757269336, "rprd": 84.40404311212612, "w": 67, "l": 97, "coil": null}, "gen9lc": {"elo": 1000, "gxe": 35.7, "rpr": 1384.2957859725755, "rprd": 109.16027301156969, "w": 0, "l": 4, "coil": null}, "gen9livepatchbattlesver100": {"elo": 1077.5290802313416, "gxe": 50.4,