{"username": "marchin", "userid": "marchin", "registertime": 1453593600, "group": 1, "ratings": {"anythinggoes": {"elo": 1478.5815905887, "gxe": 71.1, "rpr": 1671.1172172241, "rprd": 52.441791267611, "w": 17, "l": 19, "coil": null}, "balancedhackmons": {"elo": 1123.737098234, "gxe": 48.8, "rpr": 1491.0847587875, "rprd": 38.014847960102, "w": 70, "l": 71, "coil": null}, "battlefactory": {"elo": 1234.4781488949, "gxe": 63.1, "rpr": 1604.5497015511, "rprd": 96.938885502489, "w": 17, "l": 12, "coil": null}, "battlespotdoubles": {"elo": 1169.9567370978, "gxe": 52.3, "rpr": 1517.3012539872, "rprd": 63.824562551456, "w": 78, "l": 78, "coil": null}, "battlespotsingles": {"elo": 1203.898707323, "gxe": 59.7, "rpr": 1576.4440394557, "rprd": 89.944548409704, "w": 9, "l": 4, "coil": null}, "challengecup1v1": {"elo": 1078.0524907486, "gxe": 37.1, "rpr": 1396.8384187074, "rprd": 97.594850690329, "w": 2, "l": 5, "coil": null}, "doublesou": {"elo": 1184.6912713983, "gxe": 56.6, "rpr": 1550.8011129921, "rprd": 51.067046604151, "w": 29, "l": 23, "coil": null}, "doublesubers": {"elo": 1395.8020212449, "gxe": 77.6, "rpr": 1743.1120002084, "rprd": 100.59932345833, "w": 44, "l": 21, "coil": null}, "gen1randombattle": {"elo": 1075.5578385607, "gxe": 59, "rpr": 1572.5671258289, "rprd": 116.77753930647, "w": 2, "l": 0, "coil": null}, "gen2randombattle": {"elo": 1106.3248155088406, "gxe": 58.3, "rpr": 1566.6512721319687, "rprd": 113.37037703569877, "w": 4, "l": 2, "coil": null}, "gen3randombattle": {"elo": 1335.9702561399088, "gxe": 65.2, "rpr": 1619.6818234046284, "rprd": 58.40145559671784, "w": 148, "l": 126, "coil": null}, "gen4ou": {"elo": 1163.3836833723892, "gxe": 49.3, "rpr": 1494.2619274478925, "rprd": 87.961614105, "w": 116, "l": 101, "coil": null}, "gen4randombattle": {"elo": 1288.50606976788, "gxe": 60.2, "rpr": 1579.998951885377, "rprd": 80.33174635089073, "w": 150, "l": 129, "coil": null}, "gen5ou": {"elo": 1309.105888997819, "gxe": 61.5, "rpr": 1591.1933928176563, "rprd": 95.1883036478464, "w": 62, "l": 49, "coil": null}, "gen5randombattle": {"elo": 1312.859923896658, "gxe": 64.3, "rpr": 1614.8665832880756, "rprd": 92.24366367753018, "w": 150, "l": 122, "coil": null}, "gen6ou": {"elo": 1473.7890954833802, "gxe": 80.5, "rpr": 1783.0306703069634, "rprd": 123.40762524644505, "w": 271, "l": 198, "coil": null}, "gen6randombattle": {"elo": 1486.7421968101655, "gxe": 73.9, "rpr": 1701.5114217767891, "rprd": 84.75960206673297, "w": 91, "l": 57, "coil": null}, "gen71v1": {"elo": 1064.4548282129, "gxe": 51.6, "rpr": 1512.8014063992, "rprd": 89.622276321758, "w": 5, "l": 4, "coil": null}, "gen7anythinggoes": {"elo": 1499.9718380853, "gxe": 74.9, "rpr": 1717.3865952393, "rprd": 119.20504204708, "w": 376, "l": 305, "coil": null}, "gen7anythinggoesbeta": {"elo": 1061.9935823709, "gxe": 55, "rpr": 1540.1606143388, "rprd": 122.8583080769, "w": 1, "l": 0, "coil": null}, "gen7balancedhackmons": {"elo": 1017.2207360748, "gxe": 44, "rpr": 1452.5735085931, "rprd": 110.98822536655, "w": 1, "l": 2, "coil": null}, "gen7battlefactory": {"elo": 1153.9774290749874, "gxe": 49, "rpr": 1492.296897777254, "rprd": 123.49893578034357, "w": 12, "l": 7, "coil": null}, "gen7battlespotdoubles": {"elo": 1116.3276247373, "gxe": 57.8, "rpr": 1561.4421015685, "rprd": 101.862575276, "w": 4, "l": 2, "coil": null}, "gen7battlespotsingles": {"elo": 1313.2861617136, "gxe": 60, "rpr": 1580.7719331747, "rprd": 118.51548328827, "w": 24, "l": 16, "coil": null}, "gen7bssfactory": {"elo": 1000, "gxe": 47.1, "rpr": 1476.9398777453, "rprd": 123.87912639812, "w": 0, "l": 1, "coil": null}, "gen7challengecupbeta": {"elo": 1000, "gxe": 41, "rpr": 1427.4328741711, "rprd": 116.77753930647, "w": 0, "l": 2, "coil": null}, "gen7letsgorandombattle": {"elo": 1076.1047185268, "gxe": 47.3, "rpr": 1478.7298571594, "rprd": 102.92688839851, "w": 2, "l": 3, "coil": null}, "gen7letsgosinglesnorestrictions": {"elo": 1393.4991341726, "gxe": 72.5, "rpr": 1737.1613300709, "rprd": 282.36733820126, "w": 30, "l": 7, "coil": null}, "gen7mixandmega": {"elo": 1040, "gxe": 55, "rpr": 1540.1606143388, "rprd": 122.8583080769, "w": 1, "l": 0, "coil": null}, "gen7monotype": {"elo": 1361.3989798832, "gxe": 57.1, "rpr": 1563.2369357157, "rprd": 216.82719433956, "w": 196, "l": 183, "coil": null}, "gen7monotyperandombattle": {"elo": 1293.5296689315, "gxe": 66.9, "rpr": 1634.323608733, "rprd": 63.293334649066, "w": 18, "l": 7, "coil": null}, "gen7ou": {"elo": 1499.3800320234, "gxe": 75.4, "rpr": 1738.7064812006, "rprd": 183.62317252163, "w": 286, "l": 252, "coil": null}, "gen7oublitz": {"elo": 1098.0370595806, "gxe": 53.6, "rpr": 1528.1351692769, "rprd": 102.83219891053, "w": 3, "l": 2, "coil": null}, "gen7pokebankdoublesou": {"elo": 1047.489495118, "gxe": 45.7, "rpr": 1466.0063224679, "rprd": 102.73361558419, "w": 2, "l": 3, "coil": null}, "gen7pu": {"elo": 1021.1395892438, "gxe": 47, "rpr": 1475.941970518, "rprd": 110.96051947126, "w": 1, "l": 2, "coil": null}, "gen7randombattle": {"elo": 1571.8170762329194, "gxe": 74.2, "rpr": 1703.9137993725349, "rprd": 82.79155673238813, "w": 2522, "l": 2423, "coil": null}, "gen7superstaffbrosbrawl": {"elo": 1060.6663624381, "gxe": 54.9, "rpr": 1538.5438929294, "rprd": 111.60926061216, "w": 2, "l": 1, "coil": null}, "gen7ubers": {"elo": 1470.2750971411, "gxe": 73.3, "rpr": 1725.4855607728, "rprd": 217.70950890727, "w": 47, "l": 26, "coil": null}, "gen7uu": {"elo": 1361.793027606, "gxe": 57, "rpr": 1562.5635635813, "rprd": 214.54913396409, "w": 170, "l": 160, "coil": null}, "gen7vgc2018": {"elo": 1127.6823328281, "gxe": 54.6, "rpr": 1541.7495905905, "rprd": 228.67365671631, "w": 10, "l": 6, "coil": null}, "gen8battlestadiumsingles": {"elo": 1000, "gxe": 43.8, "rpr": 1450.1166287811, "rprd": 122.22060191058, "w": 0, "l": 1, "coil": null}, "gen8bdspou": {"elo": 1448.466877675, "gxe": 58.8, "rpr": 1578.3661805421, "rprd": 212.88921910461, "w": 86, "l": 70, "coil": null}, "gen8bdsprandombattle": {"elo": 1425.2918574027, "gxe": 68.3, "rpr": 1650.7050395519, "rprd": 106.13241256632, "w": 64, "l": 44, "coil": null}, "gen8ou": {"elo": 1383.4593243577, "gxe": 58.6, "rpr": 1578.2861409237, "rprd": 223.0092377777, "w": 354, "l": 329, "coil": null}, "gen8oublitz": {"elo": 1040, "gxe": 55, "rpr": 1540.1606143388, "rprd": 122.8583080769, "w": 1, "l": 0, "coil": null}, "gen8randombattle": {"elo": 1407.6557759593193, "gxe": 69.2, "rpr": 1660.3480605579168, "rprd": 110.45080944580317, "w": 6995, "l": 6827, "coil": null}, "gen9championsou": {"elo": 1040, "gxe": 55, "rpr": 1540.1606143390134, "rprd": 122.85830807679145, "w": 1, "l": 0, "coil": null}, "gen9ou": {"elo": 1370.8055613350123, "gxe": 60.4, "rpr": 1580.8028835073803, "rprd": 60.17416160699007, "w": 208, "l": 196, "coil": null}, "gen9randombattle": {"elo": 1897.6087095953665, "gxe": 78.1, "rpr": 1739.1167252253404, "rprd": 25.736654907551795, "w": 9760, "l": 9411, "coil": null}, "gen9randombattlemayhem": {"elo": 1000, "gxe": 42.8, "rpr": 1441.911788149236, "rprd": 124.05888714420367, "w": 0, "l": 1, "coil": null}, "ou": {"elo": 1399.7383411964, "gxe": 69.9, "rpr": 1661.517297169, "rprd": 64.48102901992, "w": 259, "l": 229, "coil": null}, "ubers": {"elo": 1352.0639301803, "gxe": 64.1, "rpr": 1610.0927116774, "rprd": 52.941407390876, "w": 57, "l": 43, "coil": null}, "vgc2016": {"elo": 1018.6870817734, "gxe": 30.6, "rpr": 1341.2598432304, "rprd": 83.824374109397, "w": 3, "l": 9, "coil": null}}}