{"username": "margins", "userid": "margins", "registertime": 1780876800, "group": 1, "ratings": {"gen7randombattle": {"elo": 1000, "gxe": 44.3, "rpr": 1454.0316776712, "rprd": 122.37737547044, "w": 0, "l": 0, "coil": null}, "gen8randombattle": {"elo": 1000, "gxe": 44.4, "rpr": 1455.363321537, "rprd": 122.94167451212, "w": 0, "l": 0, "coil": null}, "gen9randombattle": {"elo": 1056.2351561257337, "gxe": 45.1, "rpr": 1462.988814842207, "rprd": 33.77679402990216, "w": 6, "l": 8, "coil": null}, "gen9randombattlemayhem": {"elo": 1010.0932638265, "gxe": 45.8, "rpr": 1466.9108216389, "rprd": 111.51861011339, "w": 0, "l": 0, "coil": null}}}