{"username": "Marioman2007", "userid": "marioman2007", "registertime": 1664928000, "group": 1, "ratings": {"gen5randombattle": {"elo": 1086.7609013902143, "gxe": 59.6, "rpr": 1577.0072889119429, "rprd": 115.94949949062867, "w": 2, "l": 0, "coil": null}, "gen6ou": {"elo": 1000, "gxe": 40.4, "rpr": 1422.3781110477682, "rprd": 116.44336231470109, "w": 0, "l": 0, "coil": null}, "gen6randombattle": {"elo": 1481.0127933452404, "gxe": 72.6, "rpr": 1684.464881357452, "rprd": 43.38419222462568, "w": 62, "l": 43, "coil": null}, "gen8anythinggoes": {"elo": 1085.6366230341, "gxe": 49, "rpr": 1492.5519076414, "rprd": 87.869272259952, "w": 6, "l": 5, "coil": null}, "gen8monotype": {"elo": 1045.2804541023, "gxe": 52.8, "rpr": 1522.4693517902, "rprd": 123.97576026463, "w": 1, "l": 0, "coil": null}, "gen8randombattle": {"elo": 1249.7030182538285, "gxe": 59.3, "rpr": 1575.963824170388, "rprd": 130, "w": 46, "l": 39, "coil": null}, "gen8randomdoublesbattle": {"elo": 1007.0303671461, "gxe": 38.5, "rpr": 1393.4897508539, "rprd": 230.54591185153, "w": 0, "l": 0, "coil": null}, "gen91v1factory": {"elo": 1214.92186703672, "gxe": 52.9, "rpr": 1521.6271309407123, "rprd": 25, "w": 326, "l": 303, "coil": null}, "gen9battlefactory": {"elo": 1000, "gxe": 39.9, "rpr": 1418.729128627764, "rprd": 111.49493005531211, "w": 0, "l": 0, "coil": null}, "gen9challengecup1v1": {"elo": 1107.325311763928, "gxe": 45.1, "rpr": 1462.100453785723, "rprd": 81.50517102602633, "w": 0, "l": 0, "coil": null}, "gen9championsou": {"elo": 1042.7131588150785, "gxe": 41.3, "rpr": 1433.20861281174, "rprd": 59.30289188335656, "w": 14, "l": 19, "coil": null}, "gen9championsrandombattle": {"elo": 1337.0922777486649, "gxe": 66.8, "rpr": 1631.621122367543, "rprd": 32.80895803829436, "w": 72, "l": 50, "coil": null}, "gen9convergence": {"elo": 1169.6466724571, "gxe": 53.2, "rpr": 1525.3696398549, "rprd": 100.49856774788, "w": 27, "l": 24, "coil": null}, "gen9doublesou": {"elo": 1000, "gxe": 44.2, "rpr": 1453.2910949089, "rprd": 122.62459820311, "w": 0, "l": 0, "coil": null}, "gen9forceofthefallenrandomroulette": {"elo": 1000, "gxe": 36.7, "rpr": 1392.6267985745706, "rprd": 111.06697863570959, "w": 0, "l": 0, "coil": null}, "gen9fortemons": {"elo": 1064.714287262706, "gxe": 48.3, "rpr": 1486.7281534693807, "rprd": 104.5891388235437, "w": 3, "l": 3, "coil": null}, "gen9godlygiftrandombattle": {"elo": 1093.8065146159656, "gxe": 57.1, "rpr": 1554.5429033139483, "rprd": 70.4661231492465, "w": 11, "l": 9, "coil": null}, "gen9inheritance": {"elo": 1129.1440370316, "gxe": 60.5, "rpr": 1583.1036241797, "rprd": 100.22132518149, "w": 6, "l": 2, "coil": 2034.969324913989}, "gen9legendszaou": {"elo": 1151.6822487517009, "gxe": 55.2, "rpr": 1539.6490191995508, "rprd": 60.246035484744375, "w": 48, "l": 42, "coil": null}, "gen9livepatchbattlesver100": {"elo": 1000, "gxe": 45, "rpr": 1459.8393856609866, "rprd": 122.85830807679145, "w": 0, "l": 0, "coil": null}, "gen9megainvasionrandombattle": {"elo": 1424.2176380592, "gxe": 77.1, "rpr": 1728.6697040475, "rprd": 25.876418629631, "w": 790, "l": 455, "coil": null}, "gen9ou": {"elo": 1054.798207205717, "gxe": 49.6, "rpr": 1497.0615627528005, "rprd": 111.6937472779036, "w": 5, "l": 4, "coil": null}, "gen9pokebilitiesaaa": {"elo": 1028.525619712016, "gxe": 47.6, "rpr": 1480.7651424520134, "rprd": 118.10551000094374, "w": 1, "l": 1, "coil": null}, "gen9randombattle": {"elo": 2063.544803606725, "gxe": 82.9, "rpr": 1798.4013647620059, "rprd": 36.66385690610147, "w": 2269, "l": 2168, "coil": null}, "gen9randombattleblitz": {"elo": 1559.7854238796042, "gxe": 74, "rpr": 1699.8113821644238, "rprd": 63.76158620119715, "w": 47, "l": 21, "coil": null}, "gen9randomdoublesbattle": {"elo": 1076.6767278536754, "gxe": 46.1, "rpr": 1469.821485701819, "rprd": 65.42126194505536, "w": 30, "l": 26, "coil": null}, "gen9regenerationrandombattle": {"elo": 1040, "gxe": 55, "rpr": 1540.1606143390134, "rprd": 122.85830807679145, "w": 1, "l": 0, "coil": null}, "gen9sketchmons": {"elo": 1095.0734118594, "gxe": 48.4, "rpr": 1487.6313738933, "rprd": 99.075489223874, "w": 3, "l": 3, "coil": null}, "gen9staaabmons": {"elo": 1022.8727995426457, "gxe": 44.8, "rpr": 1458.909901172945, "rprd": 111.30872033334755, "w": 1, "l": 2, "coil": null}, "gen9tiershift": {"elo": 1127.5097723108, "gxe": 43.8, "rpr": 1450.5982608654, "rprd": 105.95235746219, "w": 8, "l": 12, "coil": null}, "gen9voltturnmayhem": {"elo": 1000, "gxe": 38.5, "rpr": 1407.0238149385193, "rprd": 111.33949816251236, "w": 0, "l": 0, "coil": null}}}