{"username": "marinusss", "userid": "marinusss", "registertime": 1428537600, "group": 1, "ratings": {"battlefactory": {"elo": 1046.7163561254, "gxe": 51.1, "rpr": 1509.045050429, "rprd": 129.28440284219, "w": 1, "l": 1, "coil": null}, "challengecup1v1": {"elo": 1080.1194526024, "gxe": 44.1, "rpr": 1454.4627068357, "rprd": 75.69764018516, "w": 8, "l": 11, "coil": null}, "gen1randombattle": {"elo": 1108.675625911681, "gxe": 50.7, "rpr": 1505.3200570710476, "rprd": 130, "w": 9, "l": 6, "coil": null}, "gen7battlefactory": {"elo": 1030.2979596511, "gxe": 50.7, "rpr": 1505.6189646264, "rprd": 115.51827769728, "w": 1, "l": 1, "coil": null}, "gen7challengecup1v1": {"elo": 1132.4102570481, "gxe": 51.3, "rpr": 1510.070697957, "rprd": 53.167344896215, "w": 102, "l": 122, "coil": null}, "gen7hackmonscup": {"elo": 1426.427686567, "gxe": 72, "rpr": 1700.6590261561, "rprd": 181.78767437492, "w": 45, "l": 25, "coil": null}, "gen7metronomebattle": {"elo": 1431.2284148061, "gxe": 67, "rpr": 1641.2003245402, "rprd": 119.166909453, "w": 38, "l": 19, "coil": null}, "gen7monotype": {"elo": 1000, "gxe": 44.9, "rpr": 1459.3886546146, "rprd": 122.66906684773, "w": 0, "l": 1, "coil": null}, "gen7randombattle": {"elo": 1558.9318548613, "gxe": 69.8, "rpr": 1657.4558809536, "rprd": 25, "w": 851, "l": 787, "coil": null}, "gen7randomdoublesbattle": {"elo": 1329.8930635917, "gxe": 62.1, "rpr": 1597.0051793049, "rprd": 105.01143309681, "w": 25, "l": 16, "coil": null}, "gen8bdsprandombattle": {"elo": 1000, "gxe": 42.5, "rpr": 1439.5701571083, "rprd": 122.99890323816, "w": 0, "l": 1, "coil": null}, "gen8metronomebattle": {"elo": 1203.9803483605, "gxe": 49.5, "rpr": 1496.0345118341, "rprd": 50.527063915163, "w": 24, "l": 29, "coil": null}, "gen8monotyperandombattle": {"elo": 1298.6672245365, "gxe": 57.2, "rpr": 1555.4600885298, "rprd": 54.993473120483, "w": 556, "l": 555, "coil": null}, "gen8randombattle": {"elo": 1422.0422961124, "gxe": 65.7, "rpr": 1636.6536530521, "rprd": 173.12753151632, "w": 964, "l": 898, "coil": null}, "gen8randombattlemayhem": {"elo": 1000, "gxe": 45, "rpr": 1459.8393856612, "rprd": 122.8583080769, "w": 0, "l": 1, "coil": null}, "gen9babyrandombattle": {"elo": 1000, "gxe": 43.6, "rpr": 1448.3764268857965, "rprd": 122.75739274696083, "w": 0, "l": 1, "coil": null}, "gen9challengecup1v1": {"elo": 1179.7424876563, "gxe": 48.9, "rpr": 1491.7372083539, "rprd": 37.088076469677, "w": 44, "l": 47, "coil": null}, "gen9challengecup2v2": {"elo": 1000, "gxe": 45.9, "rpr": 1466.8578234696, "rprd": 122.44378404833, "w": 0, "l": 1, "coil": null}, "gen9chimera1v1randombattle": {"elo": 1203.833319684167, "gxe": 53.7, "rpr": 1528.2999565103332, "rprd": 51.761431131689505, "w": 43, "l": 40, "coil": null}, "gen9computergeneratedteams": {"elo": 1053.897216909, "gxe": 56.4, "rpr": 1551.0315370107, "rprd": 122.86631486052, "w": 1, "l": 0, "coil": null}, "gen9monotyperandombattle": {"elo": 1397.9376409947931, "gxe": 65.7, "rpr": 1623.6383587055795, "rprd": 60.07900914804616, "w": 127, "l": 112, "coil": null}, "gen9randombattle": {"elo": 1420.5798505639045, "gxe": 63.9, "rpr": 1608.1367981980704, "rprd": 34.727995381172235, "w": 2324, "l": 2211, "coil": null}, "monogen": {"elo": 1027.1862404128, "gxe": 45.3, "rpr": 1462.5886076896, "rprd": 111.26614807158, "w": 1, "l": 2, "coil": null}, "ou": {"elo": 1087.2281771241, "gxe": 52.6, "rpr": 1520.0326735683, "rprd": 98.543981181551, "w": 6, "l": 4, "coil": null}, "pu": {"elo": 1048.3728452181, "gxe": 54.6, "rpr": 1536.9958283256, "rprd": 122.18669807827, "w": 1, "l": 0, "coil": null}, "randomtriplesbattle": {"elo": 1045.1050381556, "gxe": 55, "rpr": 1540.1606143388, "rprd": 122.8583080769, "w": 1, "l": 0, "coil": null}, "ru": {"elo": 1000, "gxe": 23.6, "rpr": 1269.4409997308, "rprd": 103.7580515301, "w": 0, "l": 11, "coil": null}, "ubers": {"elo": 1065.1074962053, "gxe": 44.4, "rpr": 1456.2268865312, "rprd": 96.114271560381, "w": 3, "l": 4, "coil": null}, "uu": {"elo": 1031.4259775564, "gxe": 49.3, "rpr": 1494.8196015572, "rprd": 116.17913585051, "w": 1, "l": 1, "coil": null}}}