{"username": "marper8", "userid": "marper8", "registertime": 1577750400, "group": 1, "ratings": {"gen6randombattle": {"elo": 1049.8658368564, "gxe": 55, "rpr": 1540.1606143388, "rprd": 122.8583080769, "w": 1, "l": 0, "coil": null}, "gen7randombattle": {"elo": 1304.0106879769, "gxe": 69.2, "rpr": 1655.9769779217, "rprd": 76.80562939185, "w": 14, "l": 3, "coil": null}, "gen8challengecup1v1": {"elo": 1154.8837547026, "gxe": 51.1, "rpr": 1508.7796911268, "rprd": 130, "w": 26, "l": 21, "coil": null}, "gen8hackmonscup": {"elo": 1040, "gxe": 55, "rpr": 1540.1606143388, "rprd": 122.8583080769, "w": 1, "l": 0, "coil": null}, "gen8monotyperandombattle": {"elo": 1321.7945578789, "gxe": 56, "rpr": 1547.0146674819, "rprd": 93.610846559764, "w": 37, "l": 22, "coil": null}, "gen8ou": {"elo": 1399.4391180775, "gxe": 59.7, "rpr": 1586.6777479617, "rprd": 208.52011999091, "w": 159, "l": 142, "coil": null}, "gen8oublitz": {"elo": 1057.1316284697, "gxe": 49.9, "rpr": 1499.4688075206, "rprd": 106.17221154316, "w": 2, "l": 2, "coil": null}, "gen8randombattle": {"elo": 1399.5898958433, "gxe": 75, "rpr": 1742.3545903758, "rprd": 210.3166236696, "w": 4742, "l": 4652, "coil": null}, "gen8randombattleblitz": {"elo": 1375.3278701974, "gxe": 68.8, "rpr": 1651.4690337526, "rprd": 64.100234150699, "w": 25, "l": 11, "coil": null}, "gen8randomdoublesbattle": {"elo": 1404.9574330678, "gxe": 62.1, "rpr": 1607.5226361777, "rprd": 201.0660247922, "w": 96, "l": 81, "coil": null}, "gen9challengecup1v1": {"elo": 1301.8889411723762, "gxe": 63.4, "rpr": 1606.8696361972159, "rprd": 88.2349352010319, "w": 30, "l": 16, "coil": null}, "gen9monotyperandombattle": {"elo": 1470.1740282485, "gxe": 66.9, "rpr": 1646.5257529542, "rprd": 163.1316004338, "w": 90, "l": 64, "coil": null}, "gen9ou": {"elo": 1611.5583604636, "gxe": 74.4, "rpr": 1702.0609542819, "rprd": 46.452867716343, "w": 370, "l": 309, "coil": null}, "gen9pu": {"elo": 1060.513628926048, "gxe": 41.9, "rpr": 1436.0726904316068, "rprd": 98.65093921292153, "w": 2, "l": 4, "coil": 746.5731258016043}, "gen9randombattle": {"elo": 2129.58355435824, "gxe": 84.8, "rpr": 1823.5815292970624, "rprd": 25, "w": 6145, "l": 5875, "coil": null}, "gen9randombattleblitz": {"elo": 1719.252229175, "gxe": 70.5, "rpr": 1664.1975466355, "rprd": 35.27875310907, "w": 224, "l": 171, "coil": null}, "gen9randombattlemayhem": {"elo": 1040, "gxe": 48.8, "rpr": 1490.3743127848613, "rprd": 116.63587045717495, "w": 1, "l": 1, "coil": null}, "gen9randomdoublesbattle": {"elo": 1761.878011337519, "gxe": 76.5, "rpr": 1723.3891472472076, "rprd": 45.74110835249709, "w": 329, "l": 288, "coil": null}, "gen9uu": {"elo": 1130.1541558792662, "gxe": 50.7, "rpr": 1505.5413244318272, "rprd": 92.80395169830196, "w": 5, "l": 3, "coil": null}}}