{"username": "MassNoob21", "userid": "massnoob21", "registertime": 1746057600, "group": 1, "ratings": {"gen9ou": {"elo": 1129.8719952678985, "gxe": 44.2, "rpr": 1454.6036263707167, "rprd": 84.02632251238241, "w": 35, "l": 32, "coil": null}, "gen9randombattle": {"elo": 1465.771064131001, "gxe": 59.8, "rpr": 1574.640172539073, "rprd": 29.005643745354135, "w": 1269, "l": 1277, "coil": null}, "gen9randomdoublesbattle": {"elo": 1022.1660277196066, "gxe": 45, "rpr": 1460.254099461911, "rprd": 110.89360236228933, "w": 1, "l": 2, "coil": null}}}