{"username": "MasterRumba", "userid": "masterrumba", "registertime": 1625529600, "group": 1, "ratings": {"gen8bdspou": {"elo": 1445.9381302427, "gxe": 60.5, "rpr": 1594.458537476, "rprd": 214.29490369784, "w": 99, "l": 80, "coil": null}, "gen8bdsprandombattle": {"elo": 1055.5295743018, "gxe": 54.2, "rpr": 1533.0891783611, "rprd": 111.51861011339, "w": 2, "l": 1, "coil": null}, "gen8bssfactory": {"elo": 1000, "gxe": 45, "rpr": 1459.8393856612, "rprd": 122.8583080769, "w": 0, "l": 1, "coil": null}, "gen8monotyperandombattle": {"elo": 1489.6062781909, "gxe": 73.2, "rpr": 1690.4880245395, "rprd": 49.426852001469, "w": 234, "l": 210, "coil": null}, "gen8ou": {"elo": 1399.2376784985, "gxe": 72, "rpr": 1685.9051274526, "rprd": 105.78460510462, "w": 228, "l": 158, "coil": null}, "gen8randombattle": {"elo": 1400.2136013837, "gxe": 75.2, "rpr": 1746.6971622364, "rprd": 215.96434844239, "w": 609, "l": 518, "coil": null}, "gen8randombattlenodmax": {"elo": 1119.1191046658, "gxe": 59.9, "rpr": 1576.1537339248, "rprd": 49.426292195271, "w": 45, "l": 40, "coil": null}, "gen9legendszaou": {"elo": 1499.022269549, "gxe": 73.2, "rpr": 1693.7188249077, "rprd": 78.199392032053, "w": 156, "l": 106, "coil": null}, "gen9monotyperandombattle": {"elo": 1065.045300405113, "gxe": 45.9, "rpr": 1468.0356425121063, "rprd": 88.62101875745387, "w": 5, "l": 5, "coil": null}, "gen9ou": {"elo": 1563.5352619404937, "gxe": 68.6, "rpr": 1647.7661602030769, "rprd": 42.17694060769441, "w": 83, "l": 58, "coil": null}, "gen9randombattle": {"elo": 2154.53212075725, "gxe": 85.8, "rpr": 1838.5814805597379, "rprd": 29.175966553334348, "w": 2137, "l": 1921, "coil": null}}}