{"username": "mastasefkillah", "userid": "mastasefkillah", "registertime": 1571097600, "group": 1, "ratings": {"gen7ou": {"elo": 1156.3950805745, "gxe": 48.6, "rpr": 1489.4862589862, "rprd": 25, "w": 176, "l": 176, "coil": null}, "gen7oublitz": {"elo": 1000, "gxe": 41.6, "rpr": 1432.2108282608, "rprd": 124.0020888549, "w": 0, "l": 1, "coil": null}, "gen7randombattle": {"elo": 1000, "gxe": 37.1, "rpr": 1394.6157260543, "rprd": 118.34471083242, "w": 0, "l": 2, "coil": null}, "gen8bdspou": {"elo": 1097.4842564136, "gxe": 48.4, "rpr": 1485.352251786, "rprd": 227.82117878521, "w": 7, "l": 6, "coil": null}, "gen8bdsprandombattle": {"elo": 1362.4714654001, "gxe": 55.8, "rpr": 1545.4475863647, "rprd": 96.983808004864, "w": 329, "l": 302, "coil": null}, "gen8monotype": {"elo": 1040, "gxe": 55, "rpr": 1540.1606143388, "rprd": 122.8583080769, "w": 1, "l": 0, "coil": null}, "gen8ou": {"elo": 1230.9833967581, "gxe": 48.1, "rpr": 1485.6728566029, "rprd": 81.170808106097, "w": 365, "l": 369, "coil": null}, "gen8randombattle": {"elo": 1440.864383047, "gxe": 71.3, "rpr": 1691.5843754144, "rprd": 169.97997875238, "w": 2949, "l": 2858, "coil": null}, "gen9championsou": {"elo": 1147.0287552135587, "gxe": 65.8, "rpr": 1628.4588949100469, "rprd": 106.81740931375788, "w": 5, "l": 0, "coil": null}, "gen9ou": {"elo": 1163.7619138739, "gxe": 50, "rpr": 1500.078016278, "rprd": 35.540271053758, "w": 53, "l": 51, "coil": null}, "gen9randombattle": {"elo": 1970.6992009437704, "gxe": 79.9, "rpr": 1760.3424058489697, "rprd": 28.497468449815045, "w": 5229, "l": 4979, "coil": null}}}