{"username": "matteo222", "userid": "matteo222", "registertime": 1667692800, "group": 1, "ratings": {"gen8randombattle": {"elo": 1123.4069419513, "gxe": 64.1, "rpr": 1613.8987054851, "rprd": 106.06966073531, "w": 4, "l": 0, "coil": null}, "gen8randomdoublesbattle": {"elo": 1098.6153100689, "gxe": 52.3, "rpr": 1520.5310013918, "rprd": 227.36540770392, "w": 4, "l": 3, "coil": null}, "gen9anythinggoes": {"elo": 1048.3151925456, "gxe": 50.8, "rpr": 1505.9627440373, "rprd": 116.59966875083, "w": 1, "l": 1, "coil": null}, "gen9championsrandombattle": {"elo": 1000, "gxe": 45, "rpr": 1459.8393856609866, "rprd": 122.85830807679145, "w": 0, "l": 1, "coil": null}, "gen9doublesubers": {"elo": 1106.884534002096, "gxe": 60.3, "rpr": 1581.4561605654378, "rprd": 96.1589750067977, "w": 5, "l": 2, "coil": null}, "gen9randombattle": {"elo": 1362.7396740808842, "gxe": 58.8, "rpr": 1567.6290625115257, "rprd": 49.725504566914644, "w": 35, "l": 22, "coil": null}, "gen9randomdoublesbattle": {"elo": 1383.4050329513032, "gxe": 58.9, "rpr": 1568.5536398305999, "rprd": 48.35501519963704, "w": 72, "l": 58, "coil": null}, "gen9vgc2025regh": {"elo": 1238.890427871916, "gxe": 52.1, "rpr": 1516.2343501855803, "rprd": 57.04565774386675, "w": 22, "l": 14, "coil": null}, "gen9vgc2025regj": {"elo": 1127.290673665637, "gxe": 47, "rpr": 1476.8079808156326, "rprd": 72.90008578281358, "w": 12, "l": 11, "coil": null}, "gen9vgc2026regf": {"elo": 1119.6023138493956, "gxe": 55.7, "rpr": 1544.3276094482196, "rprd": 85.99527303799262, "w": 7, "l": 4, "coil": null}}}