{"username": "maybesebas", "userid": "maybesebas", "registertime": 1577923200, "group": 1, "ratings": {"digimondigimonshowdownsingles": {"elo": 1000, "gxe": 45, "rpr": 1459.8393856612, "rprd": 122.8583080769, "w": 0, "l": 1, "coil": null}, "gen8nationaldexag": {"elo": 1071.8197780684, "gxe": 49.1, "rpr": 1492.6798904063, "rprd": 85.579596110979, "w": 6, "l": 5, "coil": null}, "gen8nu": {"elo": 1089.7310063802, "gxe": 53.2, "rpr": 1524.7981074073, "rprd": 75.450306003024, "w": 9, "l": 8, "coil": null}, "gen8ou": {"elo": 1365.5885157838, "gxe": 58.1, "rpr": 1572.962280294, "rprd": 215.04920056602, "w": 193, "l": 181, "coil": null}, "gen8randombattle": {"elo": 1399.0459822097, "gxe": 58, "rpr": 1570.077667946, "rprd": 196.39316172566, "w": 402, "l": 403, "coil": null}, "gen8ru": {"elo": 1226.1604161681, "gxe": 52.9, "rpr": 1526.2046859135, "rprd": 216.61082739835, "w": 39, "l": 47, "coil": null}, "gen8ubers": {"elo": 1000, "gxe": 45, "rpr": 1459.8393856612, "rprd": 122.8583080769, "w": 0, "l": 1, "coil": null}, "gen8uu": {"elo": 1280.3998295332, "gxe": 58.7, "rpr": 1578.2633686399, "rprd": 212.63593557038, "w": 466, "l": 421, "coil": null}, "gen9championsrandombattle": {"elo": 1176.8392946177307, "gxe": 62.8, "rpr": 1600.3544381262197, "rprd": 62.67256564561921, "w": 17, "l": 11, "coil": null}, "gen9nu": {"elo": 1153.7613518374046, "gxe": 57.4, "rpr": 1557.015117594093, "rprd": 67.5047177368138, "w": 17, "l": 13, "coil": 1953.1318015431648}, "gen9randombattle": {"elo": 2160.3771120729, "gxe": 86.7, "rpr": 1853.960440423, "rprd": 30.33060977881, "w": 1283, "l": 1097, "coil": null}, "gen9randombattleblitz": {"elo": 1457.5223907296647, "gxe": 60.8, "rpr": 1582.586090069392, "rprd": 32.51895589139137, "w": 1884, "l": 1951, "coil": null}, "gen9randomdoublesbattle": {"elo": 1145.6746045293512, "gxe": 58.2, "rpr": 1564.7061290199126, "rprd": 100.88032605913425, "w": 6, "l": 3, "coil": null}, "gen9ru": {"elo": 1301.8557733083928, "gxe": 54.8, "rpr": 1537.7121129850086, "rprd": 97.94529810625492, "w": 99, "l": 85, "coil": 2134.953014952786}, "gen9uu": {"elo": 1040, "gxe": 45.6, "rpr": 1465.4801776066076, "rprd": 110.17385061992532, "w": 1, "l": 2, "coil": null}}}