{"username": "MBKProductions", "userid": "mbkproductions", "registertime": 1594080000, "group": 1, "ratings": {"gen7randombattle": {"elo": 1036.8993512455, "gxe": 50, "rpr": 1500, "rprd": 116.77753930647, "w": 1, "l": 1, "coil": null}, "gen8metronomebattle": {"elo": 1000, "gxe": 45, "rpr": 1459.8393856612, "rprd": 122.8583080769, "w": 0, "l": 1, "coil": null}, "gen8randombattle": {"elo": 1199.1774306903017, "gxe": 62.4, "rpr": 1600.7868997767218, "rprd": 122.06519981508437, "w": 391, "l": 388, "coil": null}, "gen9babyrandombattle": {"elo": 1100.9732045474, "gxe": 47.6, "rpr": 1479.9202966101, "rprd": 157.96093933318, "w": 6, "l": 7, "coil": null}, "gen9monkeyspawrandombattle": {"elo": 1040, "gxe": 55, "rpr": 1540.1606143390134, "rprd": 122.85830807679145, "w": 1, "l": 0, "coil": null}, "gen9monotyperandombattle": {"elo": 1283.3915462603663, "gxe": 63.8, "rpr": 1608.4334728292572, "rprd": 59.436727206510085, "w": 19, "l": 11, "coil": null}, "gen9randombattle": {"elo": 2103.005390353571, "gxe": 87.1, "rpr": 1860.3647369602795, "rprd": 25.744263576463876, "w": 4296, "l": 4009, "coil": null}, "gen9randombattleblitz": {"elo": 1656.8853463865184, "gxe": 71.8, "rpr": 1677.8211776684677, "rprd": 57.30722459253727, "w": 608, "l": 525, "coil": null}, "gen9randomroulette": {"elo": 1000, "gxe": 46.2, "rpr": 1469.2665145148765, "rprd": 122.44859958323985, "w": 0, "l": 1, "coil": null}}}