{"username": "Mcardin", "userid": "mcardin", "registertime": 1547164800, "group": 1, "ratings": {"gen1randombattle": {"elo": 1131.032285722633, "gxe": 60.4, "rpr": 1584.8832710422216, "rprd": 130, "w": 9, "l": 11, "coil": null}, "gen2randombattle": {"elo": 1000, "gxe": 46.2, "rpr": 1469.420769031, "rprd": 122.42861904776, "w": 0, "l": 1, "coil": null}, "gen71v1": {"elo": 1303.965637274, "gxe": 53.7, "rpr": 1527.9082164275, "rprd": 27.684640045983, "w": 110, "l": 100, "coil": null}, "gen7battlefactory": {"elo": 1121.9207114225, "gxe": 56.4, "rpr": 1557.9991435088, "rprd": 222.06454288536, "w": 15, "l": 11, "coil": null}, "gen7challengecup1v1": {"elo": 1059.3788191476, "gxe": 45.4, "rpr": 1464.1287860183, "rprd": 87.047836693191, "w": 7, "l": 9, "coil": null}, "gen7monotyperandombattle": {"elo": 1138.6536464173, "gxe": 51, "rpr": 1507.9343645857, "rprd": 84.390041485029, "w": 10, "l": 10, "coil": null}, "gen7ou": {"elo": 1191.4120385704, "gxe": 50.7, "rpr": 1505.613601459, "rprd": 25, "w": 102, "l": 101, "coil": null}, "gen7randombattle": {"elo": 1314.4865981032, "gxe": 54.5, "rpr": 1534.3307845578, "rprd": 29.631021649373, "w": 200, "l": 201, "coil": null}, "gen9monotyperandombattle": {"elo": 1094.0816110930025, "gxe": 59.8, "rpr": 1578.5354275858801, "rprd": 115.91193993436629, "w": 2, "l": 0, "coil": null}, "gen9partnersincrimerandombattle6moves": {"elo": 1078.1024255546058, "gxe": 52.5, "rpr": 1519.5600712291632, "rprd": 91.875338850943, "w": 5, "l": 4, "coil": null}, "gen9randombattle": {"elo": 1660.0385227983309, "gxe": 73.6, "rpr": 1693.2426371413767, "rprd": 30.297148864515048, "w": 4014, "l": 3916, "coil": null}, "gen9randombattleblitz": {"elo": 1361.9985367236743, "gxe": 52.3, "rpr": 1518.0890422836949, "rprd": 77.86903038588284, "w": 171, "l": 167, "coil": null}, "gen9randomdoublesbattle": {"elo": 1083.9260763775885, "gxe": 59, "rpr": 1572.4108892454499, "rprd": 122.918391609084, "w": 2, "l": 0, "coil": null}}}