{"username": "Meelina", "userid": "meelina", "registertime": 1778112000, "group": 1, "ratings": {"gen9randombattle": {"elo": 1149.4614509934042, "gxe": 38.6, "rpr": 1412.6408769384802, "rprd": 35.84977544872338, "w": 107, "l": 141, "coil": null}}}