{"username": "mega scovillion", "userid": "megascovillion", "registertime": 1776816000, "group": 1, "ratings": {"gen9megainvasionrandombattle": {"elo": 1060.6253025143249, "gxe": 40.4, "rpr": 1424.5243272835569, "rprd": 87.44016594994523, "w": 4, "l": 6, "coil": null}, "gen9ou": {"elo": 1184.6988623172551, "gxe": 46.4, "rpr": 1472.3595166430475, "rprd": 68.81875416655281, "w": 14, "l": 14, "coil": null}, "gen9randombattle": {"elo": 1000, "gxe": 29.4, "rpr": 1332.1280500983764, "rprd": 63.198367804405585, "w": 12, "l": 24, "coil": null}, "gen9randomdoublesbattle": {"elo": 1112.7538796767562, "gxe": 61.7, "rpr": 1593.9016904625576, "rprd": 111.18973627301361, "w": 3, "l": 0, "coil": null}}}