{"username": "meme slurper", "userid": "memeslurper", "registertime": 1631750400, "group": 1, "ratings": {"gen91v1factory": {"elo": 1034.0721819918704, "gxe": 47.3, "rpr": 1478.5381509341212, "rprd": 104.02424009464208, "w": 2, "l": 3, "coil": null}, "gen9almostanyability": {"elo": 1148.0730058960996, "gxe": 55.9, "rpr": 1545.7909125079452, "rprd": 74.88231279314485, "w": 10, "l": 7, "coil": null}, "gen9babyrandombattle": {"elo": 1129.3374770781, "gxe": 59.8, "rpr": 1581.7263597067, "rprd": 151.24246894989, "w": 12, "l": 8, "coil": null}, "gen9battlefactory": {"elo": 1066.3737738535087, "gxe": 49.3, "rpr": 1494.516974308475, "rprd": 106.20628860504038, "w": 2, "l": 2, "coil": null}, "gen9bssfactorybo3": {"elo": 1062.0687842452653, "gxe": 56.2, "rpr": 1549.518611065354, "rprd": 122.42275696045907, "w": 1, "l": 0, "coil": null}, "gen9chimera1v1randombattle": {"elo": 1000, "gxe": 45, "rpr": 1459.8393856609866, "rprd": 122.85830807679145, "w": 0, "l": 1, "coil": null}, "gen9monotyperandombattle": {"elo": 1000, "gxe": 45, "rpr": 1459.8393856609866, "rprd": 122.85830807679145, "w": 0, "l": 1, "coil": null}, "gen9randombattle": {"elo": 1949.223192208442, "gxe": 81.8, "rpr": 1783.3730412038528, "rprd": 33.66011629093989, "w": 1988, "l": 1753, "coil": null}, "gen9randombattleblitz": {"elo": 1269.4782113365882, "gxe": 59.4, "rpr": 1576.1761999732971, "rprd": 130, "w": 21, "l": 12, "coil": null}, "gen9randomdoublesbattle": {"elo": 1428.1511418944608, "gxe": 56.9, "rpr": 1554.7673018198725, "rprd": 114.41815755140327, "w": 103, "l": 84, "coil": null}}}