{"username": "Memebraker", "userid": "memebraker", "registertime": 1728259200, "group": 1, "ratings": {"gen7randombattle": {"elo": 1167.4095608573161, "gxe": 65.8, "rpr": 1628.8122250369495, "rprd": 107.84579005261244, "w": 5, "l": 0, "coil": null}, "gen9almostanyability": {"elo": 1293.7487456134943, "gxe": 50.2, "rpr": 1501.64929978285, "rprd": 115.96560210507126, "w": 69, "l": 57, "coil": null}, "gen9nationaldex": {"elo": 1414.5786720227393, "gxe": 64.8, "rpr": 1615.5242360772431, "rprd": 50.253980335381094, "w": 37, "l": 21, "coil": null}, "gen9ou": {"elo": 1241.9823410502502, "gxe": 59.5, "rpr": 1574.1286003829578, "rprd": 71.10784369958995, "w": 15, "l": 7, "coil": null}, "gen9randombattle": {"elo": 2121.4547683641026, "gxe": 87.3, "rpr": 1863.3425655094452, "rprd": 32.384954124435666, "w": 244, "l": 175, "coil": null}, "gen9randombattleblitz": {"elo": 1032.6767527576849, "gxe": 48.1, "rpr": 1484.7603022031706, "rprd": 119.13226534037582, "w": 1, "l": 1, "coil": null}, "gen9randomdoublesbattle": {"elo": 1471.1935567104217, "gxe": 66, "rpr": 1626.8915901462665, "rprd": 67.89865371708537, "w": 234, "l": 197, "coil": null}, "gen9uu": {"elo": 1158.6239594544666, "gxe": 67.9, "rpr": 1647.4506127794464, "rprd": 103.65759197832585, "w": 5, "l": 0, "coil": null}}}