{"username": "Miercalito", "userid": "miercalito", "registertime": 1736208000, "group": 1, "ratings": {"gen9randombattle": {"elo": 2054.8017078014677, "gxe": 85.1, "rpr": 1828.834983307932, "rprd": 29.682774407710017, "w": 1425, "l": 1289, "coil": null}}}