{"username": "milkreo", "userid": "milkreo", "registertime": 1741132800, "group": 1, "ratings": {"gen9randombattle": {"elo": 2350.4807919470827, "gxe": 93.2, "rpr": 1992.3207544904692, "rprd": 25.559593782105757, "w": 7552, "l": 4430, "coil": null}}}