{"username": "milo65", "userid": "milo65", "registertime": 1655510400, "group": 1, "ratings": {"gen1randombattle": {"elo": 1000, "gxe": 45, "rpr": 1459.8393856612, "rprd": 122.8583080769, "w": 0, "l": 1, "coil": null}, "gen3randombattle": {"elo": 1000, "gxe": 45, "rpr": 1459.8393856612, "rprd": 122.8583080769, "w": 0, "l": 1, "coil": null}, "gen6purehackmons": {"elo": 1040, "gxe": 43.9, "rpr": 1451.3944959110922, "rprd": 111.74918271499727, "w": 1, "l": 2, "coil": null}, "gen6randombattle": {"elo": 1040, "gxe": 55, "rpr": 1540.1606143390134, "rprd": 122.85830807679145, "w": 1, "l": 0, "coil": null}, "gen7anythinggoes": {"elo": 1040, "gxe": 55, "rpr": 1540.1606143388, "rprd": 122.8583080769, "w": 1, "l": 0, "coil": null}, "gen7randombattle": {"elo": 1000, "gxe": 45, "rpr": 1459.8393856612, "rprd": 122.8583080769, "w": 0, "l": 1, "coil": null}, "gen8anythinggoes": {"elo": 1224.7884783897, "gxe": 61, "rpr": 1586.166882086, "rprd": 70.347987149768, "w": 14, "l": 6, "coil": null}, "gen8doublesou": {"elo": 1004.6091697413, "gxe": 40.6, "rpr": 1424.7137998443, "rprd": 106.04234526686, "w": 1, "l": 3, "coil": null}, "gen8doublesubers": {"elo": 1000, "gxe": 41, "rpr": 1427.4328741711, "rprd": 116.77753930647, "w": 0, "l": 2, "coil": null}, "gen8joltemonsrandombattle": {"elo": 1028.1531933200379, "gxe": 45.4, "rpr": 1462.8312732292372, "rprd": 130, "w": 1, "l": 2, "coil": null}, "gen8nationaldexag": {"elo": 1043.8930684611, "gxe": 32.2, "rpr": 1358.249827705, "rprd": 60.221913169061, "w": 51, "l": 63, "coil": null}, "gen8nationaldexmonotype": {"elo": 1000, "gxe": 45.2, "rpr": 1461.4599354169, "rprd": 121.96786966625, "w": 0, "l": 1, "coil": null}, "gen8ou": {"elo": 1109.2056403133, "gxe": 58.1, "rpr": 1564.8988082705, "rprd": 117.90878633614, "w": 4, "l": 1, "coil": null}, "gen8randombattle": {"elo": 1132.641949291177, "gxe": 55.9, "rpr": 1547.6243087644157, "rprd": 130, "w": 19, "l": 18, "coil": null}, "gen8randomdoublesbattle": {"elo": 1225.0553722909, "gxe": 50.2, "rpr": 1501.728475643, "rprd": 201.18392428028, "w": 51, "l": 74, "coil": null}, "gen9anythinggoes": {"elo": 1109.1628542699202, "gxe": 42.4, "rpr": 1441.191092478086, "rprd": 76.06984835339749, "w": 61, "l": 88, "coil": null}, "gen9championsrandombattle": {"elo": 1040, "gxe": 48.1, "rpr": 1485.1118665640997, "rprd": 116.53404304679118, "w": 1, "l": 1, "coil": null}, "gen9doublesou": {"elo": 1063.2259725364004, "gxe": 43.1, "rpr": 1445.1000779467884, "rprd": 102.71257621083572, "w": 2, "l": 3, "coil": null}, "gen9doublesubers": {"elo": 1070.6561649948187, "gxe": 44.3, "rpr": 1454.6704097927727, "rprd": 107.53006814625759, "w": 28, "l": 34, "coil": null}, "gen9monotype": {"elo": 1000, "gxe": 17.6, "rpr": 1195.3645748330257, "rprd": 110.79877962675351, "w": 2, "l": 17, "coil": 654.463289925918}, "gen9nationaldex": {"elo": 1000, "gxe": 13.6, "rpr": 1139.3268978808621, "rprd": 96.72424810440978, "w": 34, "l": 63, "coil": null}, "gen9nationaldexag": {"elo": 1140.3041468066, "gxe": 54.9, "rpr": 1538.5539342677, "rprd": 89.634403406989, "w": 7, "l": 4, "coil": null}, "gen9nationaldexmonotype": {"elo": 1127.3112351312636, "gxe": 44.1, "rpr": 1452.3960667802694, "rprd": 121.08828285849684, "w": 7, "l": 11, "coil": null}, "gen9nationaldexru": {"elo": 1000, "gxe": 45.6, "rpr": 1465.1755885780149, "rprd": 122.13208542752433, "w": 0, "l": 1, "coil": null}, "gen9nationaldexubers": {"elo": 1109.5699288694184, "gxe": 32.5, "rpr": 1354.565060731204, "rprd": 115.65115008581964, "w": 9, "l": 18, "coil": null}, "gen9nationaldexuu": {"elo": 1000, "gxe": 37.6, "rpr": 1398.186609254143, "rprd": 130, "w": 0, "l": 3, "coil": null}, "gen9nu": {"elo": 1000, "gxe": 33.6, "rpr": 1367.7478721395478, "rprd": 92.71577072661378, "w": 1, "l": 7, "coil": 732.8211963510531}, "gen9ou": {"elo": 1039.3420774671147, "gxe": 32.7, "rpr": 1358.6376623067365, "rprd": 100.37991118045782, "w": 4, "l": 10, "coil": null}, "gen9randombattle": {"elo": 1392.9450645347501, "gxe": 59.5, "rpr": 1573.1949693358288, "rprd": 52.560073032798286, "w": 746, "l": 893, "coil": null}, "gen9randombattleblitz": {"elo": 1046.1144556414, "gxe": 55.5, "rpr": 1544.4366708359, "rprd": 122.47145781527, "w": 1, "l": 0, "coil": null}, "gen9randombattlemayhem": {"elo": 1000, "gxe": 43.2, "rpr": 1445.3172345183, "rprd": 122.65129178748, "w": 0, "l": 1, "coil": null}, "gen9randomdoublesbattle": {"elo": 1090.8012987712887, "gxe": 47.1, "rpr": 1477.7375708668492, "rprd": 89.01138852217409, "w": 6, "l": 7, "coil": null}, "gen9uu": {"elo": 1000, "gxe": 33, "rpr": 1360.9903206943, "rprd": 102.32231383418, "w": 0, "l": 5, "coil": null}}}