{"username": "Miminette999", "userid": "miminette999", "registertime": 1781049600, "group": 1, "ratings": {"gen9randombattle": {"elo": 1201.0935623028552, "gxe": 64.6, "rpr": 1616.4611550839488, "rprd": 86.41402256863147, "w": 9, "l": 2, "coil": null}}}