{"username": "mire_ottomi", "userid": "mireottomi", "registertime": 1781308800, "group": 1, "ratings": {"gen9randombattle": {"elo": 1070.489666582274, "gxe": 38.1, "rpr": 1406.4827549793945, "rprd": 78.18564562239395, "w": 6, "l": 10, "coil": null}}}