{"username": "miridonshadow", "userid": "miridonshadow", "registertime": 0, "group": 0, "ratings": {"gen92v2doubles": {"elo": 1022.1660277196066, "gxe": 50, "rpr": 1500, "rprd": 116.77753930629355, "w": 1, "l": 1, "coil": null}, "gen9bssregi": {"elo": 1000, "gxe": 46.1, "rpr": 1469.1495118667738, "rprd": 122.39996291984193, "w": 0, "l": 1, "coil": null}, "gen9championsvgc2026regma": {"elo": 1041.6324951397007, "gxe": 32.4, "rpr": 1356.520206412832, "rprd": 93.41803195356421, "w": 2, "l": 6, "coil": null}, "gen9doublesou": {"elo": 1028.5628341399383, "gxe": 45.2, "rpr": 1462.0225749345097, "rprd": 110.1327136310565, "w": 1, "l": 2, "coil": null}, "gen9fusionevolutionrandombattle": {"elo": 1040, "gxe": 55, "rpr": 1540.1606143390134, "rprd": 122.85830807679145, "w": 1, "l": 0, "coil": null}, "gen9megainvasionrandombattle": {"elo": 1040, "gxe": 55, "rpr": 1540.1606143390134, "rprd": 122.85830807679145, "w": 1, "l": 0, "coil": null}, "gen9randombattle": {"elo": 1105.607129906224, "gxe": 49.4, "rpr": 1495.7034930689192, "rprd": 79.18999627228403, "w": 8, "l": 6, "coil": null}, "gen9randomdoublesbattle": {"elo": 1165.885725180603, "gxe": 67.4, "rpr": 1642.562201238149, "rprd": 105.14080648666958, "w": 5, "l": 0, "coil": null}, "gen9vgc2025regibo3": {"elo": 1000, "gxe": 26.4, "rpr": 1299.2133674918862, "rprd": 99.06443488145261, "w": 0, "l": 6, "coil": null}, "gen9vgc2025regj": {"elo": 1055.2707338622974, "gxe": 36.4, "rpr": 1391.3590519142097, "rprd": 91.16008593183531, "w": 2, "l": 6, "coil": null}}}