{"username": "Misticrosen", "userid": "misticrosen", "registertime": 1623369600, "group": 1, "ratings": {"gen8randombattle": {"elo": 1399.4676880183, "gxe": 76, "rpr": 1755.3580881168, "rprd": 211.05244155815, "w": 575, "l": 496, "coil": null}, "gen9randombattle": {"elo": 1996.4725818387062, "gxe": 82, "rpr": 1787.012280145009, "rprd": 34.39053319840297, "w": 2089, "l": 1861, "coil": null}, "gen9randombattleblitz": {"elo": 1048.4728579527027, "gxe": 54.3, "rpr": 1534.6590416691236, "rprd": 122.11847949684952, "w": 1, "l": 0, "coil": null}}}