{"username": "misterdickfister", "userid": "misterdickfister", "registertime": 1780790400, "group": 1, "ratings": {"gen9randombattle": {"elo": 1308.5990059363548, "gxe": 49.1, "rpr": 1493.4872469975517, "rprd": 37.009781786991965, "w": 67, "l": 62, "coil": null}}}