{"username": "misty's magic", "userid": "mistysmagic", "registertime": 1530748800, "group": 1, "ratings": {"gen1randombattle": {"elo": 1000, "gxe": 45, "rpr": 1459.8393856612, "rprd": 122.8583080769, "w": 0, "l": 1, "coil": null}, "gen3ou": {"elo": 1287.570718441732, "gxe": 51.7, "rpr": 1513.1831289224253, "rprd": 46.23636824735717, "w": 34, "l": 24, "coil": null}, "gen6firstbloodrandombattle": {"elo": 1298.2011306081993, "gxe": 61.2, "rpr": 1585.6161454522244, "rprd": 25.071492710776575, "w": 205, "l": 176, "coil": null}, "gen7battlefactory": {"elo": 1034.317712327, "gxe": 45.1, "rpr": 1460.2619519156, "rprd": 130, "w": 1, "l": 2, "coil": null}, "gen7monotyperandombattle": {"elo": 1475.6708672169, "gxe": 65.9, "rpr": 1627.554593533, "rprd": 80.495250443323, "w": 210, "l": 167, "coil": null}, "gen7ou": {"elo": 1467.6788410139, "gxe": 59.9, "rpr": 1576.5197678219, "rprd": 51.915543661147, "w": 116, "l": 96, "coil": null}, "gen7oublitz": {"elo": 1315.8717832458, "gxe": 74, "rpr": 1701.0871437897, "rprd": 75.395598186552, "w": 16, "l": 2, "coil": null}, "gen7pu": {"elo": 1301.3455177948, "gxe": 68.4, "rpr": 1646.9364219074, "rprd": 55.013878893211, "w": 57, "l": 30, "coil": null}, "gen7randombattle": {"elo": 1499.9592341399, "gxe": 74.5, "rpr": 1739.0846817936, "rprd": 216.75170990085, "w": 1959, "l": 1724, "coil": null}, "gen7randomdoublesbattle": {"elo": 1493.6319653567, "gxe": 73, "rpr": 1689.531534738, "rprd": 56.682478960558, "w": 50, "l": 30, "coil": null}, "gen7ru": {"elo": 1044.2170659042, "gxe": 50, "rpr": 1500, "rprd": 116.77753930647, "w": 1, "l": 1, "coil": null}, "gen7uu": {"elo": 1243.1934010234, "gxe": 64.5, "rpr": 1634.4993805709, "rprd": 224.91875222747, "w": 12, "l": 3, "coil": null}, "gen8bdspbattlefestivaldoubles": {"elo": 1337.7767073103, "gxe": 56.6, "rpr": 1550.1632451464, "rprd": 39.344227525349, "w": 173, "l": 132, "coil": null}, "gen8bdspdoublesou": {"elo": 1434.1731845318, "gxe": 72.4, "rpr": 1730.3349399165, "rprd": 268.98236285228, "w": 34, "l": 9, "coil": null}, "gen8bdsprandombattle": {"elo": 1460.7281385025, "gxe": 69.3, "rpr": 1654.1115865077, "rprd": 44.246082295997, "w": 130, "l": 88, "coil": null}, "gen8monotype": {"elo": 1170.3034214435, "gxe": 53, "rpr": 1523.1106696429, "rprd": 58.534812670144, "w": 19, "l": 15, "coil": null}, "gen8monotyperandombattle": {"elo": 1499.9331407278, "gxe": 78.4, "rpr": 1792.5187579708, "rprd": 232.29252714794, "w": 137, "l": 65, "coil": null}, "gen8nu": {"elo": 1123.0737240802, "gxe": 59.3, "rpr": 1573.6961163292, "rprd": 94.031507425272, "w": 6, "l": 2, "coil": null}, "gen8ou": {"elo": 1376.3792297425, "gxe": 57.9, "rpr": 1563.8479271603, "rprd": 130, "w": 60, "l": 34, "coil": null}, "gen8randombattle": {"elo": 1422.7660530264, "gxe": 78, "rpr": 1767.2746885718, "rprd": 172.89610163723, "w": 2758, "l": 2451, "coil": null}, "gen8randomdoublesbattle": {"elo": 1321.5065886026, "gxe": 67.9, "rpr": 1668.8361391377, "rprd": 226.47821659782, "w": 14, "l": 3, "coil": null}, "gen8ru": {"elo": 1000, "gxe": 45.8, "rpr": 1466.7409329631, "rprd": 122.20573800789, "w": 0, "l": 1, "coil": null}, "gen8uu": {"elo": 1163.9636255868, "gxe": 61, "rpr": 1602.1681148908, "rprd": 233.06542382727, "w": 13, "l": 7, "coil": null}, "gen9battlefactory": {"elo": 1121.8643738694, "gxe": 50.9, "rpr": 1507.6567469952, "rprd": 143.01811135652, "w": 13, "l": 12, "coil": null}, "gen9caprandombattle": {"elo": 1060.0999321567385, "gxe": 57.5, "rpr": 1560.436932944332, "rprd": 123.74660869654588, "w": 1, "l": 0, "coil": null}, "gen9challengecup1v1": {"elo": 1020.1677766053, "gxe": 44.9, "rpr": 1459.6201143014, "rprd": 98.307083658177, "w": 2, "l": 4, "coil": null}, "gen9hackmonscup": {"elo": 1091.884389049, "gxe": 53.3, "rpr": 1525.4400850397, "rprd": 71.262171797195, "w": 11, "l": 9, "coil": null}, "gen9ou": {"elo": 1365.6661826030443, "gxe": 62.5, "rpr": 1597.3097007697847, "rprd": 54.160777985250604, "w": 26, "l": 13, "coil": null}, "gen9randombattle": {"elo": 1930.3298580905548, "gxe": 83.5, "rpr": 1806.6528873808622, "rprd": 32.86754990595202, "w": 3607, "l": 3245, "coil": null}, "gen9randomdoublesbattle": {"elo": 1362.9135565144156, "gxe": 74.7, "rpr": 1708.5828289253684, "rprd": 80.27877951179273, "w": 18, "l": 4, "coil": null}}}