{"username": "Mitchel531", "userid": "mitchel531", "registertime": 1696982400, "group": 1, "ratings": {"gen9nu": {"elo": 1133.5278609804452, "gxe": 56.4, "rpr": 1549.5149676020267, "rprd": 85.86154161474187, "w": 6, "l": 4, "coil": 1388.7308982530656}, "gen9ou": {"elo": 1074.0972383437586, "gxe": 49.3, "rpr": 1494.789899427444, "rprd": 75.36265329725978, "w": 9, "l": 7, "coil": null}, "gen9randombattle": {"elo": 2077.459513333813, "gxe": 83.6, "rpr": 1806.7753814464936, "rprd": 26.385826357579433, "w": 5538, "l": 5339, "coil": null}, "gen9randomdoublesbattle": {"elo": 1040, "gxe": 54.5, "rpr": 1535.9081918491477, "rprd": 122.94383923250008, "w": 1, "l": 0, "coil": null}, "gen9uu": {"elo": 1069.3951860149498, "gxe": 43.5, "rpr": 1449.589303979394, "rprd": 72.6299097385987, "w": 8, "l": 10, "coil": null}}}