{"username": "mjwm3", "userid": "mjwm3", "registertime": 1645142400, "group": 1, "ratings": {"gen6randombattle": {"elo": 1079.4897143629, "gxe": 58.6, "rpr": 1568.6513211413, "rprd": 116.17031852174, "w": 0, "l": 0, "coil": null}, "gen7pickyourteamrandombattle": {"elo": 1000, "gxe": 41, "rpr": 1427.4328741711, "rprd": 116.77753930647, "w": 0, "l": 0, "coil": null}, "gen8randombattle": {"elo": 1111.8935275269, "gxe": 45.7, "rpr": 1466.8459650822, "rprd": 71.600044443001, "w": 20, "l": 18, "coil": null}, "gen9monotyperandombattle": {"elo": 1000, "gxe": 40.9, "rpr": 1427.1067533184648, "rprd": 115.25385702204599, "w": 0, "l": 0, "coil": null}, "gen9randombattle": {"elo": 1335.1289890874375, "gxe": 51.9, "rpr": 1514.610269841921, "rprd": 44.339713036454775, "w": 1391, "l": 1378, "coil": null}, "gen9superstaffbrosultimate": {"elo": 1000, "gxe": 43.6, "rpr": 1448.366101988972, "rprd": 123.13583963282983, "w": 0, "l": 1, "coil": null}}}