{"username": "mnolk", "userid": "mnolk", "registertime": 0, "group": 0, "ratings": {"gen9randombattle": {"elo": 1056.2133575882588, "gxe": 40.7, "rpr": 1428.8924252887323, "rprd": 27.11928428874565, "w": 88, "l": 107, "coil": null}}}