{"username": "moenke", "userid": "moenke", "registertime": 1504828800, "group": 1, "ratings": {"battlefactory": {"elo": 1140.8257085298, "gxe": 59.3, "rpr": 1573.1012467427, "rprd": 85.209342130286, "w": 0, "l": 0, "coil": null}, "digimondigimonshowdownsingles": {"elo": 1040, "gxe": 55, "rpr": 1540.1606143388, "rprd": 122.8583080769, "w": 1, "l": 0, "coil": null}, "gen3challengecup": {"elo": 1030.0432252701, "gxe": 50, "rpr": 1500, "rprd": 116.77753930647, "w": 1, "l": 1, "coil": null}, "gen5randombattle": {"elo": 1191.8450191266, "gxe": 67, "rpr": 1638.2331168609, "rprd": 94.736008282226, "w": 6, "l": 1, "coil": null}, "gen6battlefactory": {"elo": 1261.9962165274, "gxe": 66.1, "rpr": 1685.3128643057, "rprd": 372.47074619007, "w": 0, "l": 0, "coil": null}, "gen6randombattle": {"elo": 1070.7264290846, "gxe": 44.6, "rpr": 1456.3556026183, "rprd": 124.24248772582, "w": 5, "l": 3, "coil": null}, "gen7battlefactory": {"elo": 1487.5407541567, "gxe": 83.9, "rpr": 1831.1343902618, "rprd": 128.9462357731, "w": 989, "l": 532, "coil": null}, "gen7lc": {"elo": 1045.6464315839, "gxe": 50, "rpr": 1499.9505974109, "rprd": 115.95356911834, "w": 0, "l": 0, "coil": null}, "gen7letsgorandombattle": {"elo": 1040, "gxe": 55, "rpr": 1540.1606143388, "rprd": 122.8583080769, "w": 1, "l": 0, "coil": null}, "gen7nu": {"elo": 1287.6406103843, "gxe": 61, "rpr": 1586.9844984226, "rprd": 91.824043885404, "w": 4, "l": 6, "coil": null}, "gen7ou": {"elo": 1320.7142437602, "gxe": 70.2, "rpr": 1667.3213899884, "rprd": 94.672698148785, "w": 8, "l": 1, "coil": null}, "gen7pu": {"elo": 1372.6236573895, "gxe": 63.3, "rpr": 1605.4476709415, "rprd": 80.830791598297, "w": 3, "l": 5, "coil": null}, "gen7randombattle": {"elo": 1559.4678244427, "gxe": 83.4, "rpr": 1808.3142499959, "rprd": 64.05423643663, "w": 4238, "l": 2767, "coil": null}, "gen7randomdoublesbattle": {"elo": 1477.8043216465, "gxe": 71, "rpr": 1671.6152370656, "rprd": 72.778195826198, "w": 23, "l": 16, "coil": null}, "gen7ru": {"elo": 1421.8998739725, "gxe": 70.1, "rpr": 1691.8243714515, "rprd": 224.68594141255, "w": 18, "l": 12, "coil": null}, "gen7superstaffbrosbrawl": {"elo": 1178.1746919386, "gxe": 60.4, "rpr": 1581.4912023637, "rprd": 85.471390916222, "w": 0, "l": 0, "coil": null}, "gen7ubers": {"elo": 1053.4584030376, "gxe": 54.9, "rpr": 1539.0645664762, "rprd": 122.1888732301, "w": 0, "l": 0, "coil": null}, "gen7uu": {"elo": 1329.8954996691, "gxe": 55.9, "rpr": 1553.483211246, "rprd": 224.79420960636, "w": 9, "l": 13, "coil": null}, "gen8battlefactory": {"elo": 1480.9389139627, "gxe": 71.8, "rpr": 1696.4874075189, "rprd": 170.10017660307, "w": 275, "l": 178, "coil": null}, "gen8bdsprandombattle": {"elo": 1499.0574605647, "gxe": 70.4, "rpr": 1670.2662259797, "rprd": 102.70560713308, "w": 119, "l": 81, "coil": null}, "gen8bdspuu": {"elo": 1125.764588214, "gxe": 58.4, "rpr": 1565.865394526, "rprd": 96.68262048966, "w": 5, "l": 2, "coil": null}, "gen8bssfactory": {"elo": 1000, "gxe": 38.2, "rpr": 1403.05063412, "rprd": 130, "w": 0, "l": 2, "coil": null}, "gen8monotyperandombattle": {"elo": 1108.3698354297, "gxe": 55.1, "rpr": 1540.2888488659, "rprd": 100.1093090616, "w": 5, "l": 4, "coil": null}, "gen8nu": {"elo": 1292.4867476278, "gxe": 65.1, "rpr": 1620.1991578155, "rprd": 82.784815060239, "w": 88, "l": 54, "coil": null}, "gen8ou": {"elo": 1354.779180918, "gxe": 60.3, "rpr": 1579.9301400986, "rprd": 62.459451192233, "w": 38, "l": 25, "coil": null}, "gen8pu": {"elo": 1289.6608522272, "gxe": 65.7, "rpr": 1628.8076203151, "rprd": 110.38742683125, "w": 27, "l": 14, "coil": null}, "gen8randombattle": {"elo": 1439.667384215, "gxe": 79.7, "rpr": 1767.6591199177, "rprd": 101.21711426041, "w": 982, "l": 827, "coil": null}, "gen8randombattlemayhem": {"elo": 1000, "gxe": 45.5, "rpr": 1463.959101684, "rprd": 122.0025042752, "w": 0, "l": 1, "coil": null}, "gen8randombattlenodmax": {"elo": 1339.942179238, "gxe": 70.9, "rpr": 1670.874693285, "rprd": 69.187635203222, "w": 64, "l": 32, "coil": null}, "gen8randomdoublesbattle": {"elo": 1168.1706899631, "gxe": 52.3, "rpr": 1520.6296073473, "rprd": 229.63578617083, "w": 20, "l": 14, "coil": null}, "gen8ru": {"elo": 1384.7057055181, "gxe": 65.6, "rpr": 1644.8395511939, "rprd": 220.38065503727, "w": 85, "l": 48, "coil": null}, "gen8uu": {"elo": 1499.5332866658, "gxe": 79.9, "rpr": 1812.209902196, "rprd": 229.51924790221, "w": 108, "l": 65, "coil": null}, "gen9battlefactory": {"elo": 1427.0845713354, "gxe": 72.4, "rpr": 1688.6732563957, "rprd": 100.111871258, "w": 420, "l": 260, "coil": null}, "gen9monkeyspawrandombattle": {"elo": 1000, "gxe": 45, "rpr": 1459.8393856609866, "rprd": 122.85830807679145, "w": 0, "l": 1, "coil": null}, "gen9ou": {"elo": 1042.939257387797, "gxe": 48.3, "rpr": 1486.2304269074327, "rprd": 106.42173732317282, "w": 2, "l": 2, "coil": null}, "gen9randombattle": {"elo": 2255.7124347577496, "gxe": 88.7, "rpr": 1889.087869634228, "rprd": 25.596823818652364, "w": 5719, "l": 4827, "coil": null}, "gen9uu": {"elo": 1000, "gxe": 40.4, "rpr": 1422.564052633155, "rprd": 116.23190117827176, "w": 0, "l": 2, "coil": null}}}