{"username": "Mona1234", "userid": "mona1234", "registertime": 1697155200, "group": 1, "ratings": {"gen8randombattle": {"elo": 1000, "gxe": 45, "rpr": 1459.8393856612, "rprd": 122.8583080769, "w": 0, "l": 1, "coil": null}, "gen9battlefactory": {"elo": 1015.9392176808552, "gxe": 42.5, "rpr": 1440.6547640452989, "rprd": 106.22588175789654, "w": 1, "l": 3, "coil": null}, "gen9nationaldex": {"elo": 1201.4904041421007, "gxe": 62.8, "rpr": 1602.0088519826515, "rprd": 93.74776031243047, "w": 7, "l": 1, "coil": null}, "gen9ou": {"elo": 1263.5881882213278, "gxe": 41.9, "rpr": 1436.8014038587341, "rprd": 82.57366354450279, "w": 90, "l": 87, "coil": null}, "gen9pokebilities": {"elo": 1040, "gxe": 37.8, "rpr": 1402.1125518365468, "rprd": 102.29519044008171, "w": 1, "l": 4, "coil": null}, "gen9randombattle": {"elo": 1492.2296361809704, "gxe": 67.2, "rpr": 1635.2437843087034, "rprd": 37.56786469952605, "w": 1433, "l": 1358, "coil": null}, "gen9randombattleblitz": {"elo": 1106.3096933257077, "gxe": 39.5, "rpr": 1417.38370007105, "rprd": 91.47865851405012, "w": 3, "l": 5, "coil": null}, "gen9tiershift": {"elo": 1088.1312821064, "gxe": 49.1, "rpr": 1492.4775577095, "rprd": 120.37367230452, "w": 9, "l": 8, "coil": null}, "gen9uu": {"elo": 1165.723418610362, "gxe": 61, "rpr": 1587.284741480674, "rprd": 91.90720489626985, "w": 7, "l": 3, "coil": null}}}