{"username": "monomythic", "userid": "monomythic", "registertime": 1487721600, "group": 1, "ratings": {"gen7camomons": {"elo": 1049.8267302072, "gxe": 55.6, "rpr": 1544.5303296298, "rprd": 122.6421958229, "w": 1, "l": 0, "coil": null}, "gen7ou": {"elo": 1250.2665498399, "gxe": 62, "rpr": 1594.3266749545, "rprd": 75.750074936122, "w": 12, "l": 4, "coil": null}, "gen7randombattle": {"elo": 1535.1479146081, "gxe": 76.2, "rpr": 1722.1034296361, "rprd": 59.373807916119, "w": 0, "l": 0, "coil": null}, "gen7randomdoublesbattle": {"elo": 1070.7359931092, "gxe": 48.2, "rpr": 1486.0376111244, "rprd": 92.953851576949, "w": 4, "l": 4, "coil": null}, "gen8randombattle": {"elo": 1399.355129926, "gxe": 73.5, "rpr": 1701.2125860233, "rprd": 106.34173588603, "w": 0, "l": 0, "coil": null}, "gen9randombattle": {"elo": 2119.664120067386, "gxe": 87.1, "rpr": 1860.0602357259443, "rprd": 33.732386148422414, "w": 3688, "l": 3372, "coil": null}}}