{"username": "monrayhudson", "userid": "monrayhudson", "registertime": 1563926400, "group": 1, "ratings": {"gen3randombattle": {"elo": 1000, "gxe": 45.1, "rpr": 1460.6559059376, "rprd": 122.06908068445, "w": 0, "l": 1, "coil": null}, "gen7monotyperandombattle": {"elo": 1165.8918982862, "gxe": 61.1, "rpr": 1587.9723112832, "rprd": 99.311605935163, "w": 8, "l": 4, "coil": null}, "gen7ou": {"elo": 1335.9836812551, "gxe": 57.9, "rpr": 1561.4225973762, "rprd": 70.47156588731, "w": 63, "l": 49, "coil": null}, "gen7randombattle": {"elo": 1499.5989827707, "gxe": 74, "rpr": 1734.0783174888, "rprd": 220.05556583462, "w": 986, "l": 917, "coil": null}, "gen7ubers": {"elo": 1051.7596055782, "gxe": 52.7, "rpr": 1521.6227552225, "rprd": 124.02523446605, "w": 1, "l": 0, "coil": null}, "gen8ou": {"elo": 1406.1467760208, "gxe": 60.3, "rpr": 1592.8373494167, "rprd": 214.30284958075, "w": 67, "l": 53, "coil": null}, "gen8oublitz": {"elo": 1000, "gxe": 43.5, "rpr": 1447.8175385742, "rprd": 122.16016439602, "w": 0, "l": 1, "coil": null}, "gen8randombattle": {"elo": 1399.9792155743, "gxe": 71.4, "rpr": 1701.599059113, "rprd": 209.67963168893, "w": 5042, "l": 4856, "coil": null}, "gen8ubers": {"elo": 1058.6507519576, "gxe": 50.4, "rpr": 1503.4171730977, "rprd": 106.88399748887, "w": 2, "l": 2, "coil": null}, "gen8uu": {"elo": 1002.7803769565, "gxe": 37.7, "rpr": 1385.8760589028, "rprd": 232.95497948875, "w": 1, "l": 5, "coil": null}, "gen9monotype": {"elo": 1080.2018011378855, "gxe": 58.7, "rpr": 1570.0308681530857, "rprd": 116.41298058315613, "w": 2, "l": 0, "coil": 1174}, "gen9ou": {"elo": 1427.5576303390808, "gxe": 62.8, "rpr": 1603.4239173677774, "rprd": 107.45894544374923, "w": 97, "l": 81, "coil": null}, "gen9randombattle": {"elo": 1820.9311377591039, "gxe": 79, "rpr": 1750.134974565965, "rprd": 29.68109406233627, "w": 4467, "l": 4215, "coil": null}}}