{"username": "moritzvb", "userid": "moritzvb", "registertime": 1632873600, "group": 1, "ratings": {"gen8randombattle": {"elo": 1042.8323523171, "gxe": 50, "rpr": 1500, "rprd": 116.77753930647, "w": 1, "l": 1, "coil": null}, "gen8vgc2021series11": {"elo": 1271.5676930387, "gxe": 49.1, "rpr": 1493.0481192887, "rprd": 52.577639545472, "w": 53, "l": 54, "coil": null}, "gen9babyrandombattle": {"elo": 1116.8264986726756, "gxe": 62.1, "rpr": 1598.056405242059, "rprd": 111.76740828759408, "w": 3, "l": 0, "coil": null}, "gen9randombattle": {"elo": 1885.5181410860189, "gxe": 79.7, "rpr": 1757.6612700450885, "rprd": 25, "w": 5000, "l": 4835, "coil": null}}}