{"username": "MortenSchack", "userid": "mortenschack", "registertime": 1673308800, "group": 1, "ratings": {"gen6randombattle": {"elo": 1072.3178452892735, "gxe": 41.3, "rpr": 1430.077926233778, "rprd": 116.55451691812996, "w": 388, "l": 481, "coil": null}, "gen7randombattle": {"elo": 1066.715045322667, "gxe": 35.7, "rpr": 1382.731752402532, "rprd": 118.34335367804191, "w": 173, "l": 256, "coil": null}, "gen8randombattle": {"elo": 1097.8541292409673, "gxe": 44.6, "rpr": 1457.8129657759607, "rprd": 101.11062797108356, "w": 9, "l": 7, "coil": null}, "gen8randomdoublesbattle": {"elo": 1018.1933224228, "gxe": 34.1, "rpr": 1357.2949827018, "rprd": 193.57037471088, "w": 3, "l": 9, "coil": null}, "gen9anythinggoes": {"elo": 1179.7869199034842, "gxe": 51.2, "rpr": 1509.315205020489, "rprd": 77.68722892413534, "w": 148, "l": 145, "coil": null}, "gen9challengecup2v2": {"elo": 1000, "gxe": 39.7, "rpr": 1416.658688028263, "rprd": 120.62895918497101, "w": 0, "l": 3, "coil": null}, "gen9megainvasionrandombattle": {"elo": 1040, "gxe": 52.7, "rpr": 1521.7286538844253, "rprd": 123.80852612946809, "w": 1, "l": 0, "coil": null}, "gen9nationaldex": {"elo": 1070.5225271054078, "gxe": 32.5, "rpr": 1359.2952222501272, "rprd": 73.08852154185784, "w": 10, "l": 18, "coil": null}, "gen9nationaldexdoubles": {"elo": 1000, "gxe": 32.9, "rpr": 1359.9793246744296, "rprd": 106.45885652485198, "w": 0, "l": 4, "coil": null}, "gen9randombattle": {"elo": 1142.6721724872436, "gxe": 42.9, "rpr": 1445.8003286485948, "rprd": 36.51908910228565, "w": 1983, "l": 2385, "coil": null}, "gen9randombattleblitz": {"elo": 1075.5965872476133, "gxe": 49.5, "rpr": 1496.1785846634173, "rprd": 107.1800867286752, "w": 3, "l": 3, "coil": null}, "gen9randomdoublesbattle": {"elo": 1129.828014911565, "gxe": 33.2, "rpr": 1366.9236022094924, "rprd": 52.81251687934061, "w": 113, "l": 212, "coil": null}, "gen9randomroulette": {"elo": 1000, "gxe": 45, "rpr": 1459.8393856609866, "rprd": 122.85830807679145, "w": 0, "l": 1, "coil": null}, "gen9vgc2023series2": {"elo": 1048.2087931914, "gxe": 54.6, "rpr": 1536.4532972893, "rprd": 122.09150922982, "w": 1, "l": 0, "coil": null}}}