{"username": "moskie", "userid": "moskie", "registertime": 1675900800, "group": 1, "ratings": {"gen4randombattle": {"elo": 1000, "gxe": 45, "rpr": 1459.8393856612, "rprd": 122.8583080769, "w": 0, "l": 1, "coil": null}, "gen5randombattle": {"elo": 1113.8076044923, "gxe": 63, "rpr": 1604.7872111573, "rprd": 110.61910612267, "w": 3, "l": 0, "coil": null}, "gen91v1factory": {"elo": 1139.1833121315249, "gxe": 52.6, "rpr": 1520.0388089029768, "rprd": 52.30554652102769, "w": 22, "l": 20, "coil": null}, "gen9battlefactory": {"elo": 1060.1011215092135, "gxe": 48.2, "rpr": 1485.6331792222588, "rprd": 108.09797123256092, "w": 2, "l": 2, "coil": null}, "gen9bssfactorybo3": {"elo": 1040, "gxe": 55, "rpr": 1540.1606143390134, "rprd": 122.85830807679145, "w": 1, "l": 0, "coil": null}, "gen9monkeyspawrandombattle": {"elo": 1040, "gxe": 55, "rpr": 1540.1606143390134, "rprd": 122.85830807679145, "w": 1, "l": 0, "coil": null}, "gen9ou": {"elo": 1125.8256050076202, "gxe": 49.6, "rpr": 1497.2536776149357, "rprd": 66.25123483178648, "w": 16, "l": 13, "coil": null}, "gen9pickyourteamrandombattle": {"elo": 1000, "gxe": 44.7, "rpr": 1457.888341748918, "rprd": 122.7040981787701, "w": 0, "l": 1, "coil": null}, "gen9randombattle": {"elo": 1582.709444546823, "gxe": 69.2, "rpr": 1652.7651265557006, "rprd": 27.217025300646654, "w": 4267, "l": 4168, "coil": null}, "gen9randombattleblitz": {"elo": 1174.1153323089095, "gxe": 51.3, "rpr": 1509.885382803053, "rprd": 90.68822578867457, "w": 49, "l": 46, "coil": null}, "gen9randombattlesharedpowerb12p6": {"elo": 1052.7486590329668, "gxe": 44.6, "rpr": 1457.271429078203, "rprd": 115.3803482475761, "w": 265, "l": 262, "coil": null}, "gen9randomdoublesbattle": {"elo": 1082.0150864632653, "gxe": 59.8, "rpr": 1578.8741869315027, "rprd": 116.47039486949394, "w": 2, "l": 0, "coil": null}, "gen9vgc2023regulationc": {"elo": 1128.1240564327686, "gxe": 52.4, "rpr": 1518.4940791750712, "rprd": 70.04718689280973, "w": 12, "l": 8, "coil": null}, "gen9vgc2023regulationd": {"elo": 1371.2510875614357, "gxe": 53.1, "rpr": 1523.5891049555382, "rprd": 25, "w": 749, "l": 760, "coil": null}, "gen9vgc2023regulatione": {"elo": 1225.9211389762984, "gxe": 49.5, "rpr": 1496.4068786090063, "rprd": 34.72967030235692, "w": 53, "l": 52, "coil": null}, "gen9vgc2023regulationebo3": {"elo": 1106.7835118521232, "gxe": 47.7, "rpr": 1482.0802167849072, "rprd": 70.03843083954926, "w": 11, "l": 11, "coil": null}, "gen9vgc2023series2": {"elo": 1415.6924732979, "gxe": 51, "rpr": 1507.8917521657, "rprd": 25.600782839015, "w": 624, "l": 630, "coil": null}, "gen9vgc2024regf": {"elo": 1234.995075372856, "gxe": 56.8, "rpr": 1552.6120119897748, "rprd": 72.94579214920644, "w": 17, "l": 13, "coil": null}, "gen9vgc2024regfbo3": {"elo": 1055.5119372486424, "gxe": 39.9, "rpr": 1420.4222218869875, "rprd": 93.0727569978012, "w": 4, "l": 6, "coil": null}}}