{"username": "MotaM8", "userid": "motam8", "registertime": 1666569600, "group": 1, "ratings": {"gen8anythinggoes": {"elo": 1082.3949940922, "gxe": 45.2, "rpr": 1463.3068390055, "rprd": 30.427075462676, "w": 70, "l": 70, "coil": null}, "gen8monotype": {"elo": 1070.440886724, "gxe": 47.1, "rpr": 1477.3607861815, "rprd": 104.22389581338, "w": 3, "l": 2, "coil": null}, "gen8nationaldexmonotype": {"elo": 1000, "gxe": 25.9, "rpr": 1296.1187779809, "rprd": 87.270127372593, "w": 1, "l": 9, "coil": null}, "gen8nationaldexuu": {"elo": 1024.0208361369, "gxe": 32, "rpr": 1332.5238626414, "rprd": 216.83725689422, "w": 15, "l": 42, "coil": null}, "gen8nu": {"elo": 1033.1432869197, "gxe": 47.9, "rpr": 1483.3871255386, "rprd": 111.51463170257, "w": 1, "l": 2, "coil": null}, "gen8ou": {"elo": 1000, "gxe": 30.5, "rpr": 1340.2684160421, "rprd": 90.660453918275, "w": 2, "l": 7, "coil": null}, "gen8pu": {"elo": 1000, "gxe": 33.6, "rpr": 1366.9111573864, "rprd": 96.847091951436, "w": 1, "l": 6, "coil": null}, "gen8randombattle": {"elo": 1010.3454450949, "gxe": 39.7, "rpr": 1418.2766180576, "rprd": 94.295405800914, "w": 3, "l": 6, "coil": null}, "gen9anythinggoes": {"elo": 1263.1542549116368, "gxe": 53, "rpr": 1522.9496485172724, "rprd": 45.80842082215365, "w": 979, "l": 1032, "coil": null}, "gen9championsou": {"elo": 1024.7086965149874, "gxe": 40.1, "rpr": 1421.1496668223158, "rprd": 106.33892243313757, "w": 1, "l": 3, "coil": null}, "gen9monotype": {"elo": 1046.8431677464412, "gxe": 27.6, "rpr": 1315.308991057586, "rprd": 65.58536404191422, "w": 12, "l": 36, "coil": 1072.5712630335809}, "gen9nationaldex": {"elo": 1000, "gxe": 34.7, "rpr": 1377.2155191595, "rprd": 90.553756838723, "w": 2, "l": 7, "coil": null}, "gen9nu": {"elo": 1000, "gxe": 29.3, "rpr": 1327.2882352192582, "rprd": 98.64385120839539, "w": 0, "l": 6, "coil": 522.0666488302388}, "gen9ou": {"elo": 1038.7698504402, "gxe": 25.7, "rpr": 1295.7716229171, "rprd": 71.100284726173, "w": 6, "l": 26, "coil": null}, "gen9pu": {"elo": 1062.0425770550792, "gxe": 28.4, "rpr": 1315.5478848657524, "rprd": 120.07879499793248, "w": 12, "l": 30, "coil": 1012.0609438074254}, "gen9randombattle": {"elo": 1755.2086322714442, "gxe": 75.9, "rpr": 1716.8673825429785, "rprd": 29.592294724487925, "w": 3017, "l": 2904, "coil": null}, "gen9randombattleblitz": {"elo": 1197.1562810169353, "gxe": 48.3, "rpr": 1486.6064932013624, "rprd": 122.6545877727087, "w": 16, "l": 11, "coil": null}, "gen9randomdoublesbattle": {"elo": 1507.7988850669904, "gxe": 67, "rpr": 1634.6117040504766, "rprd": 48.2636792004747, "w": 148, "l": 133, "coil": null}, "gen9ru": {"elo": 1000, "gxe": 33.4, "rpr": 1363.933051740857, "rprd": 106.80571077911225, "w": 0, "l": 4, "coil": 397.1951764109088}, "gen9ubers": {"elo": 1034.5177436317, "gxe": 49.6, "rpr": 1496.9519234331, "rprd": 106.89392822416, "w": 2, "l": 2, "coil": null}}}