{"username": "Mozole", "userid": "mozole", "registertime": 1657584000, "group": 1, "ratings": {"gen1randombattle": {"elo": 1000, "gxe": 45, "rpr": 1459.8393856612, "rprd": 122.8583080769, "w": 0, "l": 1, "coil": null}, "gen4randombattle": {"elo": 1107.523505662, "gxe": 56.8, "rpr": 1553.8997886985, "rprd": 106.40589589461, "w": 3, "l": 1, "coil": null}, "gen5randombattle": {"elo": 1000, "gxe": 45, "rpr": 1459.8393856612, "rprd": 122.8583080769, "w": 0, "l": 1, "coil": null}, "gen6randombattle": {"elo": 1075.0944298968227, "gxe": 29.3, "rpr": 1323.7180111086386, "rprd": 122.18143919330878, "w": 59, "l": 129, "coil": null}, "gen8randombattle": {"elo": 1023.3386551689, "gxe": 26.4, "rpr": 1304.8620211425, "rprd": 56.545466904406, "w": 358, "l": 647, "coil": null}, "gen9randombattle": {"elo": 1205.1557183428095, "gxe": 51, "rpr": 1507.5223251018365, "rprd": 80.34066754015129, "w": 11, "l": 9, "coil": null}}}