{"username": "Mpingul2", "userid": "mpingul2", "registertime": 1481414400, "group": 1, "ratings": {"gen7anythinggoes": {"elo": 1101.6946092363, "gxe": 57.7, "rpr": 1560.8234906758, "rprd": 106.91164920561, "w": 3, "l": 1, "coil": null}, "gen7battlespotdoubles": {"elo": 1038.4369895368, "gxe": 39.8, "rpr": 1418.4831836746, "rprd": 102.31434273494, "w": 1, "l": 4, "coil": null}, "gen7lc": {"elo": 1082.412061725, "gxe": 45.7, "rpr": 1467.3663898863, "rprd": 54.836474849688, "w": 30, "l": 38, "coil": null}, "gen7monotype": {"elo": 1014.9979420819, "gxe": 38.8, "rpr": 1397.4207331863, "rprd": 224.63154816733, "w": 5, "l": 10, "coil": null}, "gen7pokebankdoublesou": {"elo": 1198.2687791173, "gxe": 59.6, "rpr": 1574.1169305783, "rprd": 67.091927079493, "w": 17, "l": 7, "coil": null}, "gen7pokebankdoublesubers": {"elo": 1074.030652883, "gxe": 55.5, "rpr": 1542.7380754755, "rprd": 86.757542640739, "w": 6, "l": 4, "coil": null}, "gen7randombattle": {"elo": 1186.2514818158, "gxe": 54.8, "rpr": 1535.9240514806, "rprd": 25.752444612372, "w": 3051, "l": 3050, "coil": null}, "gen7randomdoublesbattle": {"elo": 1103.8731341155, "gxe": 47.3, "rpr": 1478.4524253324, "rprd": 130, "w": 11, "l": 9, "coil": null}, "gen7ru": {"elo": 1058.7973778389, "gxe": 45.4, "rpr": 1458.5490163879, "rprd": 227.32293979552, "w": 8, "l": 9, "coil": null}, "gen7uu": {"elo": 1124.5286174523, "gxe": 45.4, "rpr": 1462.8820734489, "rprd": 130, "w": 23, "l": 27, "coil": null}, "gen8ou": {"elo": 1049.7768090851, "gxe": 54.2, "rpr": 1533.0891783611, "rprd": 111.51861011339, "w": 2, "l": 1, "coil": null}, "gen8randombattle": {"elo": 1399.0733541274, "gxe": 60.1, "rpr": 1590.728307739, "rprd": 214.3861209105, "w": 2965, "l": 2949, "coil": null}, "gen9randombattle": {"elo": 1305.8243536919827, "gxe": 55.3, "rpr": 1540.5077732508464, "rprd": 43.01910272030148, "w": 193, "l": 183, "coil": null}, "gen9randomdoublesbattle": {"elo": 1088.063243168823, "gxe": 52.2, "rpr": 1516.8414151741435, "rprd": 85.27379517625926, "w": 6, "l": 5, "coil": null}}}