{"username": "MrDustintun", "userid": "mrdustintun", "registertime": 1434931200, "group": 1, "ratings": {"balancedhackmons": {"elo": 1000, "gxe": 45, "rpr": 1459.8393856612, "rprd": 122.8583080769, "w": 0, "l": 1, "coil": null}, "battlefactory": {"elo": 1157.857710016, "gxe": 52.9, "rpr": 1523.1543333557, "rprd": 102.52662232724, "w": 11, "l": 14, "coil": null}, "challengecup1v1": {"elo": 1131.7704143787, "gxe": 51.9, "rpr": 1514.3737536999, "rprd": 35.493723088237, "w": 51, "l": 48, "coil": null}, "gen5pokebilitiesrandombattle": {"elo": 1046.7255140103707, "gxe": 52.5, "rpr": 1520.2989694070304, "rprd": 124.06201253929214, "w": 1, "l": 0, "coil": null}, "gen6firstbloodrandombattle": {"elo": 1285.0069511839758, "gxe": 54.2, "rpr": 1531.837754019606, "rprd": 50.29202829140057, "w": 44, "l": 38, "coil": null}, "gen7monotyperandombattle": {"elo": 1142.5109084458, "gxe": 59.4, "rpr": 1573.6959906755, "rprd": 91.065908457183, "w": 6, "l": 2, "coil": null}, "gen7nu": {"elo": 1040, "gxe": 55, "rpr": 1540.1606143388, "rprd": 122.8583080769, "w": 1, "l": 0, "coil": null}, "gen7ou": {"elo": 1311.6568562435, "gxe": 62.1, "rpr": 1595.1114605547, "rprd": 71.02099257498, "w": 39, "l": 27, "coil": null}, "gen7randombattle": {"elo": 1504.5608618167366, "gxe": 65.4, "rpr": 1624.9334567323199, "rprd": 100.71366992569872, "w": 542, "l": 436, "coil": null}, "gen7randombattleapexabilities": {"elo": 1256.8456583485029, "gxe": 59.8, "rpr": 1575.6900441463358, "rprd": 62.45742244793471, "w": 16, "l": 12, "coil": null}, "gen7randomdoublesbattle": {"elo": 1247.6248947079, "gxe": 64.9, "rpr": 1618.4519556654, "rprd": 78.280671537028, "w": 16, "l": 8, "coil": null}, "gen8randombattle": {"elo": 1425.1611745872, "gxe": 73.9, "rpr": 1721.0833401784, "rprd": 178.12169467093, "w": 230, "l": 193, "coil": null}, "gen91v1": {"elo": 1064.2489340494844, "gxe": 56.9, "rpr": 1555.864247582932, "rprd": 122.60935536677619, "w": 1, "l": 0, "coil": null}, "gen9b6p4randomdoublesbattlebo3": {"elo": 1000, "gxe": 45.1, "rpr": 1460.5665607785097, "rprd": 121.91441168234606, "w": 0, "l": 1, "coil": null}, "gen9babyrandombattle": {"elo": 1224.8991854934, "gxe": 63.4, "rpr": 1609.6861764809, "rprd": 124.08792075568, "w": 14, "l": 6, "coil": null}, "gen9caprandombattle": {"elo": 1051.5163378324946, "gxe": 55.1, "rpr": 1540.5115349476837, "rprd": 122.71129506638, "w": 1, "l": 0, "coil": null}, "gen9chimera1v1randombattle": {"elo": 1040, "gxe": 55, "rpr": 1540.1606143390134, "rprd": 122.85830807679145, "w": 1, "l": 0, "coil": null}, "gen9megainvasionrandombattle": {"elo": 1105.3827176217974, "gxe": 58.7, "rpr": 1568.6898937155397, "rprd": 97.54584947639074, "w": 5, "l": 2, "coil": null}, "gen9randombattle": {"elo": 2120.8361558051, "gxe": 85.4, "rpr": 1833.3240187515, "rprd": 33.058922704706, "w": 1185, "l": 1000, "coil": null}, "gen9randombattlehyperblitzautochoose": {"elo": 1130.4028748560083, "gxe": 60.3, "rpr": 1581.445094181669, "rprd": 91.49828824249816, "w": 8, "l": 4, "coil": null}, "gen9randomdoublesbattle": {"elo": 1656.870448391413, "gxe": 75.4, "rpr": 1712.935666921465, "rprd": 55.98550365884009, "w": 163, "l": 116, "coil": null}, "ou": {"elo": 1373.6843040118, "gxe": 62, "rpr": 1592.9594823801, "rprd": 50.220427185884, "w": 52, "l": 41, "coil": null}, "pu": {"elo": 1123.4500546666, "gxe": 52.5, "rpr": 1519.3209226281, "rprd": 106.29308492939, "w": 6, "l": 5, "coil": null}, "randomdoublesbattle": {"elo": 1399.5256117898, "gxe": 71.2, "rpr": 1671.8353928676, "rprd": 49.620585768171, "w": 31, "l": 15, "coil": null}, "uu": {"elo": 1260.017587111, "gxe": 68.8, "rpr": 1655.1389905623, "rprd": 100.06961415119, "w": 13, "l": 6, "coil": null}}}