{"username": "MrT4004", "userid": "mrt4004", "registertime": 1752796800, "group": 1, "ratings": {"gen9randombattle": {"elo": 1435.2888301200671, "gxe": 59, "rpr": 1568.6220342118665, "rprd": 37.2296552517143, "w": 526, "l": 525, "coil": null}}}