{"username": "Mr tpen", "userid": "mrtpen", "registertime": 1716854400, "group": 1, "ratings": {"gen1randombattle": {"elo": 1040, "gxe": 55, "rpr": 1540.1606143390134, "rprd": 122.85830807679145, "w": 1, "l": 0, "coil": null}, "gen3randombattle": {"elo": 1047.6669412331046, "gxe": 50, "rpr": 1499.880282363876, "rprd": 115.27698932370912, "w": 1, "l": 1, "coil": null}, "gen6randombattle": {"elo": 1077.6679370168374, "gxe": 43.1, "rpr": 1445.4009631375, "rprd": 102.17715667952456, "w": 2, "l": 3, "coil": null}, "gen6tripleschallengecup": {"elo": 1047.1835379000652, "gxe": 55, "rpr": 1540.1606143390134, "rprd": 122.85830807679145, "w": 1, "l": 0, "coil": null}, "gen7randombattleapexabilities": {"elo": 1049.252361825612, "gxe": 43, "rpr": 1444.8370472703718, "rprd": 105.61510298329358, "w": 1, "l": 3, "coil": null}, "gen8randombattle": {"elo": 1043.1032029876164, "gxe": 54.4, "rpr": 1535.2675189266538, "rprd": 122.72139289043575, "w": 1, "l": 0, "coil": null}, "gen91v1factory": {"elo": 1040, "gxe": 40, "rpr": 1421.0461017597763, "rprd": 95.04384187165302, "w": 2, "l": 5, "coil": null}, "gen9almostanyability": {"elo": 1443.9765505938, "gxe": 75.2, "rpr": 1717.4567927611, "rprd": 100.12368422745, "w": 84, "l": 56, "coil": null}, "gen9almostanyabilityuu": {"elo": 1122.5058703373556, "gxe": 55.6, "rpr": 1543.306157764262, "rprd": 68.2928467665627, "w": 14, "l": 9, "coil": null}, "gen9alphabetcup": {"elo": 1134.4985490026, "gxe": 54.3, "rpr": 1535.3227156058, "rprd": 141.82021402432, "w": 38, "l": 32, "coil": null}, "gen9battlefactory": {"elo": 1215.1684153425, "gxe": 55.2, "rpr": 1541.1161569972, "rprd": 111.97066072633, "w": 83, "l": 75, "coil": null}, "gen9caprandombattle": {"elo": 1089.3192969972201, "gxe": 60.1, "rpr": 1581.1417083171496, "rprd": 116.14084328919114, "w": 2, "l": 0, "coil": null}, "gen9championsou": {"elo": 1362.3266127670709, "gxe": 67.3, "rpr": 1636.820116756321, "rprd": 36.45316285973681, "w": 75, "l": 50, "coil": null}, "gen9champoinsou": {"elo": 1040, "gxe": 55, "rpr": 1540.1606143390134, "rprd": 122.85830807679145, "w": 1, "l": 0, "coil": null}, "gen9fullpotential": {"elo": 1044.1462606882083, "gxe": 40.8, "rpr": 1427.351286057704, "rprd": 94.2171343882842, "w": 2, "l": 5, "coil": null}, "gen9godlygift": {"elo": 1221.7995316471, "gxe": 58.5, "rpr": 1567.594222487, "rprd": 100.00669206424, "w": 14, "l": 11, "coil": null}, "gen9godlygiftrandombattle": {"elo": 1059.4340396361008, "gxe": 51.6, "rpr": 1512.3959629098495, "rprd": 120.567590515686, "w": 1, "l": 1, "coil": null}, "gen9hackmonscup": {"elo": 1045.9257083096031, "gxe": 53.1, "rpr": 1525.2122272324577, "rprd": 124.00961247649582, "w": 1, "l": 0, "coil": null}, "gen9lc": {"elo": 1000, "gxe": 40.2, "rpr": 1421.1079267179432, "rprd": 111.71646917395314, "w": 0, "l": 3, "coil": null}, "gen9mixandmega": {"elo": 1118.760072513736, "gxe": 62.2, "rpr": 1597.713198866959, "rprd": 102.73207286460682, "w": 4, "l": 1, "coil": null}, "gen9monotyperandombattle": {"elo": 1060.438337606596, "gxe": 45.4, "rpr": 1463.9598036332727, "rprd": 101.42947634061588, "w": 2, "l": 3, "coil": null}, "gen9nationaldex": {"elo": 1325.0965797908134, "gxe": 53.5, "rpr": 1526.4677522422805, "rprd": 57.24324723121571, "w": 277, "l": 257, "coil": null}, "gen9natureswap": {"elo": 1216.5937304574, "gxe": 66.7, "rpr": 1635.4968533397, "rprd": 94.368306092568, "w": 7, "l": 1, "coil": null}, "gen9nu": {"elo": 1123.7421955631212, "gxe": 50.5, "rpr": 1503.9357079334593, "rprd": 87.50710277206302, "w": 50, "l": 56, "coil": 1929.6210587042651}, "gen9ou": {"elo": 1460.9203368091494, "gxe": 69.3, "rpr": 1653.6680028037324, "rprd": 25, "w": 3760, "l": 3558, "coil": null}, "gen9pickyourteamrandombattle": {"elo": 1029.6118248430114, "gxe": 49.3, "rpr": 1494.3918603187158, "rprd": 116.46434735085788, "w": 1, "l": 1, "coil": null}, "gen9pu": {"elo": 1244.26271865748, "gxe": 60.9, "rpr": 1585.934293041152, "rprd": 90.39579124597986, "w": 145, "l": 119, "coil": 2391.6379055058574}, "gen9randombattle": {"elo": 2105.9591260199954, "gxe": 83.5, "rpr": 1805.9268646362054, "rprd": 25.434300160792915, "w": 4574, "l": 4457, "coil": null}, "gen9randombattleblitz": {"elo": 1110.4823562641416, "gxe": 50.5, "rpr": 1503.7444520161998, "rprd": 90.91346406576822, "w": 9, "l": 6, "coil": null}, "gen9randombattlesharedpowerb12p6": {"elo": 1119.2157105654107, "gxe": 52.4, "rpr": 1518.7708494802296, "rprd": 85.03626780424224, "w": 7, "l": 5, "coil": null}, "gen9randomdoublesbattle": {"elo": 1158.0992298072365, "gxe": 55.1, "rpr": 1539.9632458099527, "rprd": 88.52888958345297, "w": 7, "l": 4, "coil": null}, "gen9ru": {"elo": 1283.69418577367, "gxe": 62.5, "rpr": 1596.5731691412373, "rprd": 43.70962517953323, "w": 77, "l": 66, "coil": 2416.597237096064}, "gen9trademarked": {"elo": 1113.3713453761832, "gxe": 59.5, "rpr": 1572.923909145699, "rprd": 46.952082328457756, "w": 30, "l": 25, "coil": null}, "gen9ubers": {"elo": 1180.298821491803, "gxe": 59.4, "rpr": 1572.2987080857133, "rprd": 61.719978653720005, "w": 21, "l": 15, "coil": null}, "gen9uu": {"elo": 1198.6810553371047, "gxe": 51.1, "rpr": 1508.4785866633729, "rprd": 88.91970432314322, "w": 260, "l": 243, "coil": null}, "gen9zu": {"elo": 1048.4649507851054, "gxe": 37.2, "rpr": 1398.4900186636346, "rprd": 83.34548398927244, "w": 26, "l": 30, "coil": 1416.122387679802}}}