{"username": "Mr_VHS", "userid": "mrvhs", "registertime": 1778198400, "group": 1, "ratings": {"gen1randombattle": {"elo": 1000, "gxe": 40.7, "rpr": 1424.8882808576855, "rprd": 121.24818037558931, "w": 0, "l": 1, "coil": null}, "gen2ou": {"elo": 1000, "gxe": 45, "rpr": 1459.8393856609866, "rprd": 122.85830807679145, "w": 0, "l": 0, "coil": null}, "gen2randombattle": {"elo": 1000, "gxe": 45.6, "rpr": 1464.554502008944, "rprd": 122.95095319292659, "w": 0, "l": 1, "coil": null}, "gen3ou": {"elo": 1000, "gxe": 13.7, "rpr": 1148.874357073578, "rprd": 56.528384591235024, "w": 0, "l": 0, "coil": null}, "gen4ou": {"elo": 1000, "gxe": 23.4, "rpr": 1270.9363740121678, "rprd": 81.17242323711078, "w": 0, "l": 0, "coil": null}, "gen6ou": {"elo": 1045.4385050471187, "gxe": 28.2, "rpr": 1322.2275027911548, "rprd": 49.22320629686685, "w": 1, "l": 3, "coil": null}, "gen6randombattle": {"elo": 1016.0991718433739, "gxe": 35.3, "rpr": 1381.3047770427631, "rprd": 99.89955029384552, "w": 1, "l": 4, "coil": null}, "gen6ubers": {"elo": 1000, "gxe": 40.8, "rpr": 1426.628003031895, "rprd": 113.30016895058135, "w": 0, "l": 2, "coil": null}, "gen7ou": {"elo": 1000, "gxe": 34.2, "rpr": 1370.4452397691127, "rprd": 112.24370138929405, "w": 0, "l": 3, "coil": null}, "gen7randombattle": {"elo": 1000, "gxe": 44, "rpr": 1452.022699880785, "rprd": 122.08762150626194, "w": 0, "l": 1, "coil": null}, "gen9anythinggoes": {"elo": 1000, "gxe": 45, "rpr": 1459.8393856609866, "rprd": 122.85830807679145, "w": 0, "l": 0, "coil": null}, "gen9challengecup2v2": {"elo": 1000, "gxe": 45.6, "rpr": 1464.5277612546856, "rprd": 122.72281344362725, "w": 0, "l": 0, "coil": null}, "gen9ou": {"elo": 1000, "gxe": 28.3, "rpr": 1318.6476997229872, "rprd": 98.35698385232214, "w": 0, "l": 0, "coil": null}, "gen9randombattle": {"elo": 1043.792733525923, "gxe": 35.2, "rpr": 1383.3080296941891, "rprd": 68.11937825325509, "w": 6, "l": 8, "coil": null}, "gen9randomdoublesbattle": {"elo": 1000, "gxe": 45, "rpr": 1459.8393856609866, "rprd": 122.85830807679145, "w": 0, "l": 0, "coil": null}, "gen9randomroulette": {"elo": 1024.2613855717786, "gxe": 49.8, "rpr": 1498.579895767745, "rprd": 118.84600216418985, "w": 0, "l": 1, "coil": null}}}