{"username": "mrvile95", "userid": "mrvile95", "registertime": 1655424000, "group": 1, "ratings": {"gen1randombattle": {"elo": 1000, "gxe": 45, "rpr": 1459.8393856612, "rprd": 122.8583080769, "w": 0, "l": 1, "coil": null}, "gen5randombattle": {"elo": 1043.9216695436228, "gxe": 55.4, "rpr": 1543.4723742632673, "rprd": 121.92046176960348, "w": 1, "l": 0, "coil": null}, "gen8randombattle": {"elo": 1399.6314946853, "gxe": 70.3, "rpr": 1691.7082336945, "rprd": 216.63681682429, "w": 212, "l": 163, "coil": null}, "gen9randombattle": {"elo": 2065.642838863294, "gxe": 80.8, "rpr": 1770.913745155003, "rprd": 27.75161086230383, "w": 2081, "l": 1930, "coil": null}, "gen9randombattleblitz": {"elo": 1362.1624723340663, "gxe": 50.6, "rpr": 1505.0354606772346, "rprd": 127.05917839137675, "w": 128, "l": 118, "coil": null}}}