{"username": "mslice", "userid": "mslice", "registertime": 1745366400, "group": 1, "ratings": {"gen1randombattle": {"elo": 1000, "gxe": 38.4, "rpr": 1405.225843872, "rprd": 130, "w": 0, "l": 2, "coil": null}, "gen2randombattle": {"elo": 1053.7584914187, "gxe": 55.8, "rpr": 1546.849160163, "rprd": 123.03355988811, "w": 1, "l": 0, "coil": null}, "gen6randombattle": {"elo": 1000, "gxe": 44.4, "rpr": 1454.841325297, "rprd": 122.16056753499, "w": 0, "l": 1, "coil": null}, "gen8randombattle": {"elo": 1107.0443327077, "gxe": 42.5, "rpr": 1443.036614676, "rprd": 30.513935273587, "w": 253, "l": 294, "coil": null}, "gen9randombattle": {"elo": 1579.6724412221495, "gxe": 61.8, "rpr": 1590.348233860264, "rprd": 27.097003553361823, "w": 5709, "l": 5860, "coil": null}}}