{"username": "Mulinha", "userid": "mulinha", "registertime": 1576281600, "group": 1, "ratings": {"gen7randombattle": {"elo": 1133.479697933, "gxe": 39.1, "rpr": 1416.2354375094, "rprd": 45.040097371228, "w": 135, "l": 160, "coil": null}, "gen8randombattle": {"elo": 1399.2681346964, "gxe": 75.2, "rpr": 1745.2406348876, "rprd": 210.3166236696, "w": 10446, "l": 10394, "coil": null}, "gen9randombattle": {"elo": 1756.4941181161971, "gxe": 74.8, "rpr": 1705.0433260476875, "rprd": 28.881514697692005, "w": 7188, "l": 6942, "coil": null}, "gen9randombattleblitz": {"elo": 1549.9994457112166, "gxe": 76.7, "rpr": 1731.8546939313192, "rprd": 89.85903290678718, "w": 44, "l": 23, "coil": null}}}