{"username": "mummykichappal", "userid": "mummykichappal", "registertime": 1781136000, "group": 1, "ratings": {"gen9championsrandombattle": {"elo": 1048.1877152272366, "gxe": 54.8, "rpr": 1538.2518654435894, "rprd": 122.25749566807225, "w": 1, "l": 0, "coil": null}, "gen9randombattle": {"elo": 1003.9105345488447, "gxe": 27.9, "rpr": 1317.45373234682, "rprd": 69.6949906206022, "w": 5, "l": 16, "coil": null}, "gen9randombattleblitz": {"elo": 1088.6685261888663, "gxe": 30.4, "rpr": 1343.7405994943479, "rprd": 29.47717251458067, "w": 58, "l": 114, "coil": null}, "gen9randomdoublesbattle": {"elo": 1051.7042331950527, "gxe": 55, "rpr": 1540.1606143390134, "rprd": 122.85830807679145, "w": 1, "l": 0, "coil": null}}}