{"username": "Murales", "userid": "murales", "registertime": 1515283200, "group": 1, "ratings": {"gen1randombattle": {"elo": 1300.1324394140327, "gxe": 58, "rpr": 1563.4266913201918, "rprd": 107.34537165709747, "w": 39, "l": 33, "coil": null}, "gen2randombattle": {"elo": 1290.4331049475277, "gxe": 66.8, "rpr": 1640.5344331903289, "rprd": 130, "w": 16, "l": 7, "coil": null}, "gen3randombattle": {"elo": 1432.4238632972806, "gxe": 79.6, "rpr": 1772.5405229677315, "rprd": 123.20799998276281, "w": 26, "l": 10, "coil": null}, "gen4randombattle": {"elo": 1407.492054299286, "gxe": 63.9, "rpr": 1613.1941404673028, "rprd": 111.92890090639995, "w": 114, "l": 73, "coil": null}, "gen5randombattle": {"elo": 1293.6470728891381, "gxe": 55.4, "rpr": 1543.577376603059, "rprd": 121.94212389317744, "w": 48, "l": 31, "coil": null}, "gen6randombattle": {"elo": 1492.9665689551, "gxe": 89, "rpr": 1917.7070181983, "rprd": 120.997068893, "w": 45, "l": 16, "coil": null}, "gen71v1": {"elo": 1165.6516538977, "gxe": 59.5, "rpr": 1575.0135430203, "rprd": 97.465607947507, "w": 6, "l": 1, "coil": null}, "gen7battlespotdoubles": {"elo": 1020.7334865001, "gxe": 47.3, "rpr": 1478.2660468423, "rprd": 115.13264937602, "w": 0, "l": 0, "coil": null}, "gen7challengecup1v1": {"elo": 1088.7906717394, "gxe": 53, "rpr": 1523.089776277, "rprd": 90.839586497728, "w": 5, "l": 3, "coil": null}, "gen7hackmonscup": {"elo": 1000, "gxe": 45, "rpr": 1459.8393856612, "rprd": 122.8583080769, "w": 0, "l": 0, "coil": null}, "gen7lc": {"elo": 1073.6069694768, "gxe": 53.9, "rpr": 1530.4561320181, "rprd": 102.93822800927, "w": 3, "l": 2, "coil": null}, "gen7letsgorandombattle": {"elo": 1070.1028089042, "gxe": 60.6, "rpr": 1586.8421929101, "rprd": 130, "w": 2, "l": 0, "coil": null}, "gen7metronomebattle": {"elo": 1049.297397876, "gxe": 34, "rpr": 1371.6126000198, "rprd": 81.643901322012, "w": 0, "l": 0, "coil": null}, "gen7monotype": {"elo": 1331.4065793912, "gxe": 67.2, "rpr": 1640.6624218512, "rprd": 103.68512623392, "w": 28, "l": 16, "coil": null}, "gen7monotyperandombattle": {"elo": 1368.0475424928, "gxe": 64.2, "rpr": 1611.4464803605, "rprd": 57.032625078456, "w": 37, "l": 25, "coil": null}, "gen7nu": {"elo": 1000, "gxe": 45, "rpr": 1459.8393856612, "rprd": 122.8583080769, "w": 0, "l": 1, "coil": null}, "gen7ou": {"elo": 1294.8826447677, "gxe": 61.8, "rpr": 1593.2256552431, "rprd": 89.478499359152, "w": 17, "l": 8, "coil": null}, "gen7pu": {"elo": 1299.2019897782, "gxe": 65.8, "rpr": 1625.0125493463, "rprd": 65.39017761695, "w": 19, "l": 9, "coil": null}, "gen7randombattle": {"elo": 1515.2414410704, "gxe": 83.9, "rpr": 1830.6106094391, "rprd": 127.69426831609, "w": 435, "l": 299, "coil": null}, "gen7randomdoublesbattle": {"elo": 1499.9621809282, "gxe": 67.6, "rpr": 1693.2954405709, "rprd": 334.81884089015, "w": 56, "l": 33, "coil": null}, "gen7vgc2018": {"elo": 1139.2000088671, "gxe": 43.6, "rpr": 1442.9899341426, "rprd": 216.42726800969, "w": 32, "l": 39, "coil": null}, "gen7vgc2019ultraseries": {"elo": 1312.7795332789, "gxe": 54.2, "rpr": 1532.0592110664, "rprd": 34.853641010915, "w": 161, "l": 148, "coil": null}, "gen81v1": {"elo": 1217.0439197969, "gxe": 52.3, "rpr": 1520.6297839165, "rprd": 220.09390236462, "w": 15, "l": 12, "coil": null}, "gen8monotype": {"elo": 1177.3393580872, "gxe": 58.7, "rpr": 1566.7147932087, "rprd": 57.942535971591, "w": 26, "l": 16, "coil": null}, "gen8monotyperandombattle": {"elo": 1278.2173146908, "gxe": 63.4, "rpr": 1605.0349026298, "rprd": 63.370505579741, "w": 18, "l": 9, "coil": null}, "gen8ou": {"elo": 1258.4172479429, "gxe": 60.3, "rpr": 1580.3066286068, "rprd": 65.608668784501, "w": 17, "l": 9, "coil": null}, "gen8randombattle": {"elo": 1446.983340420436, "gxe": 77.8, "rpr": 1750.88730856217, "rprd": 124.22591211048898, "w": 999, "l": 790, "coil": null}, "gen8randombattleblitz": {"elo": 1052.0166621618, "gxe": 53.9, "rpr": 1531.3125738855, "rprd": 122.43219554317, "w": 1, "l": 0, "coil": null}, "gen8randomdoublesbattle": {"elo": 1499.1879309253, "gxe": 69.9, "rpr": 1679.9392513051, "rprd": 184.67925216759, "w": 726, "l": 604, "coil": null}, "gen8vgc2020": {"elo": 1309.4792542799, "gxe": 53.2, "rpr": 1524.6319364277, "rprd": 53.012992480961, "w": 219, "l": 200, "coil": null}, "gen8vgc2022": {"elo": 1378.6239793949, "gxe": 53.6, "rpr": 1532.2327367795, "rprd": 213.48431054982, "w": 432, "l": 418, "coil": null}, "gen9championsbssregmb": {"elo": 1000, "gxe": 41.4, "rpr": 1431.0979294531435, "rprd": 116.75444686775029, "w": 0, "l": 2, "coil": null}, "gen9championsvgc2026regmb": {"elo": 1157.448841239863, "gxe": 53.2, "rpr": 1524.0570710628226, "rprd": 49.1529235062296, "w": 25, "l": 22, "coil": null}, "gen9randombattle": {"elo": 1899.9428851955563, "gxe": 78.3, "rpr": 1742.8736475321534, "rprd": 38.11834974675866, "w": 1324, "l": 1116, "coil": null}, "gen9randomdoublesbattle": {"elo": 1628.464374845021, "gxe": 72.3, "rpr": 1682.3776136743986, "rprd": 54.67090539241799, "w": 469, "l": 404, "coil": null}}}