{"username": "mv_sv3tl4na", "userid": "mvsv3tl4na", "registertime": 1743552000, "group": 1, "ratings": {"gen6purehackmons": {"elo": 1040, "gxe": 55, "rpr": 1540.1606143390134, "rprd": 122.85830807679145, "w": 1, "l": 0, "coil": null}, "gen8ou": {"elo": 1057.3194232937603, "gxe": 46.2, "rpr": 1469.8346877984998, "rprd": 102.92932849227016, "w": 2, "l": 3, "coil": null}, "gen92v2doubles": {"elo": 1000, "gxe": 43.4, "rpr": 1446.875913715764, "rprd": 122.2370973290325, "w": 0, "l": 1, "coil": null}, "gen9anythinggoes": {"elo": 1000, "gxe": 45, "rpr": 1459.8393856609866, "rprd": 122.85830807679145, "w": 0, "l": 1, "coil": null}, "gen9b6p4randomdoublesbattlebo3": {"elo": 1000, "gxe": 43.1, "rpr": 1444.8120216479483, "rprd": 122.8346597219492, "w": 0, "l": 1, "coil": null}, "gen9championsrandombattle": {"elo": 1047.258994589412, "gxe": 55, "rpr": 1540.1606143390134, "rprd": 122.85830807679145, "w": 1, "l": 0, "coil": null}, "gen9doublesou": {"elo": 1044.5849307009835, "gxe": 48.6, "rpr": 1488.6286580798696, "rprd": 123.01127434036782, "w": 1, "l": 1, "coil": null}, "gen9ou": {"elo": 1116.7823086092146, "gxe": 32.6, "rpr": 1362.3356089871604, "rprd": 45.374241020697156, "w": 108, "l": 166, "coil": null}, "gen9randombattle": {"elo": 1000, "gxe": 32.2, "rpr": 1358.9257874293125, "rprd": 34.86132220172643, "w": 180, "l": 291, "coil": null}, "gen9randombattleblitz": {"elo": 1027.5645390742175, "gxe": 48.2, "rpr": 1485.4622130949522, "rprd": 119.77073192494971, "w": 1, "l": 1, "coil": null}, "gen9randomdoublesbattle": {"elo": 1065.2421668443337, "gxe": 35.9, "rpr": 1389.1755025680266, "rprd": 70.38566926107839, "w": 9, "l": 15, "coil": null}, "gen9ubers": {"elo": 1153.9762193059962, "gxe": 34.8, "rpr": 1381.2093256928372, "rprd": 41.196180698132906, "w": 54, "l": 93, "coil": null}}}