{"username": "myrang", "userid": "myrang", "registertime": 0, "group": 0, "ratings": {"gen7randombattle": {"elo": 1051.7613492785, "gxe": 42.2, "rpr": 1440.3263777928, "rprd": 54.783440783313, "w": 29, "l": 35, "coil": null}, "gen8randombattle": {"elo": 1050.7584484856607, "gxe": 40.3, "rpr": 1421.6122432597654, "rprd": 116.78168365548889, "w": 9, "l": 11, "coil": null}, "gen9randombattle": {"elo": 1865.9847129374537, "gxe": 78.6, "rpr": 1745.688747042344, "rprd": 25, "w": 11057, "l": 10964, "coil": null}, "gen9randombattleblitz": {"elo": 1032.504205995356, "gxe": 49.1, "rpr": 1492.7233616982096, "rprd": 115.13304930338019, "w": 1, "l": 1, "coil": null}, "gen9randomroulette": {"elo": 1040, "gxe": 55, "rpr": 1540.1606143390134, "rprd": 122.85830807679145, "w": 1, "l": 0, "coil": null}, "gen9superstaffbrosultimate": {"elo": 1000, "gxe": 44.7, "rpr": 1457.5134506941072, "rprd": 121.98417430562981, "w": 0, "l": 1, "coil": null}}}