{"username": "Mystifromhh", "userid": "mystifromhh", "registertime": 1777680000, "group": 1, "ratings": {"gen9randombattle": {"elo": 1045.2930269890262, "gxe": 31.8, "rpr": 1355.9496779907183, "rprd": 34.91519542123941, "w": 82, "l": 136, "coil": null}}}