{"username": "mythadris", "userid": "mythadris", "registertime": 1697414400, "group": 1, "ratings": {"gen6randombattle": {"elo": 1000, "gxe": 45, "rpr": 1459.8393856609866, "rprd": 122.85830807679145, "w": 0, "l": 1, "coil": null}, "gen8randombattle": {"elo": 1000, "gxe": 40.3, "rpr": 1422.040054795, "rprd": 116.6584679305, "w": 0, "l": 2, "coil": null}, "gen9doublesou": {"elo": 1113.80408755299, "gxe": 52.3, "rpr": 1518.342354781669, "rprd": 99.56266894695511, "w": 4, "l": 2, "coil": null}, "gen9legendszaou": {"elo": 1056.9602339305782, "gxe": 39.9, "rpr": 1421.6574021339113, "rprd": 65.01758914000224, "w": 11, "l": 17, "coil": null}, "gen9ou": {"elo": 1098.5670407631976, "gxe": 41.2, "rpr": 1428.6373104694756, "rprd": 122.9145749171898, "w": 9, "l": 12, "coil": null}, "gen9randombattle": {"elo": 1172.8521412162422, "gxe": 46.1, "rpr": 1470.4005847285948, "rprd": 43.64163118648898, "w": 404, "l": 409, "coil": null}, "gen9randomdoublesbattle": {"elo": 1115.1643941720934, "gxe": 53.2, "rpr": 1524.839204525878, "rprd": 81.18267377262403, "w": 36, "l": 42, "coil": null}}}