{"username": "Naderyf", "userid": "naderyf", "registertime": 1645228800, "group": 1, "ratings": {"gen1randombattle": {"elo": 1171.5691512760288, "gxe": 61.6, "rpr": 1594.6006364432346, "rprd": 123.66254804674715, "w": 8, "l": 3, "coil": null}, "gen2randombattle": {"elo": 1036.9396387041515, "gxe": 50.9, "rpr": 1506.8349633392068, "rprd": 116.65172459383008, "w": 1, "l": 1, "coil": null}, "gen3ou": {"elo": 1225.5941594462843, "gxe": 57.9, "rpr": 1561.3578793643915, "rprd": 77.48956277362441, "w": 13, "l": 6, "coil": null}, "gen3randombattle": {"elo": 1490.7283737581, "gxe": 79.1, "rpr": 1760.3336677993, "rprd": 100.18792929646, "w": 35, "l": 14, "coil": null}, "gen4ou": {"elo": 1024.6222654886, "gxe": 39.3, "rpr": 1414.9219432596, "rprd": 95.143367269787, "w": 2, "l": 5, "coil": null}, "gen4randombattle": {"elo": 1202.7296514277434, "gxe": 60.1, "rpr": 1581.8223196180913, "rprd": 117.99660778404501, "w": 12, "l": 10, "coil": null}, "gen5randombattle": {"elo": 1499.5427392184, "gxe": 81.7, "rpr": 1804.3269865716, "rprd": 142.99996357556, "w": 63, "l": 33, "coil": null}, "gen6firstbloodrandombattle": {"elo": 1076.6487303548004, "gxe": 47.8, "rpr": 1482.806935352868, "rprd": 106.7018531110976, "w": 2, "l": 2, "coil": null}, "gen6randombattle": {"elo": 1045.2834250018334, "gxe": 54.3, "rpr": 1534.329513601058, "rprd": 122.36555439838075, "w": 1, "l": 0, "coil": null}, "gen7doublesou": {"elo": 1000, "gxe": 44.5, "rpr": 1455.8675770607, "rprd": 122.79048493717, "w": 0, "l": 1, "coil": null}, "gen7pickyourteamrandombattle": {"elo": 1243.476577249, "gxe": 64, "rpr": 1608.9174645254, "rprd": 48.829694581246, "w": 30, "l": 19, "coil": null}, "gen7pokebilitiesrandombattle": {"elo": 1053.0747550491549, "gxe": 54.3, "rpr": 1534.3144505069672, "rprd": 122.31117869891861, "w": 1, "l": 0, "coil": null}, "gen7randombattle": {"elo": 1499.3851579135, "gxe": 72.7, "rpr": 1692.1003606935, "rprd": 102.84093205805, "w": 934, "l": 835, "coil": null}, "gen7randombattleapexabilities": {"elo": 1058.9713967984273, "gxe": 52.6, "rpr": 1520.9790521813716, "rprd": 114.39496309453648, "w": 2, "l": 1, "coil": null}, "gen8bdspdoublesou": {"elo": 1096.6299414266, "gxe": 57.4, "rpr": 1559.1343893642, "rprd": 112.20149046553, "w": 5, "l": 2, "coil": null}, "gen8bdspou": {"elo": 1242.319036864, "gxe": 51.8, "rpr": 1516.3056305698, "rprd": 219.75252628953, "w": 19, "l": 16, "coil": null}, "gen8bdsprandombattle": {"elo": 1433.7617774035, "gxe": 63.7, "rpr": 1607.0152766025, "rprd": 46.376600640806, "w": 121, "l": 104, "coil": null}, "gen8bdspubers": {"elo": 1098.150152305, "gxe": 46.6, "rpr": 1473.3470033863, "rprd": 95.255513112325, "w": 7, "l": 9, "coil": null}, "gen8doublesou": {"elo": 1386.1009891603, "gxe": 64.3, "rpr": 1629.1808629639, "rprd": 206.75498587916, "w": 42, "l": 23, "coil": null}, "gen8doublesubers": {"elo": 1182.5300297509, "gxe": 57.4, "rpr": 1557.4897160359, "rprd": 75.635967438598, "w": 42, "l": 34, "coil": null}, "gen8monotyperandombattle": {"elo": 1123.6466831143, "gxe": 52.1, "rpr": 1516.054856327, "rprd": 96.649926785785, "w": 4, "l": 3, "coil": null}, "gen8nationaldexag": {"elo": 1462.6098547188, "gxe": 62.2, "rpr": 1595.0444812529, "rprd": 59.413286921483, "w": 141, "l": 124, "coil": null}, "gen8nationaldexmonotype": {"elo": 1018.2511424825, "gxe": 42.6, "rpr": 1440.9004765437, "rprd": 107.2566198604, "w": 1, "l": 3, "coil": null}, "gen8ou": {"elo": 1099.5895888761, "gxe": 39.3, "rpr": 1417.0657263274, "rprd": 63.657107959356, "w": 95, "l": 101, "coil": null}, "gen8randombattle": {"elo": 1386.9248303639836, "gxe": 71.5, "rpr": 1684.0108818976248, "rprd": 125.89612192743152, "w": 630, "l": 574, "coil": null}, "gen8randombattleblitz": {"elo": 1044.3833212103, "gxe": 55, "rpr": 1540.1606143388, "rprd": 122.8583080769, "w": 1, "l": 0, "coil": null}, "gen8randomdoublesbattle": {"elo": 1410.8993350057, "gxe": 62.9, "rpr": 1614.3700836274, "rprd": 195.9955516514, "w": 50, "l": 35, "coil": null}, "gen8spikemuthcup": {"elo": 1028.8298707428, "gxe": 44, "rpr": 1452.0981701317, "rprd": 111.11360583288, "w": 1, "l": 2, "coil": null}, "gen8ubers": {"elo": 1147.5490320033, "gxe": 54.9, "rpr": 1543.6856832191, "rprd": 219.14049420237, "w": 51, "l": 48, "coil": null}, "gen8vgc2021series10": {"elo": 1206.1607438623, "gxe": 47.9, "rpr": 1483.7918299791, "rprd": 38.513138465323, "w": 64, "l": 63, "coil": null}, "gen8vgc2021series11": {"elo": 1020.3519976713, "gxe": 29.9, "rpr": 1335.8722365756, "rprd": 75.580289552075, "w": 4, "l": 14, "coil": null}, "gen8vgc2022": {"elo": 1076.686729316, "gxe": 42.8, "rpr": 1435.8407311456, "rprd": 216.45135679645, "w": 49, "l": 56, "coil": null}, "gen9battlefactory": {"elo": 1081.6194694574, "gxe": 51.2, "rpr": 1509.7251898109, "rprd": 166.07106724359, "w": 4, "l": 3, "coil": null}, "gen9caprandombattle": {"elo": 1000, "gxe": 44.2, "rpr": 1453.4366125627769, "rprd": 122.44445636172176, "w": 0, "l": 1, "coil": null}, "gen9championsrandombattle": {"elo": 1408.921597334596, "gxe": 71.9, "rpr": 1677.96870258192, "rprd": 44.91981375303108, "w": 38, "l": 19, "coil": null}, "gen9chimera1v1randombattle": {"elo": 1000, "gxe": 45, "rpr": 1459.8393856609866, "rprd": 122.85830807679145, "w": 0, "l": 1, "coil": null}, "gen9hackmonscup": {"elo": 1000, "gxe": 45.3, "rpr": 1462.6290235679355, "rprd": 122.15135028147559, "w": 0, "l": 1, "coil": null}, "gen9metronomebattle": {"elo": 1095.391119734769, "gxe": 46, "rpr": 1469.3198680711982, "rprd": 67.18808763986672, "w": 20, "l": 25, "coil": null}, "gen9monotyperandombattle": {"elo": 1448.6979643554912, "gxe": 69.2, "rpr": 1658.882192309549, "rprd": 104.86716720599328, "w": 86, "l": 46, "coil": null}, "gen9ou": {"elo": 1168.3824058529246, "gxe": 47.7, "rpr": 1482.5386550554235, "rprd": 74.11241413839414, "w": 51, "l": 45, "coil": null}, "gen9partnersincrimerandombattle": {"elo": 1047.2560399571096, "gxe": 55, "rpr": 1540.1606143390134, "rprd": 122.85830807679145, "w": 1, "l": 0, "coil": null}, "gen9randombattle": {"elo": 2011.09839873898, "gxe": 85.7, "rpr": 1838.6775413886016, "rprd": 39.22924918621631, "w": 4816, "l": 4436, "coil": null}, "gen9randombattleblitz": {"elo": 1614.2471700294273, "gxe": 80.1, "rpr": 1777.6884124335766, "rprd": 121.86282920093512, "w": 90, "l": 58, "coil": null}, "gen9randombattlemayhem": {"elo": 1049.0207918173232, "gxe": 55, "rpr": 1539.846240980714, "rprd": 122.14503721348244, "w": 1, "l": 0, "coil": null}, "gen9randomdoublesbattle": {"elo": 1609.5768743758981, "gxe": 77.1, "rpr": 1741.9985041373843, "rprd": 122.31165463582926, "w": 40, "l": 14, "coil": null}, "gen9randomroulette": {"elo": 1387.8603841865, "gxe": 75.6, "rpr": 1739.7929493592, "rprd": 177.80434067154, "w": 22, "l": 8, "coil": null}, "gen9superstaffbrosultimate": {"elo": 1034.6199098470693, "gxe": 49.1, "rpr": 1492.8434703489143, "rprd": 115.24522068864628, "w": 1, "l": 1, "coil": null}, "gen9uu": {"elo": 1202.813380473011, "gxe": 55.5, "rpr": 1542.9062856139442, "rprd": 100.63348305129934, "w": 14, "l": 9, "coil": null}, "gen9vgc2023series1": {"elo": 1266.5716378403, "gxe": 50.5, "rpr": 1503.490316749, "rprd": 46.083182778637, "w": 32, "l": 27, "coil": null}}}