{"username": "nahahnsw", "userid": "nahahnsw", "registertime": 1659830400, "group": 1, "ratings": {"gen8monotyperandombattle": {"elo": 1034.811499505, "gxe": 48.9, "rpr": 1490.9836468168, "rprd": 116.17482797034, "w": 1, "l": 1, "coil": null}, "gen8ou": {"elo": 1051.2970509386, "gxe": 32.2, "rpr": 1358.401791544, "rprd": 56.249913439632, "w": 16, "l": 27, "coil": null}, "gen8randombattle": {"elo": 1210.24460246, "gxe": 49, "rpr": 1492.523657127, "rprd": 33.553545394843, "w": 623, "l": 665, "coil": null}, "gen8randomdoublesbattle": {"elo": 1027.260343417, "gxe": 43.2, "rpr": 1445.4560035629, "rprd": 117.31151004413, "w": 1, "l": 2, "coil": null}, "gen9randombattle": {"elo": 1310.7248846787734, "gxe": 51, "rpr": 1507.749534256796, "rprd": 30.348663520356823, "w": 407, "l": 417, "coil": null}, "gen9randomdoublesbattle": {"elo": 1003.0078591965906, "gxe": 31.7, "rpr": 1351.4690691289472, "rprd": 80.49429447548883, "w": 5, "l": 12, "coil": null}}}