{"username": "nanofan_lad", "userid": "nanofanlad", "registertime": 1774396800, "group": 1, "ratings": {"gen1randombattle": {"elo": 1129.5953331368726, "gxe": 56.2, "rpr": 1548.6998952802603, "rprd": 88.70160299583526, "w": 6, "l": 4, "coil": null}, "gen2randombattle": {"elo": 1000, "gxe": 38.3, "rpr": 1405.890387755977, "rprd": 111.01998631693984, "w": 0, "l": 3, "coil": null}, "gen6randombattle": {"elo": 1417.7474160998354, "gxe": 67.5, "rpr": 1638.6406628056986, "rprd": 38.52660313486825, "w": 54, "l": 38, "coil": null}, "gen7randombattle": {"elo": 1567.6704659455, "gxe": 79, "rpr": 1752.7306872994, "rprd": 59.585289991856, "w": 30, "l": 7, "coil": null}, "gen91v1factory": {"elo": 1056.490000736674, "gxe": 55.9, "rpr": 1547.0944443248984, "rprd": 122.6255625839092, "w": 1, "l": 0, "coil": null}, "gen9megainvasionrandombattle": {"elo": 1372.2110603049, "gxe": 68.7, "rpr": 1649.0405194513, "rprd": 46.592759774748, "w": 112, "l": 79, "coil": null}, "gen9metronomebattle": {"elo": 1395.396874037, "gxe": 67.5, "rpr": 1637.647275756, "rprd": 33.065813426083, "w": 215, "l": 140, "coil": null}, "gen9ou": {"elo": 1263.2626162455915, "gxe": 67.2, "rpr": 1639.342920432473, "rprd": 85.71201417452829, "w": 10, "l": 1, "coil": null}, "gen9randombattle": {"elo": 2019.2926228943184, "gxe": 84.4, "rpr": 1818.617563726111, "rprd": 29.827864972213444, "w": 249, "l": 183, "coil": null}}}