{"username": "narutolkdds2", "userid": "narutolkdds2", "registertime": 0, "group": 0, "ratings": {"gen9megainvasionrandombattle": {"elo": 1051.3978416149348, "gxe": 54.2, "rpr": 1533.660216019077, "rprd": 122.31689700589934, "w": 1, "l": 0, "coil": null}, "gen9randombattle": {"elo": 1023.7511131124992, "gxe": 43.7, "rpr": 1449.8558173317945, "rprd": 103.9141963048244, "w": 2, "l": 3, "coil": null}, "gen9randomdoublesbattle": {"elo": 1080.9429640251349, "gxe": 52.7, "rpr": 1520.9913896574005, "rprd": 85.5908054057225, "w": 7, "l": 5, "coil": null}}}