{"username": "Navi 078", "userid": "navi078", "registertime": 1637971200, "group": 1, "ratings": {"gen3randombattle": {"elo": 1094.7716352556, "gxe": 52.1, "rpr": 1516.6602512716, "rprd": 95.157892357891, "w": 4, "l": 3, "coil": null}, "gen4randombattle": {"elo": 1085.3930148598, "gxe": 58.4, "rpr": 1567.0553188277, "rprd": 115.23374002489, "w": 2, "l": 0, "coil": null}, "gen5ou": {"elo": 1100.0018402490023, "gxe": 45.3, "rpr": 1462.8887586251924, "rprd": 98.36242948794096, "w": 4, "l": 3, "coil": null}, "gen5randombattle": {"elo": 1075.6125621019, "gxe": 41.5, "rpr": 1432.6950249273, "rprd": 101.86218426074, "w": 3, "l": 6, "coil": null}, "gen6randombattle": {"elo": 1162.879627264, "gxe": 67.9, "rpr": 1646.7926471971, "rprd": 103.11555127974, "w": 6, "l": 1, "coil": null}, "gen7battlefactory": {"elo": 1147.7787418985, "gxe": 50.1, "rpr": 1501.1449775116, "rprd": 215.55039756212, "w": 10, "l": 11, "coil": null}, "gen7monotypebattlefactory": {"elo": 1045.8303432047, "gxe": 50.6, "rpr": 1504.6682588425, "rprd": 70.658917233734, "w": 33, "l": 36, "coil": null}, "gen7randombattle": {"elo": 1315.828963117, "gxe": 59.7, "rpr": 1575.8136171459, "rprd": 76.857544244511, "w": 25, "l": 19, "coil": null}, "gen8anythinggoes": {"elo": 1000, "gxe": 43.1, "rpr": 1444.6832019676, "rprd": 123.64773721541, "w": 0, "l": 1, "coil": null}, "gen8battlefactory": {"elo": 1067.4643824781, "gxe": 44.4, "rpr": 1452.2169338282, "rprd": 184.42127685449, "w": 15, "l": 21, "coil": null}, "gen8bdsprandombattle": {"elo": 1083.5227273732, "gxe": 43, "rpr": 1444.0432813269, "rprd": 121.07618953328, "w": 2, "l": 5, "coil": null}, "gen8bssfactory": {"elo": 1055.5736517479, "gxe": 44.8, "rpr": 1458.4036789468, "rprd": 118.61616434008, "w": 3, "l": 6, "coil": null}, "gen8challengecup1v1": {"elo": 1000, "gxe": 42.8, "rpr": 1442.2962590087, "rprd": 123.04944765417, "w": 0, "l": 1, "coil": null}, "gen8doublesubers": {"elo": 1070.0096150906, "gxe": 46.9, "rpr": 1475.8870520754, "rprd": 89.247340502035, "w": 0, "l": 0, "coil": null}, "gen8hackmonscup": {"elo": 1011.3227072211, "gxe": 37.9, "rpr": 1401.6698837017, "rprd": 120.80909391649, "w": 1, "l": 4, "coil": null}, "gen8monotyperandombattle": {"elo": 1306.2190056981, "gxe": 58.5, "rpr": 1565.8325970687, "rprd": 60.059282642942, "w": 88, "l": 77, "coil": null}, "gen8randombattle": {"elo": 1399.4499413798, "gxe": 68.8, "rpr": 1676.3902488083, "rprd": 219.12582684797, "w": 204, "l": 177, "coil": null}, "gen8randombattleblitz": {"elo": 1078.0107139014, "gxe": 45, "rpr": 1461.2384531896, "rprd": 77.040495004383, "w": 0, "l": 0, "coil": null}, "gen8randombattlemayhem": {"elo": 1000, "gxe": 45.2, "rpr": 1461.6619720088, "rprd": 121.89894996378, "w": 0, "l": 1, "coil": null}, "gen8randomdoublesbattle": {"elo": 1135.9941912116, "gxe": 51.3, "rpr": 1510.0378095982, "rprd": 102.5307604384, "w": 8, "l": 6, "coil": null}, "gen8roulettemonsrandombattle": {"elo": 1000, "gxe": 44.4, "rpr": 1455.2086106972, "rprd": 122.83395520753, "w": 0, "l": 1, "coil": null}, "gen9monotyperandombattle": {"elo": 1042.9308955966521, "gxe": 54.5, "rpr": 1536.1012057380474, "rprd": 122.00774365451112, "w": 1, "l": 0, "coil": null}, "gen9randombattle": {"elo": 1319.6753209810631, "gxe": 53.4, "rpr": 1525.9186333950393, "rprd": 52.51740951104852, "w": 109, "l": 99, "coil": null}, "gen9randombattleblitz": {"elo": 1047.0185669475024, "gxe": 49.6, "rpr": 1497.094276949905, "rprd": 130, "w": 1, "l": 1, "coil": null}}}