{"username": "Nazcastorm", "userid": "nazcastorm", "registertime": 1458086400, "group": 1, "ratings": {"battlefactory": {"elo": 1096.4898299136, "gxe": 60.9, "rpr": 1588.1880961844, "rprd": 115.65032291634, "w": 2, "l": 0, "coil": null}, "doublesou": {"elo": 1172.2858653121, "gxe": 50.9, "rpr": 1507.1091646842, "rprd": 74.839849744821, "w": 0, "l": 0, "coil": null}, "doublesuu": {"elo": 1157.6220295304, "gxe": 63.2, "rpr": 1603.7220669864, "rprd": 72.891150480994, "w": 14, "l": 9, "coil": null}, "gen1randombattle": {"elo": 1070.2719444338, "gxe": 52.6, "rpr": 1520.6788766833, "rprd": 130, "w": 3, "l": 3, "coil": null}, "gen7doublesou": {"elo": 1157.0380873435, "gxe": 50.8, "rpr": 1507.5949658635, "rprd": 222.9307776577, "w": 38, "l": 34, "coil": null}, "gen7doublesuu": {"elo": 1073.0419902559, "gxe": 44.8, "rpr": 1458.0704266875, "rprd": 130, "w": 4, "l": 8, "coil": null}, "gen7monotype": {"elo": 1063.6549059105, "gxe": 34.1, "rpr": 1351.6858979358, "rprd": 224.85611538875, "w": 53, "l": 61, "coil": null}, "gen7ou": {"elo": 1117.4479403601, "gxe": 51.2, "rpr": 1509.9660101187, "rprd": 130, "w": 39, "l": 38, "coil": null}, "gen7randombattle": {"elo": 1437.9897978024, "gxe": 69.5, "rpr": 1655.625301322, "rprd": 29.074355537122, "w": 2586, "l": 2480, "coil": null}, "gen7uu": {"elo": 1032.4324420173, "gxe": 50, "rpr": 1500, "rprd": 116.77753930647, "w": 1, "l": 1, "coil": null}, "gen8randombattle": {"elo": 1399.2345674702, "gxe": 67, "rpr": 1656.4971228884, "rprd": 211.31146116662, "w": 1711, "l": 1571, "coil": null}, "gen8randomdoublesbattle": {"elo": 1051.225530309, "gxe": 52, "rpr": 1515.8970368599, "rprd": 112.58703052515, "w": 2, "l": 1, "coil": null}, "gen9battlefactory": {"elo": 1162.2053737964, "gxe": 55, "rpr": 1539.7128425223, "rprd": 111.67560866512, "w": 72, "l": 65, "coil": null}, "gen9ou": {"elo": 1337.3299795170194, "gxe": 57.2, "rpr": 1555.8500017142712, "rprd": 71.28577576381407, "w": 78, "l": 68, "coil": null}, "gen9randombattle": {"elo": 1846.5805638462537, "gxe": 77.5, "rpr": 1733.5753373280236, "rprd": 30.779638834999304, "w": 2747, "l": 2554, "coil": null}, "gen9randombattleblitz": {"elo": 1230.8243103063037, "gxe": 53, "rpr": 1523.9299753657858, "rprd": 115.81801593622252, "w": 17, "l": 14, "coil": null}, "gen9uu": {"elo": 1023.7407374966, "gxe": 31.7, "rpr": 1352.3039391672, "rprd": 79.186986140106, "w": 3, "l": 11, "coil": null}, "hackmonscup": {"elo": 1158.373223609, "gxe": 63.5, "rpr": 1609.5123958917, "rprd": 108.03092259773, "w": 4, "l": 1, "coil": null}, "ou": {"elo": 1046.1131119911, "gxe": 41.8, "rpr": 1436.4669967301, "rprd": 66.52338910961, "w": 0, "l": 0, "coil": null}, "randomdoublesbattle": {"elo": 1040, "gxe": 55, "rpr": 1540.1606143388, "rprd": 122.8583080769, "w": 1, "l": 0, "coil": null}, "seasonalsuperstaffbrosmelee": {"elo": 1065.1704890497, "gxe": 53.7, "rpr": 1528.9822785752, "rprd": 112.30461057125, "w": 2, "l": 1, "coil": null}, "uu": {"elo": 1057.1231811882, "gxe": 50.1, "rpr": 1501.0944846846, "rprd": 80.889280163803, "w": 0, "l": 0, "coil": null}}}