{"username": "ndkyi6ejy", "userid": "ndkyi6ejy", "registertime": 1773878400, "group": 1, "ratings": {"gen9battlefactory": {"elo": 1052.4831973601226, "gxe": 55.9, "rpr": 1547.1577718469405, "rprd": 122.84223043019375, "w": 1, "l": 0, "coil": null}, "gen9livepatchbattlesver100": {"elo": 1040, "gxe": 55, "rpr": 1540.1606143390134, "rprd": 122.85830807679145, "w": 1, "l": 0, "coil": null}, "gen9monotyperandombattle": {"elo": 1268.3340821921215, "gxe": 63.3, "rpr": 1603.3615282148307, "rprd": 51.94439742248281, "w": 58, "l": 46, "coil": null}, "gen9randombattle": {"elo": 1323.2887137748712, "gxe": 62.8, "rpr": 1599.059122290512, "rprd": 38.30758437099983, "w": 151, "l": 132, "coil": null}, "gen9randombattleblitz": {"elo": 1362.405216441367, "gxe": 59.8, "rpr": 1575.8226095170303, "rprd": 53.885116959562325, "w": 33, "l": 21, "coil": null}, "gen9randomroulette": {"elo": 1098.1595095187947, "gxe": 60.4, "rpr": 1583.641800729635, "rprd": 116.96594064052346, "w": 2, "l": 0, "coil": null}}}