{"username": "Negrata-kun", "userid": "negratakun", "registertime": 1781308800, "group": 1, "ratings": {"gen9randombattle": {"elo": 1105.3632165644242, "gxe": 58.3, "rpr": 1565.4357088342767, "rprd": 94.60507892089532, "w": 5, "l": 2, "coil": null}}}