{"username": "nesspktrainer", "userid": "nesspktrainer", "registertime": 1558483200, "group": 1, "ratings": {"gen3randombattle": {"elo": 1363.4262466434056, "gxe": 63.4, "rpr": 1604.017626085421, "rprd": 48.40290657912034, "w": 121, "l": 118, "coil": null}, "gen6randombattle": {"elo": 1176.9304340100125, "gxe": 47.2, "rpr": 1478.7131532493427, "rprd": 69.58976249246946, "w": 11, "l": 11, "coil": null}, "gen7anythinggoes": {"elo": 1185.025181957, "gxe": 49.1, "rpr": 1491.6832927468, "rprd": 217.85908967238, "w": 54, "l": 48, "coil": null}, "gen7monotype": {"elo": 1040.6073952093, "gxe": 27.9, "rpr": 1288.8684836908, "rprd": 214.08381444818, "w": 28, "l": 62, "coil": null}, "gen7ou": {"elo": 1078.8151522373473, "gxe": 55.4, "rpr": 1542.736241246331, "rprd": 106.5805905990407, "w": 0, "l": 0, "coil": null}, "gen7randombattle": {"elo": 1133.467359958097, "gxe": 46.1, "rpr": 1468.8950014851011, "rprd": 110.19088738538743, "w": 3, "l": 2, "coil": null}, "gen7superstaffbrosbrawl": {"elo": 1173.3236182744, "gxe": 57.7, "rpr": 1558.8338299575, "rprd": 51.74507478318, "w": 29, "l": 25, "coil": null}, "gen8monotyperandombattle": {"elo": 1056.060234568, "gxe": 47.5, "rpr": 1480.4878564328, "rprd": 106.57078310843, "w": 0, "l": 0, "coil": null}, "gen8nationaldexag": {"elo": 1330.6213908113, "gxe": 57.6, "rpr": 1558.5978324735, "rprd": 69.062794011386, "w": 32, "l": 23, "coil": null}, "gen8randombattle": {"elo": 1176.6507113681, "gxe": 43, "rpr": 1445.208239719, "rprd": 99.641383848453, "w": 0, "l": 0, "coil": null}, "gen9randombattle": {"elo": 1567.1223465071162, "gxe": 65.3, "rpr": 1618.8314372710388, "rprd": 26.59031999942865, "w": 1453, "l": 1441, "coil": null}, "gen9randombattleblitz": {"elo": 1303.6384817415171, "gxe": 51.5, "rpr": 1511.6005735121382, "rprd": 46.12013434050193, "w": 55, "l": 55, "coil": null}}}