{"username": "newbie0721", "userid": "newbie0721", "registertime": 0, "group": 0, "ratings": {"gen9randombattle": {"elo": 1143.1998124013512, "gxe": 39.7, "rpr": 1421.2615336472102, "rprd": 29.97107168212431, "w": 70, "l": 87, "coil": null}}}