{"username": "ngfdgjmy", "userid": "ngfdgjmy", "registertime": 0, "group": 0, "ratings": {"gen9randombattle": {"elo": 1065.3936621856678, "gxe": 51.7, "rpr": 1513.288143496113, "rprd": 92.76204680114724, "w": 5, "l": 3, "coil": null}}}