{"username": "Nidkrosis", "userid": "nidkrosis", "registertime": 1673136000, "group": 1, "ratings": {"gen9championsvgc2026regmabo3": {"elo": 1000, "gxe": 44.4, "rpr": 1454.8454842532637, "rprd": 121.92349119025795, "w": 0, "l": 1, "coil": null}, "gen9randombattle": {"elo": 1808.1989805980165, "gxe": 76.8, "rpr": 1725.9816911780872, "rprd": 31.014909759674968, "w": 5203, "l": 5008, "coil": null}, "gen9randombattleblitz": {"elo": 1043.4611671408516, "gxe": 55, "rpr": 1540.1606143390134, "rprd": 122.85830807679145, "w": 1, "l": 0, "coil": null}, "gen9randomdoublesbattle": {"elo": 1583.6965368318508, "gxe": 68.8, "rpr": 1652.1898235210092, "rprd": 78.63598930072612, "w": 113, "l": 87, "coil": null}}}