{"username": "Ninjakirby7", "userid": "ninjakirby7", "registertime": 1545177600, "group": 1, "ratings": {"gen7anythinggoes": {"elo": 1000, "gxe": 45, "rpr": 1459.8393856612, "rprd": 122.8583080769, "w": 0, "l": 1, "coil": null}, "gen7randombattle": {"elo": 1517.5302484931, "gxe": 75.6, "rpr": 1717.1243422834, "rprd": 68.054324349141, "w": 430, "l": 356, "coil": null}, "gen8doublesou": {"elo": 1345.6360889977, "gxe": 62.8, "rpr": 1617.393693955, "rprd": 224.30978468726, "w": 26, "l": 11, "coil": null}, "gen8monotyperandombattle": {"elo": 1086.0401502753, "gxe": 50.8, "rpr": 1506.1077749197, "rprd": 101.59009606577, "w": 3, "l": 2, "coil": null}, "gen8nationaldexag": {"elo": 1000, "gxe": 44.6, "rpr": 1456.4144383876, "rprd": 122.20035397685, "w": 0, "l": 1, "coil": null}, "gen8ou": {"elo": 1000, "gxe": 37.7, "rpr": 1398.8638952873, "rprd": 130, "w": 0, "l": 2, "coil": null}, "gen8randombattle": {"elo": 1418.0795612914, "gxe": 69.9, "rpr": 1678.1683597821, "rprd": 173.84105714401, "w": 1604, "l": 1416, "coil": null}, "gen8randomdoublesbattle": {"elo": 1118.7437412854, "gxe": 56.9, "rpr": 1554.7329288273, "rprd": 103.51808186915, "w": 4, "l": 2, "coil": null}, "gen8vgc2020": {"elo": 1048.1713092052, "gxe": 55, "rpr": 1540.1606143388, "rprd": 122.8583080769, "w": 1, "l": 0, "coil": null}, "gen9doublesou": {"elo": 1471.1286444142866, "gxe": 78.6, "rpr": 1750.1363060537844, "rprd": 75.47247847475633, "w": 24, "l": 3, "coil": null}, "gen9doublesuu": {"elo": 1142.9003962991005, "gxe": 60.6, "rpr": 1583.738135017198, "rprd": 95.16092257554773, "w": 5, "l": 2, "coil": null}, "gen9monotype": {"elo": 1000, "gxe": 45.5, "rpr": 1463.8817120120289, "rprd": 122.83141802342722, "w": 0, "l": 1, "coil": 455}, "gen9ou": {"elo": 1170.7111442416322, "gxe": 44.8, "rpr": 1459.663565690162, "rprd": 88.90782488567041, "w": 31, "l": 26, "coil": null}, "gen9randombattle": {"elo": 1812.1790837602048, "gxe": 77.7, "rpr": 1735.5518721283672, "rprd": 35.69873332232527, "w": 3339, "l": 3085, "coil": null}, "gen9randomdoublesbattle": {"elo": 1859.2929652161, "gxe": 80.7, "rpr": 1770.5024680867, "rprd": 32.490095554664, "w": 571, "l": 472, "coil": null}, "gen9ru": {"elo": 1058.40136292271, "gxe": 42.2, "rpr": 1437.2114605509198, "rprd": 124.37527969064128, "w": 8, "l": 8, "coil": 1246.4412671729374}, "gen9uu": {"elo": 1380.766931611289, "gxe": 62.7, "rpr": 1598.3371938691553, "rprd": 36.51470654190349, "w": 66, "l": 48, "coil": null}, "gen9vgc2024regh": {"elo": 1051.6234585421735, "gxe": 54.1, "rpr": 1532.4455507906764, "rprd": 122.24546706039705, "w": 1, "l": 0, "coil": null}, "gen9vgc2025regg": {"elo": 1123.5295320281575, "gxe": 52, "rpr": 1515.3941676339489, "rprd": 85.96357181607549, "w": 6, "l": 5, "coil": null}, "gen9vgc2025regi": {"elo": 1191.729485830608, "gxe": 50.6, "rpr": 1504.3862358012932, "rprd": 44.55648666040723, "w": 42, "l": 37, "coil": null}, "gen9vgc2026regf": {"elo": 1138.1002826449999, "gxe": 52.8, "rpr": 1522.015501520469, "rprd": 80.22467850172772, "w": 8, "l": 5, "coil": null}, "gen9vgc2026regi": {"elo": 1507.0239813845, "gxe": 65.8, "rpr": 1624.0780290941, "rprd": 53.247653581697, "w": 250, "l": 229, "coil": null}}}