{"username": "ninjaditto", "userid": "ninjaditto", "registertime": 1392249600, "group": 1, "ratings": {"gen7randombattle": {"elo": 1404.7571417834, "gxe": 70.4, "rpr": 1673.8469810621, "rprd": 124.75583601361, "w": 175, "l": 138, "coil": null}, "gen7uu": {"elo": 1100.6951990728, "gxe": 49.8, "rpr": 1497.7570195752, "rprd": 226.29043525039, "w": 7, "l": 6, "coil": null}, "gen8randombattle": {"elo": 1423.8576953004, "gxe": 69.3, "rpr": 1671.1610003466, "rprd": 171.42033574477, "w": 378, "l": 341, "coil": null}, "gen9randombattle": {"elo": 1747.8630307343424, "gxe": 77.3, "rpr": 1730.9024003554016, "rprd": 28.246433835122915, "w": 2238, "l": 2036, "coil": null}, "gen9randombattleblitz": {"elo": 1047.0591761747175, "gxe": 53.4, "rpr": 1527.5847317340133, "rprd": 123.33234014537504, "w": 1, "l": 0, "coil": null}, "gen9randomdoublesbattle": {"elo": 1758.6757033523922, "gxe": 76.4, "rpr": 1721.7225199162626, "rprd": 38.55966511253411, "w": 76, "l": 43, "coil": null}}}