{"username": "nirhc", "userid": "nirhc", "registertime": 1544400000, "group": 1, "ratings": {"digimondigimonshowdownmonotype": {"elo": 1040, "gxe": 55, "rpr": 1540.1606143388, "rprd": 123.22070420879, "w": 1, "l": 0, "coil": null}, "digimondigimonshowdownsingles": {"elo": 1107.3281067319, "gxe": 58.6, "rpr": 1567.66658368, "rprd": 96.198657705099, "w": 5, "l": 2, "coil": null}, "gen1randombattle": {"elo": 1000, "gxe": 45, "rpr": 1459.8393856612, "rprd": 122.8583080769, "w": 0, "l": 1, "coil": null}, "gen71v1": {"elo": 1477.7264623924, "gxe": 60.1, "rpr": 1577.3140261072, "rprd": 40.759571600625, "w": 181, "l": 168, "coil": null}, "gen7anythinggoes": {"elo": 1210.2939681177, "gxe": 59.8, "rpr": 1577.6515301294, "rprd": 102.19431330361, "w": 15, "l": 10, "coil": null}, "gen7doublesou": {"elo": 1256.5677145441, "gxe": 58.2, "rpr": 1574.3070829015, "rprd": 223.20878259911, "w": 38, "l": 30, "coil": null}, "gen7doublesubers": {"elo": 1052.3634180606, "gxe": 53.1, "rpr": 1524.2383137607, "rprd": 111.0479225311, "w": 2, "l": 1, "coil": null}, "gen7inheritance": {"elo": 1000, "gxe": 46.1, "rpr": 1468.4406666422, "rprd": 122.63388976485, "w": 0, "l": 1, "coil": null}, "gen7lc": {"elo": 1133.6359426645, "gxe": 53, "rpr": 1523.5424309353, "rprd": 90.483066354048, "w": 9, "l": 7, "coil": null}, "gen7metronomebattle": {"elo": 1000, "gxe": 37.5, "rpr": 1399.0617907509, "rprd": 113.45513560976, "w": 0, "l": 0, "coil": null}, "gen7mixandmega": {"elo": 1171.0550443068, "gxe": 64.1, "rpr": 1613.4184591797, "rprd": 103.12952866387, "w": 10, "l": 3, "coil": null}, "gen7monotype": {"elo": 1273.1298173526, "gxe": 54.2, "rpr": 1537.8583014523, "rprd": 223.48595379699, "w": 92, "l": 80, "coil": null}, "gen7ou": {"elo": 1238.8743794927, "gxe": 48.3, "rpr": 1486.9421658548, "rprd": 65.350860043122, "w": 11, "l": 12, "coil": null}, "gen7oublitz": {"elo": 1068.6863224763, "gxe": 54.6, "rpr": 1536.4128376786, "rprd": 113.53346266444, "w": 2, "l": 1, "coil": null}, "gen7pu": {"elo": 1055.1702267787, "gxe": 40.9, "rpr": 1427.2371309931, "rprd": 115.80318385752, "w": 3, "l": 6, "coil": null}, "gen7randombattle": {"elo": 1533.7135417232, "gxe": 63.9, "rpr": 1607.5232556407, "rprd": 25.736110063597, "w": 1016, "l": 997, "coil": null}, "gen7randomdoublesbattle": {"elo": 1376.7239282445, "gxe": 62, "rpr": 1593.663592551, "rprd": 57.013616496334, "w": 119, "l": 108, "coil": null}, "gen7ru": {"elo": 1199.5172361345, "gxe": 59.7, "rpr": 1588.528001412, "rprd": 228.80556620401, "w": 8, "l": 2, "coil": null}, "gen7ubers": {"elo": 1245.6639824387, "gxe": 51.9, "rpr": 1517.6455390187, "rprd": 229.28419426845, "w": 99, "l": 92, "coil": null}, "gen7zu": {"elo": 1129.9484443278, "gxe": 49.2, "rpr": 1493.8946324005, "rprd": 99.788172098227, "w": 4, "l": 5, "coil": null}, "gen81v1": {"elo": 1402.002115083, "gxe": 58.3, "rpr": 1574.798639336, "rprd": 223.03795531337, "w": 73, "l": 69, "coil": null}, "gen8anythinggoes": {"elo": 1151.6527930385, "gxe": 56, "rpr": 1547.2048741254, "rprd": 102.98104106346, "w": 8, "l": 4, "coil": null}, "gen8bdsprandombattle": {"elo": 1053.4742168511, "gxe": 54.7, "rpr": 1537.5924487811, "rprd": 121.99169581782, "w": 1, "l": 0, "coil": null}, "gen8doublesou": {"elo": 1042.7195825799, "gxe": 55, "rpr": 1540.1606143388, "rprd": 122.8583080769, "w": 1, "l": 0, "coil": null}, "gen8lc": {"elo": 1118.8802512296, "gxe": 49.6, "rpr": 1496.7480929927, "rprd": 92.713213705552, "w": 14, "l": 12, "coil": null}, "gen8monotype": {"elo": 1145.6768067129, "gxe": 59.3, "rpr": 1575.7581345612, "rprd": 130, "w": 15, "l": 13, "coil": null}, "gen8monotyperandombattle": {"elo": 1035.9442170603, "gxe": 46.3, "rpr": 1470.4289550419, "rprd": 127.03834746776, "w": 1, "l": 2, "coil": null}, "gen8nationaldexag": {"elo": 1286.9065974724, "gxe": 64.4, "rpr": 1614.0422292553, "rprd": 69.562696109645, "w": 15, "l": 6, "coil": null}, "gen8nu": {"elo": 1031.6444471987, "gxe": 46.2, "rpr": 1469.5043696887, "rprd": 111.2172019209, "w": 1, "l": 2, "coil": null}, "gen8ou": {"elo": 1095.0108661661, "gxe": 39.2, "rpr": 1415.9235498512, "rprd": 68.859131459572, "w": 83, "l": 93, "coil": null}, "gen8oublitz": {"elo": 1042.9064419221, "gxe": 45.3, "rpr": 1462.4568585271, "rprd": 130, "w": 1, "l": 2, "coil": null}, "gen8pu": {"elo": 1080.7218195559, "gxe": 45.1, "rpr": 1461.2512790062, "rprd": 116.48331107701, "w": 15, "l": 17, "coil": null}, "gen8randombattle": {"elo": 1399.8383142224, "gxe": 63.1, "rpr": 1618.8849742167, "rprd": 211.55760356193, "w": 2686, "l": 2626, "coil": null}, "gen8randombattleblitz": {"elo": 1000, "gxe": 38.1, "rpr": 1402.7674264653, "rprd": 130, "w": 0, "l": 2, "coil": null}, "gen8randomdoublesbattle": {"elo": 1140.2759373561, "gxe": 62.9, "rpr": 1605.5822742144, "rprd": 123.39013902382, "w": 10, "l": 6, "coil": null}, "gen8ubers": {"elo": 1090.7187411461, "gxe": 43.2, "rpr": 1438.6353451473, "rprd": 221.69734352528, "w": 21, "l": 16, "coil": null}, "gen8uu": {"elo": 1174.2483111053, "gxe": 61.6, "rpr": 1603.9358911385, "rprd": 205.84521007084, "w": 7, "l": 3, "coil": null}, "gen8zu": {"elo": 1012.0489944537, "gxe": 44.4, "rpr": 1454.9660805044, "rprd": 124.3893609995, "w": 1, "l": 2, "coil": null}, "gen91v1": {"elo": 1103.775497009502, "gxe": 45.5, "rpr": 1463.4903362860296, "rprd": 130, "w": 51, "l": 48, "coil": null}, "gen9doublesou": {"elo": 1104.2615954411, "gxe": 51.2, "rpr": 1509.0757854261, "rprd": 79.991261877283, "w": 11, "l": 9, "coil": null}, "gen9doublesubers": {"elo": 1084.3477369238, "gxe": 48.4, "rpr": 1487.475540321, "rprd": 98.111890914508, "w": 3, "l": 3, "coil": null}, "gen9lc": {"elo": 1000, "gxe": 32.9, "rpr": 1359.4524296078, "rprd": 104.76100296365, "w": 1, "l": 6, "coil": null}, "gen9monotype": {"elo": 1385.4141459570835, "gxe": 66.8, "rpr": 1633.5915433034024, "rprd": 66.25336767439173, "w": 46, "l": 30, "coil": 2623.702637132164}, "gen9ou": {"elo": 1146.7899687214313, "gxe": 45.4, "rpr": 1465.3623739191303, "rprd": 38.08384938649149, "w": 229, "l": 232, "coil": null}, "gen9randombattle": {"elo": 1238.3094197231414, "gxe": 56.8, "rpr": 1551.8036760493808, "rprd": 36.50369057311884, "w": 1548, "l": 1538, "coil": null}, "gen9randombattleblitz": {"elo": 1000, "gxe": 35.3, "rpr": 1377.8490719860774, "rprd": 130, "w": 0, "l": 2, "coil": null}, "gen9randomdoublesbattle": {"elo": 1046.4558101237576, "gxe": 45.1, "rpr": 1460.8837380363686, "rprd": 110.699310925092, "w": 1, "l": 2, "coil": null}, "gen9ru": {"elo": 1000, "gxe": 45.8, "rpr": 1466.7448848656, "rprd": 122.23275735809, "w": 0, "l": 1, "coil": 14.3125}, "gen9ubers": {"elo": 1154.1218981135437, "gxe": 59.5, "rpr": 1575.9663901415272, "rprd": 116.03514958172545, "w": 40, "l": 35, "coil": null}, "gen9uu": {"elo": 1153.0713512491754, "gxe": 56.3, "rpr": 1549.3270614662533, "rprd": 88.93179953243727, "w": 7, "l": 3, "coil": null}}}