{"username": "NitroFire", "userid": "nitrofire", "registertime": 1502928000, "group": 1, "ratings": {"gen7anythinggoes": {"elo": 1445.7532204066, "gxe": 69.7, "rpr": 1686.220532838, "rprd": 217.57314001091, "w": 47, "l": 30, "coil": null}, "gen7battlefactory": {"elo": 1424.9643666761, "gxe": 66.9, "rpr": 1656.0247969544, "rprd": 214.7093967504, "w": 51, "l": 32, "coil": null}, "gen7benjaminbutterfree": {"elo": 1181.8820408628, "gxe": 66, "rpr": 1652.6566154752, "rprd": 243.36406764197, "w": 10, "l": 2, "coil": null}, "gen7lc": {"elo": 1169.2295726785, "gxe": 71.1, "rpr": 1680.9115248633, "rprd": 129.97239471498, "w": 5, "l": 0, "coil": null}, "gen7monotype": {"elo": 1218.0914323155, "gxe": 54.3, "rpr": 1538.6256684196, "rprd": 224.22744434175, "w": 26, "l": 20, "coil": null}, "gen7monotyperandombattle": {"elo": 1057.4526147116, "gxe": 52.8, "rpr": 1522.2286349019, "rprd": 102.86909058087, "w": 3, "l": 2, "coil": null}, "gen7ou": {"elo": 1417.4973850451, "gxe": 69.9, "rpr": 1667.8761155581, "rprd": 119.37888681352, "w": 32, "l": 16, "coil": null}, "gen7oublitz": {"elo": 1295.2369882728, "gxe": 55.6, "rpr": 1542.3466515561, "rprd": 43.049778327474, "w": 154, "l": 148, "coil": null}, "gen7pu": {"elo": 1175.5587176956, "gxe": 57.6, "rpr": 1557.6878674607, "rprd": 44.927360459598, "w": 36, "l": 27, "coil": null}, "gen7randombattle": {"elo": 1549.3711605706, "gxe": 81.8, "rpr": 1789.1468397081, "rprd": 73.401565585582, "w": 1746, "l": 1507, "coil": null}, "gen7randomdoublesbattle": {"elo": 1455.3322221247, "gxe": 67.1, "rpr": 1635.4498806425, "rprd": 48.210616020825, "w": 128, "l": 93, "coil": null}, "gen7ru": {"elo": 1240.8481041563, "gxe": 62.7, "rpr": 1617.4716754219, "rprd": 230.43259432344, "w": 27, "l": 19, "coil": null}, "gen7ubers": {"elo": 1401.1597673648, "gxe": 79.8, "rpr": 1776.4551520551, "rprd": 130, "w": 30, "l": 13, "coil": null}, "gen7uu": {"elo": 1464.3031848174, "gxe": 64.8, "rpr": 1635.4414124354, "rprd": 213.71976648539, "w": 94, "l": 73, "coil": null}, "gen81v1": {"elo": 1167.7892219073, "gxe": 53.4, "rpr": 1529.9235656604, "rprd": 215.39211030082, "w": 35, "l": 32, "coil": null}, "gen8anythinggoes": {"elo": 1146.2113028059, "gxe": 61.1, "rpr": 1588.0793508341, "rprd": 95.071390969934, "w": 9, "l": 3, "coil": null}, "gen8bdspou": {"elo": 1211.6145942522, "gxe": 56.8, "rpr": 1561.0358806107, "rprd": 219.74981532457, "w": 18, "l": 10, "coil": null}, "gen8bdsprandombattle": {"elo": 1339.0808129168, "gxe": 68.2, "rpr": 1643.8449619336, "rprd": 26.646327410031, "w": 182, "l": 145, "coil": null}, "gen8monotyperandombattle": {"elo": 1153.6767793719, "gxe": 58.9, "rpr": 1569.2324875462, "rprd": 80.003425125148, "w": 8, "l": 5, "coil": null}, "gen8nu": {"elo": 1294.229711915, "gxe": 64.3, "rpr": 1612.2699487348, "rprd": 58.310457635051, "w": 23, "l": 11, "coil": null}, "gen8ou": {"elo": 1407.8570682804, "gxe": 74.3, "rpr": 1740.3201936576, "rprd": 228.54595977004, "w": 214, "l": 158, "coil": null}, "gen8oublitz": {"elo": 1189.9318422591, "gxe": 55.4, "rpr": 1542.1112472867, "rprd": 84.629889060064, "w": 10, "l": 9, "coil": null}, "gen8pu": {"elo": 1138.2411356252, "gxe": 57.6, "rpr": 1559.3777313936, "rprd": 77.357501323765, "w": 9, "l": 6, "coil": null}, "gen8randombattle": {"elo": 1434.013366254, "gxe": 76.2, "rpr": 1744.4172256382, "rprd": 171.26878898924, "w": 2436, "l": 2121, "coil": null}, "gen8randomdoublesbattle": {"elo": 1499.320762576, "gxe": 71.8, "rpr": 1707.6770011514, "rprd": 216.8824127342, "w": 128, "l": 93, "coil": null}, "gen8ru": {"elo": 1170.4600972524, "gxe": 57.9, "rpr": 1570.6520552139, "rprd": 216.41357637008, "w": 52, "l": 46, "coil": null}, "gen8uu": {"elo": 1405.941276055, "gxe": 63.5, "rpr": 1623.3056561915, "rprd": 215.82800810246, "w": 107, "l": 87, "coil": null}, "gen8vgc2020": {"elo": 1302.9775200827, "gxe": 50.6, "rpr": 1504.895421652, "rprd": 49.71133814574, "w": 82, "l": 72, "coil": null}, "gen9almostanyability": {"elo": 1158.1023472569, "gxe": 61.4, "rpr": 1590.2211819497, "rprd": 84.172939314972, "w": 8, "l": 3, "coil": null}, "gen9ou": {"elo": 1331.7380703019899, "gxe": 47.6, "rpr": 1480.977857906801, "rprd": 92.91240493934973, "w": 72, "l": 60, "coil": null}, "gen9randombattle": {"elo": 1945.3752270221514, "gxe": 82.5, "rpr": 1792.7998704733955, "rprd": 31.564592869238645, "w": 3067, "l": 2750, "coil": null}, "gen9randombattleblitz": {"elo": 1050.5336580473, "gxe": 55, "rpr": 1540.1606143388, "rprd": 122.8583080769, "w": 1, "l": 0, "coil": null}, "gen9randomdoublesbattle": {"elo": 1632.160756635993, "gxe": 73.4, "rpr": 1692.8210892102488, "rprd": 47.17298425606658, "w": 100, "l": 67, "coil": null}, "gen9uu": {"elo": 1435.6268425711, "gxe": 73.1, "rpr": 1690.9358901657, "rprd": 62.755868007498, "w": 30, "l": 10, "coil": null}}}