{"username": "nitro crate", "userid": "nitrocrate", "registertime": 1639180800, "group": 1, "ratings": {"gen3randombattle": {"elo": 1319.5248702966906, "gxe": 72.4, "rpr": 1693.1514988686058, "rprd": 124.38437934845388, "w": 19, "l": 11, "coil": null}, "gen4randombattle": {"elo": 1000, "gxe": 44.8, "rpr": 1458.0578694169071, "rprd": 121.86168539232307, "w": 0, "l": 1, "coil": null}, "gen5randombattle": {"elo": 1078.9554027778645, "gxe": 51.6, "rpr": 1512.5013367375514, "rprd": 130, "w": 2, "l": 2, "coil": null}, "gen7battlefactory": {"elo": 1054.0870223059, "gxe": 54.9, "rpr": 1539.2781485499, "rprd": 122.11797644502, "w": 1, "l": 0, "coil": null}, "gen7randombattle": {"elo": 1050.7312789178, "gxe": 55, "rpr": 1540.1606143388, "rprd": 122.8583080769, "w": 1, "l": 0, "coil": null}, "gen8battlefactory": {"elo": 1170.6165520674, "gxe": 60.7, "rpr": 1592.9457025456, "rprd": 188.04912443296, "w": 18, "l": 10, "coil": null}, "gen8challengecup1v1": {"elo": 1081.3599153885, "gxe": 54.1, "rpr": 1532.6957231596, "rprd": 130, "w": 2, "l": 1, "coil": null}, "gen8hackmonscup": {"elo": 1049.5528037708, "gxe": 54.5, "rpr": 1535.9500124783, "rprd": 122.08780594962, "w": 1, "l": 0, "coil": null}, "gen8monotyperandombattle": {"elo": 1387.6521043707, "gxe": 64.1, "rpr": 1613.7778983406, "rprd": 100.03809910741, "w": 37, "l": 19, "coil": null}, "gen8ou": {"elo": 1060.1816211286, "gxe": 52.7, "rpr": 1520.8346090667, "rprd": 102.36124263707, "w": 3, "l": 2, "coil": null}, "gen8randombattle": {"elo": 1400.9833036771, "gxe": 75.5, "rpr": 1746.9077531343, "rprd": 204.96519277854, "w": 2162, "l": 2027, "coil": null}, "gen9monotyperandombattle": {"elo": 1185.0447278294012, "gxe": 60.5, "rpr": 1583.0981083359368, "rprd": 98.50836215457247, "w": 18, "l": 14, "coil": null}, "gen9ou": {"elo": 1481.7594454980026, "gxe": 60, "rpr": 1576.9180811376818, "rprd": 33.19658271696557, "w": 94, "l": 76, "coil": null}, "gen9randombattle": {"elo": 1950.6670121084342, "gxe": 81.5, "rpr": 1779.574346951014, "rprd": 27.939097883558485, "w": 4255, "l": 3954, "coil": null}, "gen9randomdoublesbattle": {"elo": 1000, "gxe": 45, "rpr": 1459.8393856609866, "rprd": 122.85830807679145, "w": 0, "l": 1, "coil": null}}}