{"username": "noellepy", "userid": "noellepy", "registertime": 1773532800, "group": 1, "ratings": {"gen3ou": {"elo": 1000, "gxe": 43.1, "rpr": 1444.3765624210084, "rprd": 122.57903866507213, "w": 0, "l": 1, "coil": null}, "gen9megainvasionrandombattle": {"elo": 1050.193340045169, "gxe": 54.7, "rpr": 1537.9667449510214, "rprd": 121.9660198583444, "w": 1, "l": 0, "coil": null}, "gen9metronomebattle": {"elo": 1175.253257840694, "gxe": 54.4, "rpr": 1534.0043312359546, "rprd": 81.45269557936908, "w": 9, "l": 7, "coil": null}, "gen9nationaldexubers": {"elo": 1079.53124863793, "gxe": 36.9, "rpr": 1397.4431296548971, "rprd": 64.24534172165697, "w": 11, "l": 15, "coil": null}, "gen9nu": {"elo": 1016.5722666103419, "gxe": 46.2, "rpr": 1470.052806000142, "rprd": 110.86132829825051, "w": 1, "l": 2, "coil": 366.68964300465404}, "gen9ou": {"elo": 1180.8887135084028, "gxe": 47.3, "rpr": 1479.5976139554186, "rprd": 53.909340661251484, "w": 45, "l": 41, "coil": null}, "gen9pu": {"elo": 1000, "gxe": 41.8, "rpr": 1434.526454844839, "rprd": 116.59870105699147, "w": 0, "l": 2, "coil": 147.78531726798843}, "gen9randombattle": {"elo": 1164.6283123622586, "gxe": 47.9, "rpr": 1484.0832216182328, "rprd": 42.31222770471014, "w": 65, "l": 65, "coil": null}, "gen9ubers": {"elo": 1142.8741150053424, "gxe": 58.7, "rpr": 1567.8700877807507, "rprd": 75.80439216803312, "w": 11, "l": 6, "coil": null}, "gen9uu": {"elo": 1132.2500193016472, "gxe": 53.5, "rpr": 1527.1460817347308, "rprd": 88.75323323904504, "w": 5, "l": 4, "coil": null}, "gen9vgc2026regi": {"elo": 1055.6064043057622, "gxe": 47.3, "rpr": 1478.5964914481842, "rprd": 93.73850842415223, "w": 4, "l": 4, "coil": null}}}