{"username": "Noidea1992", "userid": "noidea1992", "registertime": 1397260800, "group": 1, "ratings": {"battlefactory": {"elo": 1215.4715193526, "gxe": 63.3, "rpr": 1605.6926495015, "rprd": 91.552141799127, "w": 17, "l": 8, "coil": null}, "gen7ou": {"elo": 1040, "gxe": 55, "rpr": 1540.1606143388, "rprd": 122.8583080769, "w": 1, "l": 0, "coil": null}, "gen7randombattle": {"elo": 1499.302103004, "gxe": 71.4, "rpr": 1704.3441654301, "rprd": 217.11265518595, "w": 2240, "l": 2039, "coil": null}, "gen8randombattle": {"elo": 1429.1012846293, "gxe": 74.3, "rpr": 1722.5040573357, "rprd": 170.11478799884, "w": 2081, "l": 1858, "coil": null}, "gen8randomdoublesbattle": {"elo": 1076.8947266107, "gxe": 57.2, "rpr": 1557.0790358856, "rprd": 106.85698266171, "w": 3, "l": 1, "coil": null}, "gen9randombattle": {"elo": 2036.0931846817346, "gxe": 83.5, "rpr": 1806.7212987402013, "rprd": 36.875237670514544, "w": 1547, "l": 1339, "coil": null}, "ou": {"elo": 1180.8119338055, "gxe": 60.6, "rpr": 1582.8692565345, "rprd": 74.094833334289, "w": 12, "l": 6, "coil": null}}}