{"username": "noKlew", "userid": "noklew", "registertime": 1716854400, "group": 1, "ratings": {"gen91v1factory": {"elo": 1245.698569026978, "gxe": 60.9, "rpr": 1584.40966207791, "rprd": 62.92319373084353, "w": 21, "l": 12, "coil": null}, "gen9doublesubers": {"elo": 1053.824699907547, "gxe": 54.6, "rpr": 1536.6077912166786, "rprd": 122.59311777916744, "w": 1, "l": 0, "coil": null}, "gen9godlygiftrandombattle": {"elo": 1047.9631116222404, "gxe": 55, "rpr": 1540.1606143390134, "rprd": 122.85830807679145, "w": 1, "l": 0, "coil": null}, "gen9hackmonscup": {"elo": 1054.7308609580398, "gxe": 55.9, "rpr": 1547.6316624080648, "rprd": 121.99794840712771, "w": 1, "l": 0, "coil": null}, "gen9livepatchbattlesver100": {"elo": 1098.653375299851, "gxe": 57.1, "rpr": 1555.8012555491143, "rprd": 92.60093605626243, "w": 5, "l": 3, "coil": null}, "gen9nationaldexubers": {"elo": 1089.7295748825777, "gxe": 47.8, "rpr": 1483.0791873589176, "rprd": 84.50113465196719, "w": 8, "l": 6, "coil": null}, "gen9ou": {"elo": 1418.8114065619143, "gxe": 64.6, "rpr": 1613.5156716852407, "rprd": 41.11937216588175, "w": 46, "l": 31, "coil": null}, "gen9randombattle": {"elo": 2095.5837178674365, "gxe": 86.9, "rpr": 1857.1562854656588, "rprd": 34.459116197573195, "w": 1520, "l": 1336, "coil": null}, "gen9randomdoublesbattle": {"elo": 1051.2998796182458, "gxe": 54.8, "rpr": 1538.5846464440033, "rprd": 121.90447010848986, "w": 1, "l": 0, "coil": null}, "gen9tiershift": {"elo": 1000, "gxe": 45, "rpr": 1459.8393856609866, "rprd": 122.85830807679145, "w": 0, "l": 1, "coil": null}, "gen9vgc2024regh": {"elo": 1103.3352867351205, "gxe": 46.3, "rpr": 1471.1873622102241, "rprd": 78.29520406979223, "w": 8, "l": 7, "coil": null}, "gen9vgc2025regg": {"elo": 1156.825956436176, "gxe": 46.9, "rpr": 1476.245229231215, "rprd": 48.71534496441424, "w": 43, "l": 42, "coil": null}, "gen9vgc2025regi": {"elo": 1207.9746828519055, "gxe": 50.8, "rpr": 1506.3769989979703, "rprd": 32.233111116363595, "w": 103, "l": 107, "coil": null}}}