{"username": "NotAllThatEvil", "userid": "notallthatevil", "registertime": 1490918400, "group": 1, "ratings": {"gen1randombattle": {"elo": 1046.373210177, "gxe": 53.2, "rpr": 1525.9143601135, "rprd": 123.44868223857, "w": 1, "l": 0, "coil": null}, "gen7ou": {"elo": 1055.0307107878, "gxe": 35.4, "rpr": 1383.2706328321, "rprd": 87.160090131017, "w": 247, "l": 290, "coil": null}, "gen7randombattle": {"elo": 1088.5842986269, "gxe": 36, "rpr": 1385.4408956417, "rprd": 118.52772199783, "w": 9, "l": 13, "coil": null}, "gen7ubers": {"elo": 1145.3945898924, "gxe": 54.4, "rpr": 1540.0113873511, "rprd": 232.42298511615, "w": 8, "l": 5, "coil": null}, "gen8lc": {"elo": 1000, "gxe": 41.4, "rpr": 1430.6636551592, "rprd": 124.84955909467, "w": 0, "l": 1, "coil": null}, "gen8ou": {"elo": 1067.8280532133, "gxe": 34, "rpr": 1374.0046490275, "rprd": 49.534854415616, "w": 41, "l": 69, "coil": null}, "gen8oublitz": {"elo": 1000, "gxe": 39.5, "rpr": 1415.3443442985, "rprd": 115.28473778602, "w": 0, "l": 2, "coil": null}, "gen8randombattle": {"elo": 1186.2031478113, "gxe": 49, "rpr": 1492.6785778054, "rprd": 55.91678767232, "w": 35, "l": 36, "coil": null}, "gen8randomdoublesbattle": {"elo": 1048.5126374598, "gxe": 55, "rpr": 1540.1606143388, "rprd": 122.8583080769, "w": 1, "l": 0, "coil": null}, "gen9championsou": {"elo": 1090.9707731942042, "gxe": 45, "rpr": 1461.119773266812, "rprd": 86.82115327875576, "w": 6, "l": 7, "coil": null}, "gen9monotyperandombattle": {"elo": 1104.4488842972, "gxe": 46.3, "rpr": 1470.9142391479, "rprd": 95.08394500035, "w": 3, "l": 4, "coil": null}, "gen9nationaldex": {"elo": 1000, "gxe": 42.3, "rpr": 1437.818068956494, "rprd": 123.50214264581372, "w": 0, "l": 1, "coil": null}, "gen9ou": {"elo": 1192.0537053718515, "gxe": 37.3, "rpr": 1399.1887735644386, "rprd": 83.81125308977145, "w": 119, "l": 153, "coil": null}, "gen9randombattle": {"elo": 1282.4167665339876, "gxe": 54.3, "rpr": 1532.5818154492417, "rprd": 38.26046801041881, "w": 1004, "l": 1014, "coil": null}, "gen9randombattleblitz": {"elo": 1040, "gxe": 50.5, "rpr": 1504.3289410226755, "rprd": 122.93275504687341, "w": 1, "l": 1, "coil": null}, "gen9randomdoublesbattle": {"elo": 1047.7907360072861, "gxe": 54.4, "rpr": 1535.6017344145716, "rprd": 122.06405078061844, "w": 1, "l": 0, "coil": null}}}