{"username": "notendistic", "userid": "notendistic", "registertime": 1736899200, "group": 1, "ratings": {"gen9championsou": {"elo": 1000, "gxe": 41, "rpr": 1427.432874170786, "rprd": 116.77753930629355, "w": 0, "l": 2, "coil": null}, "gen9nationaldex": {"elo": 1000, "gxe": 40.9, "rpr": 1426.2136008723114, "rprd": 125.29900651430086, "w": 0, "l": 1, "coil": null}, "gen9ou": {"elo": 1611.9753764474533, "gxe": 64.9, "rpr": 1616.8535696823678, "rprd": 52.13691445536991, "w": 157, "l": 138, "coil": null}, "gen9randombattle": {"elo": 1785.4183154508648, "gxe": 73.5, "rpr": 1692.996091102837, "rprd": 34.83046255230108, "w": 140, "l": 111, "coil": null}, "gen9randombattleblitz": {"elo": 1018.1494470631352, "gxe": 38.7, "rpr": 1408.0871899982242, "rprd": 121.81253264663427, "w": 1, "l": 3, "coil": null}, "gen9randomdoublesbattle": {"elo": 1049.9532709482874, "gxe": 50.2, "rpr": 1501.8873272652463, "rprd": 116.61871006424496, "w": 1, "l": 1, "coil": null}}}