{"username": "nqm", "userid": "nqm", "registertime": 1506470400, "group": 1, "ratings": {"gen3randombattle": {"elo": 1280.8100109, "gxe": 67, "rpr": 1635.6494908945, "rprd": 72.397972296049, "w": 12, "l": 6, "coil": null}, "gen4randombattle": {"elo": 1026.874967646, "gxe": 43, "rpr": 1443.6106915836, "rprd": 121.01458887267, "w": 3, "l": 4, "coil": null}, "gen5randombattle": {"elo": 1314.5042680007, "gxe": 77.5, "rpr": 1748.715678084, "rprd": 129.91347003551, "w": 22, "l": 9, "coil": null}, "gen6ou": {"elo": 1040, "gxe": 54.4, "rpr": 1534.8914363814, "rprd": 122.90721059881, "w": 1, "l": 0, "coil": null}, "gen6randombattle": {"elo": 1261.1255014315, "gxe": 72.4, "rpr": 1693.84080446, "rprd": 130, "w": 19, "l": 8, "coil": null}, "gen7anythinggoes": {"elo": 1000, "gxe": 45, "rpr": 1459.8393856612, "rprd": 122.8583080769, "w": 0, "l": 1, "coil": null}, "gen7battlefactory": {"elo": 1313.2272097995, "gxe": 72.4, "rpr": 1702.8724664827, "rprd": 173.34847752171, "w": 402, "l": 269, "coil": null}, "gen7challengecup1v1": {"elo": 1289.4785194324, "gxe": 59.2, "rpr": 1570.2435840167, "rprd": 38.757316202729, "w": 0, "l": 0, "coil": null}, "gen7hackmonscup": {"elo": 1154.7599098305, "gxe": 55.7, "rpr": 1544.440501737, "rprd": 77.471830126364, "w": 83, "l": 84, "coil": null}, "gen7letsgorandombattle": {"elo": 1214.0723768043, "gxe": 66.9, "rpr": 1635.5778692364, "rprd": 73.928457837616, "w": 15, "l": 7, "coil": null}, "gen7metronomebattle": {"elo": 1309.4790125918, "gxe": 60.8, "rpr": 1583.9956899062, "rprd": 57.235389774754, "w": 27, "l": 18, "coil": null}, "gen7monotypebattlefactory": {"elo": 1151.4414507864, "gxe": 65.1, "rpr": 1621.7144900719, "rprd": 91.466111690507, "w": 7, "l": 2, "coil": null}, "gen7ou": {"elo": 1359.9480756149, "gxe": 51.7, "rpr": 1513.8114505018, "rprd": 127.6987227864, "w": 652, "l": 636, "coil": null}, "gen7oublitz": {"elo": 1089.7409411492, "gxe": 57.3, "rpr": 1557.9924293979, "rprd": 115.82151847342, "w": 2, "l": 0, "coil": null}, "gen7pickyourteamrandombattle": {"elo": 1040, "gxe": 55, "rpr": 1540.1606143388, "rprd": 122.8583080769, "w": 1, "l": 0, "coil": null}, "gen7randombattle": {"elo": 1509.3727306710566, "gxe": 75.8, "rpr": 1720.4750411823684, "rprd": 82.72691068633718, "w": 899, "l": 727, "coil": null}, "gen7randomdoublesbattle": {"elo": 1251.0578727853, "gxe": 58.8, "rpr": 1569.8044555759, "rprd": 101.95953171477, "w": 23, "l": 15, "coil": null}, "gen7ru": {"elo": 1284.1409079723, "gxe": 55, "rpr": 1545.1983195826, "rprd": 221.04881204573, "w": 43, "l": 36, "coil": null}, "gen7superstaffbrosbrawl": {"elo": 1027.6769842671, "gxe": 48.7, "rpr": 1489.9342610688, "rprd": 130, "w": 1, "l": 1, "coil": null}, "gen7ubers": {"elo": 1499.7126829301, "gxe": 69.5, "rpr": 1684.0102685445, "rprd": 220.2810251395, "w": 187, "l": 152, "coil": null}, "gen7uu": {"elo": 1094.853493529, "gxe": 49.8, "rpr": 1497.9234626084, "rprd": 215.14586084352, "w": 315, "l": 314, "coil": null}, "gen8battlefactory": {"elo": 1092.3457025782, "gxe": 54, "rpr": 1534.9087453064, "rprd": 198.58536940869, "w": 4, "l": 3, "coil": null}, "gen8bdspou": {"elo": 1052.1730172139, "gxe": 44.9, "rpr": 1454.8330892435, "rprd": 216.15402079104, "w": 26, "l": 29, "coil": null}, "gen8bdsprandombattle": {"elo": 1327.5194667895, "gxe": 67.2, "rpr": 1639.6740746566, "rprd": 88.434258264099, "w": 94, "l": 75, "coil": null}, "gen8bssfactory": {"elo": 1040, "gxe": 49.1, "rpr": 1492.5510688647, "rprd": 117.89167933038, "w": 1, "l": 1, "coil": null}, "gen8cap1v1": {"elo": 1106.0234558886, "gxe": 58.1, "rpr": 1564.6818185516, "rprd": 112.35804010027, "w": 3, "l": 1, "coil": null}, "gen8challengecup1v1": {"elo": 1330.2134238477, "gxe": 60, "rpr": 1576.6516402553, "rprd": 46.29270480412, "w": 136, "l": 119, "coil": null}, "gen8hackmonscup": {"elo": 1097.830602461, "gxe": 47.9, "rpr": 1482.9574728231, "rprd": 121.14185377978, "w": 10, "l": 9, "coil": null}, "gen8joltemonsrandombattle": {"elo": 1040, "gxe": 55, "rpr": 1540.1606143390134, "rprd": 122.85830807679145, "w": 1, "l": 0, "coil": null}, "gen8lc": {"elo": 1319.1276453204, "gxe": 64.3, "rpr": 1610.6191338131, "rprd": 30.473938212929, "w": 387, "l": 323, "coil": null}, "gen8monotyperandombattle": {"elo": 1499.5625418914, "gxe": 77.7, "rpr": 1756.8114961877, "rprd": 152.73931933507, "w": 1012, "l": 860, "coil": null}, "gen8ou": {"elo": 1360.0518961058, "gxe": 63.7, "rpr": 1609.1257082489, "rprd": 86.529180083229, "w": 186, "l": 174, "coil": null}, "gen8oublitz": {"elo": 1046.8799371911, "gxe": 55.3, "rpr": 1542.1478159115, "rprd": 121.94889808339, "w": 1, "l": 0, "coil": null}, "gen8randombattle": {"elo": 1400.8387614701232, "gxe": 68.2, "rpr": 1653.2666679603867, "rprd": 130, "w": 1114, "l": 896, "coil": null}, "gen8randombattlemayhem": {"elo": 1075.6063343892, "gxe": 57.8, "rpr": 1562.4724334322, "rprd": 123.09838390786, "w": 2, "l": 0, "coil": null}, "gen8randomdoublesbattle": {"elo": 1028.3173081499, "gxe": 41.2, "rpr": 1428.8702608674, "rprd": 130, "w": 1, "l": 2, "coil": null}, "gen8roulettemonsrandombattle": {"elo": 1072.2563010178, "gxe": 59, "rpr": 1572.5671258289, "rprd": 116.77753930647, "w": 2, "l": 0, "coil": null}, "gen8ubers": {"elo": 1092.6401960827, "gxe": 52.9, "rpr": 1522.911057451, "rprd": 108.19515761367, "w": 6, "l": 5, "coil": null}, "gen8uu": {"elo": 1163.4664009454, "gxe": 54.6, "rpr": 1540.1219900196, "rprd": 201.59325537171, "w": 137, "l": 139, "coil": null}, "gen9battlefactory": {"elo": 1221.4355460148, "gxe": 60.8, "rpr": 1586.7290074641, "rprd": 114.89248182989, "w": 43, "l": 30, "coil": null}, "gen9brokencup": {"elo": 1000, "gxe": 45, "rpr": 1459.8393856612, "rprd": 122.8583080769, "w": 0, "l": 1, "coil": null}, "gen9challengecup1v1": {"elo": 1045.983066729, "gxe": 54.2, "rpr": 1533.4300356163, "rprd": 122.16198168741, "w": 1, "l": 0, "coil": null}, "gen9challengecup2v2": {"elo": 1000, "gxe": 45.8, "rpr": 1466.5582176334565, "rprd": 122.16103988057675, "w": 0, "l": 1, "coil": null}, "gen9championsrandombattle": {"elo": 1525.9025862011, "gxe": 70, "rpr": 1659.7915153578, "rprd": 35.35366597086, "w": 67, "l": 36, "coil": null}, "gen9computergeneratedteams": {"elo": 1113.9902732843, "gxe": 60.9, "rpr": 1587.3168481, "rprd": 103.44801483842, "w": 4, "l": 1, "coil": null}, "gen9hackmonscup": {"elo": 1027.6859275137153, "gxe": 48.9, "rpr": 1491.1758156247297, "rprd": 124.51574056759337, "w": 1, "l": 1, "coil": null}, "gen9lc": {"elo": 1306.6917708867, "gxe": 70.1, "rpr": 1662.1913075169, "rprd": 49.509241410056, "w": 837, "l": 535, "coil": null}, "gen9mixandmegacup": {"elo": 1130.9630500231021, "gxe": 63.4, "rpr": 1607.3583884317484, "rprd": 99.93181920517851, "w": 5, "l": 1, "coil": null}, "gen9monotype": {"elo": 1000, "gxe": 40.7, "rpr": 1425.1238462781657, "rprd": 122.92785092024435, "w": 0, "l": 2, "coil": 814}, "gen9monotyperandombattle": {"elo": 1499.1107682073, "gxe": 68.3, "rpr": 1658.1736262316, "rprd": 153.62749964698, "w": 145, "l": 113, "coil": null}, "gen9nationaldex": {"elo": 1248.4726973213787, "gxe": 54.5, "rpr": 1534.9604502547863, "rprd": 96.32252093582015, "w": 77, "l": 65, "coil": null}, "gen9nationaldexmonotype": {"elo": 1107.2492339307, "gxe": 61.5, "rpr": 1592.173898812, "rprd": 110.5900002049, "w": 3, "l": 0, "coil": null}, "gen9nationaldexuu": {"elo": 1192.6802980352, "gxe": 58.4, "rpr": 1569.9124417701, "rprd": 149.12929090332, "w": 231, "l": 153, "coil": null}, "gen9nu": {"elo": 1249.1671047519967, "gxe": 65.1, "rpr": 1617.9716942432126, "rprd": 44.7967072101065, "w": 261, "l": 194, "coil": 2576.378991805419}, "gen9ou": {"elo": 1338.5541907610645, "gxe": 50.1, "rpr": 1500.6604706956236, "rprd": 110.33807361858544, "w": 120, "l": 113, "coil": null}, "gen9pokebilities": {"elo": 1098.912376119959, "gxe": 59.7, "rpr": 1577.97204613584, "rprd": 118.8017251777222, "w": 4, "l": 2, "coil": null}, "gen9pu": {"elo": 1077.4405707859555, "gxe": 46.9, "rpr": 1476.2004969043694, "rprd": 86.60050765247053, "w": 5, "l": 5, "coil": 1154.8134597175315},