{"username": "oc7777", "userid": "oc7777", "registertime": 1698537600, "group": 1, "ratings": {"gen6ou": {"elo": 1211.8346017473932, "gxe": 61.3, "rpr": 1588.2872987681617, "rprd": 66.55628520413664, "w": 15, "l": 9, "coil": null}, "gen9randombattle": {"elo": 1542.6989620904876, "gxe": 65.3, "rpr": 1619.4129488393723, "rprd": 33.1590439832609, "w": 1802, "l": 1792, "coil": null}}}