{"username": "OGKUSHONDECK", "userid": "ogkushondeck", "registertime": 1687219200, "group": 1, "ratings": {"gen1randombattle": {"elo": 1123.489311358021, "gxe": 60.5, "rpr": 1583.6028332412268, "rprd": 102.10758193088417, "w": 4, "l": 2, "coil": null}, "gen3ou": {"elo": 1059.9733359944319, "gxe": 41.7, "rpr": 1432.4889057326939, "rprd": 130, "w": 3, "l": 4, "coil": null}, "gen4ou": {"elo": 1000, "gxe": 44.4, "rpr": 1455.2325294826132, "rprd": 121.84618150788492, "w": 0, "l": 1, "coil": null}, "gen91v1factory": {"elo": 1042.978859675409, "gxe": 55, "rpr": 1540.1606143390134, "rprd": 122.85830807679145, "w": 1, "l": 0, "coil": null}, "gen9b6p4randomdoublesbattlebo3": {"elo": 1049.9171050210884, "gxe": 50.4, "rpr": 1503.3364077418996, "rprd": 116.8894916515151, "w": 1, "l": 1, "coil": null}, "gen9battlefactory": {"elo": 1000, "gxe": 40.4, "rpr": 1422.7889986264402, "rprd": 115.98922253359294, "w": 0, "l": 2, "coil": null}, "gen9bssfactorybo3": {"elo": 1000, "gxe": 44.8, "rpr": 1458.3646268489947, "rprd": 122.5932553493569, "w": 0, "l": 1, "coil": null}, "gen9computergeneratedteams": {"elo": 1000, "gxe": 45.3, "rpr": 1462.7393737317445, "rprd": 122.59119684922872, "w": 0, "l": 1, "coil": null}, "gen9ou": {"elo": 1306.4621728466286, "gxe": 54.2, "rpr": 1532.8628165685193, "rprd": 85.67414753164168, "w": 41, "l": 29, "coil": null}, "gen9randombattle": {"elo": 2052.1591739794812, "gxe": 83.5, "rpr": 1805.940973584281, "rprd": 34.31492826676572, "w": 883, "l": 697, "coil": null}, "gen9randombattleblitz": {"elo": 1030.5779850878328, "gxe": 35.6, "rpr": 1381.339044375548, "rprd": 123.20313925934745, "w": 3, "l": 5, "coil": null}, "gen9randombattlemayhem": {"elo": 1041.4592814073476, "gxe": 50.1, "rpr": 1501.0955616277017, "rprd": 127.29265293622116, "w": 1, "l": 1, "coil": null}, "gen9randomdoublesbattle": {"elo": 1308.601640957523, "gxe": 77.6, "rpr": 1745.9968198196914, "rprd": 110.86589465546075, "w": 10, "l": 0, "coil": null}, "gen9vgc2024regfbo3": {"elo": 1125.4608248651077, "gxe": 64.5, "rpr": 1618.280580769796, "rprd": 111.83852370156484, "w": 3, "l": 0, "coil": null}, "gen9vgc2024regg": {"elo": 1000, "gxe": 39.5, "rpr": 1415.7223817768477, "rprd": 116.29475964007975, "w": 0, "l": 2, "coil": null}, "gen9vgc2024regh": {"elo": 1160.583305381035, "gxe": 53.2, "rpr": 1524.551355492573, "rprd": 68.38090060478739, "w": 19, "l": 14, "coil": null}, "gen9vgc2024reghbo3": {"elo": 1000, "gxe": 44.5, "rpr": 1456.0147224833418, "rprd": 122.49020688982262, "w": 0, "l": 1, "coil": null}, "gen9vgc2025regi": {"elo": 1215.0876536205474, "gxe": 58.7, "rpr": 1566.7630036150347, "rprd": 55.15320473166352, "w": 21, "l": 14, "coil": null}, "gen9vgc2025regibo3": {"elo": 1180.4832192253596, "gxe": 57.4, "rpr": 1557.7506151907173, "rprd": 78.4016269991062, "w": 15, "l": 8, "coil": null}}}