{"username": "ogtru", "userid": "ogtru", "registertime": 0, "group": 0, "ratings": {"gen7bssfactory": {"elo": 1052.2503889364, "gxe": 55.8, "rpr": 1546.2434835819, "rprd": 122.00653245276, "w": 1, "l": 0, "coil": null}, "gen7hackmonscup": {"elo": 1052.6198468521, "gxe": 55.4, "rpr": 1542.4653367431, "rprd": 111.03556389479, "w": 2, "l": 1, "coil": null}, "gen7monotyperandombattle": {"elo": 1499.3621905309, "gxe": 63.2, "rpr": 1605.6242092605, "rprd": 91.804586986603, "w": 476, "l": 446, "coil": null}, "gen7randombattle": {"elo": 1221.7204750775, "gxe": 53.3, "rpr": 1525.5631276175, "rprd": 71.224425142098, "w": 36, "l": 31, "coil": null}, "gen7randomdoublesbattle": {"elo": 1499.6862587905, "gxe": 76.8, "rpr": 1730.8164986163, "rprd": 74.940454739814, "w": 3211, "l": 2907, "coil": null}, "gen8challengecup1v1": {"elo": 1163.5809821561, "gxe": 62.4, "rpr": 1598.5123897699, "rprd": 87.933923055078, "w": 8, "l": 2, "coil": null}, "gen8monotyperandombattle": {"elo": 1266.2245528065, "gxe": 60.4, "rpr": 1579.6177150812, "rprd": 40.237022651682, "w": 2805, "l": 2848, "coil": null}, "gen8randombattle": {"elo": 1174.585058459, "gxe": 70.4, "rpr": 1671.3413254131, "rprd": 111.26052205259, "w": 6, "l": 0, "coil": null}, "gen8randombattleblitz": {"elo": 1043.2126492195, "gxe": 55, "rpr": 1540.1606143388, "rprd": 122.8583080769, "w": 1, "l": 0, "coil": null}, "gen8randomdoublesbattle": {"elo": 1473.0754665275, "gxe": 63.3, "rpr": 1615.1759167993, "rprd": 171.87765596181, "w": 820, "l": 775, "coil": null}, "gen9babyrandombattle": {"elo": 1040, "gxe": 55, "rpr": 1540.1606143390134, "rprd": 122.85830807679145, "w": 1, "l": 0, "coil": null}, "gen9monotyperandombattle": {"elo": 1341.2542252021087, "gxe": 56.5, "rpr": 1550.1677949074376, "rprd": 71.88101260964646, "w": 475, "l": 454, "coil": null}, "gen9randombattle": {"elo": 1591.3841800513626, "gxe": 67.8, "rpr": 1640.1483174019263, "rprd": 31.938762038896268, "w": 2986, "l": 2903, "coil": null}, "gen9randombattleblitz": {"elo": 1040, "gxe": 55, "rpr": 1540.1606143390134, "rprd": 122.85830807679145, "w": 1, "l": 0, "coil": null}, "gen9randomdoublesbattle": {"elo": 1565.3381815032858, "gxe": 64.8, "rpr": 1615.1699499915128, "rprd": 34.35689335782253, "w": 1489, "l": 1417, "coil": null}, "randomdoublesbattle": {"elo": 1499.3807329623, "gxe": 75, "rpr": 1707.7821914763, "rprd": 41.274968215874, "w": 99, "l": 66, "coil": null}, "randomtriplesbattle": {"elo": 1429.8014258452, "gxe": 71.9, "rpr": 1677.1685130076, "rprd": 25, "w": 984, "l": 859, "coil": null}}}