{"username": "Oguddee05", "userid": "oguddee05", "registertime": 1778284800, "group": 1, "ratings": {"gen9randombattle": {"elo": 1079.808121346677, "gxe": 38.4, "rpr": 1411.1383961770312, "rprd": 26.362642993492642, "w": 753, "l": 874, "coil": null}}}