{"username": "Oh didufgh", "userid": "ohdidufgh", "registertime": 1780185600, "group": 1, "ratings": {"gen9almostanyability": {"elo": 1087.9700468843134, "gxe": 45.5, "rpr": 1465.3453624252334, "rprd": 72.30358468251005, "w": 15, "l": 19, "coil": null}, "gen9anythinggoes": {"elo": 1040, "gxe": 55, "rpr": 1540.1606143390134, "rprd": 122.85830807679145, "w": 1, "l": 0, "coil": null}, "gen9balancedhackmons": {"elo": 1085.170255548364, "gxe": 42.9, "rpr": 1444.1182308198734, "rprd": 88.41410083281309, "w": 134, "l": 135, "coil": null}, "gen9godlygiftrandombattle": {"elo": 1000, "gxe": 45, "rpr": 1459.8393856609866, "rprd": 122.85830807679145, "w": 0, "l": 1, "coil": null}, "gen9legendszaou": {"elo": 1000, "gxe": 39, "rpr": 1411.320638526071, "rprd": 117.00927105546836, "w": 0, "l": 2, "coil": null}, "gen9randombattle": {"elo": 1659.8021199082098, "gxe": 71.5, "rpr": 1672.9875183601223, "rprd": 28.35509714643525, "w": 1813, "l": 1730, "coil": null}, "gen9ubers": {"elo": 1301.0908138405068, "gxe": 72.1, "rpr": 1684.4970851018861, "rprd": 89.75581329438664, "w": 15, "l": 3, "coil": null}}}