{"username": "ohno12344321", "userid": "ohno12344321", "registertime": 1780444800, "group": 1, "ratings": {"gen5pokebilitiesrandombattle": {"elo": 1118.323593615816, "gxe": 54.9, "rpr": 1537.727662284419, "rprd": 75.90585639995702, "w": 9, "l": 8, "coil": null}, "gen6megasrevisitedrandombattle": {"elo": 1049.2767508636055, "gxe": 54.5, "rpr": 1536.1135807226087, "rprd": 122.83395520743242, "w": 1, "l": 0, "coil": null}, "gen6ou": {"elo": 1053.6759677590153, "gxe": 53.4, "rpr": 1527.6075309917944, "rprd": 122.92380999401432, "w": 1, "l": 0, "coil": null}, "gen6randombattle": {"elo": 1358.7909682652732, "gxe": 61.1, "rpr": 1585.8164024240743, "rprd": 56.08568629702989, "w": 70, "l": 66, "coil": null}, "gen7anythinggoes": {"elo": 1000, "gxe": 43.2, "rpr": 1445.3838513562573, "rprd": 118.41928900758451, "w": 0, "l": 2, "coil": null}, "gen7doublesou": {"elo": 1068.9791681387646, "gxe": 48.8, "rpr": 1490.1971127419736, "rprd": 107.06660051970707, "w": 2, "l": 2, "coil": null}, "gen7randombattle": {"elo": 1136.7628239984094, "gxe": 50.8, "rpr": 1506.2860553050004, "rprd": 69.53279170075425, "w": 24, "l": 20, "coil": null}, "gen8nationaldex": {"elo": 1387.861702021, "gxe": 73.1, "rpr": 1693.8934018423, "rprd": 83.693448558379, "w": 79, "l": 51, "coil": null}, "gen8nationaldexubers": {"elo": 1056.504460179, "gxe": 50, "rpr": 1500, "rprd": 109.58904265531, "w": 2, "l": 2, "coil": null}, "gen8randombattle": {"elo": 1196.1494598593538, "gxe": 60, "rpr": 1577.3693051117314, "rprd": 57.22198299526491, "w": 49, "l": 41, "coil": null}, "gen91v1factory": {"elo": 1126.939828396551, "gxe": 45.8, "rpr": 1467.9764886301816, "rprd": 47.238684834185314, "w": 34, "l": 39, "coil": null}, "gen92v2doubles": {"elo": 1047.6326968286182, "gxe": 55.8, "rpr": 1546.1312925534473, "rprd": 122.27159679035606, "w": 1, "l": 0, "coil": null}, "gen9babyrandombattle": {"elo": 1000, "gxe": 44.8, "rpr": 1458.5764749377076, "rprd": 122.32469399592208, "w": 0, "l": 1, "coil": null}, "gen9bssfactorybo3": {"elo": 1038.42863097662, "gxe": 51.1, "rpr": 1508.5904322471104, "rprd": 109.302505808356, "w": 2, "l": 2, "coil": null}, "gen9challengecup2v2": {"elo": 1053.1462426790151, "gxe": 53, "rpr": 1523.9336123609783, "rprd": 116.32260637074113, "w": 1, "l": 1, "coil": null}, "gen9championsou": {"elo": 1052.169594616753, "gxe": 38.9, "rpr": 1413.310882875525, "rprd": 69.85884993031182, "w": 9, "l": 14, "coil": null}, "gen9championsvgc2026regma": {"elo": 1293.2209177184754, "gxe": 54.9, "rpr": 1537.621272529725, "rprd": 47.199161391776535, "w": 43, "l": 36, "coil": null}, "gen9championsvgc2026regmabo3": {"elo": 1090.2578543303232, "gxe": 50.7, "rpr": 1505.347318674385, "rprd": 71.0670890898853, "w": 12, "l": 12, "coil": null}, "gen9championsvgc2026regmb": {"elo": 1083.2106809561344, "gxe": 53.5, "rpr": 1527.0093373490386, "rprd": 95.74344290017123, "w": 4, "l": 3, "coil": null}, "gen9champoinsou": {"elo": 1000, "gxe": 37.8, "rpr": 1403.3273303200751, "rprd": 92.82165351223779, "w": 2, "l": 6, "coil": null}, "gen9doublesou": {"elo": 1336.8305817730336, "gxe": 55, "rpr": 1538.7378093946468, "rprd": 71.86150972317554, "w": 52, "l": 43, "coil": null}, "gen9forceofthefallenrandomroulette": {"elo": 1145.941186984826, "gxe": 33, "rpr": 1365.366147034923, "rprd": 45.86772645812415, "w": 35, "l": 86, "coil": null}, "gen9fusionevolutionrandombattle": {"elo": 1000, "gxe": 45, "rpr": 1459.8393856609866, "rprd": 122.85830807679145, "w": 0, "l": 1, "coil": null}, "gen9godlygiftrandombattle": {"elo": 1040, "gxe": 55, "rpr": 1540.1606143390134, "rprd": 122.85830807679145, "w": 1, "l": 0, "coil": null}, "gen9legendszaou": {"elo": 1145.3006843622954, "gxe": 54.4, "rpr": 1534.4767009905315, "rprd": 93.2200592370416, "w": 5, "l": 3, "coil": null}, "gen9livepatchbattlesver100": {"elo": 1123.9150717247633, "gxe": 54.9, "rpr": 1538.1435494139732, "rprd": 96.80045349942672, "w": 4, "l": 3, "coil": null}, "gen9megainvasionrandombattle": {"elo": 1240.425673208093, "gxe": 65.9, "rpr": 1627.0721142913612, "rprd": 77.35925729453702, "w": 12, "l": 4, "coil": null}, "gen9nationaldex": {"elo": 1342.2450991292292, "gxe": 69, "rpr": 1653.5792614600828, "rprd": 69.86768426564727, "w": 17, "l": 4, "coil": null}, "gen9ou": {"elo": 1046.6237347139904, "gxe": 47.8, "rpr": 1482.6310653550124, "rprd": 117.57725285429103, "w": 1, "l": 1, "coil": null}, "gen9ousolgaleo": {"elo": 1000, "gxe": 45, "rpr": 1459.8393856609866, "rprd": 122.85830807679145, "w": 0, "l": 1, "coil": null}, "gen9randombattle": {"elo": 1517.5304585446083, "gxe": 66.5, "rpr": 1629.4204445210419, "rprd": 36.46684301043905, "w": 1140, "l": 1120, "coil": null}, "gen9randombattleblitz": {"elo": 1103.5325402289113, "gxe": 53.7, "rpr": 1529.4556063161228, "rprd": 108.63512671942239, "w": 6, "l": 3, "coil": null}, "gen9randomdoublesbattle": {"elo": 1604.200616140266, "gxe": 67.8, "rpr": 1640.8547921054883, "rprd": 44.60087531430019, "w": 215, "l": 187, "coil": null}, "gen9randomroulette": {"elo": 1040, "gxe": 53.4, "rpr": 1527.191529867154, "rprd": 122.86810604403925, "w": 1, "l": 1, "coil": null}, "gen9sixbysixrandombattle": {"elo": 1000, "gxe": 45, "rpr": 1459.8393856609866, "rprd": 122.85830807679145, "w": 0, "l": 1, "coil": null}, "gen9superstaffbrosultimate": {"elo": 1000, "gxe": 43, "rpr": 1443.571464176541, "rprd": 122.5707048552026, "w": 0, "l": 1, "coil": null}, "gen9vgc2026regf": {"elo": 1164.3828805645974, "gxe": 39.9, "rpr": 1421.944454873957, "rprd": 50.88134889509293, "w": 23, "l": 30, "coil": null}, "gen9vgc2026regfbo3": {"elo": 1119.441136647515, "gxe": 37.7, "rpr": 1403.449707080546, "rprd": 72.19601086598007, "w": 9, "l": 11, "coil": null}, "gen9vgc2026regi": {"elo": 1292.6946081559713, "gxe": 59.5, "rpr": 1572.990739659076, "rprd": 59.55298119054475, "w": 28, "l": 19, "coil": null}, "gen9vgc2026regibo3": {"elo": 1130.5075058496363, "gxe": 48.9, "rpr": 1491.3723493479945, "rprd": 75.94229085591292, "w": 11, "l": 12, "coil": null}, "gen9woomodrandombattle": {"elo": 1000, "gxe": 45, "rpr": 1459.8393856609866, "rprd": 122.85830807679145, "w": 0, "l": 1, "coil": null}}}