{"username": "oliverfakemawn", "userid": "oliverfakemawn", "registertime": 1637193600, "group": 1, "ratings": {"gen6randombattle": {"elo": 1083.2636320764, "gxe": 58.6, "rpr": 1568.1614973501, "rprd": 103.24084768724, "w": 4, "l": 1, "coil": null}, "gen7ou": {"elo": 1031.9808324154, "gxe": 49.6, "rpr": 1496.6657537823, "rprd": 106.3760487878, "w": 2, "l": 2, "coil": null}, "gen7randombattle": {"elo": 1049.4648564389, "gxe": 53.6, "rpr": 1528.6461644602, "rprd": 124.29371241486, "w": 1, "l": 0, "coil": null}, "gen8balancedhackmons": {"elo": 1143.8390397575, "gxe": 52.6, "rpr": 1519.5839388903, "rprd": 62.64432943433, "w": 28, "l": 23, "coil": null}, "gen8bdspou": {"elo": 1079.2275106608, "gxe": 38.6, "rpr": 1397.4900785223, "rprd": 212.76731924378, "w": 37, "l": 56, "coil": null}, "gen8cap": {"elo": 1000, "gxe": 41.4, "rpr": 1430.3560676739, "rprd": 127.22801627724, "w": 0, "l": 2, "coil": null}, "gen8doublesubers": {"elo": 1200.8298156659, "gxe": 64.6, "rpr": 1613.7205943973, "rprd": 45.505902138716, "w": 106, "l": 80, "coil": null}, "gen8metronomebattle": {"elo": 1000, "gxe": 44, "rpr": 1451.4809154172, "rprd": 121.95660697364, "w": 0, "l": 1, "coil": null}, "gen8nationaldexag": {"elo": 1265.991515496, "gxe": 51, "rpr": 1507.692258528, "rprd": 55.74177262825, "w": 468, "l": 450, "coil": null}, "gen8nationaldexuu": {"elo": 1092.9884506344, "gxe": 50.9, "rpr": 1508.0426456943, "rprd": 225.68147475559, "w": 149, "l": 180, "coil": null}, "gen8ou": {"elo": 1343.6463638736, "gxe": 51.9, "rpr": 1514.7211728536, "rprd": 33.15237359944, "w": 140, "l": 130, "coil": null}, "gen8randombattle": {"elo": 1434.634777944, "gxe": 68.6, "rpr": 1663.6885317087, "rprd": 170.2231507368, "w": 1267, "l": 1202, "coil": null}, "gen8randombattleblitz": {"elo": 1040, "gxe": 55, "rpr": 1540.1606143388, "rprd": 122.8583080769, "w": 1, "l": 0, "coil": null}, "gen91v1factory": {"elo": 1369.173103120931, "gxe": 56.9, "rpr": 1552.3331194214784, "rprd": 35.14285583176176, "w": 57, "l": 46, "coil": null}, "gen9balancedhackmons": {"elo": 1088.1509975497, "gxe": 60.4, "rpr": 1583.848360664, "rprd": 116.27497198013, "w": 2, "l": 0, "coil": null}, "gen9cap": {"elo": 1047.5645560016428, "gxe": 55, "rpr": 1543.0965005550263, "rprd": 122.7944016955756, "w": 1, "l": 0, "coil": null}, "gen9championsvgc2026regma": {"elo": 1477.5931887590536, "gxe": 57.3, "rpr": 1555.4905594977763, "rprd": 38.11260436958229, "w": 197, "l": 175, "coil": null}, "gen9championsvgc2026regmabo3": {"elo": 1176.5388987351403, "gxe": 55.2, "rpr": 1540.208658855713, "rprd": 70.60464726587973, "w": 12, "l": 8, "coil": null}, "gen9championsvgc2026regmb": {"elo": 1111.9806976900472, "gxe": 51.1, "rpr": 1508.612190713758, "rprd": 98.82970262054394, "w": 4, "l": 2, "coil": null}, "gen9doublesou": {"elo": 1301.0863653113538, "gxe": 60.3, "rpr": 1579.3579566125472, "rprd": 49.439066293124014, "w": 121, "l": 107, "coil": null}, "gen9nationaldex": {"elo": 1265.9964628123835, "gxe": 52, "rpr": 1515.4774168645017, "rprd": 87.83672116821135, "w": 27, "l": 16, "coil": null}, "gen9nu": {"elo": 1135.7446785419222, "gxe": 55.2, "rpr": 1540.94771151513, "rprd": 91.76998638130813, "w": 5, "l": 3, "coil": 1203.9205368624446}, "gen9ou": {"elo": 1292.4987181919785, "gxe": 58.2, "rpr": 1564.9081927219536, "rprd": 100.87252319751586, "w": 142, "l": 145, "coil": null}, "gen9oususpect": {"elo": 1040, "gxe": 55, "rpr": 1540.1606143390134, "rprd": 122.85830807679145, "w": 1, "l": 0, "coil": null}, "gen9pu": {"elo": 1214.7721471244697, "gxe": 57.9, "rpr": 1561.8940597346038, "rprd": 84.4927954312375, "w": 13, "l": 12, "coil": 1907.4367959916992}, "gen9randombattle": {"elo": 1840.0740966414955, "gxe": 77.3, "rpr": 1731.8108140300571, "rprd": 34.46892799638633, "w": 1253, "l": 1113, "coil": null}, "gen9randomdoublesbattle": {"elo": 1027.258003294949, "gxe": 50.1, "rpr": 1500.70886780039, "rprd": 115.92312577707276, "w": 1, "l": 1, "coil": null}, "gen9ru": {"elo": 1132.7174168158, "gxe": 45.4, "rpr": 1465.0295570857, "rprd": 44.964649662243, "w": 37, "l": 43, "coil": 1709.132448781204}, "gen9vgc2023regulationc": {"elo": 1141.0880594093321, "gxe": 43.1, "rpr": 1447.4058913280376, "rprd": 25, "w": 157, "l": 173, "coil": null}, "gen9vgc2023regulationd": {"elo": 1187.6272322590612, "gxe": 45.4, "rpr": 1465.0123237421953, "rprd": 32.19795683881989, "w": 274, "l": 292, "coil": null}, "gen9vgc2023regulatione": {"elo": 1267.5224301996698, "gxe": 46.5, "rpr": 1473.5474466025175, "rprd": 30.657359402790018, "w": 132, "l": 137, "coil": null}, "gen9vgc2023regulationebo3": {"elo": 1000, "gxe": 43.7, "rpr": 1449.0873999823089, "rprd": 122.23833369190521, "w": 0, "l": 1, "coil": null}, "gen9vgc2024regf": {"elo": 1347.1675049678881, "gxe": 49.1, "rpr": 1493.4078605049867, "rprd": 25.127131905881278, "w": 527, "l": 540, "coil": null}, "gen9vgc2024regfbo3": {"elo": 1155.7174280394788, "gxe": 51, "rpr": 1507.3857232950288, "rprd": 77.96526979789047, "w": 10, "l": 7, "coil": null}, "gen9vgc2024regg": {"elo": 1263.5924984733153, "gxe": 48, "rpr": 1484.7698050828349, "rprd": 26.646744675435414, "w": 227, "l": 225, "coil": null}, "gen9vgc2024reggbo3": {"elo": 1148.438642513521, "gxe": 52.3, "rpr": 1517.467388390545, "rprd": 72.10770143916523, "w": 11, "l": 9, "coil": null}, "gen9vgc2024regh": {"elo": 1334.1053683392574, "gxe": 50.9, "rpr": 1506.8571195279665, "rprd": 43.08703395330947, "w": 260, "l": 276, "coil": null}, "gen9vgc2024reghbo3": {"elo": 1199.8579897980076, "gxe": 59.3, "rpr": 1573.4494380182261, "rprd": 90.54379729557354, "w": 11, "l": 4, "coil": null}, "gen9vgc2025regg": {"elo": 1306.8167242587317, "gxe": 48.8, "rpr": 1490.7410382328342, "rprd": 25.063095209732012, "w": 216, "l": 213, "coil": null}, "gen9vgc2025reggbo3": {"elo": 1139.3264514577552, "gxe": 43.9, "rpr": 1453.148591431391, "rprd": 48.38857061617425, "w": 45, "l": 48, "coil": null}, "gen9vgc2025regh": {"elo": 1264.874233849862, "gxe": 49.3, "rpr": 1495.0475424712715, "rprd": 33.16725734615051, "w": 65, "l": 56, "coil": null}, "gen9vgc2025regi": {"elo": 1413.6329463983993, "gxe": 56, "rpr": 1545.6728468281742, "rprd": 35.11174568649117, "w": 139, "l": 125, "coil": null}, "gen9vgc2025regibo3": {"elo": 1131.8338009809972, "gxe": 49.2, "rpr": 1494.2103103907912, "rprd": 70.125766068785, "w": 14, "l": 12, "coil": null}, "gen9vgc2025regj": {"elo": 1174.5978699643053, "gxe": 58.7, "rpr": 1567.7496639348192, "rprd": 69.31052626948554, "w": 13, "l": 8, "coil": null}, "gen9vgc2026regf": {"elo": 1403.543937108479, "gxe": 52.9, "rpr": 1522.2922206835322, "rprd": 33.33218935756524, "w": 248, "l": 242, "coil": null}, "gen9vgc2026regfbo3": {"elo": 1043.6416370947152, "gxe": 40.3, "rpr": 1425.1773510260482, "rprd": 52.858009690103465, "w": 20, "l": 23, "coil": null}, "gen9vgc2026regibo3": {"elo": 1199.9539222087137, "gxe": 65.9, "rpr": 1627.3596734526957, "rprd": 81.06412883780632, "w": 10, "l": 3, "coil": null}}}