{"username": "OmegaX0168", "userid": "omegax0168", "registertime": 1635897600, "group": 1, "ratings": {"gen8randombattle": {"elo": 1315.3553538315, "gxe": 55.4, "rpr": 1541.0400008891, "rprd": 25, "w": 117, "l": 114, "coil": null}, "gen9nu": {"elo": 1102.7311556496984, "gxe": 56.9, "rpr": 1555.6696213877967, "rprd": 130, "w": 9, "l": 7, "coil": 1680.6281540791504}, "gen9ou": {"elo": 1216.2673344104303, "gxe": 46.2, "rpr": 1470.3688650374645, "rprd": 81.70739058855068, "w": 73, "l": 67, "coil": null}, "gen9randombattle": {"elo": 2106.3401258193344, "gxe": 84.5, "rpr": 1819.9060165284247, "rprd": 27.702112236949816, "w": 2905, "l": 2702, "coil": null}, "gen9ru": {"elo": 1120.9668523076425, "gxe": 50.6, "rpr": 1504.807769346708, "rprd": 78.8864394569272, "w": 8, "l": 7, "coil": 1464.6364682896626}, "gen9stabmons": {"elo": 1000, "gxe": 45.7, "rpr": 1465.7691092365462, "rprd": 122.9134523838687, "w": 0, "l": 1, "coil": null}}}