{"username": "omg_its_daddy", "userid": "omgitsdaddy", "registertime": 1597708800, "group": 1, "ratings": {"gen7randombattle": {"elo": 1030.554547528, "gxe": 47.3, "rpr": 1478.7386574448, "rprd": 118.30660624158, "w": 1, "l": 1, "coil": null}, "gen8battlestadiumdoubles": {"elo": 1165.018558369, "gxe": 53.2, "rpr": 1525.1391532929, "rprd": 88.951311666468, "w": 6, "l": 3, "coil": null}, "gen8bdspbattlefestivaldoubles": {"elo": 1000, "gxe": 31.4, "rpr": 1346.3188964107, "rprd": 107.58869668928, "w": 0, "l": 5, "coil": null}, "gen8randombattle": {"elo": 1000, "gxe": 42.1, "rpr": 1436.0495799596, "rprd": 124.37559919529, "w": 0, "l": 1, "coil": null}, "gen8randomdoublesbattle": {"elo": 1057.1160225118, "gxe": 43.6, "rpr": 1449.5283260365, "rprd": 103.90274843724, "w": 7, "l": 7, "coil": null}, "gen8vgc2020": {"elo": 1187.2313900601, "gxe": 46, "rpr": 1469.6769831764, "rprd": 62.706957308952, "w": 32, "l": 30, "coil": null}, "gen8vgc2021": {"elo": 1102.9866760135, "gxe": 41.9, "rpr": 1437.8879761182, "rprd": 63.289777844829, "w": 32, "l": 34, "coil": null}, "gen8vgc2021series11": {"elo": 1037.8839820988, "gxe": 41.2, "rpr": 1430.9754203783, "rprd": 90.293313134053, "w": 3, "l": 6, "coil": null}, "gen8vgc2021series9": {"elo": 1316.7878723607, "gxe": 51.6, "rpr": 1512.2754944014, "rprd": 49.254146606061, "w": 68, "l": 62, "coil": null}, "gen9b6p4randomdoublesbattlebo3": {"elo": 1025.304863321851, "gxe": 49.6, "rpr": 1496.5020502547611, "rprd": 116.65193685272827, "w": 1, "l": 1, "coil": null}, "gen9challengecup1v1": {"elo": 1081.9950200115236, "gxe": 46.1, "rpr": 1469.5654972572904, "rprd": 90.98721899895541, "w": 3, "l": 5, "coil": null}, "gen9challengecup2v2": {"elo": 1048.9624700562676, "gxe": 55.4, "rpr": 1542.984359353046, "rprd": 122.55035521840112, "w": 1, "l": 0, "coil": null}, "gen9championsvgc2026regma": {"elo": 1227.9560514491018, "gxe": 47.1, "rpr": 1477.7172322517347, "rprd": 47.783494570974895, "w": 27, "l": 24, "coil": null}, "gen9nationaldex": {"elo": 1000, "gxe": 43.5, "rpr": 1447.9389986923177, "rprd": 122.63537341546083, "w": 0, "l": 1, "coil": null}, "gen9randombattle": {"elo": 2097.4030342652886, "gxe": 84.2, "rpr": 1815.7303060484198, "rprd": 36.09271341983565, "w": 1249, "l": 1049, "coil": null}, "gen9randomdoublesbattle": {"elo": 1575.288742798441, "gxe": 66.5, "rpr": 1634.5639732018606, "rprd": 101.96053230772081, "w": 121, "l": 89, "coil": null}, "gen9vgc2023regulationc": {"elo": 1117.8370895865658, "gxe": 42.3, "rpr": 1441.37912003262, "rprd": 29.114012488622148, "w": 168, "l": 186, "coil": null}, "gen9vgc2023regulationd": {"elo": 1108.4432261524098, "gxe": 42.9, "rpr": 1445.739540588967, "rprd": 57.0853945648583, "w": 29, "l": 32, "coil": null}, "gen9vgc2023regulatione": {"elo": 1080.5279142261866, "gxe": 39, "rpr": 1413.6854036985499, "rprd": 79.63095018753688, "w": 6, "l": 9, "coil": null}, "gen9vgc2023series1": {"elo": 1111.5593482513, "gxe": 45.1, "rpr": 1461.6119117458, "rprd": 81.873910150076, "w": 6, "l": 7, "coil": null}, "gen9vgc2023series2": {"elo": 1156.6691983767, "gxe": 50.7, "rpr": 1504.9960450584, "rprd": 45.050994993069, "w": 37, "l": 33, "coil": null}, "gen9vgc2024regf": {"elo": 1098.960880574069, "gxe": 43, "rpr": 1446.0629119445352, "rprd": 59.48301477947318, "w": 20, "l": 22, "coil": null}, "gen9vgc2024regfbo3": {"elo": 1043.6359532906808, "gxe": 52.8, "rpr": 1522.2455741551116, "rprd": 123.81529255493102, "w": 1, "l": 0, "coil": null}, "gen9vgc2024regg": {"elo": 1086.9254924968518, "gxe": 36.2, "rpr": 1390.4108138346294, "rprd": 78.45294724061169, "w": 6, "l": 13, "coil": null}, "gen9vgc2024regh": {"elo": 1126.8201991164105, "gxe": 55.6, "rpr": 1543.8827163158521, "rprd": 96.3323180954976, "w": 5, "l": 2, "coil": null}}}