{"username": "Omnimon merciful m", "userid": "omnimonmercifulm", "registertime": 1587513600, "group": 1, "ratings": {"gen8randombattle": {"elo": 1418.7571758759, "gxe": 61.5, "rpr": 1598.6087957833, "rprd": 172.71601523254, "w": 5735, "l": 5712, "coil": null}, "gen9anythinggoes": {"elo": 1078.9033406552373, "gxe": 40, "rpr": 1420.7466090103414, "rprd": 101.57549873697302, "w": 210, "l": 193, "coil": null}, "gen9randombattle": {"elo": 1498.1886141439127, "gxe": 65.4, "rpr": 1619.946590820184, "rprd": 32.3473829702932, "w": 5968, "l": 5945, "coil": null}, "gen9randomdoublesbattle": {"elo": 1196.0659634895464, "gxe": 50.8, "rpr": 1506.0143462431013, "rprd": 79.29421352764716, "w": 21, "l": 15, "coil": null}}}