{"username": "Onskas\u00a8", "userid": "onskas", "registertime": 1405123200, "group": 1, "ratings": {"battlefactory": {"elo": 1088.0779356505, "gxe": 49.1, "rpr": 1492.499522289, "rprd": 121.92425921093, "w": 3, "l": 5, "coil": null}, "gen1randombattle": {"elo": 1000, "gxe": 33.8, "rpr": 1364.9262255776, "rprd": 130, "w": 0, "l": 2, "coil": null}, "gen7monotype": {"elo": 1000, "gxe": 36.3, "rpr": 1388.9503066208, "rprd": 110.27090170594, "w": 0, "l": 3, "coil": null}, "gen7ou": {"elo": 1013.6269764732, "gxe": 41.7, "rpr": 1433.48930891, "rprd": 111.43981403243, "w": 1, "l": 2, "coil": null}, "gen7randombattle": {"elo": 1191.5962147896, "gxe": 51.8, "rpr": 1513.9482313754, "rprd": 76.316873331654, "w": 275, "l": 272, "coil": null}, "gen7randomdoublesbattle": {"elo": 1000, "gxe": 45, "rpr": 1459.8393856612, "rprd": 122.8583080769, "w": 0, "l": 1, "coil": null}, "gen8bdsprandombattle": {"elo": 1075.6836080485, "gxe": 59.2, "rpr": 1573.7968468614, "rprd": 116.10245459921, "w": 2, "l": 0, "coil": null}, "gen8nu": {"elo": 1000, "gxe": 45, "rpr": 1459.8393856612, "rprd": 122.8583080769, "w": 0, "l": 1, "coil": null}, "gen8ou": {"elo": 1029.5211862519, "gxe": 48.5, "rpr": 1487.8839746756, "rprd": 115.783827089, "w": 1, "l": 1, "coil": null}, "gen8randombattle": {"elo": 1381.0465487824, "gxe": 58.5, "rpr": 1576.5691814685, "rprd": 213.87043454218, "w": 1279, "l": 1291, "coil": null}, "gen9godlygiftrandombattle": {"elo": 1040, "gxe": 55, "rpr": 1540.1606143390134, "rprd": 122.85830807679145, "w": 1, "l": 0, "coil": null}, "gen9ou": {"elo": 1074.6862561962, "gxe": 45.3, "rpr": 1463.6319196735, "rprd": 68.590609881951, "w": 10, "l": 11, "coil": null}, "gen9randombattle": {"elo": 1325.059178926705, "gxe": 54.7, "rpr": 1535.7709768793043, "rprd": 26.648311723476514, "w": 561, "l": 544, "coil": null}, "gen9randombattleblitz": {"elo": 1053.6822332628233, "gxe": 54.7, "rpr": 1537.986136230928, "rprd": 121.8911155291595, "w": 1, "l": 0, "coil": null}, "monogen": {"elo": 1036.4948971601, "gxe": 43.2, "rpr": 1446.6272935192, "rprd": 98.863438792588, "w": 2, "l": 4, "coil": null}, "nu": {"elo": 1000, "gxe": 37.7, "rpr": 1403.9690714236, "rprd": 68.370284574585, "w": 9, "l": 18, "coil": null}, "ou": {"elo": 1292.2298193884, "gxe": 55.2, "rpr": 1539.6515796661, "rprd": 42.409501684928, "w": 39, "l": 32, "coil": null}, "pu": {"elo": 1027.6025262946, "gxe": 38.7, "rpr": 1409.3995640963, "rprd": 109.4013399438, "w": 1, "l": 3, "coil": null}, "randomdoublesbattle": {"elo": 1042.5114953162, "gxe": 48.5, "rpr": 1488.4557687789, "rprd": 116.40907240561, "w": 1, "l": 1, "coil": null}, "ru": {"elo": 1085.2492317117, "gxe": 48.2, "rpr": 1486.3241393904, "rprd": 69.166526788913, "w": 11, "l": 13, "coil": null}, "ubers": {"elo": 1111.5391571563, "gxe": 55.6, "rpr": 1544.1444754562, "rprd": 91.489995163152, "w": 6, "l": 3, "coil": null}, "uu": {"elo": 1007.6767035759, "gxe": 40.1, "rpr": 1421.9952650829, "rprd": 96.891433223935, "w": 2, "l": 5, "coil": null}}}