{"username": "opik8", "userid": "opik8", "registertime": 1674345600, "group": 1, "ratings": {"gen9almostanyability": {"elo": 1189.346690633735, "gxe": 55, "rpr": 1539.9360714000104, "rprd": 122.31481824545664, "w": 96, "l": 90, "coil": null}, "gen9bonustype": {"elo": 1116.2459289202886, "gxe": 57.4, "rpr": 1558.9912144186553, "rprd": 106.0291979702978, "w": 3, "l": 1, "coil": null}, "gen9championsbssregma": {"elo": 1000, "gxe": 45, "rpr": 1459.8393856609866, "rprd": 122.85830807679145, "w": 0, "l": 1, "coil": null}, "gen9championsvgc2026regma": {"elo": 1490.0289873322463, "gxe": 54.9, "rpr": 1537.393577265559, "rprd": 28.784192323660307, "w": 226, "l": 218, "coil": null}, "gen9championsvgc2026regmb": {"elo": 1204.6131083116861, "gxe": 55.6, "rpr": 1542.4988275965236, "rprd": 43.83788112046263, "w": 38, "l": 31, "coil": null}, "gen9convergence": {"elo": 1111.5109350406, "gxe": 42.9, "rpr": 1440.9169240009, "rprd": 160.21377985368, "w": 54, "l": 56, "coil": null}, "gen9doublesou": {"elo": 1110.2244501838893, "gxe": 59, "rpr": 1571.9189613239737, "rprd": 113.1240041210516, "w": 3, "l": 0, "coil": null}, "gen9inheritance": {"elo": 1076.1044155713, "gxe": 45.1, "rpr": 1460.6078126539, "rprd": 130.39830472894, "w": 13, "l": 14, "coil": 1713.7126991788125}, "gen9legendszaou": {"elo": 1034.3851652359251, "gxe": 48.5, "rpr": 1488.2925938397923, "rprd": 33.85686653877733, "w": 56, "l": 61, "coil": null}, "gen9megainvasionrandombattle": {"elo": 1087.3224678362526, "gxe": 57.8, "rpr": 1560.929659384068, "rprd": 80.39542640758688, "w": 8, "l": 5, "coil": null}, "gen9nationaldexmonotype": {"elo": 1066.8388033861038, "gxe": 41.6, "rpr": 1434.0466931739254, "rprd": 98.24356365381593, "w": 2, "l": 4, "coil": null}, "gen9ou": {"elo": 1427.0763152177099, "gxe": 61.8, "rpr": 1592.799355225304, "rprd": 83.82494699984593, "w": 157, "l": 139, "coil": null}, "gen9pokebilitiesaaa": {"elo": 1309.1950849224, "gxe": 56.3, "rpr": 1547.8000582395, "rprd": 44.212347819595, "w": 46, "l": 32, "coil": null}, "gen9randombattle": {"elo": 2250.272509738036, "gxe": 83, "rpr": 1799.211664458031, "rprd": 26.478756729979263, "w": 2987, "l": 2861, "coil": null}, "gen9randombattlesharedpowerb12p6": {"elo": 1269.5356778579144, "gxe": 53.9, "rpr": 1530.2242386588841, "rprd": 61.2191580565424, "w": 33, "l": 28, "coil": null}, "gen9sharedpower": {"elo": 1241.8978332070928, "gxe": 68.9, "rpr": 1659.4121982456174, "rprd": 124.85951756309468, "w": 12, "l": 3, "coil": null}, "gen9sketchmons": {"elo": 1120.2353408772, "gxe": 46.9, "rpr": 1472.7733609254, "rprd": 208.04627311925, "w": 16, "l": 18, "coil": null}, "gen9superstaffbrosultimate": {"elo": 1049.145323753977, "gxe": 55, "rpr": 1540.1606143390134, "rprd": 122.85830807679145, "w": 1, "l": 0, "coil": null}, "gen9tiershift": {"elo": 1080.5417880695022, "gxe": 52.4, "rpr": 1519.195062451811, "rprd": 122.76656024364777, "w": 3, "l": 3, "coil": null}, "gen9vgc2023regulationc": {"elo": 1116.8666249322773, "gxe": 43.5, "rpr": 1449.138592730265, "rprd": 88.78715821376912, "w": 4, "l": 5, "coil": null}, "gen9vgc2023regulationd": {"elo": 1394.1698553454917, "gxe": 51.3, "rpr": 1509.5807359080538, "rprd": 38.06938602294949, "w": 95, "l": 87, "coil": null}, "gen9vgc2023regulatione": {"elo": 1044.2215299192076, "gxe": 40.8, "rpr": 1429.4559886539378, "rprd": 57.28308414306967, "w": 40, "l": 49, "coil": null}, "gen9vgc2023regulationebo3": {"elo": 1010.4497970958937, "gxe": 39.3, "rpr": 1414.4755867784547, "rprd": 107.18442541524902, "w": 1, "l": 4, "coil": null}, "gen9vgc2023series2": {"elo": 1122.0813112316, "gxe": 44.3, "rpr": 1456.7785645698, "rprd": 28.231014054632, "w": 79, "l": 86, "coil": null}, "gen9vgc2025regi": {"elo": 1213.0040967359753, "gxe": 54.6, "rpr": 1534.6900516967346, "rprd": 47.987795763192445, "w": 139, "l": 132, "coil": null}}}