{"username": "opopop", "userid": "opopop", "registertime": 1380153600, "group": 1, "ratings": {"gen1randombattle": {"elo": 1042.7716327211, "gxe": 55, "rpr": 1540.1606143388, "rprd": 122.8583080769, "w": 0, "l": 0, "coil": null}, "gen7anythinggoes": {"elo": 1046.8810743468, "gxe": 53, "rpr": 1523.6530802588, "rprd": 111.12038372128, "w": 2, "l": 1, "coil": null}, "gen7mixandmega": {"elo": 1017.9553275949, "gxe": 29.4, "rpr": 1329.7566916968, "rprd": 93.06985165625, "w": 1, "l": 7, "coil": null}, "gen7randombattle": {"elo": 1101.2449849556, "gxe": 32.9, "rpr": 1356.4094689839, "rprd": 129.35406036136, "w": 0, "l": 5, "coil": null}, "gen8randombattle": {"elo": 1057.421109887, "gxe": 31.2, "rpr": 1343.3433797014, "rprd": 111.53920867223, "w": 6, "l": 12, "coil": null}, "gen9championsbssregma": {"elo": 1000, "gxe": 45, "rpr": 1459.8393856609866, "rprd": 122.85830807679145, "w": 0, "l": 1, "coil": null}, "gen9championsvgc2026regma": {"elo": 1390.4205626559417, "gxe": 62.6, "rpr": 1597.6896844073553, "rprd": 52.964561874385794, "w": 28, "l": 13, "coil": null}, "gen9championsvgc2026regmb": {"elo": 1000, "gxe": 44.4, "rpr": 1454.8035700860648, "rprd": 122.32126633685769, "w": 0, "l": 1, "coil": null}, "gen9doublesou": {"elo": 1031.7944884689718, "gxe": 34.1, "rpr": 1371.4675404464645, "rprd": 94.00436723866443, "w": 2, "l": 6, "coil": null}, "gen9legendszaou": {"elo": 1022.1660277196066, "gxe": 34.4, "rpr": 1372.5636813943056, "rprd": 112.70726122261503, "w": 1, "l": 3, "coil": null}, "gen9nationaldex": {"elo": 1049.9876674769328, "gxe": 52.1, "rpr": 1516.7833262221084, "rprd": 125.27565415498134, "w": 1, "l": 0, "coil": null}, "gen9ou": {"elo": 1026.8233430960206, "gxe": 45.7, "rpr": 1465.7308945992136, "rprd": 113.48951499652311, "w": 1, "l": 2, "coil": null}, "gen9randombattle": {"elo": 1200.1072205954968, "gxe": 50.2, "rpr": 1501.6689878770703, "rprd": 79.2390085785748, "w": 43, "l": 42, "coil": null}, "gen9randombattleblitz": {"elo": 1000, "gxe": 45, "rpr": 1459.8393856609866, "rprd": 122.85830807679145, "w": 0, "l": 1, "coil": null}, "gen9randomdoublesbattle": {"elo": 1133.7500735707977, "gxe": 47.9, "rpr": 1483.7810481792742, "rprd": 85.74869073135363, "w": 10, "l": 10, "coil": null}, "gen9vgc2025regh": {"elo": 1113.5765959396015, "gxe": 39, "rpr": 1415.5483372620522, "rprd": 40.12924340953614, "w": 45, "l": 62, "coil": null}, "gen9vgc2025reghbo3": {"elo": 1040, "gxe": 55, "rpr": 1540.1606143390134, "rprd": 122.85830807679145, "w": 1, "l": 0, "coil": null}, "gen9vgc2025regi": {"elo": 1378.5260532735153, "gxe": 53, "rpr": 1523.1049656182022, "rprd": 49.87757712060285, "w": 78, "l": 65, "coil": null}, "gen9vgc2025regibo3": {"elo": 1000, "gxe": 45, "rpr": 1459.8393856609866, "rprd": 122.85830807679145, "w": 0, "l": 1, "coil": null}, "uu": {"elo": 1040.5121283456, "gxe": 47.2, "rpr": 1477.7004173293, "rprd": 118.0221145462, "w": 0, "l": 0, "coil": null}}}