{"username": "orakim", "userid": "orakim", "registertime": 1750204800, "group": 1, "ratings": {"gen6randombattle": {"elo": 1085.7968726462548, "gxe": 58.9, "rpr": 1571.8529876302935, "rprd": 118.36367092685461, "w": 2, "l": 0, "coil": null}, "gen91v1factory": {"elo": 1044.110123655831, "gxe": 55, "rpr": 1540.1606143390134, "rprd": 122.85830807679145, "w": 1, "l": 0, "coil": null}, "gen9battlefactory": {"elo": 1038.0162995653836, "gxe": 49.9, "rpr": 1499.4074964711217, "rprd": 116.97411315781257, "w": 1, "l": 1, "coil": null}, "gen9challengecup2v2": {"elo": 1000, "gxe": 47, "rpr": 1475.8779300113824, "rprd": 123.39041341863779, "w": 0, "l": 0, "coil": null}, "gen9megainvasionrandombattle": {"elo": 1043.1511425524693, "gxe": 55, "rpr": 1540.1606143390134, "rprd": 122.85830807679145, "w": 1, "l": 0, "coil": null}, "gen9monotyperandombattle": {"elo": 1098.4476277099645, "gxe": 58.5, "rpr": 1567.4232107471382, "rprd": 106.08752931242533, "w": 3, "l": 1, "coil": null}, "gen9ou": {"elo": 1133.914887379864, "gxe": 48.6, "rpr": 1488.9386381184381, "rprd": 82.22615019632747, "w": 12, "l": 9, "coil": null}, "gen9randombattle": {"elo": 1929.0053599224223, "gxe": 82.3, "rpr": 1790.1926982096402, "rprd": 35.1394072254361, "w": 819, "l": 745, "coil": null}, "gen9randombattleblitz": {"elo": 1087.0572904524342, "gxe": 47.8, "rpr": 1482.3092091845801, "rprd": 122.60931665219366, "w": 4, "l": 3, "coil": null}, "gen9randomdoublesbattle": {"elo": 1133.6841353728923, "gxe": 59.3, "rpr": 1575.2769515682603, "rprd": 121.97581602252401, "w": 5, "l": 1, "coil": null}, "gen9woomodrandombattle": {"elo": 1040, "gxe": 55, "rpr": 1540.1606143388, "rprd": 123.40150317888, "w": 1, "l": 0, "coil": null}}}