{"username": "Osranedupsko", "userid": "osranedupsko", "registertime": 1654041600, "group": 1, "ratings": {"gen8randombattle": {"elo": 1309.9594762362, "gxe": 68.7, "rpr": 1650.6725161166, "rprd": 69.592895369158, "w": 16, "l": 4, "coil": null}, "gen9randombattle": {"elo": 2086.8180317643723, "gxe": 84.6, "rpr": 1821.382431905934, "rprd": 30.641062015989306, "w": 1300, "l": 1121, "coil": null}, "gen9randombattleblitz": {"elo": 1224.5016476112487, "gxe": 52.7, "rpr": 1520.1427545284519, "rprd": 45.12108076994658, "w": 34, "l": 30, "coil": null}, "gen9ru": {"elo": 1106.7512439900197, "gxe": 56.3, "rpr": 1549.0492284885565, "rprd": 88.62891553507234, "w": 5, "l": 4, "coil": 1313.5116985627071}, "gen9uu": {"elo": 1116.8635345797982, "gxe": 52.4, "rpr": 1518.8949284822122, "rprd": 87.9870259563168, "w": 6, "l": 4, "coil": null}}}