{"username": "Padelle", "userid": "padelle", "registertime": 1581897600, "group": 1, "ratings": {"gen1randombattle": {"elo": 1025.744181307604, "gxe": 50, "rpr": 1500, "rprd": 116.77753930629355, "w": 1, "l": 1, "coil": null}, "gen2randombattle": {"elo": 1054.8838913879035, "gxe": 55.1, "rpr": 1541.0146495732504, "rprd": 121.93735044821806, "w": 1, "l": 0, "coil": null}, "gen3randombattle": {"elo": 1000, "gxe": 43.7, "rpr": 1449.2137725264, "rprd": 122.31035679114, "w": 0, "l": 1, "coil": null}, "gen4ou": {"elo": 1022.7946471758, "gxe": 42.1, "rpr": 1437.3817857215, "rprd": 109.90164089319, "w": 1, "l": 3, "coil": null}, "gen4randombattle": {"elo": 1293.1169320376132, "gxe": 74.8, "rpr": 1718.3020139457967, "rprd": 130, "w": 16, "l": 10, "coil": null}, "gen5ou": {"elo": 1116.4223401092804, "gxe": 43.6, "rpr": 1448.853498654892, "rprd": 118.79141001019153, "w": 11, "l": 13, "coil": null}, "gen5randombattle": {"elo": 1390.8020756611156, "gxe": 75.8, "rpr": 1725.8274973042012, "rprd": 111.83845254114227, "w": 26, "l": 11, "coil": null}, "gen6randombattle": {"elo": 1082.9113520488158, "gxe": 60.6, "rpr": 1586.1756547593359, "rprd": 125.21965953248258, "w": 3, "l": 1, "coil": null}, "gen7battlefactory": {"elo": 1136.1526049085, "gxe": 64.8, "rpr": 1619.7895662338, "rprd": 102.96515793795, "w": 5, "l": 1, "coil": null}, "gen7monotypebattlefactory": {"elo": 1101.2869918526, "gxe": 55.7, "rpr": 1544.5413297782, "rprd": 98.734380480529, "w": 4, "l": 2, "coil": null}, "gen7randombattle": {"elo": 1348.7672410189782, "gxe": 67, "rpr": 1638.2074877628327, "rprd": 97.57848700442247, "w": 91, "l": 80, "coil": null}, "gen8almostanyability": {"elo": 1046.5296970851, "gxe": 49.8, "rpr": 1498.6954530805, "rprd": 106.07372949256, "w": 2, "l": 2, "coil": null}, "gen8anythinggoes": {"elo": 1045.1534012567, "gxe": 47.3, "rpr": 1478.400477905, "rprd": 107.06232503979, "w": 2, "l": 2, "coil": null}, "gen8battlefactory": {"elo": 1154.3627374583, "gxe": 45, "rpr": 1456.7127462638, "rprd": 185.26600451976, "w": 15, "l": 21, "coil": null}, "gen8battlestadiumdoublesseries13": {"elo": 1050.1856690575, "gxe": 45.4, "rpr": 1464.1339556107, "rprd": 94.488817101572, "w": 3, "l": 4, "coil": null}, "gen8bdspdoublesou": {"elo": 1105.4486585371, "gxe": 53.9, "rpr": 1531.6775295952, "rprd": 130, "w": 4, "l": 2, "coil": null}, "gen8bdspou": {"elo": 1327.4845481537, "gxe": 55.8, "rpr": 1551.311967626, "rprd": 202.70518578735, "w": 79, "l": 83, "coil": null}, "gen8bdsprandombattle": {"elo": 1167.6906713343, "gxe": 52.6, "rpr": 1519.8916854367, "rprd": 69.477591735523, "w": 49, "l": 47, "coil": null}, "gen8bdspru": {"elo": 1013.2399451689, "gxe": 40.8, "rpr": 1426.7373259892, "rprd": 101.19488805346, "w": 1, "l": 4, "coil": null}, "gen8bdspuu": {"elo": 1065.4648825632, "gxe": 49.6, "rpr": 1496.4738125867, "rprd": 115.6868622334, "w": 5, "l": 5, "coil": null}, "gen8cap": {"elo": 1091.1543790097, "gxe": 58.1, "rpr": 1565.9237462817, "rprd": 130, "w": 9, "l": 9, "coil": null}, "gen8doublesou": {"elo": 1356.232942903, "gxe": 77.8, "rpr": 1745.7307788657, "rprd": 100.67709015868, "w": 15, "l": 1, "coil": null}, "gen8doublesubers": {"elo": 1087.4570411917, "gxe": 51.4, "rpr": 1510.9927159236, "rprd": 105.59650795591, "w": 2, "l": 2, "coil": null}, "gen8lc": {"elo": 1167.408483669, "gxe": 56.2, "rpr": 1547.637977332, "rprd": 72.471157075275, "w": 16, "l": 13, "coil": null}, "gen8monotype": {"elo": 1372.5919048725, "gxe": 65.5, "rpr": 1622.0889781475, "rprd": 60.355800985047, "w": 31, "l": 15, "coil": null}, "gen8monotyperandombattle": {"elo": 1316.8287666616, "gxe": 61.7, "rpr": 1591.8475855358, "rprd": 72.737546962132, "w": 63, "l": 51, "coil": null}, "gen8nationaldexag": {"elo": 1075.93764781, "gxe": 51.1, "rpr": 1508.742800116, "rprd": 130, "w": 2, "l": 1, "coil": null}, "gen8nationaldexmonotype": {"elo": 1042.7266015307, "gxe": 46.5, "rpr": 1472.3745996127, "rprd": 108.1500867041, "w": 2, "l": 2, "coil": null}, "gen8nationaldexuu": {"elo": 1124.8770713482, "gxe": 51.3, "rpr": 1511.5379607344, "rprd": 229.25945367482, "w": 12, "l": 15, "coil": null}, "gen8nfe": {"elo": 1040, "gxe": 55, "rpr": 1540.1606143388, "rprd": 122.8583080769, "w": 1, "l": 0, "coil": null}, "gen8nu": {"elo": 1188.9803061443, "gxe": 50.8, "rpr": 1506.4729100583, "rprd": 71.185076840465, "w": 15, "l": 14, "coil": null}, "gen8ou": {"elo": 1384.9836371588, "gxe": 59.4, "rpr": 1581.9825473887, "rprd": 193.86335003295, "w": 231, "l": 219, "coil": null}, "gen8oublitz": {"elo": 1048.4322978519, "gxe": 52.2, "rpr": 1517.0127067066, "rprd": 106.42433846912, "w": 3, "l": 2, "coil": null}, "gen8pu": {"elo": 1132.852718379, "gxe": 54.7, "rpr": 1536.6457868289, "rprd": 87.797061745213, "w": 11, "l": 10, "coil": null}, "gen8randombattle": {"elo": 1307.4452768361346, "gxe": 43.7, "rpr": 1450.0210124288574, "rprd": 117.99118138329527, "w": 516, "l": 498, "coil": null}, "gen8randombattleblitz": {"elo": 1000, "gxe": 41, "rpr": 1427.4328741711, "rprd": 116.77753930647, "w": 0, "l": 2, "coil": null}, "gen8randombattlenodmax": {"elo": 1042.8929549546, "gxe": 51.2, "rpr": 1509.8442612523, "rprd": 117.55576093955, "w": 1, "l": 1, "coil": null}, "gen8randomdoublesbattle": {"elo": 1239.4674946764, "gxe": 57, "rpr": 1563.2248370499, "rprd": 218.42866977418, "w": 29, "l": 22, "coil": null}, "gen8revelationmons": {"elo": 1046.3084073538, "gxe": 44.7, "rpr": 1457.8586124896, "rprd": 111.01186699411, "w": 1, "l": 2, "coil": null}, "gen8ru": {"elo": 1031.7838618805, "gxe": 25.5, "rpr": 1290.107107545, "rprd": 100.66438873464, "w": 3, "l": 16, "coil": null}, "gen8superstaffbros4": {"elo": 1000, "gxe": 47, "rpr": 1475.6067503422, "rprd": 123.51198834305, "w": 0, "l": 1, "coil": null}, "gen8ubers": {"elo": 1000, "gxe": 42.2, "rpr": 1437.0242116274, "rprd": 123.41093694661, "w": 0, "l": 0, "coil": null}, "gen8uu": {"elo": 1117.7432377474, "gxe": 42.1, "rpr": 1430.5332662457, "rprd": 202.32654211602, "w": 12, "l": 21, "coil": null}, "gen8vgc2021series11": {"elo": 1000, "gxe": 34.3, "rpr": 1371.7937399833, "rprd": 111.67330857779, "w": 0, "l": 3, "coil": null}, "gen8vgc2022": {"elo": 1080.8925620782, "gxe": 45.9, "rpr": 1463.1419428532, "rprd": 224.04293338389, "w": 19, "l": 18, "coil": null}, "gen8zu": {"elo": 1000, "gxe": 37.3, "rpr": 1396.9760603406, "rprd": 118.6086138835, "w": 0, "l": 2, "coil": null}, "gen91v1factory": {"elo": 1163.9384628661974, "gxe": 58, "rpr": 1562.189554111174, "rprd": 84.3693098044808, "w": 8, "l": 4, "coil": null}, "gen9battlefactory": {"elo": 1089.8910739088114, "gxe": 46.3, "rpr": 1470.7876930105956, "rprd": 121.99764585819699, "w": 5, "l": 5, "coil": null}, "gen9computergeneratedteams": {"elo": 1039.2953887683, "gxe": 52, "rpr": 1515.5449289934, "rprd": 117.47770790426, "w": 1, "l": 1, "coil": null}, "gen9donotuserandombattle": {"elo": 1075.5005843116, "gxe": 53.3, "rpr": 1525.6980580301, "rprd": 96.688072286294, "w": 4, "l": 3, "coil": null}, "gen9lc": {"elo": 1034.9966018508, "gxe": 45.4, "rpr": 1463.8006076765, "rprd": 102.77486273721, "w": 2, "l": 3, "coil": null}, "gen9monotyperandombattle": {"elo": 1261.827911335613, "gxe": 48.2, "rpr": 1485.605562016034, "rprd": 102.80572199441197, "w": 90, "l": 75, "coil": null}, "gen9nu": {"elo": 1062.708120807435, "gxe": 46, "rpr": 1467.4776129186182, "rprd": 130, "w": 2, "l": 2, "coil": 547.0352729012517}, "gen9ou": {"elo": 1400.7705869187778, "gxe": 58.6, "rpr": 1566.9546645657406, "rprd": 69.73660418699681, "w": 97, "l": 92, "coil": null}, "gen9pokebilities": {"elo": 1046.6011757166505, "gxe": 41.5, "rpr": 1434.6158918829547, "rprd": 56.7965196915395, "w": 15, "l": 21, "coil": null}, "gen9pu": {"elo": 1015.3600179962, "gxe": 44.9, "rpr": 1459.4276733217, "rprd": 111.17085763721, "w": 1, "l": 2, "coil": 356.3715361668608}, "gen9randombattle": {"elo": 1946.7060016971525, "gxe": 81.3, "rpr": 1777.438115999701, "rprd": 38.251727237436945, "w": 2056, "l": 1842, "coil": null}, "gen9ru": {"elo": 1088.474159203354, "gxe": 49.7, "rpr": 1497.437246182669, "rprd": 130, "w": 5, "l": 4,