{"username": "pandadogunited", "userid": "pandadogunited", "registertime": 1712620800, "group": 1, "ratings": {"gen6tripleschallengecup": {"elo": 1049.5551125454128, "gxe": 55, "rpr": 1540.1606143390134, "rprd": 122.85830807679145, "w": 1, "l": 0, "coil": null}, "gen7randombattle": {"elo": 1050.6883469921509, "gxe": 53.7, "rpr": 1529.9696471861018, "rprd": 122.5431037122292, "w": 1, "l": 0, "coil": null}, "gen91v1": {"elo": 1000, "gxe": 44.7, "rpr": 1457.7784485648876, "rprd": 121.96204696037438, "w": 0, "l": 1, "coil": null}, "gen9battlefactory": {"elo": 1000, "gxe": 29.9, "rpr": 1332.3853029991465, "rprd": 102.24360409111178, "w": 0, "l": 6, "coil": null}, "gen9challengecup1v1": {"elo": 1054.0201156613084, "gxe": 42.4, "rpr": 1439.4444663960812, "rprd": 111.19986371659245, "w": 1, "l": 2, "coil": null}, "gen9monotype": {"elo": 1069.8908796555957, "gxe": 43.8, "rpr": 1451.6318122674468, "rprd": 94.9494123520033, "w": 25, "l": 23, "coil": 1702.1239609011175}, "gen9monotyperandombattle": {"elo": 1132.6704566766323, "gxe": 57.5, "rpr": 1558.0085346875899, "rprd": 71.83060795910046, "w": 11, "l": 7, "coil": null}, "gen9ou": {"elo": 1330.4839129576262, "gxe": 61.5, "rpr": 1589.0848245895465, "rprd": 53.97121403647201, "w": 25, "l": 13, "coil": null}, "gen9randombattle": {"elo": 1911.207715377559, "gxe": 82.4, "rpr": 1791.8265053590771, "rprd": 37.66776883935005, "w": 3806, "l": 3660, "coil": null}, "gen9randombattleblitz": {"elo": 1068.6223591246994, "gxe": 48.5, "rpr": 1488.0246474282437, "rprd": 106.62383865288363, "w": 2, "l": 2, "coil": null}, "gen9randombattlemayhem": {"elo": 1000, "gxe": 46.2, "rpr": 1469.3616361988484, "rprd": 122.43812968106474, "w": 0, "l": 1, "coil": null}, "gen9randombattlesharedpowerb12p6": {"elo": 1083.7035518007967, "gxe": 57.5, "rpr": 1559.8012530224853, "rprd": 115.91717559147665, "w": 2, "l": 0, "coil": null}, "gen9randomdoublesbattle": {"elo": 1262.9496996077614, "gxe": 58.7, "rpr": 1567.69709428, "rprd": 77.28552258278107, "w": 31, "l": 23, "coil": null}, "gen9ru": {"elo": 1029.4115674528111, "gxe": 45.4, "rpr": 1463.590808531395, "rprd": 110.94287919867902, "w": 1, "l": 2, "coil": 360.34003879678124}, "gen9uu": {"elo": 1068.2329508625467, "gxe": 46.2, "rpr": 1470.309182266845, "rprd": 106.77885289412009, "w": 2, "l": 2, "coil": null}}}