{"username": "PapaPatzy24", "userid": "papapatzy24", "registertime": 1596153600, "group": 1, "ratings": {"gen6firstbloodrandombattle": {"elo": 1000, "gxe": 45, "rpr": 1459.8393856609866, "rprd": 122.85830807679145, "w": 0, "l": 1, "coil": null}, "gen8bdsprandombattle": {"elo": 1045.9689799987, "gxe": 54.4, "rpr": 1534.9007087572, "rprd": 122.93731796373, "w": 1, "l": 0, "coil": null}, "gen8bssfactory": {"elo": 1049.8147180927, "gxe": 47.6, "rpr": 1480.9278333831, "rprd": 129.84921808675, "w": 2, "l": 4, "coil": null}, "gen8cap1v1": {"elo": 1000, "gxe": 45.1, "rpr": 1460.8525725526, "rprd": 122.15439963469, "w": 0, "l": 1, "coil": null}, "gen8challengecup1v1": {"elo": 1103.7861866081, "gxe": 54.5, "rpr": 1535.4701329621, "rprd": 112.92439025468, "w": 3, "l": 2, "coil": null}, "gen8doublesou": {"elo": 1153.9580532932, "gxe": 64, "rpr": 1630.5820922248, "rprd": 230.59208323918, "w": 7, "l": 1, "coil": null}, "gen8doublesuu": {"elo": 1317.9678625013, "gxe": 76.3, "rpr": 1738.7024074457, "rprd": 143.13977884248, "w": 14, "l": 2, "coil": null}, "gen8metronomebattle": {"elo": 1085.0996193271, "gxe": 52.1, "rpr": 1516.3796215898, "rprd": 106.8063957116, "w": 2, "l": 2, "coil": null}, "gen8monotyperandombattle": {"elo": 1489.3482946004, "gxe": 72.6, "rpr": 1684.3106117383, "rprd": 42.596225855641, "w": 196, "l": 165, "coil": null}, "gen8ou": {"elo": 1113.0979529469, "gxe": 50.4, "rpr": 1503.2731638876, "rprd": 92.194798967794, "w": 7, "l": 4, "coil": null}, "gen8randombattle": {"elo": 1399.9975696386, "gxe": 78.1, "rpr": 1783.5411946968, "rprd": 219.38803373673, "w": 481, "l": 390, "coil": null}, "gen8randomdoublesbattle": {"elo": 1481.5513052389, "gxe": 65.6, "rpr": 1643.3850622014, "rprd": 212.75926719336, "w": 176, "l": 146, "coil": null}, "gen8ubers": {"elo": 1353.8065381818, "gxe": 65.8, "rpr": 1647.5013131987, "rprd": 223.8219687744, "w": 40, "l": 26, "coil": null}, "gen9challengecup1v1": {"elo": 1099.9487736809, "gxe": 57, "rpr": 1555.0947954465, "rprd": 104.31779869057, "w": 4, "l": 2, "coil": null}, "gen9challengecup2v2": {"elo": 1045.9416725261, "gxe": 55, "rpr": 1540.1606143388, "rprd": 122.8583080769, "w": 1, "l": 0, "coil": null}, "gen9monotyperandombattle": {"elo": 1049.718523059671, "gxe": 50.5, "rpr": 1504.293592835177, "rprd": 116.94653567972021, "w": 1, "l": 1, "coil": null}, "gen9ou": {"elo": 1249.810657129205, "gxe": 52, "rpr": 1515.268731516216, "rprd": 63.37690917347373, "w": 64, "l": 57, "coil": null}, "gen9randombattle": {"elo": 2090.912008137565, "gxe": 86.5, "rpr": 1850.7244575108266, "rprd": 32.523535379842066, "w": 2200, "l": 1893, "coil": null}}}