{"username": "papagaio69", "userid": "papagaio69", "registertime": 1715040000, "group": 1, "ratings": {"gen7randombattle": {"elo": 1207.1117608443826, "gxe": 55.7, "rpr": 1543.498241964254, "rprd": 62.60879007199885, "w": 17, "l": 10, "coil": null}, "gen8randombattle": {"elo": 1056.3448265137743, "gxe": 55, "rpr": 1539.7107140099147, "rprd": 122.03286480973874, "w": 1, "l": 0, "coil": null}, "gen9350cup": {"elo": 1000, "gxe": 46.7, "rpr": 1473.825154062308, "rprd": 123.3766478751441, "w": 0, "l": 1, "coil": null}, "gen9biomechmons": {"elo": 1082.1823745662782, "gxe": 59.2, "rpr": 1574.1902702591378, "rprd": 116.11564321059505, "w": 2, "l": 0, "coil": null}, "gen9crossevolution": {"elo": 1059.6801515217635, "gxe": 54.2, "rpr": 1533.089178361249, "rprd": 111.51861011315509, "w": 2, "l": 1, "coil": null}, "gen9godlygift": {"elo": 1040, "gxe": 45.8, "rpr": 1466.910821638751, "rprd": 111.51861011315509, "w": 1, "l": 2, "coil": null}, "gen9hackmonscup": {"elo": 1000, "gxe": 44.5, "rpr": 1455.5623104820042, "rprd": 122.54580800832967, "w": 0, "l": 1, "coil": null}, "gen9randombattle": {"elo": 1731.2570214409766, "gxe": 77.5, "rpr": 1733.057200441158, "rprd": 27.617634280485916, "w": 2768, "l": 2638, "coil": null}, "gen9randombattleblitz": {"elo": 1000, "gxe": 45, "rpr": 1459.8393856609866, "rprd": 122.85830807679145, "w": 0, "l": 1, "coil": null}}}