{"username": "paradixx", "userid": "paradixx", "registertime": 1665792000, "group": 1, "ratings": {"gen3randombattle": {"elo": 1080.4258643722765, "gxe": 51.9, "rpr": 1514.756363164164, "rprd": 78.53875444918455, "w": 18, "l": 17, "coil": null}, "gen8randombattle": {"elo": 1139.7805990983, "gxe": 58.3, "rpr": 1565.4169433661, "rprd": 99.074479862485, "w": 0, "l": 0, "coil": null}, "gen9randombattle": {"elo": 1801.817146131597, "gxe": 74.6, "rpr": 1702.9877782466513, "rprd": 32.38069443133289, "w": 1391, "l": 1296, "coil": null}}}