{"username": "PartyTrain9", "userid": "partytrain9", "registertime": 1746489600, "group": 1, "ratings": {"gen9randombattle": {"elo": 1904.6473834471478, "gxe": 82.9, "rpr": 1797.3501863346303, "rprd": 30.30271555228975, "w": 1157, "l": 1044, "coil": null}}}