{"username": "pastorulipal", "userid": "pastorulipal", "registertime": 1405900800, "group": 1, "ratings": {"challengecup1v1": {"elo": 1184.092670913, "gxe": 59.2, "rpr": 1572.337006999, "rprd": 88.288045830337, "w": 62, "l": 45, "coil": null}, "gen1ou": {"elo": 1052.2888944214, "gxe": 36.6, "rpr": 1390.7014282322, "rprd": 119.58908697395, "w": 2, "l": 8, "coil": null}, "gen1randombattle": {"elo": 1107.3257847057, "gxe": 49.6, "rpr": 1496.5328953583, "rprd": 113.53752301342, "w": 7, "l": 7, "coil": null}, "gen2ou": {"elo": 1067.1466636733, "gxe": 48.4, "rpr": 1487.1458830315, "rprd": 130, "w": 1, "l": 3, "coil": null}, "gen2randombattle": {"elo": 1153.5253461172, "gxe": 72, "rpr": 1686.9701733726, "rprd": 113.60950532989, "w": 6, "l": 3, "coil": null}, "gen3ou": {"elo": 1000, "gxe": 35.1, "rpr": 1376.6573800606, "rprd": 130, "w": 0, "l": 3, "coil": null}, "gen3randombattle": {"elo": 1418.1242017046, "gxe": 77.3, "rpr": 1738.4992778971, "rprd": 89.982995788966, "w": 31, "l": 13, "coil": null}, "gen4ou": {"elo": 1123.7843191598, "gxe": 47.9, "rpr": 1483.2370526335, "rprd": 130, "w": 5, "l": 4, "coil": null}, "gen4randombattle": {"elo": 1389.2283245829, "gxe": 76.6, "rpr": 1727.8944029454, "rprd": 73.89702045429, "w": 26, "l": 12, "coil": null}, "gen5ou": {"elo": 1052.5600513049, "gxe": 55, "rpr": 1540.155363813, "rprd": 122.36229491213, "w": 1, "l": 0, "coil": null}, "gen5randombattle": {"elo": 1392.0508644825, "gxe": 73.3, "rpr": 1691.1955203327, "rprd": 45.313839770491, "w": 66, "l": 39, "coil": null}, "gen6ou": {"elo": 1189.5293152933, "gxe": 68, "rpr": 1650.2700242298, "rprd": 122.5408808411, "w": 10, "l": 3, "coil": null}, "gen6randombattle": {"elo": 1499.9565741067, "gxe": 78.1, "rpr": 1755.5028341002, "rprd": 131.19498194548, "w": 180, "l": 102, "coil": null}, "gen7letsgorandombattle": {"elo": 1048.3248255489, "gxe": 54.3, "rpr": 1534.1517865758, "rprd": 122.26051445923, "w": 1, "l": 0, "coil": null}, "gen7ou": {"elo": 1235.860063395, "gxe": 54.8, "rpr": 1538.3425694889, "rprd": 118.41177678076, "w": 24, "l": 15, "coil": null}, "gen7randombattle": {"elo": 1499.6781467876, "gxe": 77.4, "rpr": 1772.0715961356, "rprd": 212.5310613882, "w": 4866, "l": 4517, "coil": null}, "gen7randomdoublesbattle": {"elo": 1112.165162185, "gxe": 56.5, "rpr": 1552.0297243134, "rprd": 122.36876538966, "w": 5, "l": 5, "coil": null}, "gen7ubers": {"elo": 1365.003666839, "gxe": 78.5, "rpr": 1759.8047424239, "rprd": 127.14287087142, "w": 17, "l": 2, "coil": null}, "gen7uu": {"elo": 1051.7697836444, "gxe": 50.1, "rpr": 1500.5365840755, "rprd": 115.86930515092, "w": 1, "l": 1, "coil": null}, "gen8lc": {"elo": 1229.6450076247, "gxe": 61.1, "rpr": 1589.5007581767, "rprd": 115.10556034943, "w": 71, "l": 84, "coil": null}, "gen8monotype": {"elo": 1043.844529091, "gxe": 52.3, "rpr": 1518.1448496965, "rprd": 124.49623080746, "w": 1, "l": 0, "coil": null}, "gen8monotyperandombattle": {"elo": 1482.8226242673, "gxe": 72.4, "rpr": 1689.3356345251, "rprd": 105.09759165418, "w": 164, "l": 114, "coil": null}, "gen8nationaldexag": {"elo": 1074.0652852974, "gxe": 58.6, "rpr": 1569.191668655, "rprd": 116.45279076434, "w": 2, "l": 0, "coil": null}, "gen8nu": {"elo": 1178.207359016, "gxe": 60.3, "rpr": 1583.5911387829, "rprd": 124.22130647715, "w": 33, "l": 33, "coil": null}, "gen8ou": {"elo": 1304.7872540848, "gxe": 58.4, "rpr": 1568.1565533194, "rprd": 128.43966135763, "w": 38, "l": 28, "coil": null}, "gen8oublitz": {"elo": 1040, "gxe": 55, "rpr": 1540.1606143388, "rprd": 122.8583080769, "w": 1, "l": 0, "coil": null}, "gen8pu": {"elo": 1144.4986492019, "gxe": 53.3, "rpr": 1526.7854715143, "rprd": 130, "w": 26, "l": 24, "coil": null}, "gen8randombattle": {"elo": 1432.9027465973, "gxe": 81.8, "rpr": 1810.5974216374, "rprd": 157.87978780471, "w": 3650, "l": 3107, "coil": null}, "gen8ru": {"elo": 1093.9698283424, "gxe": 49, "rpr": 1492.2448814013, "rprd": 130, "w": 30, "l": 28, "coil": null}, "gen8ubers": {"elo": 1260.6016330774, "gxe": 59.9, "rpr": 1590.8329775461, "rprd": 232.6175637596, "w": 37, "l": 23, "coil": null}, "gen8uu": {"elo": 1180.1555826718, "gxe": 56.8, "rpr": 1554.6931949058, "rprd": 130, "w": 31, "l": 26, "coil": null}, "gen8zu": {"elo": 1115.9475236065, "gxe": 48.6, "rpr": 1488.3947863446, "rprd": 127.0613469916, "w": 21, "l": 35, "coil": null}, "gen9randombattle": {"elo": 2040.5048715363416, "gxe": 86.2, "rpr": 1846.428612292874, "rprd": 37.515399489108, "w": 3465, "l": 3180, "coil": null}, "randomdoublesbattle": {"elo": 1070.1028089042, "gxe": 58, "rpr": 1564.8271301958, "rprd": 121.99564005088, "w": 2, "l": 0, "coil": null}, "randomtriplesbattle": {"elo": 1040, "gxe": 55, "rpr": 1540.1606143388, "rprd": 122.8583080769, "w": 1, "l": 0, "coil": null}}}