{"username": "pavy109", "userid": "pavy109", "registertime": 1754438400, "group": 1, "ratings": {"gen9randombattle": {"elo": 1446.8876279021977, "gxe": 60.2, "rpr": 1578.4425973529303, "rprd": 41.02576098967352, "w": 459, "l": 445, "coil": null}}}