{"username": "Pedromestrers", "userid": "pedromestrers", "registertime": 1702771200, "group": 1, "ratings": {"gen1randombattle": {"elo": 1098.2641723623, "gxe": 52.5, "rpr": 1518.9821311992, "rprd": 58.158509153249, "w": 36, "l": 37, "coil": null}, "gen3randombattle": {"elo": 1104.0300206964, "gxe": 56, "rpr": 1546.6455719055, "rprd": 87.897110349968, "w": 7, "l": 5, "coil": null}, "gen4randombattle": {"elo": 1055.8581017623, "gxe": 52.9, "rpr": 1523.2740411373, "rprd": 110.91043285208, "w": 2, "l": 1, "coil": null}, "gen5randombattle": {"elo": 1000, "gxe": 34.3, "rpr": 1369.1411731657, "rprd": 130, "w": 0, "l": 2, "coil": null}, "gen6ou": {"elo": 1000, "gxe": 45.2, "rpr": 1461.3522632241, "rprd": 122.13145451297, "w": 0, "l": 1, "coil": null}, "gen6randombattle": {"elo": 1233.5620484344881, "gxe": 57.4, "rpr": 1556.8840790759814, "rprd": 60.95927004146635, "w": 122, "l": 121, "coil": null}, "gen7battlefactory": {"elo": 1177.0970671171, "gxe": 65.2, "rpr": 1638.4254200536, "rprd": 210.33877765383, "w": 7, "l": 3, "coil": null}, "gen7randombattle": {"elo": 1141.7389176367185, "gxe": 43.3, "rpr": 1447.530670196073, "rprd": 84.58587169038319, "w": 24, "l": 19, "coil": null}, "gen81v1": {"elo": 1075.8491728307, "gxe": 55.5, "rpr": 1550.5795178148, "rprd": 233.06365152794, "w": 4, "l": 2, "coil": null}, "gen8battlestadiumsingles": {"elo": 1007.9197690662, "gxe": 26.6, "rpr": 1304.5824060719, "rprd": 74.103237581923, "w": 3, "l": 14, "coil": null}, "gen8bdsprandombattle": {"elo": 1000, "gxe": 43, "rpr": 1443.5324841691, "rprd": 122.85206153158, "w": 0, "l": 1, "coil": null}, "gen8bssfactory": {"elo": 1069.5120111318, "gxe": 48.8, "rpr": 1490.6830835083, "rprd": 114.5441065478, "w": 5, "l": 5, "coil": null}, "gen8challengecup1v1": {"elo": 1051.5033675488, "gxe": 46.3, "rpr": 1470.386718452, "rprd": 110.53097827388, "w": 1, "l": 2, "coil": null}, "gen8firstblood": {"elo": 1000, "gxe": 31, "rpr": 1342.945816768, "rprd": 99.186710102519, "w": 0, "l": 6, "coil": null}, "gen8monotype": {"elo": 1155.9155198612, "gxe": 46.5, "rpr": 1472.6623764095, "rprd": 108.7356202873, "w": 20, "l": 23, "coil": null}, "gen8monotyperandombattle": {"elo": 1076.1114100174, "gxe": 36.8, "rpr": 1394.761291106, "rprd": 90.957707318122, "w": 14, "l": 20, "coil": null}, "gen8nationaldexmonotype": {"elo": 1025.2348413819, "gxe": 50.4, "rpr": 1502.8818139554, "rprd": 116.39937933978, "w": 1, "l": 1, "coil": null}, "gen8ou": {"elo": 1086.2540810513, "gxe": 35.9, "rpr": 1389.1854461066, "rprd": 69.845293586969, "w": 34, "l": 37, "coil": null}, "gen8oublitz": {"elo": 1000, "gxe": 45, "rpr": 1459.8393856612, "rprd": 122.8583080769, "w": 0, "l": 1, "coil": null}, "gen8randombattle": {"elo": 1202.4938461034453, "gxe": 51.1, "rpr": 1509.0717005343774, "rprd": 122.99808610880093, "w": 17, "l": 13, "coil": null}, "gen8randomdoublesbattle": {"elo": 1143.9589973593, "gxe": 51.4, "rpr": 1511.0797624877, "rprd": 101.55624367231, "w": 12, "l": 15, "coil": null}, "gen8superstaffbros4": {"elo": 1070.1028089042, "gxe": 59, "rpr": 1572.5671258289, "rprd": 116.77753930647, "w": 2, "l": 0, "coil": null}, "gen8ubers": {"elo": 1111.1569569142, "gxe": 47.8, "rpr": 1480.1112276698, "rprd": 223.93952009639, "w": 64, "l": 68, "coil": null}, "gen8waterparadise": {"elo": 1101.1921751981, "gxe": 56.7, "rpr": 1552.4714352024, "rprd": 99.266707141708, "w": 4, "l": 2, "coil": null}, "gen9balancedhackmons": {"elo": 1000, "gxe": 38.6, "rpr": 1408.1131342929991, "rprd": 111.14239596586039, "w": 0, "l": 3, "coil": null}, "gen9championsou": {"elo": 1080.2606821009788, "gxe": 45.7, "rpr": 1465.867099460266, "rprd": 107.92393356549321, "w": 2, "l": 2, "coil": null}, "gen9championsrandombattle": {"elo": 1077.8487422011274, "gxe": 53.6, "rpr": 1528.1351692769708, "rprd": 102.83219891021805, "w": 3, "l": 2, "coil": null}, "gen9championsvgc2026regma": {"elo": 1152.8789363619626, "gxe": 50.6, "rpr": 1504.5868299142248, "rprd": 81.32600384625252, "w": 8, "l": 5, "coil": null}, "gen9championsvgc2026regmabo3": {"elo": 1102.5398115320302, "gxe": 60.9, "rpr": 1587.350171944369, "rprd": 112.34927430181165, "w": 3, "l": 0, "coil": null}, "gen9godlygiftrandombattle": {"elo": 1033.617778173169, "gxe": 51.2, "rpr": 1509.2450365873765, "rprd": 116.49756680902364, "w": 1, "l": 1, "coil": null}, "gen9monotyperandombattle": {"elo": 1024.0057215419895, "gxe": 38.1, "rpr": 1406.6491733175758, "rprd": 79.74166981447709, "w": 4, "l": 9, "coil": null}, "gen9nu": {"elo": 1148.2536736552718, "gxe": 55, "rpr": 1539.0225683875178, "rprd": 83.13998929871043, "w": 7, "l": 5, "coil": 1468.3238395870378}, "gen9ou": {"elo": 1075.3746285578923, "gxe": 49.6, "rpr": 1496.878262206834, "rprd": 102.6084516998178, "w": 3, "l": 2, "coil": null}, "gen9pu": {"elo": 1124.3010593216973, "gxe": 46.7, "rpr": 1474.5655652742075, "rprd": 69.05400358442893, "w": 10, "l": 11, "coil": 1482.6325825382985}, "gen9randombattle": {"elo": 1583.6277142675156, "gxe": 66, "rpr": 1625.0297457592, "rprd": 37.95036149107664, "w": 239, "l": 222, "coil": null}, "gen9randombattleblitz": {"elo": 1000, "gxe": 37.6, "rpr": 1398.2877720801703, "rprd": 129.3595599380154, "w": 0, "l": 2, "coil": null}, "gen9randomdoublesbattle": {"elo": 1061.0497443806894, "gxe": 54.2, "rpr": 1533.089178361249, "rprd": 111.51861011315509, "w": 2, "l": 1, "coil": null}, "gen9vgc2024reghbo3": {"elo": 1087.566132203402, "gxe": 37.4, "rpr": 1399.975460895621, "rprd": 84.554019003017, "w": 4, "l": 7, "coil": null}, "gen9vgc2025reggbo3": {"elo": 1053.2004694724424, "gxe": 46.3, "rpr": 1471.530470776072, "rprd": 56.54694085577682, "w": 17, "l": 17, "coil": null}, "gen9vgc2025regibo3": {"elo": 1114.2356323538477, "gxe": 43, "rpr": 1446.017287524944, "rprd": 66.64365363109239, "w": 11, "l": 13, "coil": null}, "gen9vgc2026regf": {"elo": 1046.561359793517, "gxe": 52.2, "rpr": 1517.2526291184004, "rprd": 124.79719132216857, "w": 1, "l": 0, "coil": null}, "gen9vgc2026regfbo3": {"elo": 1088.7885246519331, "gxe": 40.2, "rpr": 1422.5515255805315, "rprd": 88.27368994720213, "w": 4, "l": 6, "coil": null}}}