{"username": "Penny_12345", "userid": "penny12345", "registertime": 1745625600, "group": 1, "ratings": {"gen6randombattle": {"elo": 1074.5272895028122, "gxe": 54.9, "rpr": 1538.6206244082862, "rprd": 102.11170462731947, "w": 0, "l": 0, "coil": null}, "gen7ou": {"elo": 1000, "gxe": 26.8, "rpr": 1304.4704056610717, "rprd": 91.65345550331922, "w": 0, "l": 8, "coil": null}, "gen9nationaldex": {"elo": 1133.4027393973363, "gxe": 42.4, "rpr": 1441.688726839726, "rprd": 45.93277060185108, "w": 23, "l": 20, "coil": null}, "gen9nationaldexubers": {"elo": 1097.6936164628837, "gxe": 42.1, "rpr": 1438.5730538548862, "rprd": 83.77423316152966, "w": 7, "l": 7, "coil": null}, "gen9ou": {"elo": 1044.6499639750218, "gxe": 38.9, "rpr": 1413.6236357424696, "rprd": 57.305368199686676, "w": 17, "l": 20, "coil": null}, "gen9randombattle": {"elo": 1448.9594962504316, "gxe": 49.8, "rpr": 1498.5935711668549, "rprd": 32.07570866936143, "w": 237, "l": 280, "coil": null}, "gen9randomdoublesbattle": {"elo": 1008.2355434344574, "gxe": 41.3, "rpr": 1431.1976707483248, "rprd": 106.25370097298294, "w": 1, "l": 3, "coil": null}}}