{"username": "perichor", "userid": "perichor", "registertime": 1679270400, "group": 1, "ratings": {"gen1randombattle": {"elo": 1070.1028089042, "gxe": 49.6, "rpr": 1496.8717322414, "rprd": 106.04834751373, "w": 2, "l": 2, "coil": null}, "gen5pokebilitiesrandombattle": {"elo": 1269.1041454599128, "gxe": 68.9, "rpr": 1652.1325919670342, "rprd": 64.77672297930901, "w": 19, "l": 8, "coil": null}, "gen7randombattleapexabilities": {"elo": 1393.613308994851, "gxe": 64.5, "rpr": 1613.2521923472773, "rprd": 36.855880788685496, "w": 53, "l": 37, "coil": null}, "gen9babyrandombattle": {"elo": 1392.7170435215255, "gxe": 75, "rpr": 1719.5648041460443, "rprd": 122.27972329066642, "w": 103, "l": 50, "coil": null}, "gen9brokencup": {"elo": 1049.1794659868385, "gxe": 50.3, "rpr": 1502.25803098355, "rprd": 121.92279589474649, "w": 1, "l": 1, "coil": null}, "gen9caprandombattle": {"elo": 1180.1603097380212, "gxe": 64.8, "rpr": 1616.3485711348576, "rprd": 52.38738348941102, "w": 30, "l": 16, "coil": null}, "gen9challengecup1v1": {"elo": 1326.45576999, "gxe": 68.4, "rpr": 1654.3173850314, "rprd": 123.58172431602, "w": 28, "l": 8, "coil": null}, "gen9challengecup2v2": {"elo": 1064.9405435318124, "gxe": 57.8, "rpr": 1562.779917492795, "rprd": 123.37235270842064, "w": 1, "l": 0, "coil": null}, "gen9championsou": {"elo": 1372.6060481512593, "gxe": 67.5, "rpr": 1637.8987492886731, "rprd": 36.927035404939964, "w": 76, "l": 58, "coil": null}, "gen9chimera1v1randombattle": {"elo": 1101.067271192573, "gxe": 46.1, "rpr": 1470.0226981889537, "rprd": 72.72660845942944, "w": 8, "l": 10, "coil": null}, "gen9hackmonscup": {"elo": 1560.677320710034, "gxe": 78, "rpr": 1738.94599460464, "rprd": 27.58755003333549, "w": 680, "l": 412, "coil": null}, "gen9lc": {"elo": 1392.0703709049315, "gxe": 74.2, "rpr": 1707.1838558597756, "rprd": 101.95207659138045, "w": 41, "l": 19, "coil": null}, "gen9metronomebattle": {"elo": 1276.7650838730203, "gxe": 62.9, "rpr": 1599.8781325120567, "rprd": 44.443647307934896, "w": 121, "l": 91, "coil": null}, "gen9monotype": {"elo": 1298.5172340864674, "gxe": 59.2, "rpr": 1570.6513028940615, "rprd": 56.51929002759266, "w": 24, "l": 13, "coil": 2280.9187033106896}, "gen9monotyperandombattle": {"elo": 1380.7634413790179, "gxe": 75.5, "rpr": 1716.2588647073185, "rprd": 71.9325645653198, "w": 17, "l": 4, "coil": null}, "gen9nu": {"elo": 1399.1625555341, "gxe": 71.3, "rpr": 1677.7945078374, "rprd": 100.15947954207, "w": 90, "l": 53, "coil": 2756.8541280791896}, "gen9ou": {"elo": 1547.6167052848182, "gxe": 74.2, "rpr": 1701.3963990820437, "rprd": 60.86341493292235, "w": 47, "l": 22, "coil": null}, "gen9pu": {"elo": 1499.1564542774, "gxe": 82.8, "rpr": 1807.9519515643, "rprd": 100.21118546533, "w": 37, "l": 11, "coil": 2993.574842351327}, "gen9randombattle": {"elo": 2039.246258908149, "gxe": 85, "rpr": 1826.9694705487598, "rprd": 34.33729603346994, "w": 957, "l": 758, "coil": null}, "gen9randombattlesharedpowerb12p6": {"elo": 1103.6322124743365, "gxe": 57.4, "rpr": 1558.976050774597, "rprd": 105.26093323671506, "w": 3, "l": 1, "coil": null}, "gen9ru": {"elo": 1353.4207969245942, "gxe": 65.2, "rpr": 1619.927498690237, "rprd": 66.82825025763472, "w": 92, "l": 58, "coil": 2524.9891751233586}, "gen9sixbysixrandombattle": {"elo": 1040, "gxe": 55, "rpr": 1540.1606143390134, "rprd": 122.85830807679145, "w": 1, "l": 0, "coil": null}, "gen9ubers": {"elo": 1308.4488711287638, "gxe": 73.3, "rpr": 1694.9484339272801, "rprd": 82.42497615738809, "w": 13, "l": 1, "coil": null}, "gen9uu": {"elo": 1221.0405474015506, "gxe": 74.1, "rpr": 1706.6072182453843, "rprd": 106.04663132392207, "w": 9, "l": 1, "coil": null}, "gen9zu": {"elo": 1138.4677161539619, "gxe": 51.3, "rpr": 1510.4863268978813, "rprd": 98.72202618404302, "w": 68, "l": 49, "coil": 2003.944699540505}}}