{"username": "phivu", "userid": "phivu", "registertime": 1685232000, "group": 1, "ratings": {"gen8randombattle": {"elo": 1147.001754489, "gxe": 66.5, "rpr": 1634.4046483439, "rprd": 102.83910783087, "w": 5, "l": 0, "coil": null}, "gen9battlefactory": {"elo": 1067.5670598602, "gxe": 49.6, "rpr": 1497.0016420684, "rprd": 163.09092190931, "w": 5, "l": 5, "coil": null}, "gen9championsrandombattle": {"elo": 1000, "gxe": 41, "rpr": 1427.3934495905378, "rprd": 116.8353669833581, "w": 0, "l": 2, "coil": null}, "gen9ou": {"elo": 1344.563811235163, "gxe": 68.5, "rpr": 1656.4651957143708, "rprd": 130, "w": 15, "l": 3, "coil": null}, "gen9randombattle": {"elo": 2155.8807735228, "gxe": 86.9, "rpr": 1856.2519870689, "rprd": 29.114877781837, "w": 1809, "l": 1538, "coil": null}, "gen9ru": {"elo": 1069.9566931490865, "gxe": 53.6, "rpr": 1528.5737957141864, "rprd": 110.83388656963642, "w": 2, "l": 1, "coil": 425.42348192747744}}}