{"username": "phoenix666666", "userid": "phoenix666666", "registertime": 1759190400, "group": 1, "ratings": {"gen9ou": {"elo": 1043.6976919852016, "gxe": 53.6, "rpr": 1528.641621064293, "rprd": 122.76216288575098, "w": 1, "l": 0, "coil": null}, "gen9randombattle": {"elo": 1134.5278236696195, "gxe": 47.2, "rpr": 1478.5015708512528, "rprd": 41.83039256405803, "w": 68, "l": 68, "coil": null}}}