{"username": "PhoneGuyRalph", "userid": "phoneguyralph", "registertime": 1775433600, "group": 1, "ratings": {"gen7randombattle": {"elo": 1082.8270080535972, "gxe": 50.5, "rpr": 1503.8563910937464, "rprd": 95.80773563715618, "w": 4, "l": 3, "coil": null}, "gen8randombattle": {"elo": 1055.2683553052316, "gxe": 43, "rpr": 1444.5671722958932, "rprd": 106.31818308329953, "w": 1, "l": 3, "coil": null}, "gen9randombattle": {"elo": 1413.2503244639151, "gxe": 62.6, "rpr": 1597.5179071566545, "rprd": 48.33556586768026, "w": 46, "l": 31, "coil": null}}}