{"username": "Pies4days", "userid": "pies4days", "registertime": 1541203200, "group": 1, "ratings": {"gen4randombattle": {"elo": 1339.3627702312, "gxe": 68.7, "rpr": 1650.0353690922, "rprd": 62.970988316083, "w": 62, "l": 41, "coil": null}, "gen5randombattle": {"elo": 1392.3764843251, "gxe": 72.8, "rpr": 1687.3445560316, "rprd": 51.063369259554, "w": 31, "l": 13, "coil": null}, "gen7balancedhackmons": {"elo": 1000, "gxe": 45, "rpr": 1459.8393856612, "rprd": 122.8583080769, "w": 0, "l": 0, "coil": null}, "gen7battlefactory": {"elo": 1069.8779939842, "gxe": 49.5, "rpr": 1496.0316298358, "rprd": 112.52017638181, "w": 3, "l": 3, "coil": null}, "gen7chimera": {"elo": 1000, "gxe": 45, "rpr": 1459.8393856612, "rprd": 122.8583080769, "w": 0, "l": 0, "coil": null}, "gen7doublesou": {"elo": 1049.917381876, "gxe": 55, "rpr": 1540.1606143388, "rprd": 122.8583080769, "w": 1, "l": 0, "coil": null}, "gen7lc": {"elo": 1045.6456026616, "gxe": 45.3, "rpr": 1462.3333380426, "rprd": 113.70354618778, "w": 2, "l": 3, "coil": null}, "gen7mixandmegalc": {"elo": 1051.9485522469, "gxe": 54.2, "rpr": 1533.0891783611, "rprd": 111.71834872893, "w": 2, "l": 1, "coil": null}, "gen7monotype": {"elo": 1162.4078203482, "gxe": 47.1, "rpr": 1473.6399626467, "rprd": 229.31823457499, "w": 31, "l": 35, "coil": null}, "gen7monotyperandombattle": {"elo": 1073.758359649, "gxe": 59.3, "rpr": 1575.3674506239, "rprd": 121.69094842758, "w": 2, "l": 0, "coil": null}, "gen7nu": {"elo": 1008.4725958623, "gxe": 26.7, "rpr": 1299.205751154, "rprd": 118.18435185721, "w": 1, "l": 7, "coil": null}, "gen7ou": {"elo": 1220.7671656311, "gxe": 49.7, "rpr": 1497.681183546, "rprd": 70.286829709729, "w": 83, "l": 91, "coil": null}, "gen7oublitz": {"elo": 1173.4006837289, "gxe": 53.3, "rpr": 1524.9404392997, "rprd": 57.339877661339, "w": 103, "l": 100, "coil": null}, "gen7pu": {"elo": 1000, "gxe": 41, "rpr": 1427.4328741711, "rprd": 116.77753930647, "w": 0, "l": 2, "coil": null}, "gen7randombattle": {"elo": 1378.6819738361, "gxe": 61.9, "rpr": 1592.3984862052, "rprd": 48.583104016152, "w": 212, "l": 193, "coil": null}, "gen7randomdoublesbattle": {"elo": 1022.1660277196, "gxe": 43.7, "rpr": 1449.2045023977, "rprd": 130, "w": 1, "l": 2, "coil": null}, "gen7ru": {"elo": 1137.1034787539, "gxe": 45.6, "rpr": 1460.1506282289, "rprd": 225.0448068662, "w": 52, "l": 80, "coil": null}, "gen7ubers": {"elo": 1264.8531391751, "gxe": 60.7, "rpr": 1596.699235195, "rprd": 213.41776637451, "w": 159, "l": 150, "coil": null}, "gen7uu": {"elo": 1106.4438502383, "gxe": 45.2, "rpr": 1456.6226382333, "rprd": 219.32045344152, "w": 52, "l": 67, "coil": null}, "gen8almostanyability": {"elo": 1109.1232454445, "gxe": 47.7, "rpr": 1482.4052230355, "rprd": 87.084232026571, "w": 6, "l": 5, "coil": null}, "gen8battlefactory": {"elo": 1000, "gxe": 39.3, "rpr": 1413.2925064217, "rprd": 118.03348107025, "w": 0, "l": 2, "coil": null}, "gen8bdsprandombattle": {"elo": 1120.4473284399, "gxe": 56.7, "rpr": 1552.1873413941, "rprd": 79.398978375735, "w": 8, "l": 5, "coil": null}, "gen8challengecup1v1": {"elo": 1023.6760104549, "gxe": 42.6, "rpr": 1441.7640499323, "rprd": 98.401606721023, "w": 2, "l": 4, "coil": null}, "gen8flipped": {"elo": 1022.1660277196, "gxe": 50, "rpr": 1500, "rprd": 116.77753930647, "w": 1, "l": 1, "coil": null}, "gen8monotyperandombattle": {"elo": 1129.050094205, "gxe": 47.2, "rpr": 1478.7762033349, "rprd": 62.806998019638, "w": 13, "l": 15, "coil": null}, "gen8ou": {"elo": 1345.9774766571, "gxe": 61.3, "rpr": 1587.7270496004, "rprd": 58.180850216531, "w": 209, "l": 209, "coil": null}, "gen8oublitz": {"elo": 1048.8990888158, "gxe": 48.8, "rpr": 1490.7858334033, "rprd": 116.03370125319, "w": 1, "l": 1, "coil": null}, "gen8pu": {"elo": 1144.4983159133, "gxe": 58.2, "rpr": 1562.3199357649, "rprd": 31.933663258395, "w": 73, "l": 63, "coil": null}, "gen8purehackmons": {"elo": 1052.033989512, "gxe": 45.8, "rpr": 1466.9108216389, "rprd": 111.51861011339, "w": 1, "l": 2, "coil": null}, "gen8randombattle": {"elo": 1334.891833347, "gxe": 53.6, "rpr": 1528.789742766, "rprd": 120.56182313591, "w": 165, "l": 144, "coil": null}, "gen8ru": {"elo": 1274.334115708, "gxe": 59.3, "rpr": 1583.4896793121, "rprd": 217.77409799218, "w": 46, "l": 32, "coil": null}, "gen8ubers": {"elo": 1112.9680026317, "gxe": 54.8, "rpr": 1543.0881390548, "rprd": 220.86653451419, "w": 13, "l": 12, "coil": null}, "gen8uu": {"elo": 1077.5957399859, "gxe": 49.3, "rpr": 1493.2902180039, "rprd": 220.17784383927, "w": 23, "l": 23, "coil": null}, "gen8vgc2020": {"elo": 1074.6758384849, "gxe": 49.4, "rpr": 1495.0870471734, "rprd": 76.986695891771, "w": 67, "l": 67, "coil": null}, "gen9legendszaou": {"elo": 1000, "gxe": 41, "rpr": 1427.432874170786, "rprd": 116.77753930629355, "w": 0, "l": 2, "coil": null}, "gen9ou": {"elo": 1110.1706889110094, "gxe": 53.4, "rpr": 1527.251000404412, "rprd": 111.00975253115558, "w": 48, "l": 44, "coil": null}, "gen9randombattle": {"elo": 1431.5932804535057, "gxe": 64.6, "rpr": 1613.9806590167327, "rprd": 36.13828895557622, "w": 706, "l": 643, "coil": null}, "gen9randombattleblitz": {"elo": 1000, "gxe": 40.3, "rpr": 1421.6665848192, "rprd": 115.93981614542, "w": 0, "l": 2, "coil": null}, "gen9ru": {"elo": 1029.959054043, "gxe": 37.3, "rpr": 1398.4141433937, "rprd": 102.80319108772, "w": 1, "l": 4, "coil": 565.3622793083786}, "gen9uu": {"elo": 1360.7334766952079, "gxe": 65, "rpr": 1617.2284423586516, "rprd": 36.11137516429496, "w": 70, "l": 48, "coil": null}}}