{"username": "piguslaw", "userid": "piguslaw", "registertime": 1606176000, "group": 1, "ratings": {"gen1randombattle": {"elo": 1105.3240173557, "gxe": 63.7, "rpr": 1610.9229577398, "rprd": 112.51804366222, "w": 3, "l": 0, "coil": null}, "gen3randombattle": {"elo": 1000, "gxe": 43.5, "rpr": 1448.0238313592, "rprd": 122.52859939791, "w": 0, "l": 0, "coil": null}, "gen6randombattle": {"elo": 1097.3365779725, "gxe": 48.3, "rpr": 1485.9988623549, "rprd": 130, "w": 7, "l": 7, "coil": null}, "gen7battlefactory": {"elo": 1057.9320269252, "gxe": 47, "rpr": 1476.1991099839, "rprd": 128.25972464128, "w": 0, "l": 0, "coil": null}, "gen7randombattle": {"elo": 1034.6488889553, "gxe": 42.4, "rpr": 1438.0916425272, "rprd": 130, "w": 0, "l": 0, "coil": null}, "gen7superstaffbrosbrawl": {"elo": 1040, "gxe": 55, "rpr": 1540.1606143388, "rprd": 122.8583080769, "w": 0, "l": 0, "coil": null}, "gen82v2doubles": {"elo": 1000, "gxe": 47.8, "rpr": 1482.6040219034, "rprd": 124.71234485251, "w": 0, "l": 0, "coil": null}, "gen8battlestadiumsingles": {"elo": 1000, "gxe": 44.5, "rpr": 1455.7315166684, "rprd": 121.81454125289, "w": 0, "l": 0, "coil": null}, "gen8bdsprandombattle": {"elo": 1000, "gxe": 45, "rpr": 1459.8393856612, "rprd": 122.8583080769, "w": 0, "l": 0, "coil": null}, "gen8hackmonscup": {"elo": 1050.5295999883, "gxe": 43.9, "rpr": 1451.4530994498, "rprd": 112.94230491379, "w": 0, "l": 0, "coil": null}, "gen8joltemonsrandombattle": {"elo": 1000, "gxe": 45, "rpr": 1459.8393856612, "rprd": 122.8583080769, "w": 0, "l": 0, "coil": null}, "gen8metronomebattle": {"elo": 1087.85394008, "gxe": 47.5, "rpr": 1480.6201574816, "rprd": 93.97531623628, "w": 0, "l": 0, "coil": null}, "gen8mixandmega": {"elo": 1040, "gxe": 55, "rpr": 1540.1606143388, "rprd": 122.8583080769, "w": 0, "l": 0, "coil": null}, "gen8monotype": {"elo": 1000, "gxe": 40.1, "rpr": 1420.0980810246, "rprd": 117.47103332382, "w": 0, "l": 0, "coil": null}, "gen8monotyperandombattle": {"elo": 1086.6442585447, "gxe": 37.4, "rpr": 1399.9237540539, "rprd": 88.450764960048, "w": 10, "l": 17, "coil": null}, "gen8nationaldexmonotype": {"elo": 1000, "gxe": 45, "rpr": 1459.8393856612, "rprd": 123.22070420879, "w": 0, "l": 0, "coil": null}, "gen8randombattle": {"elo": 1198.2523724197058, "gxe": 48.3, "rpr": 1486.1662717669894, "rprd": 118.90021005826559, "w": 96, "l": 99, "coil": null}, "gen8randombattlenodmax": {"elo": 1133.9381501044, "gxe": 50.2, "rpr": 1501.1819784571, "rprd": 97.51519542478, "w": 0, "l": 0, "coil": null}, "gen8randomdoublesbattle": {"elo": 1092.2622510588626, "gxe": 36.2, "rpr": 1385.873794969656, "rprd": 130, "w": 12, "l": 15, "coil": null}, "gen8superstaffbros4": {"elo": 1000, "gxe": 45, "rpr": 1459.8393856612, "rprd": 122.8583080769, "w": 0, "l": 0, "coil": null}, "gen9computergeneratedteams": {"elo": 1000, "gxe": 44.2, "rpr": 1453.8405835367348, "rprd": 121.9897559395634, "w": 0, "l": 0, "coil": null}, "gen9monotyperandombattle": {"elo": 1052.4832848121862, "gxe": 55.6, "rpr": 1545.0233781383147, "rprd": 122.44635044394391, "w": 0, "l": 0, "coil": null}, "gen9randombattle": {"elo": 1446.8034075370708, "gxe": 63.8, "rpr": 1608.0441047373338, "rprd": 60.39731306000506, "w": 103, "l": 86, "coil": null}, "gen9randomdoublesbattle": {"elo": 1107.8515917075642, "gxe": 60.8, "rpr": 1587.2882448779058, "rprd": 122.18120964532584, "w": 3, "l": 0, "coil": null}}}