{"username": "Pikachu 4897", "userid": "pikachu4897", "registertime": 1724889600, "group": 1, "ratings": {"gen1randombattle": {"elo": 1108.8503449445857, "gxe": 61.3, "rpr": 1591.5580563198562, "rprd": 123.00933450689433, "w": 3, "l": 1, "coil": null}, "gen2randombattle": {"elo": 1076.6664817677822, "gxe": 59.1, "rpr": 1573.4149958129035, "rprd": 122.58552930405652, "w": 2, "l": 0, "coil": null}, "gen3randombattle": {"elo": 1053.0621486758564, "gxe": 47.1, "rpr": 1477.212136713014, "rprd": 122.09073586839546, "w": 1, "l": 2, "coil": null}, "gen4randombattle": {"elo": 1040, "gxe": 51.1, "rpr": 1508.504308923105, "rprd": 122.91649058107, "w": 1, "l": 1, "coil": null}, "gen5randombattle": {"elo": 1109.2312693266745, "gxe": 62.5, "rpr": 1601.622729558222, "rprd": 122.92891879348952, "w": 3, "l": 0, "coil": null}, "gen6randombattle": {"elo": 1194.5218536743207, "gxe": 57.5, "rpr": 1558.5402685934102, "rprd": 75.80081351183672, "w": 13, "l": 8, "coil": null}, "gen7purehackmons": {"elo": 1182.558302926706, "gxe": 45.8, "rpr": 1466.3740155332807, "rprd": 122.19087804607413, "w": 22, "l": 20, "coil": null}, "gen7randombattle": {"elo": 1040, "gxe": 55, "rpr": 1540.1606143390134, "rprd": 122.85830807679145, "w": 1, "l": 0, "coil": null}, "gen8randombattle": {"elo": 1025.567631523413, "gxe": 49.5, "rpr": 1496.3636417807206, "rprd": 116.75444686775029, "w": 1, "l": 1, "coil": null}, "gen92v2doubles": {"elo": 1000, "gxe": 41.9, "rpr": 1434.6427581220673, "rprd": 123.66266658438131, "w": 0, "l": 2, "coil": null}, "gen9babyrandombattle": {"elo": 1046.4830640959922, "gxe": 55, "rpr": 1540.1606143390134, "rprd": 122.85830807679145, "w": 1, "l": 0, "coil": null}, "gen9donotuserandombattle": {"elo": 1040, "gxe": 55, "rpr": 1540.1606143390134, "rprd": 122.85830807679145, "w": 1, "l": 0, "coil": null}, "gen9doublesou": {"elo": 1053.1267554435115, "gxe": 45.4, "rpr": 1463.6485022710738, "rprd": 98.30667692252852, "w": 3, "l": 4, "coil": null}, "gen9doublesubers": {"elo": 1066.0670384285831, "gxe": 42.7, "rpr": 1442.1112935294627, "rprd": 102.43350544833974, "w": 2, "l": 3, "coil": null}, "gen9monotype": {"elo": 1000, "gxe": 44.8, "rpr": 1458.2020834807197, "rprd": 121.87534803337476, "w": 0, "l": 1, "coil": 448}, "gen9monotyperandombattle": {"elo": 1199.3792932637507, "gxe": 63.5, "rpr": 1607.1113506831432, "rprd": 88.34924977019392, "w": 8, "l": 3, "coil": null}, "gen9ou": {"elo": 1090.2951259593142, "gxe": 37.4, "rpr": 1400.283215961453, "rprd": 82.57711020136755, "w": 69, "l": 136, "coil": null}, "gen9randombattle": {"elo": 1704.5842688573734, "gxe": 71.2, "rpr": 1670.6955179852594, "rprd": 30.68119933586464, "w": 1070, "l": 1044, "coil": null}, "gen9randombattleblitz": {"elo": 1174.5342314028794, "gxe": 52.3, "rpr": 1518.3664716855717, "rprd": 107.27661421814462, "w": 30, "l": 67, "coil": null}, "gen9randomdoublesbattle": {"elo": 1174.9681238383146, "gxe": 56.8, "rpr": 1554.022347488675, "rprd": 113.23009146606763, "w": 39, "l": 37, "coil": null}, "gen9superstaffbrosultimate": {"elo": 1031.1627470195322, "gxe": 51.2, "rpr": 1509.2363408060992, "rprd": 116.77324691539519, "w": 1, "l": 1, "coil": null}, "gen9ubers": {"elo": 1000, "gxe": 38.6, "rpr": 1407.9695645570248, "rprd": 117.53179953995348, "w": 0, "l": 2, "coil": null}}}