{"username": "pikaerino", "userid": "pikaerino", "registertime": 1445299200, "group": 1, "ratings": {"1v1": {"elo": 1115.8151673058, "gxe": 53, "rpr": 1523.3572280514, "rprd": 106.02118787532, "w": 3, "l": 2, "coil": null}, "balancedhackmons": {"elo": 1129.2667137799, "gxe": 55, "rpr": 1538.9841109963, "rprd": 95.658874293426, "w": 18, "l": 16, "coil": null}, "battlefactory": {"elo": 1021.153376687, "gxe": 39.7, "rpr": 1417.6050302718, "rprd": 111.7984073725, "w": 2, "l": 4, "coil": null}, "challengecup1v1": {"elo": 1043.437768809, "gxe": 40.5, "rpr": 1424.805229601, "rprd": 95.512274487911, "w": 4, "l": 7, "coil": null}, "custompower": {"elo": 1000, "gxe": 45, "rpr": 1459.8393856612, "rprd": 122.8583080769, "w": 0, "l": 1, "coil": null}, "gen1randombattle": {"elo": 1000, "gxe": 29.2, "rpr": 1322.1328692574, "rprd": 130, "w": 0, "l": 3, "coil": null}, "gen5randombattle": {"elo": 1048.0870655856, "gxe": 55, "rpr": 1540.1606143388, "rprd": 122.8583080769, "w": 1, "l": 0, "coil": null}, "gen6battlefactory": {"elo": 1000, "gxe": 35.3, "rpr": 1380.7917731622, "rprd": 107.4649157879, "w": 0, "l": 4, "coil": null}, "gen71v1": {"elo": 1000, "gxe": 39.1, "rpr": 1411.7787418656, "rprd": 115.36038031998, "w": 0, "l": 2, "coil": null}, "gen7balancedhackmons": {"elo": 1097.0089522154, "gxe": 43.7, "rpr": 1448.8111997791, "rprd": 130, "w": 9, "l": 6, "coil": null}, "gen7battlefactory": {"elo": 1059.9759851788, "gxe": 51.3, "rpr": 1510.6010883939, "rprd": 130, "w": 2, "l": 1, "coil": null}, "gen7bssfactory": {"elo": 1000, "gxe": 46, "rpr": 1468.2710477245, "rprd": 122.33407219051, "w": 0, "l": 1, "coil": null}, "gen7challengecup1v1": {"elo": 1055.1285777473, "gxe": 48.7, "rpr": 1489.9345578015, "rprd": 119.5841798281, "w": 3, "l": 2, "coil": null}, "gen7hackmonscup": {"elo": 1167.0157656635, "gxe": 57.4, "rpr": 1560.1988556465, "rprd": 130, "w": 11, "l": 8, "coil": null}, "gen7lc": {"elo": 1031.4389882759, "gxe": 41.9, "rpr": 1434.4641155665, "rprd": 130, "w": 1, "l": 3, "coil": null}, "gen7metronomebattle": {"elo": 1032.9671885162, "gxe": 49.3, "rpr": 1494.5925785697, "rprd": 116.32657094543, "w": 1, "l": 1, "coil": null}, "gen7mixandmega": {"elo": 1055.7193315406, "gxe": 53.4, "rpr": 1526.8285680215, "rprd": 110.87362554177, "w": 2, "l": 1, "coil": null}, "gen7monotype": {"elo": 1120.6879035999, "gxe": 47.6, "rpr": 1480.5444294448, "rprd": 130, "w": 4, "l": 1, "coil": null}, "gen7nu": {"elo": 1072.4938857798, "gxe": 42.4, "rpr": 1439.1257229864, "rprd": 122.89372197108, "w": 3, "l": 4, "coil": null}, "gen7ou": {"elo": 1199.0941950554, "gxe": 39.6, "rpr": 1416.7619412796, "rprd": 113.52482770485, "w": 20, "l": 15, "coil": null}, "gen7partnersincrime": {"elo": 1000, "gxe": 45, "rpr": 1459.8393856612, "rprd": 122.8583080769, "w": 0, "l": 1, "coil": null}, "gen7pu": {"elo": 1026.7959932761, "gxe": 32.6, "rpr": 1353.4819498164, "rprd": 130, "w": 4, "l": 9, "coil": null}, "gen7randombattle": {"elo": 1346.1642680054, "gxe": 64.8, "rpr": 1622.8281517405, "rprd": 130, "w": 108, "l": 95, "coil": null}, "gen7randomdoublesbattle": {"elo": 1058.6927173113, "gxe": 52.6, "rpr": 1520.9042728557, "rprd": 125.39678284154, "w": 2, "l": 2, "coil": null}, "gen7ru": {"elo": 1052.0361409488, "gxe": 36.5, "rpr": 1391.3224619007, "rprd": 101.79411628037, "w": 5, "l": 8, "coil": null}, "gen7tiershift": {"elo": 1000, "gxe": 27.3, "rpr": 1309.2445082872, "rprd": 95.259493928648, "w": 0, "l": 8, "coil": null}, "gen7ubers": {"elo": 1164.6751041658, "gxe": 63.6, "rpr": 1612.0292155963, "rprd": 130, "w": 8, "l": 2, "coil": null}, "gen7uu": {"elo": 1078.7938705878, "gxe": 38.3, "rpr": 1392.3459254643, "rprd": 229.65722268789, "w": 16, "l": 22, "coil": null}, "gen8alphabetcup": {"elo": 1092.7797288863, "gxe": 55.6, "rpr": 1544.0035337272, "rprd": 98.949031045441, "w": 4, "l": 2, "coil": null}, "gen8balancedhackmons": {"elo": 1266.9387551869, "gxe": 69.1, "rpr": 1655.8247351361, "rprd": 87.322344190081, "w": 14, "l": 4, "coil": null}, "gen8bdsprandombattle": {"elo": 1000, "gxe": 41, "rpr": 1427.4328741711, "rprd": 116.77753930647, "w": 0, "l": 2, "coil": null}, "gen8bonustype": {"elo": 1000, "gxe": 45, "rpr": 1459.8393856612, "rprd": 122.8583080769, "w": 0, "l": 1, "coil": null}, "gen8camomons": {"elo": 1169.1398915976, "gxe": 54.8, "rpr": 1537.0260408091, "rprd": 64.680848182747, "w": 17, "l": 13, "coil": null}, "gen8cap": {"elo": 1000, "gxe": 44.7, "rpr": 1457.8595082874, "rprd": 122.25822094367, "w": 0, "l": 1, "coil": null}, "gen8godlygift": {"elo": 1077.2878614752, "gxe": 51.7, "rpr": 1513.1965086861, "rprd": 92.402489950426, "w": 4, "l": 4, "coil": null}, "gen8hackmonscup": {"elo": 1093.8323545479, "gxe": 50.2, "rpr": 1501.5371696392, "rprd": 130, "w": 4, "l": 5, "coil": null}, "gen8inheritance": {"elo": 1161.6481097338, "gxe": 57.1, "rpr": 1555.6992179723, "rprd": 84.246878682303, "w": 8, "l": 4, "coil": null}, "gen8inverse": {"elo": 1038.4003464099, "gxe": 42.1, "rpr": 1435.7234793266, "rprd": 130, "w": 1, "l": 3, "coil": null}, "gen8metronomebattle": {"elo": 1217.6344541432, "gxe": 46.2, "rpr": 1470.7013478651, "rprd": 93.972374344456, "w": 45, "l": 36, "coil": null}, "gen8mixandmega": {"elo": 1175.9628813046, "gxe": 63.1, "rpr": 1603.8759841738, "rprd": 80.061058335072, "w": 22, "l": 15, "coil": null}, "gen8nationaldexbh": {"elo": 1361.9611743316, "gxe": 63.3, "rpr": 1617.8622475551, "rprd": 196.43311835878, "w": 25, "l": 13, "coil": null}, "gen8nationaldexuu": {"elo": 1007.3175471931, "gxe": 48.4, "rpr": 1485.8172296822, "rprd": 218.31134525756, "w": 19, "l": 20, "coil": null}, "gen8natureswap": {"elo": 1014.4085586011, "gxe": 43.7, "rpr": 1450.1109958875, "rprd": 98.721460614103, "w": 2, "l": 4, "coil": null}, "gen8nu": {"elo": 1189.2275937608, "gxe": 55.9, "rpr": 1545.6328410403, "rprd": 77.344663215682, "w": 32, "l": 27, "coil": null}, "gen8ou": {"elo": 1112.7193476854, "gxe": 48.2, "rpr": 1486.1186505148, "rprd": 87.135951532116, "w": 9, "l": 8, "coil": null}, "gen8oublitz": {"elo": 1049.5465040933, "gxe": 55.6, "rpr": 1544.7913893028, "rprd": 122.83395520753, "w": 1, "l": 0, "coil": null}, "gen8pokebilities": {"elo": 1081.2429886598, "gxe": 59.2, "rpr": 1573.5428705742, "rprd": 116.61123110023, "w": 2, "l": 0, "coil": null}, "gen8pu": {"elo": 1215.9724520582, "gxe": 63, "rpr": 1602.3480858554, "rprd": 77.60377248577, "w": 21, "l": 12, "coil": null}, "gen8randombattle": {"elo": 1399.3506192725, "gxe": 71.7, "rpr": 1683.3207599077, "rprd": 107.806352431, "w": 2734, "l": 2610, "coil": null}, "gen8randombattleblitz": {"elo": 1040, "gxe": 55, "rpr": 1540.1606143388, "rprd": 122.8583080769, "w": 1, "l": 0, "coil": null}, "gen8randomdoublesbattle": {"elo": 1291.6287089304, "gxe": 55.8, "rpr": 1552.8840497854, "rprd": 224.74599926178, "w": 21, "l": 15, "coil": null}, "gen8ru": {"elo": 1089.117759458, "gxe": 43, "rpr": 1436.1351851944, "rprd": 232.13648994495, "w": 4, "l": 7, "coil": null}, "gen8scalemons": {"elo": 1223.393587964, "gxe": 71.1, "rpr": 1686.5733384373, "rprd": 157.36487518968, "w": 8, "l": 1, "coil": null}, "gen8sketchmons": {"elo": 1000, "gxe": 45, "rpr": 1459.8393856612, "rprd": 122.8583080769, "w": 0, "l": 1, "coil": null}, "gen8stabmons": {"elo": 1040, "gxe": 55, "rpr": 1540.1606143388, "rprd": 122.8583080769, "w": 1, "l": 0, "coil": null}, "gen8superstaffbros4": {"elo": 1237.2083988939, "gxe": 63.5, "rpr": 1608.3384969022, "rprd": 101.97219770917, "w": 16, "l": 9, "coil": null}, "gen8tiershift": {"elo": 1341.0065913662, "gxe": 65.4, "rpr": 1632.8612417708, "rprd": 165.90909139258, "w": 19, "l": 8, "coil": null}, "gen8tundratourney": {"elo": 1028.9684228885, "gxe": 50, "rpr": 1499.970724027, "rprd": 117.22246350854, "w": 1, "l": 1, "coil": null}, "gen8ubers": {"elo": 1210.4842157146, "gxe": 69.4, "rpr": 1685.8757459325, "rprd": 231.55230451664, "w": 7, "l": 0, "coil": null}, "gen8uu": {"elo": 1073.8253883051, "gxe": 39.1, "rpr": 1412.9345082611, "rprd": 108.93465462735, "w": 17, "l": 20, "coil": null}, "gen8vgc2020": {"elo": 1152.8780846568, "gxe": 46.2,