{"username": "pikatru", "userid": "pikatru", "registertime": 1386288000, "group": 1, "ratings": {"1v1": {"elo": 1214.5442292338, "gxe": 70.4, "rpr": 1668.5265339489, "rprd": 88.392390216592, "w": 8, "l": 1, "coil": null}, "battlefactory": {"elo": 1202.4916836631, "gxe": 67.7, "rpr": 1646.6727066411, "rprd": 113.03528758515, "w": 9, "l": 7, "coil": null}, "gen3randombattle": {"elo": 1000, "gxe": 42.7, "rpr": 1441.491166216515, "rprd": 123.3228737664884, "w": 0, "l": 1, "coil": null}, "gen7battlefactory": {"elo": 1102.1146093983, "gxe": 51.9, "rpr": 1516.7324666025, "rprd": 223.7233351885, "w": 11, "l": 9, "coil": null}, "gen7ou": {"elo": 1282.5681741439, "gxe": 52.3, "rpr": 1517.7718749264, "rprd": 57.66702989133, "w": 43, "l": 33, "coil": null}, "gen7pu": {"elo": 1209.424345295, "gxe": 65.9, "rpr": 1627.576766364, "rprd": 86.654073365884, "w": 8, "l": 2, "coil": null}, "gen7randombattle": {"elo": 1499.7437383087, "gxe": 75.4, "rpr": 1725.7283678315, "rprd": 131.36821988509, "w": 346, "l": 299, "coil": null}, "gen7uu": {"elo": 1154.388228262, "gxe": 54.1, "rpr": 1537.5000266736, "rprd": 226.48058879667, "w": 8, "l": 5, "coil": null}, "gen8battlefactory": {"elo": 1049.6898228243, "gxe": 46.4, "rpr": 1471.8648307231, "rprd": 102.83219891053, "w": 2, "l": 3, "coil": null}, "gen8nu": {"elo": 1116.2952664819, "gxe": 48.5, "rpr": 1488.3384464135, "rprd": 91.675871157777, "w": 7, "l": 7, "coil": null}, "gen8ou": {"elo": 1123.736494759, "gxe": 48.1, "rpr": 1484.3756243243, "rprd": 130, "w": 9, "l": 6, "coil": null}, "gen8pu": {"elo": 1097.3244505369, "gxe": 59.3, "rpr": 1574.4122025916, "rprd": 116.22401684545, "w": 2, "l": 0, "coil": null}, "gen8randombattle": {"elo": 1399.8426220114, "gxe": 69.3, "rpr": 1681.8076596684, "rprd": 217.5139756767, "w": 388, "l": 341, "coil": null}, "gen8uu": {"elo": 1120.983343597, "gxe": 53.8, "rpr": 1534.1545371168, "rprd": 226.93526432552, "w": 8, "l": 5, "coil": null}, "gen9almostanyability": {"elo": 1276.3050336459469, "gxe": 69.5, "rpr": 1658.6376103498956, "rprd": 78.72036204009765, "w": 12, "l": 2, "coil": null}, "gen9battlefactory": {"elo": 1188.2415641636, "gxe": 57.8, "rpr": 1562.8059276561, "rprd": 116.79521329445, "w": 39, "l": 31, "coil": null}, "gen9donotuserandombattle": {"elo": 1050.6967891587, "gxe": 50, "rpr": 1500, "rprd": 116.96829795962, "w": 1, "l": 1, "coil": null}, "gen9monotyperandombattle": {"elo": 1079.57009233775, "gxe": 60.1, "rpr": 1581.4234365215148, "rprd": 117.72649020679619, "w": 2, "l": 0, "coil": null}, "gen9nationaldexubers": {"elo": 1072.7897014940456, "gxe": 51.7, "rpr": 1513.8076213984357, "rprd": 112.93978003119462, "w": 2, "l": 1, "coil": null}, "gen9nu": {"elo": 1099.0123789200543, "gxe": 59.7, "rpr": 1578.4665376629614, "rprd": 116.83991386541712, "w": 2, "l": 0, "coil": 211.07137418418446}, "gen9ou": {"elo": 1000, "gxe": 45, "rpr": 1459.8393856612, "rprd": 122.8583080769, "w": 0, "l": 1, "coil": null}, "gen9randombattle": {"elo": 2019.1557576486036, "gxe": 82.3, "rpr": 1789.4952800595509, "rprd": 26.186453292514535, "w": 2697, "l": 2424, "coil": null}, "gen9randombattlesharedpowerb12p6": {"elo": 1084.8432653072452, "gxe": 44, "rpr": 1453.0611108593928, "rprd": 95.16334225579725, "w": 3, "l": 4, "coil": null}, "hackmonscup": {"elo": 1120.81056327, "gxe": 53.3, "rpr": 1526.3151102318, "rprd": 102.12959393597, "w": 4, "l": 3, "coil": null}, "mixandmega": {"elo": 1353.3839305866, "gxe": 60.9, "rpr": 1587.4424696636, "rprd": 104.05851298991, "w": 42, "l": 27, "coil": null}, "nu": {"elo": 1249.1022114447, "gxe": 64.6, "rpr": 1614.3995840932, "rprd": 45.084289263244, "w": 48, "l": 30, "coil": null}, "ou": {"elo": 1320.582800248, "gxe": 65.8, "rpr": 1628.5483562519, "rprd": 102.24925731024, "w": 29, "l": 18, "coil": null}, "pu": {"elo": 1060.845618046, "gxe": 45.5, "rpr": 1464.4579811259, "rprd": 95.581109680458, "w": 3, "l": 5, "coil": null}, "seasonaldimensiondoom": {"elo": 1040, "gxe": 55, "rpr": 1540.1606143388, "rprd": 122.8583080769, "w": 1, "l": 0, "coil": null}, "seasonalpolaropposites": {"elo": 1040, "gxe": 55, "rpr": 1540.1606143388, "rprd": 122.8583080769, "w": 1, "l": 0, "coil": null}, "uu": {"elo": 1101.1791782354, "gxe": 53.7, "rpr": 1528.2571398109, "rprd": 61.01176503284, "w": 20, "l": 16, "coil": null}, "vgc2016": {"elo": 1000, "gxe": 39.5, "rpr": 1415.0255279265, "rprd": 115.34380718418, "w": 0, "l": 2, "coil": null}}}