{"username": "pintonucu", "userid": "pintonucu", "registertime": 0, "group": 0, "ratings": {"gen7randombattle": {"elo": 1000, "gxe": 36.7, "rpr": 1391.9017008078, "rprd": 111.75446916666, "w": 0, "l": 3, "coil": null}, "gen9randombattle": {"elo": 1027.0003035577984, "gxe": 28.1, "rpr": 1316.9564050200925, "rprd": 94.13355263677164, "w": 1, "l": 7, "coil": null}}}