{"username": "pipisniperz", "userid": "pipisniperz", "registertime": 1576022400, "group": 1, "ratings": {"gen8ou": {"elo": 1220.1052393322, "gxe": 63.8, "rpr": 1608.9292497116, "rprd": 77.802135351707, "w": 11, "l": 4, "coil": null}, "gen8randombattle": {"elo": 1437.5638696813, "gxe": 78.9, "rpr": 1777.1414346545, "rprd": 172.08775825038, "w": 598, "l": 446, "coil": null}, "gen9monkeyspawrandombattle": {"elo": 1000, "gxe": 45, "rpr": 1459.8393856609866, "rprd": 122.85830807679145, "w": 0, "l": 1, "coil": null}, "gen9ou": {"elo": 1030.506007716, "gxe": 49.8, "rpr": 1498.3175122107, "rprd": 116.26043190385, "w": 1, "l": 1, "coil": null}, "gen9randombattle": {"elo": 2013.5853165118479, "gxe": 84.7, "rpr": 1823.6503014748953, "rprd": 38.602650791473536, "w": 3796, "l": 3469, "coil": null}, "gen9vaporemonsrandombattle": {"elo": 1000, "gxe": 40.5, "rpr": 1423.9196775349774, "rprd": 116.76563413243822, "w": 0, "l": 2, "coil": null}}}