{"username": "pixeo", "userid": "pixeo", "registertime": 1555632000, "group": 1, "ratings": {"gen1randombattle": {"elo": 1040, "gxe": 55, "rpr": 1540.1606143388, "rprd": 122.8583080769, "w": 1, "l": 0, "coil": null}, "gen1randombattleblitz": {"elo": 1000, "gxe": 45.8, "rpr": 1466.3034124663, "rprd": 122.60620033984, "w": 0, "l": 1, "coil": null}, "gen4sharedpowerrandombattle": {"elo": 1162.6236671274, "gxe": 63.2, "rpr": 1605.1705699539, "rprd": 90.487608159701, "w": 7, "l": 2, "coil": null}, "gen6randombattle": {"elo": 1027.8125441382524, "gxe": 45.4, "rpr": 1463.5161037560736, "rprd": 116.03548027739924, "w": 1, "l": 2, "coil": null}, "gen6tripleschallengecup": {"elo": 1085.2646793154, "gxe": 59, "rpr": 1572.5671258289, "rprd": 116.96829795962, "w": 2, "l": 0, "coil": null}, "gen7anythinggoes": {"elo": 1089.8491137768, "gxe": 53.7, "rpr": 1529.3625172806, "rprd": 109.02679731584, "w": 3, "l": 2, "coil": null}, "gen7battlefactory": {"elo": 1274.7611341136, "gxe": 67, "rpr": 1653.0729912214, "rprd": 194.78430296082, "w": 72, "l": 58, "coil": null}, "gen7challengecup1v1": {"elo": 1221.0476879723, "gxe": 64.3, "rpr": 1613.7175682644, "rprd": 79.546181257042, "w": 0, "l": 0, "coil": null}, "gen7monotype": {"elo": 1181.2451057682, "gxe": 49.4, "rpr": 1494.582368642, "rprd": 223.37123027725, "w": 154, "l": 168, "coil": null}, "gen7monotyperandombattle": {"elo": 1000, "gxe": 45, "rpr": 1459.8393856612, "rprd": 122.8583080769, "w": 0, "l": 1, "coil": null}, "gen7ou": {"elo": 1045.8598496075, "gxe": 32.5, "rpr": 1357.0696516158, "rprd": 96.019721809455, "w": 116, "l": 137, "coil": null}, "gen7pickyourteamrandombattle": {"elo": 1080.368509164, "gxe": 58.2, "rpr": 1566.1125779537, "rprd": 116.48928379379, "w": 2, "l": 0, "coil": null}, "gen7pokebilitiesrandombattle": {"elo": 1000, "gxe": 46.8, "rpr": 1474.4590908105072, "rprd": 123.11193290508123, "w": 0, "l": 1, "coil": null}, "gen7pu": {"elo": 1000, "gxe": 45, "rpr": 1459.8393856612, "rprd": 122.8583080769, "w": 0, "l": 1, "coil": null}, "gen7randombattle": {"elo": 1462.5236926554, "gxe": 62.3, "rpr": 1594.9457697906, "rprd": 43.917236188319, "w": 852, "l": 853, "coil": null}, "gen7ubers": {"elo": 1018.8652719567, "gxe": 26.2, "rpr": 1294.5163589217, "rprd": 117.82796137317, "w": 2, "l": 5, "coil": null}, "gen7uu": {"elo": 1028.8181341224, "gxe": 41.1, "rpr": 1428.7612179727, "rprd": 116.45456393241, "w": 1, "l": 3, "coil": null}, "gen8anythinggoes": {"elo": 1103.9126661579, "gxe": 52.4, "rpr": 1518.51901504, "rprd": 92.175151144561, "w": 5, "l": 3, "coil": null}, "gen8battlefactory": {"elo": 1122.8150764856, "gxe": 55, "rpr": 1543.0126550671, "rprd": 183.48025137215, "w": 14, "l": 10, "coil": null}, "gen8bdsprandombattle": {"elo": 1157.2365312802, "gxe": 59.1, "rpr": 1571.7361998745, "rprd": 99.959347483418, "w": 7, "l": 4, "coil": null}, "gen8bssfactory": {"elo": 1040, "gxe": 55, "rpr": 1540.1606143388, "rprd": 122.8583080769, "w": 1, "l": 0, "coil": null}, "gen8challengecup1v1": {"elo": 1187.6258974572, "gxe": 47.7, "rpr": 1482.3005128501, "rprd": 68.535735617764, "w": 61, "l": 50, "coil": null}, "gen8hackmonscup": {"elo": 1067.1679106397, "gxe": 51.1, "rpr": 1509.1474557441, "rprd": 130, "w": 0, "l": 1, "coil": null}, "gen8joltemonsrandombattle": {"elo": 1000, "gxe": 45.8, "rpr": 1466.5974677913, "rprd": 122.26017403116, "w": 0, "l": 1, "coil": null}, "gen8metronomebattle": {"elo": 1051.6422190739, "gxe": 40.2, "rpr": 1422.9138172823, "rprd": 86.54518118791, "w": 3, "l": 7, "coil": null}, "gen8monotype": {"elo": 1083.1166741102, "gxe": 40.1, "rpr": 1421.9554398848, "rprd": 95.964845825774, "w": 36, "l": 41, "coil": null}, "gen8monotyperandombattle": {"elo": 1046.3327280884, "gxe": 49.9, "rpr": 1499.2798557687, "rprd": 113.15145480117, "w": 2, "l": 3, "coil": null}, "gen8nationaldexag": {"elo": 1075.3492034464, "gxe": 45.7, "rpr": 1466.0420761002, "rprd": 107.65364843576, "w": 3, "l": 2, "coil": null}, "gen8nationaldexmonotype": {"elo": 1175.030293216, "gxe": 51.5, "rpr": 1511.2694206454, "rprd": 46.326683644921, "w": 34, "l": 31, "coil": null}, "gen8ou": {"elo": 1030.5256999705, "gxe": 43.2, "rpr": 1444.9675379428, "rprd": 122.35279254943, "w": 2, "l": 3, "coil": null}, "gen8pu": {"elo": 1110.3588621305, "gxe": 50.2, "rpr": 1501.6285590706, "rprd": 111.35444445638, "w": 4, "l": 4, "coil": null}, "gen8randombattle": {"elo": 1399.6798236565, "gxe": 63.8, "rpr": 1612.4660080539, "rprd": 116.05568773142, "w": 310, "l": 279, "coil": null}, "gen8randombattleblitz": {"elo": 1390.7032267014, "gxe": 61.4, "rpr": 1587.7633314192, "rprd": 47.526899555264, "w": 33, "l": 19, "coil": null}, "gen8randombattlemayhem": {"elo": 1051.8584240142, "gxe": 55.6, "rpr": 1544.8018572878, "rprd": 122.0246422159, "w": 1, "l": 0, "coil": null}, "gen8randombattlenodmax": {"elo": 1242.6498818569, "gxe": 64.6, "rpr": 1615.5949453913, "rprd": 73.455288024751, "w": 19, "l": 11, "coil": null}, "gen8randomdoublesbattle": {"elo": 1080.297910448814, "gxe": 66.9, "rpr": 1641.7483873750239, "rprd": 130, "w": 2, "l": 1, "coil": null}, "gen8roulettemonsrandombattle": {"elo": 1040, "gxe": 55, "rpr": 1540.1606143388, "rprd": 122.8583080769, "w": 1, "l": 0, "coil": null}, "gen8superstaffbros4": {"elo": 1000, "gxe": 45, "rpr": 1459.8393856612, "rprd": 122.8583080769, "w": 0, "l": 1, "coil": null}, "gen8tiershift": {"elo": 1107.0798593744, "gxe": 44.9, "rpr": 1461.2159953187, "rprd": 40.933208488228, "w": 47, "l": 57, "coil": null}, "gen8ubers": {"elo": 1040, "gxe": 55, "rpr": 1540.1606143388, "rprd": 122.8583080769, "w": 1, "l": 0, "coil": null}, "gen9anythinggoes": {"elo": 1040, "gxe": 38.7, "rpr": 1409.6661115379572, "rprd": 106.22048982779906, "w": 1, "l": 3, "coil": null}, "gen9aprilfoolsday": {"elo": 1024.2111316058265, "gxe": 50, "rpr": 1500, "rprd": 116.77753930629355, "w": 1, "l": 1, "coil": null}, "gen9babyrandombattle": {"elo": 1000, "gxe": 41, "rpr": 1427.432874170786, "rprd": 116.77753930629355, "w": 0, "l": 2, "coil": null}, "gen9bssfactory": {"elo": 1000, "gxe": 45.4, "rpr": 1462.8376334015595, "rprd": 122.65130312566738, "w": 0, "l": 1, "coil": null}, "gen9chimera1v1randombattle": {"elo": 1139.8781661398898, "gxe": 52.2, "rpr": 1516.390598151946, "rprd": 42.073879578191146, "w": 58, "l": 57, "coil": null}, "gen9doublesbrokencup": {"elo": 1000, "gxe": 45, "rpr": 1459.8393856609866, "rprd": 122.85830807679145, "w": 0, "l": 1, "coil": null}, "gen9metronomebattle": {"elo": 1077.807310839746, "gxe": 50.8, "rpr": 1506.6060741889544, "rprd": 98.95972649161057, "w": 3, "l": 3, "coil": null}, "gen9monotype": {"elo": 1060.0022676917, "gxe": 50, "rpr": 1500.138729156, "rprd": 86.539485346603, "w": 5, "l": 5, "coil": 1741.1011265922482}, "gen9nationaldex": {"elo": 1127.1906781140588, "gxe": 23.4, "rpr": 1274.6007435478712, "rprd": 53.5560404739171, "w": 44, "l": 77, "coil": null}, "gen9nationaldexag": {"elo": 1057.0062296149, "gxe": 45.1, "rpr": 1461.4744229445, "rprd": 89.483294424216, "w": 4, "l": 5, "coil": null}, "gen9nationaldexmonotype": {"elo": 1042.291755242592, "gxe": 37, "rpr": 1397.3851655766334, "rprd": 73.54788671066984, "w": 9, "l": 16, "coil": null}, "gen9ou": {"elo": 1364.1622900141235, "gxe": 65.7, "rpr": 1623.7504906104716, "rprd": 57.38490175483883, "w": 26, "l": 11, "coil": null}, "gen9partnersincrimerandombattle6moves": {"elo": 1000, "gxe": 45.3, "rpr": 1462.5631001837771, "rprd": 121.93121699628283, "w": 0, "l": 1, "coil": null}, "gen9pickyourteamrandombattle": {"elo": 1040, "gxe": 53.8, "rpr": 1530.5435593595994, "rprd": 122.54091962905208, "w": 1, "l": 0, "coil": null}, "gen9randombattle": {"elo": 1663.9944778691627, "gxe": 70.2, "rpr": 1661.2164674444412, "rprd": 25.857143873812074, "w": 2492, "l": 2432, "coil": null}, "gen9randombattleblitz": {"elo": 1093.147158893144, "gxe": 47.1, "rpr": 1477.8333406852155, "rprd": 51.030228864840566, "w": 78, "l": 78, "coil": null}, "gen9randombattlepotd": {"elo": 1000, "gxe": 45, "rpr": 1459.8393856612, "rprd": 122.8583080769, "w": 0, "l": 1, "coil": null},