{"username": "PizzaPenguin1208", "userid": "pizzapenguin1208", "registertime": 1776038400, "group": 1, "ratings": {"gen9randombattle": {"elo": 1110.9799048119946, "gxe": 55.2, "rpr": 1540.4907191020357, "rprd": 99.31724062083131, "w": 4, "l": 2, "coil": null}}}