{"username": "PlasticPinnochio", "userid": "plasticpinnochio", "registertime": 1613088000, "group": 1, "ratings": {"gen1randombattle": {"elo": 1051.1719291206, "gxe": 49.6, "rpr": 1497.206823772, "rprd": 116.49942378875, "w": 1, "l": 1, "coil": null}, "gen7randombattle": {"elo": 1239.2097754777, "gxe": 81.5, "rpr": 1798.2435074057, "rprd": 130, "w": 10, "l": 2, "coil": null}, "gen8monotype": {"elo": 1078.1949877406, "gxe": 53, "rpr": 1523.8039438539, "rprd": 110.44989158782, "w": 2, "l": 1, "coil": null}, "gen8pu": {"elo": 1240.9401254039, "gxe": 61.8, "rpr": 1592.3066710913, "rprd": 75.558980948693, "w": 27, "l": 15, "coil": null}, "gen8randombattle": {"elo": 1399.5727948013, "gxe": 74.8, "rpr": 1741.2599622499, "rprd": 214.83280505397, "w": 409, "l": 276, "coil": null}, "gen8randomdoublesbattle": {"elo": 1175.1244481953, "gxe": 69.5, "rpr": 1661.5349124993, "rprd": 102.08714349831, "w": 7, "l": 1, "coil": null}, "gen8uu": {"elo": 1499.3516349692, "gxe": 76.3, "rpr": 1748.046503355, "rprd": 177.10702134933, "w": 364, "l": 279, "coil": null}, "gen8zu": {"elo": 1200.9973914289, "gxe": 57.2, "rpr": 1564.2563027759, "rprd": 216.03167278072, "w": 36, "l": 30, "coil": null}, "gen9monkeyspawrandombattle": {"elo": 1040, "gxe": 55, "rpr": 1540.1606143390134, "rprd": 122.85830807679145, "w": 1, "l": 0, "coil": null}, "gen9nationaldex": {"elo": 1549.005792808526, "gxe": 67.2, "rpr": 1637.2969310285152, "rprd": 62.43234505833229, "w": 177, "l": 144, "coil": null}, "gen9nu": {"elo": 1195.9009896913574, "gxe": 61.5, "rpr": 1589.4500452372868, "rprd": 62.82412533355721, "w": 17, "l": 12, "coil": 2081.0029427894483}, "gen9ou": {"elo": 1320.9359909507, "gxe": 68.1, "rpr": 1644.6498203544, "rprd": 62.203773715687, "w": 20, "l": 8, "coil": null}, "gen9pu": {"elo": 1083.5714044271222, "gxe": 55.9, "rpr": 1546.0223792381835, "rprd": 97.92776215871314, "w": 4, "l": 2, "coil": 996.0247668808993}, "gen9randombattle": {"elo": 2041.045729223358, "gxe": 81.3, "rpr": 1776.789046805464, "rprd": 30.32740861481936, "w": 767, "l": 632, "coil": null}, "gen9uu": {"elo": 1420.8187258343735, "gxe": 67.1, "rpr": 1639.94571659332, "rprd": 99.99390818809846, "w": 107, "l": 80, "coil": null}}}