{"username": "PlumeFGC", "userid": "plumefgc", "registertime": 1685318400, "group": 1, "ratings": {"gen9randombattle": {"elo": 1474.640407612012, "gxe": 64.3, "rpr": 1611.21681058242, "rprd": 27.448707924006925, "w": 298, "l": 275, "coil": null}}}