{"username": "Pode Isso Armald0", "userid": "podeissoarmald0", "registertime": 1675123200, "group": 1, "ratings": {"gen6randombattle": {"elo": 1213.2660146069873, "gxe": 57.7, "rpr": 1558.6098032567932, "rprd": 36.06585453828432, "w": 65, "l": 65, "coil": null}, "gen9monotyperandombattle": {"elo": 1147.2417707183452, "gxe": 56.8, "rpr": 1554.7363128757174, "rprd": 130, "w": 5, "l": 2, "coil": null}, "gen9randombattle": {"elo": 1649.5550187857846, "gxe": 72.1, "rpr": 1679.6118656503215, "rprd": 41.347632306716854, "w": 2289, "l": 2207, "coil": null}, "gen9randombattleblitz": {"elo": 1000, "gxe": 45, "rpr": 1459.8393856609866, "rprd": 122.85830807679145, "w": 0, "l": 1, "coil": null}}}