{"username": "pokajontaz", "userid": "pokajontaz", "registertime": 1542067200, "group": 1, "ratings": {"gen1randombattle": {"elo": 1000, "gxe": 45.3, "rpr": 1462.1137024443, "rprd": 122.50609955807, "w": 0, "l": 1, "coil": null}, "gen3randombattle": {"elo": 1104.9652087572, "gxe": 53.1, "rpr": 1524.4792039576, "rprd": 93.624930960259, "w": 5, "l": 5, "coil": null}, "gen4randombattle": {"elo": 1000, "gxe": 46, "rpr": 1468.0598955067, "rprd": 122.40789155387, "w": 0, "l": 1, "coil": null}, "gen5randombattle": {"elo": 1126.2794555138, "gxe": 62.7, "rpr": 1604.5417430241, "rprd": 130, "w": 6, "l": 2, "coil": null}, "gen6randombattle": {"elo": 1189.2662580189, "gxe": 75.1, "rpr": 1716.5255382234, "rprd": 101.26422356468, "w": 8, "l": 0, "coil": null}, "gen7balancedhackmons": {"elo": 1080.8327136089, "gxe": 48.8, "rpr": 1490.4016242881, "rprd": 73.648397231291, "w": 10, "l": 8, "coil": null}, "gen7battlefactory": {"elo": 1033.421620638, "gxe": 45.8, "rpr": 1466.8981143329, "rprd": 111.63002965141, "w": 1, "l": 2, "coil": null}, "gen7bssfactory": {"elo": 1000, "gxe": 45, "rpr": 1459.8393856612, "rprd": 122.8583080769, "w": 0, "l": 1, "coil": null}, "gen7challengecup1v1": {"elo": 1073.6456820867, "gxe": 59.1, "rpr": 1573.6544210356, "rprd": 118.69352566336, "w": 2, "l": 0, "coil": null}, "gen7doublesou": {"elo": 1050.0682711617, "gxe": 41.2, "rpr": 1432.5999439849, "rprd": 49.467305014165, "w": 50, "l": 57, "coil": null}, "gen7doublesubers": {"elo": 1000, "gxe": 45, "rpr": 1459.8393856612, "rprd": 122.8583080769, "w": 0, "l": 1, "coil": null}, "gen7hackmonscup": {"elo": 1240.5137556826, "gxe": 66, "rpr": 1625.6089316091, "rprd": 35.181603119694, "w": 280, "l": 248, "coil": null}, "gen7letsgorandombattle": {"elo": 1070.1028089042, "gxe": 55, "rpr": 1540.2954321638, "rprd": 124.41409174779, "w": 2, "l": 1, "coil": null}, "gen7monotyperandombattle": {"elo": 1372.6067963428, "gxe": 58.8, "rpr": 1567.7228727162, "rprd": 65.505690822153, "w": 313, "l": 309, "coil": null}, "gen7ou": {"elo": 1040, "gxe": 55, "rpr": 1540.1606143388, "rprd": 122.8583080769, "w": 1, "l": 0, "coil": null}, "gen7randombattle": {"elo": 1462.0551048625, "gxe": 67.4, "rpr": 1637.4698566281, "rprd": 47.615062534345, "w": 957, "l": 956, "coil": null}, "gen7randomdoublesbattle": {"elo": 1139.5898502258, "gxe": 64.2, "rpr": 1614.6630639682, "rprd": 106.67933757319, "w": 5, "l": 1, "coil": null}, "gen7superstaffbrosbrawl": {"elo": 1174.9138470205, "gxe": 63.2, "rpr": 1602.82929289, "rprd": 59.898574668598, "w": 122, "l": 89, "coil": null}, "gen7vgc2019ultraseries": {"elo": 1000, "gxe": 44.8, "rpr": 1458.3532700156, "rprd": 122.16869899262, "w": 0, "l": 1, "coil": null}, "gen8ou": {"elo": 1102.6389547415, "gxe": 48.7, "rpr": 1490.4017353832, "rprd": 55.035043356885, "w": 29, "l": 26, "coil": null}, "gen8randombattle": {"elo": 1383.0230742735, "gxe": 63.1, "rpr": 1608.1070527401, "rprd": 130, "w": 316, "l": 255, "coil": null}, "gen9randombattle": {"elo": 1791.6387344923621, "gxe": 78.4, "rpr": 1743.8227366808146, "rprd": 43.5625323611878, "w": 1609, "l": 1466, "coil": null}}}