{"username": "pokesterus", "userid": "pokesterus", "registertime": 1602374400, "group": 1, "ratings": {"gen1randombattle": {"elo": 1000, "gxe": 41.8, "rpr": 1434.1440091381, "rprd": 121.74196890512, "w": 0, "l": 2, "coil": null}, "gen4randombattle": {"elo": 1041.8703021109, "gxe": 54.6, "rpr": 1537.0923690498, "rprd": 122.65948214923, "w": 1, "l": 0, "coil": null}, "gen6randombattle": {"elo": 1133.4586472226895, "gxe": 48.4, "rpr": 1487.588158282055, "rprd": 106.45101238060231, "w": 43, "l": 43, "coil": null}, "gen71v1": {"elo": 1000, "gxe": 41.8, "rpr": 1433.7865638679, "rprd": 124.05551854586, "w": 0, "l": 1, "coil": null}, "gen7anythinggoes": {"elo": 1036.0160613201, "gxe": 39.3, "rpr": 1414.127111535, "rprd": 106.56559427481, "w": 1, "l": 3, "coil": null}, "gen7balancedhackmons": {"elo": 1085.9895848949, "gxe": 46.3, "rpr": 1470.0030379967, "rprd": 130, "w": 3, "l": 4, "coil": null}, "gen7battlefactory": {"elo": 1000, "gxe": 42.7, "rpr": 1441.22607064, "rprd": 123.05672937307, "w": 0, "l": 1, "coil": null}, "gen7purehackmons": {"elo": 1016.6799797920036, "gxe": 40.8, "rpr": 1426.8815158179711, "rprd": 106.02295404739557, "w": 1, "l": 3, "coil": null}, "gen7randombattle": {"elo": 1037.608194243021, "gxe": 30.3, "rpr": 1333.0010590192644, "rprd": 123.70916937364693, "w": 113, "l": 145, "coil": null}, "gen81v1": {"elo": 1070.0186579693, "gxe": 46.1, "rpr": 1464.985211404, "rprd": 228.29119334202, "w": 5, "l": 6, "coil": null}, "gen8anythinggoes": {"elo": 1028.1470239721, "gxe": 39.7, "rpr": 1420.3776673066, "rprd": 54.997853106355, "w": 191, "l": 241, "coil": null}, "gen8cap": {"elo": 1014.7212426743, "gxe": 44.9, "rpr": 1458.9225446591, "rprd": 130, "w": 1, "l": 2, "coil": null}, "gen8doublesou": {"elo": 1043.4240011574, "gxe": 32.1, "rpr": 1351.6313496539, "rprd": 114.09454396804, "w": 2, "l": 7, "coil": null}, "gen8hackmonscup": {"elo": 1033.1347286279, "gxe": 39.4, "rpr": 1413.1764018792, "rprd": 130, "w": 1, "l": 3, "coil": null}, "gen8nationaldex": {"elo": 1076.3632680429575, "gxe": 55.1, "rpr": 1540.8538184508027, "rprd": 115.99412846897206, "w": 2, "l": 1, "coil": null}, "gen8nationaldexag": {"elo": 1433.0897675076, "gxe": 57.5, "rpr": 1556.8251738554, "rprd": 25.87400259465, "w": 836, "l": 1019, "coil": null}, "gen8ou": {"elo": 1000, "gxe": 44.2, "rpr": 1453.3732826094, "rprd": 122.57658764898, "w": 0, "l": 1, "coil": null}, "gen8purehackmons": {"elo": 1000, "gxe": 29.1, "rpr": 1321.3223108779, "rprd": 130, "w": 2, "l": 10, "coil": null}, "gen8randombattle": {"elo": 1257.5301749631562, "gxe": 39.3, "rpr": 1412.2979210959093, "rprd": 130, "w": 499, "l": 578, "coil": null}, "gen8randombattleblitz": {"elo": 1059.1308223519, "gxe": 48.8, "rpr": 1490.1167771179, "rprd": 125.16386505211, "w": 2, "l": 3, "coil": null}, "gen8randomdoublesbattle": {"elo": 1013.136591373, "gxe": 37.8, "rpr": 1400.0334698375, "rprd": 130, "w": 1, "l": 3, "coil": null}, "gen9anythinggoes": {"elo": 1003.3187337468995, "gxe": 24.8, "rpr": 1276.691111918013, "rprd": 130, "w": 1, "l": 8, "coil": null}, "gen9nationaldex": {"elo": 1163.6118284758081, "gxe": 47.7, "rpr": 1482.2643386404154, "rprd": 68.1366208636027, "w": 104, "l": 110, "coil": null}, "gen9nationaldexag": {"elo": 1158.9542430459, "gxe": 50.7, "rpr": 1504.9487520433, "rprd": 42.135727242683, "w": 82, "l": 81, "coil": null}, "gen9nationaldexubers": {"elo": 1000, "gxe": 35.8, "rpr": 1384.7842307217638, "rprd": 111.01382196737589, "w": 0, "l": 3, "coil": null}, "gen9randombattle": {"elo": 1394.5884903466504, "gxe": 63.3, "rpr": 1603.04576715337, "rprd": 27.060151780064043, "w": 236, "l": 223, "coil": null}, "gen9randombattleblitz": {"elo": 1000, "gxe": 37, "rpr": 1394.8180454872, "rprd": 110.82230527028, "w": 0, "l": 3, "coil": null}}}