{"username": "Pokekekeke", "userid": "pokekekeke", "registertime": 1772755200, "group": 1, "ratings": {"gen1randombattle": {"elo": 1040, "gxe": 55, "rpr": 1540.1606143390134, "rprd": 122.85830807679145, "w": 1, "l": 0, "coil": null}, "gen5randombattle": {"elo": 1070.5453491228395, "gxe": 59, "rpr": 1572.567125829214, "rprd": 116.77753930629355, "w": 2, "l": 0, "coil": null}, "gen6randombattle": {"elo": 1050.677157449897, "gxe": 50.1, "rpr": 1501.060656077626, "rprd": 116.0023629911454, "w": 1, "l": 1, "coil": null}, "gen7ou": {"elo": 1047.9275597582, "gxe": 55, "rpr": 1539.771031684, "rprd": 121.94665028769, "w": 1, "l": 0, "coil": null}, "gen7randombattle": {"elo": 1000, "gxe": 26.7, "rpr": 1296.9489659659, "rprd": 128.47455553681, "w": 2, "l": 5, "coil": null}, "gen7ru": {"elo": 1000, "gxe": 45, "rpr": 1459.8393856612, "rprd": 122.8583080769, "w": 0, "l": 1, "coil": null}, "gen8randombattle": {"elo": 1072.8834414525, "gxe": 39.1, "rpr": 1412.2223939682, "rprd": 111.55642209085, "w": 10, "l": 14, "coil": null}, "gen9anythinggoes": {"elo": 1000, "gxe": 38.2, "rpr": 1404.696993201722, "rprd": 116.291037333006, "w": 0, "l": 2, "coil": null}, "gen9champions4v4doublesuu": {"elo": 1000, "gxe": 44.2, "rpr": 1453.2356375622, "rprd": 122.62074593832, "w": 0, "l": 1, "coil": null}, "gen9megainvasionrandombattle": {"elo": 1057.5330131156995, "gxe": 42.5, "rpr": 1442.656938715776, "rprd": 61.49740450540324, "w": 12, "l": 17, "coil": null}, "gen9ou": {"elo": 1123.7774116105395, "gxe": 43.7, "rpr": 1451.5202349476076, "rprd": 54.923195271709545, "w": 64, "l": 59, "coil": null}, "gen9randombattle": {"elo": 1302.0441292210094, "gxe": 53.6, "rpr": 1527.4312341237103, "rprd": 28.18516476896415, "w": 728, "l": 748, "coil": null}, "gen9randombattleblitz": {"elo": 1012.0638358134851, "gxe": 41, "rpr": 1428.3342128665931, "rprd": 106.1761613216454, "w": 1, "l": 3, "coil": null}, "gen9randomdoublesbattle": {"elo": 1244.2709106401114, "gxe": 62.8, "rpr": 1600.6835194732857, "rprd": 77.85264257267683, "w": 13, "l": 5, "coil": null}}}