{"username": "Pokemonepic111", "userid": "pokemonepic111", "registertime": 1612483200, "group": 1, "ratings": {"gen7randombattle": {"elo": 1506.5799601025, "gxe": 62.6, "rpr": 1597.9000487234, "rprd": 47.100138980705, "w": 0, "l": 0, "coil": null}, "gen8monotyperandombattle": {"elo": 1314.7669951491, "gxe": 62.4, "rpr": 1596.0930239871, "rprd": 49.622267421556, "w": 0, "l": 0, "coil": null}, "gen8ou": {"elo": 1305.4292680238, "gxe": 56.2, "rpr": 1547.221682377, "rprd": 27.483701809431, "w": 0, "l": 0, "coil": null}, "gen8randombattle": {"elo": 1399.7579640112, "gxe": 68.3, "rpr": 1670.9568379269, "rprd": 216.45969965961, "w": 0, "l": 0, "coil": null}, "gen8randombattleblitz": {"elo": 1408.251942975, "gxe": 61.7, "rpr": 1590.227053046, "rprd": 29.824104169017, "w": 0, "l": 0, "coil": null}, "gen91v1factory": {"elo": 1499.4728687974, "gxe": 52.3, "rpr": 1517.7692746606, "rprd": 88.339320896408, "w": 0, "l": 0, "coil": null}, "gen9challengecup1v1": {"elo": 1311.4793164103, "gxe": 54.7, "rpr": 1539.7226186157, "rprd": 168.58395281813, "w": 0, "l": 0, "coil": null}, "gen9challengecup2v2": {"elo": 1208.0454093684, "gxe": 61.2, "rpr": 1596.3799066752, "rprd": 172.8450889696, "w": 0, "l": 0, "coil": null}, "gen9monotyperandombattle": {"elo": 1406.2120620987, "gxe": 67.6, "rpr": 1640.9675621146, "rprd": 66.135225761708, "w": 0, "l": 0, "coil": null}, "gen9ou": {"elo": 1182.5178936366106, "gxe": 49.2, "rpr": 1493.755936419616, "rprd": 130, "w": 0, "l": 0, "coil": null}, "gen9randombattle": {"elo": 1724.3104543854536, "gxe": 79.4, "rpr": 1756.538678513049, "rprd": 53.0449609909102, "w": 30, "l": 20, "coil": null}, "gen9randombattleblitz": {"elo": 1228.1389382754467, "gxe": 57.7, "rpr": 1559.695154401207, "rprd": 63.04245977271297, "w": 20, "l": 10, "coil": null}}}