{"username": "Pokemon theori", "userid": "pokemontheori", "registertime": 1683936000, "group": 1, "ratings": {"gen9randombattle": {"elo": 2049.3404696712373, "gxe": 80.8, "rpr": 1770.7078033768528, "rprd": 29.107136914209537, "w": 2333, "l": 2200, "coil": null}, "gen9randomdoublesbattle": {"elo": 1616.7418329127195, "gxe": 70.1, "rpr": 1662.9690735135016, "rprd": 66.38764364128697, "w": 635, "l": 572, "coil": null}}}