{"username": "PokeGlezpez", "userid": "pokeglezpez", "registertime": 1775001600, "group": 1, "ratings": {"gen9championsvgc2026regma": {"elo": 1514.2964296017337, "gxe": 60.8, "rpr": 1582.5401260668077, "rprd": 27.230206997096033, "w": 208, "l": 180, "coil": null}, "gen9championsvgc2026regmabo3": {"elo": 1267.8896938691712, "gxe": 60.2, "rpr": 1578.6869499182978, "rprd": 43.28591082075945, "w": 47, "l": 39, "coil": null}, "gen9championsvgc2026regmb": {"elo": 1364.7047016191, "gxe": 65.4, "rpr": 1620.9464858464, "rprd": 52.61800808619, "w": 21, "l": 9, "coil": null}, "gen9championsvgc2026regmbbo3": {"elo": 1114.884459382123, "gxe": 60.4, "rpr": 1583.6677044005614, "rprd": 111.71505994727802, "w": 4, "l": 0, "coil": null}, "gen9megainvasionrandombattle": {"elo": 1000, "gxe": 45.6, "rpr": 1464.366528581876, "rprd": 122.56363188147117, "w": 0, "l": 0, "coil": null}, "gen9randombattle": {"elo": 1399.1285685545533, "gxe": 60.6, "rpr": 1581.37828810661, "rprd": 43.704927579976754, "w": 59, "l": 46, "coil": null}, "gen9randombattleblitz": {"elo": 1000, "gxe": 43.6, "rpr": 1448.7210114782763, "rprd": 122.10024905524087, "w": 0, "l": 0, "coil": null}, "gen9randomdoublesbattle": {"elo": 1000, "gxe": 41.7, "rpr": 1433.1040273779524, "rprd": 117.36894463570609, "w": 0, "l": 0, "coil": null}, "gen9randomroulette": {"elo": 1000, "gxe": 45.8, "rpr": 1466.0303963896658, "rprd": 122.38005396948807, "w": 0, "l": 0, "coil": null}}}