{"username": "popo4456", "userid": "popo4456", "registertime": 1412467200, "group": 1, "ratings": {"anythinggoes": {"elo": 1075.8720737828, "gxe": 57.4, "rpr": 1559.4998434026, "rprd": 116.27027994917, "w": 2, "l": 0, "coil": null}, "gen7anythinggoes": {"elo": 1314.8043211715, "gxe": 67, "rpr": 1659.7726086363, "rprd": 227.00714399814, "w": 13, "l": 3, "coil": null}, "gen7monotype": {"elo": 1106.7221760764, "gxe": 61.4, "rpr": 1592.0954744053, "rprd": 112.19898508096, "w": 3, "l": 0, "coil": null}, "gen7ou": {"elo": 1412.0602807494, "gxe": 69.2, "rpr": 1658.2678563143, "rprd": 95.088905354341, "w": 46, "l": 30, "coil": null}, "gen7randombattle": {"elo": 1499.1510847371, "gxe": 72.8, "rpr": 1688.7389222131, "rprd": 72.233449542969, "w": 1320, "l": 1200, "coil": null}, "gen7ubers": {"elo": 1114.6465144745, "gxe": 58.4, "rpr": 1577.6417126837, "rprd": 232.87642385027, "w": 5, "l": 2, "coil": null}, "gen7uu": {"elo": 1153.5462048122, "gxe": 56, "rpr": 1554.4651999945, "rprd": 223.14068782537, "w": 11, "l": 7, "coil": null}, "gen8bdspou": {"elo": 1093.8938401661, "gxe": 43.4, "rpr": 1440.530380607, "rprd": 217.65760542914, "w": 9, "l": 11, "coil": null}, "gen8nationaldexmonotype": {"elo": 1092.809414316, "gxe": 43.3, "rpr": 1447.7386362886, "rprd": 82.49449992683, "w": 5, "l": 7, "coil": null}, "gen8nationaldexuu": {"elo": 1132.0065829977, "gxe": 60.2, "rpr": 1581.0995863938, "rprd": 102.57586946699, "w": 4, "l": 1, "coil": null}, "gen8randombattle": {"elo": 1399.8111007117, "gxe": 79.9, "rpr": 1805.1576383374, "rprd": 209.99836920437, "w": 5237, "l": 4938, "coil": null}, "gen9nationaldex": {"elo": 1525.590349789, "gxe": 79.8, "rpr": 1763.5217350648, "rprd": 69.671208326715, "w": 686, "l": 551, "coil": null}, "gen9nationaldexubers": {"elo": 1236.455455905032, "gxe": 62.3, "rpr": 1596.8787593902236, "rprd": 72.22203208044063, "w": 13, "l": 5, "coil": null}, "gen9nationaldexuu": {"elo": 1058.402857169891, "gxe": 53.8, "rpr": 1529.8010163496706, "rprd": 110.96106614202729, "w": 2, "l": 1, "coil": null}, "gen9randombattle": {"elo": 2082.258615861551, "gxe": 85.9, "rpr": 1840.8537532215785, "rprd": 35.99467359330326, "w": 4246, "l": 3812, "coil": null}, "ou": {"elo": 1255.8240149107, "gxe": 63.5, "rpr": 1607.1573237133, "rprd": 77.914103727666, "w": 15, "l": 6, "coil": null}}}