{"username": "Pororoca Alien", "userid": "pororocaalien", "registertime": 1433548800, "group": 1, "ratings": {"anythinggoes": {"elo": 1109.9671354873, "gxe": 46.2, "rpr": 1470.4383361703, "rprd": 97.016402318715, "w": 6, "l": 7, "coil": null}, "gen7nu": {"elo": 1000, "gxe": 45.2, "rpr": 1461.287074254, "rprd": 122.41885828017, "w": 0, "l": 1, "coil": null}, "gen7pu": {"elo": 1000, "gxe": 29.9, "rpr": 1328.2901941702, "rprd": 130, "w": 0, "l": 4, "coil": null}, "gen7randombattle": {"elo": 1499.8926412518, "gxe": 72.7, "rpr": 1719.1149408238, "rprd": 219.44684506326, "w": 2519, "l": 2385, "coil": null}, "gen8pu": {"elo": 1000, "gxe": 28.8, "rpr": 1320.9770619043, "rprd": 110.86522136183, "w": 0, "l": 6, "coil": null}, "gen8randombattle": {"elo": 1421.4726855237, "gxe": 76.3, "rpr": 1746.5044533196, "rprd": 172.06939504842, "w": 6853, "l": 6611, "coil": null}, "gen9randombattle": {"elo": 1833.8918799988287, "gxe": 79, "rpr": 1749.9239684422312, "rprd": 28.344187763034117, "w": 7480, "l": 7121, "coil": null}, "nu": {"elo": 1402.4735096809, "gxe": 69.2, "rpr": 1653.719868398, "rprd": 46.559529679317, "w": 121, "l": 97, "coil": null}, "ou": {"elo": 1024.8728984376, "gxe": 41.2, "rpr": 1430.1943676023, "rprd": 105.43717443544, "w": 2, "l": 4, "coil": null}, "pu": {"elo": 1360.5619353426, "gxe": 70.1, "rpr": 1661.5944710649, "rprd": 44.405588862265, "w": 302, "l": 215, "coil": null}, "ru": {"elo": 1115.7705461651, "gxe": 49.6, "rpr": 1496.5868568971, "rprd": 88.272156173063, "w": 45, "l": 49, "coil": null}, "uu": {"elo": 1264.2615055014, "gxe": 61.8, "rpr": 1591.5154865008, "rprd": 53.056230058896, "w": 73, "l": 55, "coil": null}}}