{"username": "Porygon-TV", "userid": "porygontv", "registertime": 1764460800, "group": 1, "ratings": {"gen9randombattle": {"elo": 1596.5439486517598, "gxe": 73.2, "rpr": 1689.484407409295, "rprd": 25.73916872446242, "w": 1561, "l": 1506, "coil": null}, "gen9randombattleblitz": {"elo": 1594.7317521880896, "gxe": 65.6, "rpr": 1622.5601236517782, "rprd": 46.858934055663255, "w": 149, "l": 119, "coil": null}}}