{"username": "potaziolove", "userid": "potaziolove", "registertime": 1639526400, "group": 1, "ratings": {"gen1ou": {"elo": 1048.1401286853447, "gxe": 46.8, "rpr": 1474.6934803049876, "rprd": 123.83672799872389, "w": 1, "l": 2, "coil": null}, "gen3ou": {"elo": 1033.8898635712426, "gxe": 41.7, "rpr": 1433.4906097535295, "rprd": 111.26734394241839, "w": 1, "l": 3, "coil": null}, "gen3randombattle": {"elo": 1364.4465773839331, "gxe": 72.5, "rpr": 1684.7978847046795, "rprd": 60.633793816444516, "w": 25, "l": 12, "coil": null}, "gen81v1": {"elo": 1058.4252022062, "gxe": 40.6, "rpr": 1415.0431405463, "rprd": 221.32215769493, "w": 9, "l": 14, "coil": null}, "gen8nationaldexag": {"elo": 1019.2310537885, "gxe": 34.2, "rpr": 1372.1038964961, "rprd": 93.24069143635, "w": 2, "l": 6, "coil": null}, "gen8ou": {"elo": 1220.7069666747, "gxe": 52.4, "rpr": 1518.51037647, "rprd": 66.954905512404, "w": 27, "l": 22, "coil": null}, "gen8randombattle": {"elo": 1429.3778128413, "gxe": 64.1, "rpr": 1622.510799625, "rprd": 175.9404043345, "w": 49, "l": 28, "coil": null}, "gen8testyourluck": {"elo": 1045.2665774052, "gxe": 50.5, "rpr": 1504.0253703097, "rprd": 116.18134462488, "w": 1, "l": 1, "coil": null}, "gen91v1": {"elo": 1304.6055951263425, "gxe": 59, "rpr": 1568.4148181667751, "rprd": 35.33194060698924, "w": 590, "l": 483, "coil": null}, "gen91v1factory": {"elo": 1255.8919983810051, "gxe": 56.8, "rpr": 1552.3007408044055, "rprd": 60.532773524354184, "w": 17, "l": 11, "coil": null}, "gen9doublesou": {"elo": 1147.3121151037, "gxe": 52.9, "rpr": 1522.7298223022, "rprd": 92.076184114275, "w": 5, "l": 3, "coil": null}, "gen9lc": {"elo": 1194.5517935939, "gxe": 48.6, "rpr": 1489.4124852607, "rprd": 69.379529813584, "w": 12, "l": 13, "coil": null}, "gen9legendszaou": {"elo": 1431.2407480478364, "gxe": 63.9, "rpr": 1608.412318581197, "rprd": 41.96813791513534, "w": 83, "l": 60, "coil": null}, "gen9monotype": {"elo": 1364.882088670436, "gxe": 64.4, "rpr": 1612.7825233725953, "rprd": 59.79264502976193, "w": 74, "l": 61, "coil": 2549.6828047081794}, "gen9nationaldex": {"elo": 1169.6194471980978, "gxe": 48.4, "rpr": 1487.7482075880987, "rprd": 40.740349188111715, "w": 795, "l": 810, "coil": null}, "gen9nationaldexubers": {"elo": 1100.9318718305603, "gxe": 55.9, "rpr": 1546.6406352260917, "rprd": 106.51912967099659, "w": 3, "l": 1, "coil": null}, "gen9nationaldexuu": {"elo": 1194.8983073158, "gxe": 59.9, "rpr": 1577.5930824529, "rprd": 85.744261199809, "w": 17, "l": 13, "coil": null}, "gen9nu": {"elo": 1061.4783125088677, "gxe": 55, "rpr": 1540.1606143390134, "rprd": 122.85830807679145, "w": 1, "l": 0, "coil": 17.1875}, "gen9ou": {"elo": 1368.3157480265604, "gxe": 56.3, "rpr": 1548.0279344048981, "rprd": 47.05975358221067, "w": 299, "l": 287, "coil": null}, "gen9pu": {"elo": 1113.2474876367623, "gxe": 42.4, "rpr": 1440.7904166072194, "rprd": 83.08585877251436, "w": 8, "l": 13, "coil": 1346.1160920690334}, "gen9randombattle": {"elo": 1788.3199166649376, "gxe": 77.2, "rpr": 1730.2736872229582, "rprd": 29.66094530275592, "w": 1633, "l": 1454, "coil": null}, "gen9randomdoublesbattle": {"elo": 1099.5862111488073, "gxe": 51.3, "rpr": 1509.7383308837225, "rprd": 89.08246853634982, "w": 5, "l": 4, "coil": null}, "gen9ru": {"elo": 1087.0571797248413, "gxe": 58.5, "rpr": 1567.7882226461124, "rprd": 106.42767722901202, "w": 3, "l": 1, "coil": 695.6861622765917}, "gen9ubers": {"elo": 1242.1225249906, "gxe": 65.2, "rpr": 1620.7276935306, "rprd": 71.641688903347, "w": 17, "l": 8, "coil": null}, "gen9uu": {"elo": 1086.8193368621935, "gxe": 45.7, "rpr": 1466.2754013260057, "rprd": 102.30227868018933, "w": 18, "l": 20, "coil": null}}}