{"username": "Poulin", "userid": "poulin", "registertime": 1769990400, "group": 1, "ratings": {"gen1randombattle": {"elo": 1000, "gxe": 43.2, "rpr": 1445.3070602055, "rprd": 123.24467735318, "w": 0, "l": 1, "coil": null}, "gen2randombattle": {"elo": 1000, "gxe": 45, "rpr": 1459.8393856612, "rprd": 122.8583080769, "w": 0, "l": 1, "coil": null}, "gen5randombattle": {"elo": 1000, "gxe": 45.2, "rpr": 1461.451841098, "rprd": 121.87057352712, "w": 0, "l": 1, "coil": null}, "gen7pokebilitiesrandombattle": {"elo": 1030.4829020823474, "gxe": 49.5, "rpr": 1496.1673317808445, "rprd": 116.05299879335156, "w": 1, "l": 1, "coil": null}, "gen7randombattle": {"elo": 1000, "gxe": 43.8, "rpr": 1450.2976658816, "rprd": 122.46672934534, "w": 0, "l": 1, "coil": null}, "gen8hackmonscup": {"elo": 1000, "gxe": 45, "rpr": 1459.8393856612, "rprd": 122.8583080769, "w": 0, "l": 1, "coil": null}, "gen8randombattle": {"elo": 1000, "gxe": 39.7, "rpr": 1417.1002415209, "rprd": 116.47872743725, "w": 0, "l": 2, "coil": null}, "gen9randombattle": {"elo": 1941.7176117344545, "gxe": 81.3, "rpr": 1776.7348458030383, "rprd": 29.00318090578619, "w": 635, "l": 569, "coil": null}}}