{"username": "poussepousse", "userid": "poussepousse", "registertime": 0, "group": 0, "ratings": {"gen2randombattle": {"elo": 1041.8795352356183, "gxe": 54.8, "rpr": 1538.373855337591, "rprd": 122.61442201367944, "w": 1, "l": 0, "coil": null}, "gen91v1": {"elo": 1196.2525870348597, "gxe": 59.1, "rpr": 1570.8342644685456, "rprd": 74.26726374913133, "w": 10, "l": 6, "coil": null}, "gen9cap": {"elo": 1107.7285575397946, "gxe": 51.1, "rpr": 1509.0527350178488, "rprd": 114.05477647515623, "w": 4, "l": 4, "coil": null}, "gen9caprandombattle": {"elo": 1044.8346851046936, "gxe": 43.7, "rpr": 1450.4168693820545, "rprd": 99.4758699265078, "w": 2, "l": 4, "coil": null}, "gen9lc": {"elo": 1164.1879989329532, "gxe": 44, "rpr": 1453.857446614133, "rprd": 73.59929102963657, "w": 21, "l": 27, "coil": null}, "gen9monotype": {"elo": 1163.2449470965096, "gxe": 48.3, "rpr": 1486.7774456850943, "rprd": 86.45863332859429, "w": 9, "l": 8, "coil": 1780.7043862977519}, "gen9nationaldex": {"elo": 1058.18549453305, "gxe": 21.3, "rpr": 1246.5796092878443, "rprd": 86.87515725692872, "w": 5, "l": 16, "coil": null}, "gen9nationaldexdoubles": {"elo": 1087.6366341600165, "gxe": 58.2, "rpr": 1566.6757545333971, "rprd": 130, "w": 2, "l": 0, "coil": null}, "gen9nationaldexubers": {"elo": 1188.0057046453553, "gxe": 50.6, "rpr": 1504.3981893702894, "rprd": 70.18127292943508, "w": 23, "l": 14, "coil": null}, "gen9ou": {"elo": 1095.2686125130463, "gxe": 32.2, "rpr": 1357.2535976548702, "rprd": 70.59779911520293, "w": 30, "l": 48, "coil": null}, "gen9randombattle": {"elo": 1138.497167431275, "gxe": 42.3, "rpr": 1438.3618987061516, "rprd": 111.61335694723509, "w": 32, "l": 30, "coil": null}, "gen9randombattleblitz": {"elo": 1000, "gxe": 45, "rpr": 1459.8393856609866, "rprd": 122.85830807679145, "w": 0, "l": 1, "coil": null}, "gen9randomdoublesbattle": {"elo": 1000, "gxe": 43.5, "rpr": 1448.1827825523744, "rprd": 122.134335525328, "w": 0, "l": 1, "coil": null}, "gen9ru": {"elo": 1003.4305403136553, "gxe": 33.3, "rpr": 1364.9244023160102, "rprd": 86.66629512300581, "w": 2, "l": 8, "coil": 819.9421792877142}, "gen9ubers": {"elo": 1228.2997967684755, "gxe": 59.6, "rpr": 1575.0720845777935, "rprd": 81.22840542492459, "w": 12, "l": 7, "coil": null}}}