{"username": "prajkundi", "userid": "prajkundi", "registertime": 1521763200, "group": 1, "ratings": {"gen5randombattle": {"elo": 1141.9240652449037, "gxe": 59.6, "rpr": 1575.564306616214, "rprd": 95.26975024883068, "w": 5, "l": 2, "coil": null}, "gen7randombattle": {"elo": 1498.9388779728, "gxe": 73.9, "rpr": 1698.2901278274, "rprd": 55.523845176039, "w": 1554, "l": 1471, "coil": null}, "gen8randombattle": {"elo": 1399.8807700464, "gxe": 78, "rpr": 1778.9246780465, "rprd": 209.87482627107, "w": 3869, "l": 3669, "coil": null}, "gen8randombattleblitz": {"elo": 1499.0764187576, "gxe": 75.5, "rpr": 1715.7580677263, "rprd": 71.011380324674, "w": 74, "l": 38, "coil": null}, "gen9randombattle": {"elo": 2129.269990540126, "gxe": 87.4, "rpr": 1864.6650467785569, "rprd": 26.359596877058358, "w": 4747, "l": 4295, "coil": null}}}