{"username": "PRANAV_306", "userid": "pranav306", "registertime": 1637366400, "group": 1, "ratings": {"gen1randombattle": {"elo": 1070.1028089042, "gxe": 47.1, "rpr": 1477.0369713127, "rprd": 130, "w": 2, "l": 3, "coil": null}, "gen1randombattleblitz": {"elo": 1057.6495625341, "gxe": 53.8, "rpr": 1530.035191716, "rprd": 122.65959874615, "w": 1, "l": 0, "coil": null}, "gen2randombattle": {"elo": 1034.9295431288, "gxe": 42.4, "rpr": 1437.9753972417, "rprd": 130, "w": 1, "l": 3, "coil": null}, "gen3randombattle": {"elo": 1183.4342853149, "gxe": 63.4, "rpr": 1606.8169306275, "rprd": 91.793022134357, "w": 9, "l": 4, "coil": null}, "gen3ubers": {"elo": 1000, "gxe": 35.6, "rpr": 1383.332725833424, "rprd": 105.83753665132788, "w": 0, "l": 4, "coil": null}, "gen4randombattle": {"elo": 1116.6427699237, "gxe": 47.2, "rpr": 1477.7662243043, "rprd": 114.3069879053, "w": 6, "l": 6, "coil": null}, "gen4sharedpowerrandombattle": {"elo": 1000, "gxe": 41.3, "rpr": 1430.4870428115, "rprd": 116.71966115744, "w": 0, "l": 2, "coil": null}, "gen5randombattle": {"elo": 1071.6385720437, "gxe": 48, "rpr": 1484.0211431596, "rprd": 96.943912384388, "w": 3, "l": 4, "coil": null}, "gen6megasrevisitedrandombattle": {"elo": 1051.7352601101923, "gxe": 51.7, "rpr": 1513.8157803206966, "rprd": 116.39389909353947, "w": 1, "l": 1, "coil": null}, "gen6ou": {"elo": 1072.788315579, "gxe": 48.9, "rpr": 1491.0273924678, "rprd": 112.66940741763, "w": 3, "l": 3, "coil": null}, "gen6randombattle": {"elo": 1407.5037306639092, "gxe": 67.8, "rpr": 1642.6849303828776, "rprd": 67.97811287514324, "w": 42, "l": 26, "coil": null}, "gen7anythinggoes": {"elo": 1052.1364194139, "gxe": 52.4, "rpr": 1519.3019157725, "rprd": 111.25174352755, "w": 2, "l": 1, "coil": null}, "gen7balancedhackmons": {"elo": 1122.4321280325, "gxe": 51.2, "rpr": 1509.2987320888, "rprd": 87.091485169508, "w": 5, "l": 6, "coil": null}, "gen7battlefactory": {"elo": 1144.1996422826, "gxe": 61, "rpr": 1587.6678878898, "rprd": 102.84229249119, "w": 7, "l": 5, "coil": null}, "gen7doublesou": {"elo": 1093.0745346495, "gxe": 48.6, "rpr": 1489.2952403576, "rprd": 105.08707144745, "w": 2, "l": 2, "coil": null}, "gen7monotypebattlefactory": {"elo": 1114.4563419649, "gxe": 50.4, "rpr": 1502.7670509823, "rprd": 98.005644107596, "w": 6, "l": 5, "coil": null}, "gen7ou": {"elo": 1027.0946265405, "gxe": 30, "rpr": 1331.7793123874, "rprd": 115.6083905889, "w": 8, "l": 10, "coil": null}, "gen7randombattle": {"elo": 1245.6426840871295, "gxe": 60.6, "rpr": 1582.5687599237276, "rprd": 74.73320330619428, "w": 50, "l": 41, "coil": null}, "gen7ubers": {"elo": 1110.8923973001, "gxe": 52.8, "rpr": 1525.5040718775, "rprd": 226.15561480262, "w": 7, "l": 6, "coil": null}, "gen81v1": {"elo": 1044.5801687327, "gxe": 49, "rpr": 1492.3087990336, "rprd": 105.77755938827, "w": 2, "l": 2, "coil": null}, "gen8almostanyability": {"elo": 1040, "gxe": 50.4, "rpr": 1503.1329660619, "rprd": 117.2333154248, "w": 1, "l": 1, "coil": null}, "gen8anythinggoes": {"elo": 1209.4804201044, "gxe": 56.1, "rpr": 1547.2612950887, "rprd": 68.622917304071, "w": 38, "l": 29, "coil": null}, "gen8battlefactory": {"elo": 1015.6303172015, "gxe": 42.8, "rpr": 1442.5403429261, "rprd": 109.90433764795, "w": 1, "l": 3, "coil": null}, "gen8bdspbattlefestivaldoubles": {"elo": 1108.0311866499, "gxe": 57.4, "rpr": 1557.7299912974, "rprd": 89.88242769966, "w": 6, "l": 3, "coil": null}, "gen8bdspdoublesou": {"elo": 1151.7301677999, "gxe": 60.6, "rpr": 1582.9145367789, "rprd": 81.419259236609, "w": 9, "l": 4, "coil": null}, "gen8bdsprandombattle": {"elo": 1068.431399508, "gxe": 46.7, "rpr": 1473.7079234717, "rprd": 123.6129836559, "w": 2, "l": 3, "coil": null}, "gen8bdspubers": {"elo": 1000, "gxe": 45, "rpr": 1459.8393856612, "rprd": 122.8583080769, "w": 0, "l": 1, "coil": null}, "gen8bssfactory": {"elo": 1049.4298925263, "gxe": 57.1, "rpr": 1557.1571654057, "rprd": 123.02917903303, "w": 1, "l": 0, "coil": null}, "gen8challengecup1v1": {"elo": 1133.2740115183, "gxe": 49.4, "rpr": 1495.4192730817, "rprd": 81.681828914496, "w": 6, "l": 6, "coil": null}, "gen8doublesou": {"elo": 1006.6187281179, "gxe": 39.4, "rpr": 1415.5376950159, "rprd": 106.94426397073, "w": 1, "l": 3, "coil": null}, "gen8hackmonscup": {"elo": 1040, "gxe": 49.9, "rpr": 1498.8020372218, "rprd": 130, "w": 1, "l": 2, "coil": null}, "gen8joltemonsrandombattle": {"elo": 1083.4427625073, "gxe": 59, "rpr": 1572.6173197679, "rprd": 116.84146468108, "w": 2, "l": 0, "coil": null}, "gen8lc": {"elo": 1056.0457746011, "gxe": 41.3, "rpr": 1431.8942940121, "rprd": 83.028800591078, "w": 4, "l": 8, "coil": null}, "gen8metronomebattle": {"elo": 1066.0651565484, "gxe": 50.4, "rpr": 1503.5797485833, "rprd": 130, "w": 2, "l": 3, "coil": null}, "gen8monotype": {"elo": 1040, "gxe": 48.8, "rpr": 1490.3065686047, "rprd": 116.07356594217, "w": 1, "l": 1, "coil": null}, "gen8monotyperandombattle": {"elo": 1114.1221535802, "gxe": 57.2, "rpr": 1557.674133337, "rprd": 110.15964204652, "w": 6, "l": 3, "coil": null}, "gen8nationaldexag": {"elo": 1241.0077842284, "gxe": 48.9, "rpr": 1491.9295537674, "rprd": 29.518093123949, "w": 377, "l": 365, "coil": null}, "gen8ou": {"elo": 1084.1732267257, "gxe": 34.9, "rpr": 1379.1080317317, "rprd": 83.032183037797, "w": 32, "l": 35, "coil": null}, "gen8oublitz": {"elo": 1000, "gxe": 45, "rpr": 1459.9576857586, "rprd": 122.69909950109, "w": 0, "l": 1, "coil": null}, "gen8randombattle": {"elo": 1251.1707437103, "gxe": 53.7, "rpr": 1528.33935469, "rprd": 40.652579015236, "w": 251, "l": 247, "coil": null}, "gen8randombattleblitz": {"elo": 1064.83410136, "gxe": 53.7, "rpr": 1529.5617275708, "rprd": 110.84248684348, "w": 2, "l": 1, "coil": null}, "gen8randombattlemayhem": {"elo": 1017.2139034522, "gxe": 38.9, "rpr": 1410.7836606909, "rprd": 105.4437614203, "w": 1, "l": 4, "coil": null}, "gen8randomdoublesbattle": {"elo": 1126.5012672641, "gxe": 63.6, "rpr": 1610.3868522537, "rprd": 110.63803915943, "w": 4, "l": 0, "coil": null}, "gen8superstaffbros4": {"elo": 1000, "gxe": 44.9, "rpr": 1458.8552798216, "rprd": 122.04448535153, "w": 0, "l": 1, "coil": null}, "gen8ubers": {"elo": 1001.0302959172, "gxe": 37.2, "rpr": 1394.3001217927, "rprd": 130, "w": 1, "l": 3, "coil": null}, "gen8vgc2021series11": {"elo": 1079.8610777106, "gxe": 32.5, "rpr": 1359.2640263409, "rprd": 72.707464672526, "w": 10, "l": 22, "coil": null}, "gen8vgc2022": {"elo": 1154.2034024678, "gxe": 47.7, "rpr": 1479.7526580975, "rprd": 223.53367070248, "w": 9, "l": 9, "coil": null}, "gen8zu": {"elo": 1053.2140819231, "gxe": 55, "rpr": 1539.6847991536, "rprd": 121.94398920216, "w": 1, "l": 0, "coil": null}, "gen91v1": {"elo": 1163.2168644279225, "gxe": 49.6, "rpr": 1496.9234919683981, "rprd": 57.09372507016074, "w": 26, "l": 28, "coil": null}, "gen91v1factory": {"elo": 1000, "gxe": 45, "rpr": 1459.8393856609866, "rprd": 122.85830807679145, "w": 0, "l": 1, "coil": null}, "gen9almostanyability": {"elo": 1000, "gxe": 45.8, "rpr": 1466.6160925216, "rprd": 122.87859963611, "w": 0, "l": 1, "coil": null}, "gen9battlefactory": {"elo": 1041.3715353736181, "gxe": 48.3, "rpr": 1486.6658041329927, "rprd": 113.08239463182001, "w": 1, "l": 2, "coil": null}, "gen9brokencup": {"elo": 1073.7885263494402, "gxe": 59.7, "rpr": 1578.2399740118744, "rprd": 122.94184462944013, "w": 2, "l": 0, "coil": null}, "gen9challengecup1v1": {"elo": 1059.593794468467, "gxe": 35.3, "rpr": 1379.890549982074, "rprd": 116.10094318483054, "w": 8, "l": 9, "coil": null}, "gen9challengecup2v2": {"elo": 1197.8976980869147, "gxe": 62.2, "rpr": 1598.4036510873186, "rprd": 111.11334361852158, "w": 10, "l": 4, "coil": null}, "gen9championsbssregma": {"elo": 1178.1146059209457, "gxe": 60, "rpr": 1578.202244290348, "rprd": 73.83793356549157, "w": 15, "l": 9, "coil": null}, "gen9championsou": {"elo": 1090.4829737738248, "gxe": 44, "rpr": 1454.1548489064776, "rprd": 61.88415025417602, "w": 21, "l": 27, "coil": null}, "gen9championsrandombattle": {"elo": 1044.5849307009835, "gxe": 50, "rpr": 1500.136625034556,