{"username": "PretzelEra", "userid": "pretzelera", "registertime": 1674172800, "group": 1, "ratings": {"gen1randombattle": {"elo": 1044.5849307009835, "gxe": 45.9, "rpr": 1467.58104861521, "rprd": 116.90549515103677, "w": 1, "l": 2, "coil": null}, "gen6firstbloodrandombattle": {"elo": 1000, "gxe": 36.9, "rpr": 1398.7412707440621, "rprd": 35.26218300819754, "w": 52, "l": 86, "coil": null}, "gen7purehackmons": {"elo": 1206.855597521285, "gxe": 54.8, "rpr": 1538.618794951963, "rprd": 119.97667576531705, "w": 28, "l": 22, "coil": null}, "gen7randombattleapexabilities": {"elo": 1125.307131550064, "gxe": 49.7, "rpr": 1497.9396120599474, "rprd": 54.98524424122954, "w": 18, "l": 17, "coil": null}, "gen7ubers": {"elo": 1138.9769859744, "gxe": 49, "rpr": 1491.9388352951, "rprd": 151.57024637485, "w": 12, "l": 13, "coil": null}, "gen8doublesou": {"elo": 1017.7051124146, "gxe": 39.1, "rpr": 1408.5768054178, "rprd": 151.04189530337, "w": 2, "l": 7, "coil": null}, "gen8superstaffbros4": {"elo": 1157.380556143531, "gxe": 62.8, "rpr": 1600.9305369493793, "rprd": 82.37323336787617, "w": 11, "l": 10, "coil": null}, "gen91v1": {"elo": 1000, "gxe": 43.8, "rpr": 1450.1813734114023, "rprd": 122.37143116571026, "w": 0, "l": 1, "coil": null}, "gen92v2doubles": {"elo": 1096.7681983063042, "gxe": 60.8, "rpr": 1587.7879180149312, "rprd": 123.17423714999713, "w": 2, "l": 0, "coil": null}, "gen9almostanyability": {"elo": 1023.8439772922901, "gxe": 27.5, "rpr": 1311.0659859605798, "rprd": 90.37344162690718, "w": 33, "l": 110, "coil": null}, "gen9anythinggoes": {"elo": 1176.7152480041964, "gxe": 45.2, "rpr": 1462.1679649159635, "rprd": 115.8092279726529, "w": 144, "l": 145, "coil": null}, "gen9babyrandombattle": {"elo": 1059.2127399969, "gxe": 49.1, "rpr": 1492.8894772151, "rprd": 115.32527773249, "w": 10, "l": 13, "coil": null}, "gen9caprandombattle": {"elo": 1040, "gxe": 54.1, "rpr": 1532.591263936051, "rprd": 122.99429889569247, "w": 1, "l": 0, "coil": null}, "gen9challengecup1v1": {"elo": 1049.9718319058, "gxe": 36.4, "rpr": 1392.218249238236, "rprd": 83.34916565521581, "w": 5, "l": 9, "coil": null}, "gen9chimera1v1randombattle": {"elo": 1040, "gxe": 37.1, "rpr": 1396.3053569484678, "rprd": 104.46060691306388, "w": 1, "l": 4, "coil": null}, "gen9computergeneratedteams": {"elo": 1000, "gxe": 39.6, "rpr": 1415.607964154269, "rprd": 119.38725460614316, "w": 0, "l": 3, "coil": null}, "gen9doublesbrokencup": {"elo": 1042.8190666634466, "gxe": 55, "rpr": 1540.1606143390134, "rprd": 122.85830807679145, "w": 1, "l": 0, "coil": null}, "gen9doublesubers": {"elo": 1104.637293172177, "gxe": 50.7, "rpr": 1505.823468384786, "rprd": 100.38721044452376, "w": 4, "l": 3, "coil": null}, "gen9hackmonscup": {"elo": 1143.8623376945789, "gxe": 51.5, "rpr": 1511.8979658754351, "rprd": 74.50266066217304, "w": 11, "l": 9, "coil": null}, "gen9meowcup2electricdoggaroo": {"elo": 1065.2752285648, "gxe": 55.2, "rpr": 1540.9944749281, "rprd": 97.266740685142, "w": 4, "l": 3, "coil": null}, "gen9metronomebattle": {"elo": 1022.956278691243, "gxe": 27.7, "rpr": 1310.9306372506128, "rprd": 105.94216310563884, "w": 40, "l": 72, "coil": null}, "gen9monotype": {"elo": 1000, "gxe": 26.7, "rpr": 1302.2227894371672, "rprd": 98.67558577741536, "w": 0, "l": 6, "coil": 847.6721617510186}, "gen9monotyperandombattle": {"elo": 1077.9948115059797, "gxe": 42.1, "rpr": 1436.9546465247781, "rprd": 105.30802868864724, "w": 8, "l": 13, "coil": null}, "gen9ou": {"elo": 1003.983791807971, "gxe": 39.6, "rpr": 1416.9283887865308, "rprd": 106.13640472707147, "w": 1, "l": 3, "coil": null}, "gen9randombattle": {"elo": 1378.4110882953037, "gxe": 58.1, "rpr": 1562.3379293558226, "rprd": 45.313059799628114, "w": 423, "l": 434, "coil": null}, "gen9randombattleblitz": {"elo": 1225.3725919062722, "gxe": 50.9, "rpr": 1506.6499769743443, "rprd": 65.47777366812743, "w": 224, "l": 314, "coil": null}, "gen9randombattlemayhem": {"elo": 1078.08561354789, "gxe": 42, "rpr": 1437.6697148678113, "rprd": 70.7287673931254, "w": 9, "l": 16, "coil": null}, "gen9randombattlesharedpowerb12p6": {"elo": 1085.4357554617802, "gxe": 34.8, "rpr": 1378.11214255086, "rprd": 91.19588729713335, "w": 2, "l": 6, "coil": null}, "gen9randomdoublesbattle": {"elo": 1096.106235458841, "gxe": 54.4, "rpr": 1534.5528296132936, "rprd": 107.0555011526033, "w": 4, "l": 3, "coil": null}, "gen9randomroulette": {"elo": 1026.907182261602, "gxe": 46.1, "rpr": 1469.4110108350353, "rprd": 110.86918101711333, "w": 1, "l": 2, "coil": null}, "gen9superstaffbrosultimate": {"elo": 1056.07331764784, "gxe": 38.6, "rpr": 1409.1926031243515, "rprd": 98.02773420625539, "w": 6, "l": 15, "coil": null}, "gen9uu": {"elo": 1000, "gxe": 29.4, "rpr": 1331.1530672211609, "rprd": 79.25899383725795, "w": 3, "l": 11, "coil": null}, "gen9zu": {"elo": 1081.8112537699374, "gxe": 54, "rpr": 1531.4789348185002, "rprd": 102.68741562590067, "w": 3, "l": 2, "coil": 1240.5942233967976}}}