{"username": "PreTSFranky", "userid": "pretsfranky", "registertime": 1775433600, "group": 1, "ratings": {"gen2randombattle": {"elo": 1056.4359040716581, "gxe": 55, "rpr": 1540.1606143390134, "rprd": 122.85830807679145, "w": 1, "l": 0, "coil": null}, "gen9randombattle": {"elo": 2143.3765306868, "gxe": 86.3, "rpr": 1847.6259565544, "rprd": 35.639219850266, "w": 267, "l": 196, "coil": null}, "gen9randomdoublesbattle": {"elo": 1223.117822330664, "gxe": 70.6, "rpr": 1670.2583248975864, "rprd": 89.53694961569914, "w": 9, "l": 1, "coil": null}}}