{"username": "PrimalRazz", "userid": "primalrazz", "registertime": 1482364800, "group": 1, "ratings": {"gen7anythinggoes": {"elo": 1090.3526485213, "gxe": 41.3, "rpr": 1420.639870094, "rprd": 228.21371945209, "w": 4, "l": 6, "coil": null}, "gen7challengecup1v1": {"elo": 1236.0191696083, "gxe": 57.3, "rpr": 1555.9626088998, "rprd": 48.250415901725, "w": 49, "l": 35, "coil": null}, "gen7hackmonscup": {"elo": 1077.9827471766, "gxe": 59.6, "rpr": 1578.2360258794, "rprd": 126.55143630451, "w": 2, "l": 0, "coil": null}, "gen7randombattle": {"elo": 1499.332208614, "gxe": 73.9, "rpr": 1732.9321232088, "rprd": 219.08205637097, "w": 58, "l": 42, "coil": null}, "gen7randomdoublesbattle": {"elo": 1446.6914108824, "gxe": 73.9, "rpr": 1697.625687587, "rprd": 50.805513306561, "w": 30, "l": 12, "coil": null}, "gen8randombattle": {"elo": 1408.4016389093, "gxe": 80.8, "rpr": 1813.2194700153, "rprd": 198.8091531363, "w": 252, "l": 141, "coil": null}, "gen8uu": {"elo": 1455.800390381, "gxe": 64.1, "rpr": 1628.80373168, "rprd": 213.60004599829, "w": 64, "l": 43, "coil": null}, "gen9randombattle": {"elo": 1880.8495989153407, "gxe": 79, "rpr": 1750.6061713144795, "rprd": 33.714134659079996, "w": 784, "l": 632, "coil": null}, "gen9ru": {"elo": 1326.6565825479358, "gxe": 61.4, "rpr": 1587.367288339846, "rprd": 34.22467294506295, "w": 101, "l": 72, "coil": 2388.0749773181524}}}