{"username": "priparap", "userid": "priparap", "registertime": 1556582400, "group": 1, "ratings": {"digimondigimonshowdownsingles": {"elo": 1040, "gxe": 55, "rpr": 1540.1606143388, "rprd": 122.8583080769, "w": 1, "l": 0, "coil": null}, "gen3ou": {"elo": 1377.5979333302043, "gxe": 62.5, "rpr": 1596.954909065392, "rprd": 47.92663915573152, "w": 34, "l": 21, "coil": null}, "gen7nu": {"elo": 1437.1895820382, "gxe": 76.5, "rpr": 1727.4005783235, "rprd": 78.552106356528, "w": 46, "l": 19, "coil": null}, "gen8lc": {"elo": 1296.2911111603, "gxe": 74.8, "rpr": 1710.7837742343, "rprd": 83.528786745878, "w": 18, "l": 4, "coil": null}, "gen8monotype": {"elo": 1000, "gxe": 45, "rpr": 1459.8393856612, "rprd": 122.8583080769, "w": 0, "l": 1, "coil": null}, "gen8nu": {"elo": 1304.8240680694, "gxe": 65.5, "rpr": 1622.640731376, "rprd": 64.868580802423, "w": 107, "l": 55, "coil": null}, "gen8ou": {"elo": 1339.8565632934, "gxe": 52, "rpr": 1516.0356141666, "rprd": 112.63412797511, "w": 94, "l": 66, "coil": null}, "gen8pu": {"elo": 1371.9615260044, "gxe": 70.5, "rpr": 1669.5479078116, "rprd": 88.889310153823, "w": 321, "l": 153, "coil": null}, "gen8randombattle": {"elo": 1429.4181039405, "gxe": 83.4, "rpr": 1840.5434053376, "rprd": 173.86033017522, "w": 204, "l": 123, "coil": null}, "gen8ru": {"elo": 1247.5256251552, "gxe": 56.5, "rpr": 1558.9861515019, "rprd": 229.07489911364, "w": 144, "l": 86, "coil": null}, "gen8uu": {"elo": 1366.6025729396, "gxe": 68.2, "rpr": 1650.9381390947, "rprd": 109.98520278677, "w": 51, "l": 33, "coil": null}, "gen8zu": {"elo": 1149.5647767827, "gxe": 60.1, "rpr": 1592.1288285972, "rprd": 227.07866283505, "w": 9, "l": 3, "coil": null}, "gen9battlefactory": {"elo": 1177.9948023828, "gxe": 59.7, "rpr": 1578.7174365861, "rprd": 125.10876183031, "w": 24, "l": 16, "coil": null}, "gen9doublesou": {"elo": 1104.1809825779292, "gxe": 62.2, "rpr": 1598.4137648274148, "rprd": 111.052672815803, "w": 3, "l": 0, "coil": null}, "gen9megainvasionrandombattle": {"elo": 1076.7155673222114, "gxe": 58.4, "rpr": 1567.1421811655418, "rprd": 116.11966252378107, "w": 2, "l": 0, "coil": null}, "gen9ou": {"elo": 1380.9220130222593, "gxe": 58.8, "rpr": 1570.9945245198064, "rprd": 125.95719185308349, "w": 58, "l": 33, "coil": null}, "gen9pu": {"elo": 1130.6888478289, "gxe": 50, "rpr": 1500.1681829948, "rprd": 81.831624822029, "w": 7, "l": 7, "coil": 1414.213562373095}, "gen9randombattle": {"elo": 2054.7135909468184, "gxe": 85.2, "rpr": 1830.9031607056713, "rprd": 37.09271793309322, "w": 1088, "l": 842, "coil": null}, "gen9randombattleblitz": {"elo": 1000, "gxe": 44.1, "rpr": 1452.8544067244927, "rprd": 122.02265868421308, "w": 0, "l": 1, "coil": null}, "gen9randomdoublesbattle": {"elo": 1158.3284746098404, "gxe": 61.6, "rpr": 1592.0403723632899, "rprd": 87.2607065501794, "w": 8, "l": 3, "coil": null}, "gen9ru": {"elo": 1125.3292722656, "gxe": 58.9, "rpr": 1570.6119388558, "rprd": 95.926426880169, "w": 5, "l": 2, "coil": 1178}, "gen9ubersuu": {"elo": 1173.3583974528, "gxe": 58.8, "rpr": 1571.7794553298, "rprd": 128.53520251259, "w": 18, "l": 12, "coil": null}}}