{"username": "Priv. Plegras", "userid": "privplegras", "registertime": 1781395200, "group": 1, "ratings": {"gen3randombattle": {"elo": 1177.31244951601, "gxe": 56, "rpr": 1545.385376122678, "rprd": 38.65000223837797, "w": 48, "l": 47, "coil": null}, "gen9randombattle": {"elo": 1107.856678797376, "gxe": 62, "rpr": 1596.815595204156, "rprd": 112.20603332646884, "w": 3, "l": 0, "coil": null}}}