{"username": "ProbablyLoosing", "userid": "probablyloosing", "registertime": 1776297600, "group": 1, "ratings": {"gen9doublesou": {"elo": 1040, "gxe": 42.3, "rpr": 1439.1765093242, "rprd": 106.91164920561, "w": 1, "l": 3, "coil": null}, "gen9randombattle": {"elo": 1518.823488803689, "gxe": 61.6, "rpr": 1589.4503160844856, "rprd": 33.13987623697078, "w": 171, "l": 151, "coil": null}}}