{"username": "Prystena", "userid": "prystena", "registertime": 1755734400, "group": 1, "ratings": {"gen9randombattle": {"elo": 1140.4674058702387, "gxe": 41.6, "rpr": 1435.987888233674, "rprd": 30.048015895375098, "w": 265, "l": 317, "coil": null}}}