{"username": "PTSree", "userid": "ptsree", "registertime": 1648339200, "group": 1, "ratings": {"gen7randombattle": {"elo": 1704.4210002594, "gxe": 79.5, "rpr": 1755.8518386543, "rprd": 35.895806780424, "w": 1242, "l": 854, "coil": null}, "gen8randombattle": {"elo": 1405.8549846784, "gxe": 72.6, "rpr": 1708.8165733516, "rprd": 188.59947041084, "w": 382, "l": 327, "coil": null}, "gen9battlefactory": {"elo": 1270.8294767393, "gxe": 61.9, "rpr": 1595.8398731744, "rprd": 113.5597156391, "w": 24, "l": 14, "coil": null}, "gen9championsrandombattle": {"elo": 1377.3146547756, "gxe": 72.2, "rpr": 1681.5865134592, "rprd": 56.555041562447, "w": 26, "l": 10, "coil": null}, "gen9randombattle": {"elo": 2012.3516603512976, "gxe": 84.9, "rpr": 1826.33604718604, "rprd": 38.639217829852605, "w": 1236, "l": 991, "coil": null}}}