{"username": "Puppebaerbel2", "userid": "puppebaerbel2", "registertime": 1560470400, "group": 1, "ratings": {"gen1randombattle": {"elo": 1293.4365389314, "gxe": 69.6, "rpr": 1657.7743115843, "rprd": 57.128534143694, "w": 46, "l": 34, "coil": null}, "gen7randombattle": {"elo": 1492.6241662862, "gxe": 73.3, "rpr": 1701.0705750216, "rprd": 118.5490832593, "w": 2, "l": 0, "coil": null}, "gen7ru": {"elo": 1078.7432570791, "gxe": 55.3, "rpr": 1548.6984668654, "rprd": 232.9869893581, "w": 0, "l": 0, "coil": null}, "gen7uu": {"elo": 1302.5126421608, "gxe": 54.6, "rpr": 1540.6023684576, "rprd": 213.40010507977, "w": 0, "l": 0, "coil": null}, "gen8monotyperandombattle": {"elo": 1070.3149050159, "gxe": 53.5, "rpr": 1527.6826510847, "rprd": 110.69034429941, "w": 2, "l": 1, "coil": null}, "gen8randombattle": {"elo": 1402.516012929, "gxe": 65.7, "rpr": 1639.292452592, "rprd": 184.68433737838, "w": 2231, "l": 2063, "coil": null}, "gen9randombattle": {"elo": 1941.89082266917, "gxe": 82.1, "rpr": 1788.438969214516, "rprd": 39.293600494170114, "w": 1765, "l": 1581, "coil": null}}}