{"username": "Pythagoras180", "userid": "pythagoras180", "registertime": 1711929600, "group": 1, "ratings": {"gen6tripleschallengecup": {"elo": 1000, "gxe": 44.5, "rpr": 1455.7235053833335, "rprd": 121.9527097427697, "w": 0, "l": 1, "coil": null}, "gen9almostanyability": {"elo": 1033.6351024981839, "gxe": 48.8, "rpr": 1490.631746267757, "rprd": 117.00332265664669, "w": 1, "l": 1, "coil": null}, "gen9battlefactory": {"elo": 1000, "gxe": 40.8, "rpr": 1426.1449200841416, "rprd": 116.49046260875889, "w": 0, "l": 2, "coil": null}, "gen9doublesuu": {"elo": 1027.1612069163402, "gxe": 44.9, "rpr": 1459.9590080089943, "rprd": 94.55646642932052, "w": 3, "l": 4, "coil": null}, "gen9lc": {"elo": 1000, "gxe": 39.4, "rpr": 1414.539565542896, "rprd": 110.67569295939617, "w": 0, "l": 3, "coil": null}, "gen9nu": {"elo": 1066.0769011195114, "gxe": 40.2, "rpr": 1424.1545479895524, "rprd": 59.61465748113543, "w": 12, "l": 18, "coil": 1367.8727948089759}, "gen9ou": {"elo": 1000, "gxe": 35.7, "rpr": 1381.8766021490906, "rprd": 124.34255112557791, "w": 0, "l": 2, "coil": null}, "gen9passiveaggressive": {"elo": 1000, "gxe": 44.1, "rpr": 1452.9551837748843, "rprd": 122.84771625969506, "w": 0, "l": 1, "coil": null}, "gen9pu": {"elo": 1159.1020056617417, "gxe": 60, "rpr": 1578.579147646285, "rprd": 89.10009540242093, "w": 7, "l": 3, "coil": 1477.3732960138996}, "gen9randombattle": {"elo": 1501.1045353663164, "gxe": 67.8, "rpr": 1640.2637671749771, "rprd": 27.16321134023649, "w": 768, "l": 731, "coil": null}, "gen9randomdoublesbattle": {"elo": 1048.4918141344226, "gxe": 53.4, "rpr": 1527.4195625206453, "rprd": 123.24795497938585, "w": 1, "l": 0, "coil": null}, "gen9ru": {"elo": 1013.2926863973031, "gxe": 44.3, "rpr": 1454.7578211373225, "rprd": 111.15614186678661, "w": 1, "l": 2, "coil": 351.60933301095616}, "gen9twisteddimension": {"elo": 1025.2700046084, "gxe": 50, "rpr": 1500, "rprd": 116.96829795962, "w": 1, "l": 1, "coil": null}, "gen9uu": {"elo": 1275.2723241596916, "gxe": 53.1, "rpr": 1523.4263201756135, "rprd": 35.360683813467254, "w": 58, "l": 47, "coil": null}, "gen9vgc2024regh": {"elo": 1042.4866134386273, "gxe": 46.2, "rpr": 1470.4623654073812, "rprd": 91.69763812260062, "w": 4, "l": 4, "coil": null}, "gen9vgc2025regg": {"elo": 1063.499796586865, "gxe": 51.2, "rpr": 1509.5648478021926, "rprd": 125.43539288499238, "w": 2, "l": 1, "coil": null}, "gen9vgc2025regh": {"elo": 1010.9135479573738, "gxe": 37.7, "rpr": 1401.974463498123, "rprd": 95.07902369475364, "w": 2, "l": 5, "coil": null}, "gen9vgc2025regi": {"elo": 1000, "gxe": 30.3, "rpr": 1339.1327250162853, "rprd": 81.10305931777397, "w": 3, "l": 12, "coil": null}, "gen9vgc2025regj": {"elo": 1000, "gxe": 44.8, "rpr": 1458.4496935249042, "rprd": 122.43663981997283, "w": 0, "l": 1, "coil": null}, "gen9zu": {"elo": 1000, "gxe": 45, "rpr": 1459.8393856609866, "rprd": 122.85830807679145, "w": 0, "l": 1, "coil": 112.5}}}