{"username": "Qishuuuu", "userid": "qishuuuu", "registertime": 1732924800, "group": 1, "ratings": {"gen9randombattle": {"elo": 1540.864194272606, "gxe": 65.9, "rpr": 1623.9427262617412, "rprd": 28.14505680569112, "w": 2691, "l": 2644, "coil": null}}}