{"username": "Quadratic Residue", "userid": "quadraticresidue", "registertime": 1461024000, "group": 1, "ratings": {"anythinggoes": {"elo": 1417.2164820561, "gxe": 68.3, "rpr": 1645.5841761288, "rprd": 43.314592575012, "w": 40, "l": 24, "coil": null}, "doublesou": {"elo": 1040, "gxe": 48.6, "rpr": 1489.2175427906, "rprd": 117.1091763239, "w": 1, "l": 1, "coil": null}, "gen6randombattle": {"elo": 1051.1379971382, "gxe": 55, "rpr": 1539.7927390671, "rprd": 122.87012384885, "w": 1, "l": 0, "coil": null}, "gen71v1": {"elo": 1070.4315507513, "gxe": 52.3, "rpr": 1518.0231847635, "rprd": 108.43445222823, "w": 3, "l": 2, "coil": null}, "gen7anythinggoes": {"elo": 1499.0521083933, "gxe": 78.2, "rpr": 1762.9188982877, "rprd": 152.01974616024, "w": 78, "l": 46, "coil": null}, "gen7balancedhackmons": {"elo": 1186.9234393931, "gxe": 55.5, "rpr": 1543.1597814814, "rprd": 100.42475431037, "w": 33, "l": 25, "coil": null}, "gen7doublesou": {"elo": 1305.4934548605, "gxe": 55.6, "rpr": 1544.0499247883, "rprd": 105.83608057405, "w": 57, "l": 47, "coil": null}, "gen7lc": {"elo": 1270.4843281306, "gxe": 62.3, "rpr": 1599.15091577, "rprd": 112.14378934703, "w": 27, "l": 19, "coil": null}, "gen7letsgosinglesnorestrictions": {"elo": 1044.584930701, "gxe": 55, "rpr": 1540.1606143388, "rprd": 122.8583080769, "w": 1, "l": 0, "coil": null}, "gen7monotype": {"elo": 1171.1391401697, "gxe": 45.6, "rpr": 1460.4477832005, "rprd": 227.69926934673, "w": 82, "l": 77, "coil": null}, "gen7nu": {"elo": 1127.3903306836, "gxe": 50.8, "rpr": 1505.8588684416, "rprd": 90.468318664828, "w": 13, "l": 12, "coil": null}, "gen7ou": {"elo": 1367.5335384373, "gxe": 62.7, "rpr": 1601.2267708786, "rprd": 94.056456549958, "w": 251, "l": 236, "coil": null}, "gen7pu": {"elo": 1069.9635783233, "gxe": 40.8, "rpr": 1428.4298093076, "rprd": 81.611750819252, "w": 16, "l": 18, "coil": null}, "gen7randombattle": {"elo": 1513.9425730018, "gxe": 77.1, "rpr": 1740.0052273276, "rprd": 109.84045172267, "w": 76, "l": 61, "coil": null}, "gen7ru": {"elo": 1122.8717193849, "gxe": 51.6, "rpr": 1514.9500490161, "rprd": 229.42952413439, "w": 9, "l": 7, "coil": null}, "gen7ubers": {"elo": 1367.3619798419, "gxe": 65.7, "rpr": 1647.2092833118, "rprd": 227.10272200135, "w": 149, "l": 135, "coil": null}, "gen7uu": {"elo": 1143.2486320976, "gxe": 49.8, "rpr": 1498.5671850639, "rprd": 232.95856407492, "w": 34, "l": 29, "coil": null}, "gen8balancedhackmons": {"elo": 1313.5434628132, "gxe": 73.4, "rpr": 1699.7893150629, "rprd": 104.43994832475, "w": 28, "l": 18, "coil": null}, "gen8bdspou": {"elo": 1102.5422733754, "gxe": 42.7, "rpr": 1442.498141812, "rprd": 105.10966716874, "w": 3, "l": 4, "coil": null}, "gen8bdsprandombattle": {"elo": 1438.2663322223, "gxe": 67.2, "rpr": 1635.754605334, "rprd": 46.590319910905, "w": 92, "l": 69, "coil": null}, "gen8doublesou": {"elo": 1109.1091310877, "gxe": 50.7, "rpr": 1506.4506293299, "rprd": 229.33899719706, "w": 6, "l": 5, "coil": null}, "gen8metronomebattle": {"elo": 1026.3360526164, "gxe": 42.4, "rpr": 1439.9590803067, "rprd": 106.14322010861, "w": 1, "l": 3, "coil": null}, "gen8monotype": {"elo": 1136.6822369076, "gxe": 58.1, "rpr": 1563.4068758568, "rprd": 94.976877358401, "w": 6, "l": 2, "coil": null}, "gen8monotyperandombattle": {"elo": 1166.6728313257, "gxe": 60.5, "rpr": 1583.4075869126, "rprd": 102.5591551878, "w": 8, "l": 4, "coil": null}, "gen8nu": {"elo": 1178.6645400787, "gxe": 65.9, "rpr": 1628.5630250447, "rprd": 99.124614401874, "w": 5, "l": 1, "coil": null}, "gen8ou": {"elo": 1330.8995928001, "gxe": 55.8, "rpr": 1544.770697992, "rprd": 83.34046105338, "w": 47, "l": 46, "coil": null}, "gen8randombattle": {"elo": 1415.1137295725, "gxe": 64.2, "rpr": 1623.2194156212, "rprd": 176.35454189727, "w": 1274, "l": 1222, "coil": null}, "gen8randombattlenodmax": {"elo": 1312.6355132656, "gxe": 67.8, "rpr": 1642.1186125409, "rprd": 61.59121374593, "w": 24, "l": 11, "coil": null}, "gen8randomdoublesbattle": {"elo": 1126.8181952199, "gxe": 48.7, "rpr": 1488.7796578221, "rprd": 209.47042349975, "w": 304, "l": 316, "coil": null}, "gen8ubers": {"elo": 1260.178001733, "gxe": 68, "rpr": 1670.0577453093, "rprd": 226.07099279756, "w": 13, "l": 4, "coil": null}, "gen8uu": {"elo": 1110.5127178033, "gxe": 55.6, "rpr": 1551.3302693202, "rprd": 233.40783318393, "w": 4, "l": 2, "coil": null}, "gen8zu": {"elo": 1079.5908792022, "gxe": 48.8, "rpr": 1489.2840101926, "rprd": 232.3266432747, "w": 9, "l": 8, "coil": null}, "gen9balancedhackmons": {"elo": 1047.5001638219117, "gxe": 48.9, "rpr": 1491.0290482126848, "rprd": 116.79493290775147, "w": 1, "l": 1, "coil": null}, "gen9doublesou": {"elo": 1049.8057357960208, "gxe": 54.5, "rpr": 1536.3511542766246, "rprd": 122.0582029384484, "w": 1, "l": 0, "coil": null}, "gen9doublesuu": {"elo": 1000, "gxe": 34.3, "rpr": 1372.3011056125915, "rprd": 106.77277563674144, "w": 0, "l": 4, "coil": null}, "gen9lc": {"elo": 1063.2342413280444, "gxe": 46.9, "rpr": 1475.5295613963883, "rprd": 103.64461118971022, "w": 2, "l": 3, "coil": null}, "gen9metronomebattle": {"elo": 1049.9634005763, "gxe": 55.9, "rpr": 1547.6529505562, "rprd": 121.90574362864, "w": 1, "l": 0, "coil": null}, "gen9randombattle": {"elo": 1733.8679426358171, "gxe": 72.1, "rpr": 1678.6351613341544, "rprd": 25.434036063519645, "w": 4485, "l": 4327, "coil": null}, "gen9randomdoublesbattle": {"elo": 1570.5803952980477, "gxe": 66, "rpr": 1625.9063208406305, "rprd": 46.22229384571211, "w": 517, "l": 488, "coil": null}, "gen9ru": {"elo": 1058.4111592002791, "gxe": 44.5, "rpr": 1456.4646320339589, "rprd": 114.42928172803691, "w": 8, "l": 9, "coil": 1338.0319219318887}, "lc": {"elo": 1124.1291251039, "gxe": 35.8, "rpr": 1387.0490438367, "rprd": 81.560845180858, "w": 8, "l": 17, "coil": null}, "ou": {"elo": 1160.4111275279, "gxe": 47.7, "rpr": 1482.6899522638, "rprd": 71.383828464969, "w": 28, "l": 25, "coil": null}, "pu": {"elo": 1009.7253390753, "gxe": 31.3, "rpr": 1343.594452443, "rprd": 118.24911900012, "w": 2, "l": 6, "coil": null}, "ru": {"elo": 1073.6149393787, "gxe": 56.5, "rpr": 1551.2568548779, "rprd": 110.5037435398, "w": 2, "l": 1, "coil": null}, "ubers": {"elo": 1255.514990304, "gxe": 59.4, "rpr": 1572.5600352206, "rprd": 67.457082144436, "w": 38, "l": 28, "coil": null}, "uu": {"elo": 1138.7606621034, "gxe": 50.2, "rpr": 1501.7369774309, "rprd": 86.674274147471, "w": 11, "l": 10, "coil": null}}}