{"username": "quin&slash", "userid": "quinslash", "registertime": 1377993600, "group": 1, "ratings": {"digimondigimonshowdownsingles": {"elo": 1000, "gxe": 45, "rpr": 1459.8393856612, "rprd": 122.8583080769, "w": 0, "l": 1, "coil": null}, "gen1randombattle": {"elo": 1064.060728290454, "gxe": 56.7, "rpr": 1553.9678547705323, "rprd": 122.65909222504555, "w": 1, "l": 0, "coil": null}, "gen7hackmonscup": {"elo": 1000, "gxe": 45, "rpr": 1459.8393856612, "rprd": 122.8583080769, "w": 0, "l": 1, "coil": null}, "gen7letsgorandombattle": {"elo": 1066.9318694905, "gxe": 58, "rpr": 1564.8347075557, "rprd": 123.5673131275, "w": 1, "l": 0, "coil": null}, "gen7monotype": {"elo": 1331.1053601333, "gxe": 55.9, "rpr": 1552.2926508751, "rprd": 215.65628012582, "w": 403, "l": 378, "coil": null}, "gen7ou": {"elo": 1109.362374227, "gxe": 40.2, "rpr": 1424.242543456, "rprd": 65.706737151423, "w": 334, "l": 346, "coil": null}, "gen7randombattle": {"elo": 1270.6251473302, "gxe": 56, "rpr": 1545.7912997208, "rprd": 33.903946534236, "w": 1902, "l": 1899, "coil": null}, "gen7ubers": {"elo": 1199.9208620316, "gxe": 58.4, "rpr": 1575.9108072223, "rprd": 219.39848522143, "w": 17, "l": 13, "coil": null}, "gen8monotype": {"elo": 1252.7914706011, "gxe": 55.7, "rpr": 1543.3815189997, "rprd": 49.268479367201, "w": 384, "l": 332, "coil": null}, "gen8monotyperandombattle": {"elo": 1060.5084422515, "gxe": 41.5, "rpr": 1432.5070211517, "rprd": 105.41409849305, "w": 4, "l": 7, "coil": null}, "gen8ou": {"elo": 1121.1863395055, "gxe": 55, "rpr": 1537.8525895686, "rprd": 32.477217884798, "w": 1240, "l": 1245, "coil": null}, "gen8randombattle": {"elo": 1347.3228508536, "gxe": 62.5, "rpr": 1597.5847740561, "rprd": 57.325365910743, "w": 33, "l": 24, "coil": null}, "gen8ru": {"elo": 1143.4121856811, "gxe": 53.2, "rpr": 1528.6844068549, "rprd": 215.76755036922, "w": 95, "l": 90, "coil": null}, "gen8uu": {"elo": 1255.5365943546, "gxe": 38.8, "rpr": 1398.7543803119, "rprd": 215.86482017083, "w": 257, "l": 262, "coil": null}, "gen9championsvgc2026regma": {"elo": 1052.4929766746366, "gxe": 37.2, "rpr": 1398.7921076314346, "rprd": 78.822619359113, "w": 5, "l": 9, "coil": null}, "gen9ou": {"elo": 1107.7435520755546, "gxe": 52.6, "rpr": 1520.1918767000545, "rprd": 99.44392688500655, "w": 4, "l": 2, "coil": null}, "gen9randombattle": {"elo": 1695.992931900553, "gxe": 70.8, "rpr": 1667.188973820995, "rprd": 25.135807996772336, "w": 908, "l": 858, "coil": null}, "gen9randombattleblitz": {"elo": 1014.6215234091255, "gxe": 45, "rpr": 1460.4279021129068, "rprd": 111.1203019755944, "w": 1, "l": 2, "coil": null}}}