{"username": "qwertytestteam", "userid": "qwertytestteam", "registertime": 1469577600, "group": 1, "ratings": {"anythinggoes": {"elo": 1467.865682708, "gxe": 71, "rpr": 1669.2962556578, "rprd": 38.035950901873, "w": 61, "l": 32, "coil": null}, "gen5randombattle": {"elo": 1000, "gxe": 45.8, "rpr": 1466.4365997808, "rprd": 122.40579042968, "w": 0, "l": 1, "coil": null}, "gen7anythinggoes": {"elo": 1467.5276589413, "gxe": 69.3, "rpr": 1680.8861536789, "rprd": 216.95934468867, "w": 96, "l": 68, "coil": null}, "gen7battlespotdoubles": {"elo": 1326.5931018717, "gxe": 62.6, "rpr": 1597.7286851791, "rprd": 50.040860055073, "w": 29, "l": 22, "coil": null}, "gen7battlespotsingles": {"elo": 1000, "gxe": 45, "rpr": 1459.8393856612, "rprd": 122.8583080769, "w": 0, "l": 1, "coil": null}, "gen7ou": {"elo": 1401.5708469438, "gxe": 69.6, "rpr": 1658.3544702328, "rprd": 60.395179047187, "w": 72, "l": 57, "coil": null}, "gen7randombattle": {"elo": 1346.6869679528, "gxe": 43.3, "rpr": 1445.4083174026, "rprd": 130, "w": 63, "l": 44, "coil": null}, "gen7ubers": {"elo": 1217.2569896391, "gxe": 61.9, "rpr": 1608.5587470411, "rprd": 221.06325492756, "w": 19, "l": 10, "coil": null}, "gen7vgc2017": {"elo": 1127.4352155186, "gxe": 51.1, "rpr": 1509.6063252185, "rprd": 223.26203278919, "w": 9, "l": 8, "coil": null}, "gen7vgc2018": {"elo": 1400.6933985634, "gxe": 57, "rpr": 1562.3821830664, "rprd": 215.61299983167, "w": 40, "l": 25, "coil": null}, "gen8ou": {"elo": 1000, "gxe": 43, "rpr": 1444.0899133585, "rprd": 122.47369623523, "w": 0, "l": 1, "coil": null}, "gen8randombattle": {"elo": 1414.5627884978, "gxe": 82.4, "rpr": 1802.8258576564, "rprd": 100.09220565499, "w": 1438, "l": 1393, "coil": null}, "gen9ou": {"elo": 1049.0338927193782, "gxe": 42, "rpr": 1435.213722617833, "rprd": 122.22169293724, "w": 4, "l": 5, "coil": null}, "gen9randombattle": {"elo": 2057.1410185557684, "gxe": 85.5, "rpr": 1835.0654542416605, "rprd": 34.229476807043135, "w": 1817, "l": 1725, "coil": null}, "gen9randomdoublesbattle": {"elo": 1000, "gxe": 45, "rpr": 1459.8393856609866, "rprd": 122.85830807679145, "w": 0, "l": 1, "coil": null}, "gen9vgc2024reghbo3": {"elo": 1000, "gxe": 45, "rpr": 1459.8393856609866, "rprd": 122.85830807679145, "w": 0, "l": 1, "coil": null}, "ou": {"elo": 1358.3729125933, "gxe": 60.8, "rpr": 1582.6769164063, "rprd": 32.51266588862, "w": 117, "l": 101, "coil": null}, "ubers": {"elo": 1281.164979782, "gxe": 57.6, "rpr": 1557.9402483058, "rprd": 33.662027856789, "w": 76, "l": 62, "coil": null}, "vgc2016": {"elo": 1336.9437720631, "gxe": 61.4, "rpr": 1588.0222633921, "rprd": 42.038783954022, "w": 44, "l": 28, "coil": null}}}