{"username": "Radiator87", "userid": "radiator87", "registertime": 1455235200, "group": 1, "ratings": {"battlefactory": {"elo": 1000, "gxe": 45.2, "rpr": 1461.6164319151, "rprd": 122.04901156405, "w": 0, "l": 1, "coil": null}, "gen7battlefactory": {"elo": 1112.6524634439, "gxe": 52.2, "rpr": 1517.1086142324, "rprd": 100.00386413806, "w": 3, "l": 3, "coil": null}, "gen7ou": {"elo": 1133.9625371759, "gxe": 62.1, "rpr": 1597.2094898249, "rprd": 106.67775935725, "w": 4, "l": 0, "coil": null}, "gen7randombattle": {"elo": 1324.2209461995, "gxe": 56.7, "rpr": 1550.7579231971, "rprd": 40.914057599227, "w": 1133, "l": 1153, "coil": null}, "gen7randomdoublesbattle": {"elo": 1101.059414216, "gxe": 52.4, "rpr": 1519.1899392946, "rprd": 124.84887612664, "w": 4, "l": 2, "coil": null}, "gen8randombattle": {"elo": 1402.9491684105, "gxe": 60, "rpr": 1587.1957199997, "rprd": 189.74774842579, "w": 241, "l": 220, "coil": null}, "gen9randombattle": {"elo": 1365.0621598203074, "gxe": 60.3, "rpr": 1580.4001101591969, "rprd": 73.00361325216487, "w": 182, "l": 173, "coil": null}, "ou": {"elo": 1120.4271077752, "gxe": 49.6, "rpr": 1497.2156482345, "rprd": 103.81376618074, "w": 9, "l": 7, "coil": null}, "randomdoublesbattle": {"elo": 1112.7992764204, "gxe": 53.3, "rpr": 1525.874074326, "rprd": 78.603311697187, "w": 9, "l": 7, "coil": null}, "randomtriplesbattle": {"elo": 1028.0957292056, "gxe": 50.7, "rpr": 1505.9229132422, "rprd": 116.31124605443, "w": 1, "l": 1, "coil": null}, "ru": {"elo": 1042.332087958, "gxe": 53.9, "rpr": 1531.0819723925, "rprd": 122.50423434495, "w": 1, "l": 0, "coil": null}}}