{"username": "RAGE67", "userid": "rage67", "registertime": 1773014400, "group": 1, "ratings": {"gen9randombattle": {"elo": 1672.5796412864493, "gxe": 75.1, "rpr": 1709.3472957535357, "rprd": 40.73980415767035, "w": 150, "l": 106, "coil": null}}}