{"username": "RainbowRoxy890", "userid": "rainbowroxy890", "registertime": 1574380800, "group": 1, "ratings": {"gen1randombattle": {"elo": 1076.6989659531819, "gxe": 40.4, "rpr": 1423.7935611531987, "rprd": 95.44006508164499, "w": 55, "l": 48, "coil": null}, "gen2randombattle": {"elo": 1128.3024587349523, "gxe": 60.9, "rpr": 1587.2209785835416, "rprd": 102.76850443556175, "w": 7, "l": 5, "coil": null}, "gen3randombattle": {"elo": 1040, "gxe": 55, "rpr": 1540.1606143388, "rprd": 122.8583080769, "w": 1, "l": 0, "coil": null}, "gen5randombattle": {"elo": 1047.4290499179515, "gxe": 53.7, "rpr": 1529.2492444345025, "rprd": 122.5792081479678, "w": 1, "l": 0, "coil": null}, "gen6randombattle": {"elo": 1499.9054494959, "gxe": 77.3, "rpr": 1755.8343269679, "rprd": 165.47114648256, "w": 149, "l": 89, "coil": null}, "gen7battlefactory": {"elo": 1096.9407676733713, "gxe": 61.7, "rpr": 1595.4233521894914, "rprd": 128.0378621871344, "w": 2, "l": 0, "coil": null}, "gen7monotype": {"elo": 1082.8575025074, "gxe": 59.1, "rpr": 1573.3586843429, "rprd": 116.98992924163, "w": 2, "l": 0, "coil": null}, "gen7monotyperandombattle": {"elo": 1048.9083304208, "gxe": 55.4, "rpr": 1543.1112763042, "rprd": 121.91094274228, "w": 1, "l": 0, "coil": null}, "gen7pu": {"elo": 1109.3925461707, "gxe": 53.7, "rpr": 1528.4124989323, "rprd": 87.346090317979, "w": 6, "l": 4, "coil": null}, "gen7randombattle": {"elo": 1423.8908966529846, "gxe": 63.3, "rpr": 1607.0256015647776, "rprd": 105.57791124311994, "w": 307, "l": 274, "coil": null}, "gen7randomdoublesbattle": {"elo": 1128.6567092319, "gxe": 57.4, "rpr": 1557.8029647157, "rprd": 82.134524423282, "w": 12, "l": 9, "coil": null}, "gen7uu": {"elo": 1067.0434049414, "gxe": 48, "rpr": 1481.8413492507, "rprd": 227.37247548992, "w": 5, "l": 6, "coil": null}, "gen8battlefactory": {"elo": 1056.3142851207497, "gxe": 54.7, "rpr": 1537.4429877556124, "rprd": 122.79036013076919, "w": 1, "l": 0, "coil": null}, "gen8hackmonscup": {"elo": 1097.5597867989043, "gxe": 60.3, "rpr": 1583.0694896546015, "rprd": 116.79100603976062, "w": 3, "l": 2, "coil": null}, "gen8monotyperandombattle": {"elo": 1254.8227795419, "gxe": 53.3, "rpr": 1526.5819620082, "rprd": 123.87763207288, "w": 25, "l": 21, "coil": null}, "gen8randombattle": {"elo": 1399.6233135957, "gxe": 64, "rpr": 1613.1063009631, "rprd": 103.29487339138, "w": 95, "l": 77, "coil": null}, "gen8randomdoublesbattle": {"elo": 1333.4823966644, "gxe": 61, "rpr": 1589.8371974466, "rprd": 129.76899355932, "w": 40, "l": 30, "coil": null}, "gen8uu": {"elo": 1062.3142927136, "gxe": 41.8, "rpr": 1425.7750254545, "rprd": 225.85726095343, "w": 6, "l": 8, "coil": null}, "gen9babyrandombattle": {"elo": 1225.0044230764765, "gxe": 63.5, "rpr": 1611.0022886446955, "rprd": 123.14106186746658, "w": 74, "l": 41, "coil": null}, "gen9computergeneratedteams": {"elo": 1181.619196369593, "gxe": 66, "rpr": 1633.169755843436, "rprd": 128.48959733905338, "w": 10, "l": 6, "coil": null}, "gen9hackmonscup": {"elo": 1113.1084818403879, "gxe": 62.8, "rpr": 1605.5603142156747, "rprd": 130, "w": 3, "l": 0, "coil": null}, "gen9monotyperandombattle": {"elo": 1429.002327687198, "gxe": 72.2, "rpr": 1690.6002921623526, "rprd": 122.62318325304089, "w": 99, "l": 86, "coil": null}, "gen9randombattle": {"elo": 1866.95211464566, "gxe": 81.2, "rpr": 1775.9913361206688, "rprd": 26.679635003357035, "w": 6331, "l": 6058, "coil": null}, "gen9randombattlemayhem": {"elo": 1265.0729216133, "gxe": 55.7, "rpr": 1547.2494472858, "rprd": 153.74572735977, "w": 61, "l": 61, "coil": null}, "gen9randomdoublesbattle": {"elo": 1040, "gxe": 52.8, "rpr": 1522.3765833100215, "rprd": 123.62685139313372, "w": 1, "l": 0, "coil": null}, "gen9superstaffbrosultimate": {"elo": 1000, "gxe": 44.2, "rpr": 1453.1198573087217, "rprd": 121.95503777718432, "w": 0, "l": 1, "coil": null}}}