{"username": "RainbowKickr", "userid": "rainbowkickr", "registertime": 1684108800, "group": 1, "ratings": {"gen6tripleschallengecup": {"elo": 1000, "gxe": 45, "rpr": 1459.8393856609866, "rprd": 122.85830807679145, "w": 0, "l": 0, "coil": null}, "gen7randombattleapexabilities": {"elo": 1096.1419925455052, "gxe": 51.6, "rpr": 1512.6910350923745, "rprd": 96.14416727694713, "w": 4, "l": 3, "coil": null}, "gen9chimera1v1randombattle": {"elo": 1356.0670853035, "gxe": 59.1, "rpr": 1572.3221529418, "rprd": 108.84545754558, "w": 95, "l": 73, "coil": null}, "gen9randombattle": {"elo": 1859.0922687056918, "gxe": 80.3, "rpr": 1765.7062135474528, "rprd": 40.51202780589861, "w": 1679, "l": 1567, "coil": null}, "gen9randombattlesharedpowerb12p6": {"elo": 1130.654228978696, "gxe": 55.1, "rpr": 1538.44055225428, "rprd": 25, "w": 146, "l": 139, "coil": null}, "gen9randomdoublesbattle": {"elo": 1548.685755747969, "gxe": 67.1, "rpr": 1635.427848670593, "rprd": 53.05266753685875, "w": 151, "l": 128, "coil": null}}}