{"username": "RaionP86", "userid": "raionp86", "registertime": 1774569600, "group": 1, "ratings": {"gen9megainvasionrandombattle": {"elo": 1040, "gxe": 36.9, "rpr": 1396.9819460885114, "rprd": 76.01804943602887, "w": 7, "l": 14, "coil": null}, "gen9randombattle": {"elo": 1149.145769972725, "gxe": 47.2, "rpr": 1478.89195301582, "rprd": 27.878956160897648, "w": 151, "l": 162, "coil": null}, "gen9randomdoublesbattle": {"elo": 1044.5849307009835, "gxe": 54.5, "rpr": 1535.9603894818133, "rprd": 122.9316452847626, "w": 1, "l": 0, "coil": null}}}