{"username": "Ramity", "userid": "ramity", "registertime": 1553126400, "group": 1, "ratings": {"gen1randombattle": {"elo": 1040, "gxe": 42.5, "rpr": 1440.183381522, "rprd": 106.80466877793, "w": 1, "l": 3, "coil": null}, "gen3randombattle": {"elo": 1073.9916147495264, "gxe": 53.8, "rpr": 1529.8530206007613, "rprd": 110.84331133619965, "w": 2, "l": 1, "coil": null}, "gen4randombattle": {"elo": 1032.7684418051, "gxe": 50.1, "rpr": 1500.6384047005, "rprd": 116.08205691247, "w": 1, "l": 1, "coil": null}, "gen6randombattle": {"elo": 1114.2242815682757, "gxe": 73.6, "rpr": 1706.4334357285345, "rprd": 130, "w": 3, "l": 0, "coil": null}, "gen7randombattle": {"elo": 1453.283044937825, "gxe": 73.7, "rpr": 1706.9320205776435, "rprd": 130, "w": 178, "l": 159, "coil": null}, "gen7uu": {"elo": 1032.0648849318, "gxe": 37.8, "rpr": 1386.8863589877, "rprd": 231.72808713079, "w": 2, "l": 5, "coil": null}, "gen8balancedhackmons": {"elo": 1100.2014673246, "gxe": 52, "rpr": 1515.5354117184, "rprd": 95.179965958587, "w": 6, "l": 5, "coil": null}, "gen8battlestadiumdoubles": {"elo": 1179.2251132194, "gxe": 55.7, "rpr": 1543.6111155796, "rprd": 68.134773526739, "w": 23, "l": 18, "coil": null}, "gen8battlestadiumsingles": {"elo": 1128.9823237937, "gxe": 47, "rpr": 1476.5331271779, "rprd": 75.528118759155, "w": 25, "l": 26, "coil": null}, "gen8bdspbattlefestivaldoubles": {"elo": 1202.5474822428, "gxe": 49.7, "rpr": 1497.5710213839, "rprd": 32.954622704748, "w": 123, "l": 116, "coil": null}, "gen8challengecup1v1": {"elo": 1051.6455559299, "gxe": 41.7, "rpr": 1432.8858297683, "rprd": 130, "w": 2, "l": 2, "coil": null}, "gen8dragonkingcup": {"elo": 1051.4756453345, "gxe": 48.2, "rpr": 1486.02267439, "rprd": 107.11145611027, "w": 2, "l": 2, "coil": null}, "gen8hackmonscup": {"elo": 1000, "gxe": 39.1, "rpr": 1410.8105557454, "rprd": 130, "w": 0, "l": 2, "coil": null}, "gen8monotyperandombattle": {"elo": 1107.4177487422, "gxe": 61.2, "rpr": 1589.3376798369, "rprd": 103.31369170219, "w": 4, "l": 1, "coil": null}, "gen8ou": {"elo": 1347.1933734455, "gxe": 56.3, "rpr": 1548.2428093914, "rprd": 50.926977501492, "w": 94, "l": 74, "coil": null}, "gen8oublitz": {"elo": 1035.3715852364, "gxe": 50, "rpr": 1499.7181997663, "rprd": 115.14444304746, "w": 1, "l": 1, "coil": null}, "gen8randombattle": {"elo": 1433.1370737222, "gxe": 75.9, "rpr": 1741.6370252184, "rprd": 171.24615456369, "w": 1771, "l": 1619, "coil": null}, "gen8randomdoublesbattle": {"elo": 1360.9859777541, "gxe": 57.3, "rpr": 1558.2980342919, "rprd": 121.56993981954, "w": 28, "l": 17, "coil": null}, "gen8ru": {"elo": 1074.8341004078, "gxe": 48.4, "rpr": 1487.756711746, "rprd": 105.07732106856, "w": 2, "l": 2, "coil": null}, "gen8ubers": {"elo": 1247.930937917, "gxe": 65.9, "rpr": 1648.122156676, "rprd": 224.95892290894, "w": 12, "l": 4, "coil": null}, "gen8vgc2020": {"elo": 1309.315563254, "gxe": 50, "rpr": 1500.2101936493, "rprd": 36.881229174958, "w": 65, "l": 54, "coil": null}, "gen8vgc2021": {"elo": 1456.8903317474, "gxe": 57.6, "rpr": 1557.6689464094, "rprd": 33.728385774649, "w": 570, "l": 550, "coil": null}, "gen8vgc2021series10": {"elo": 1239.4446507786, "gxe": 51.4, "rpr": 1510.892806593, "rprd": 42.147466300737, "w": 163, "l": 161, "coil": null}, "gen8vgc2021series11": {"elo": 1327.9741264476, "gxe": 58, "rpr": 1560.9219697991, "rprd": 43.947898669528, "w": 44, "l": 31, "coil": null}, "gen8vgc2021series9": {"elo": 1415.1055551042, "gxe": 58.4, "rpr": 1564.5668571778, "rprd": 46.601244916382, "w": 54, "l": 39, "coil": null}, "gen8vgc2022": {"elo": 1135.4867372164, "gxe": 49.6, "rpr": 1496.0825398711, "rprd": 217.13684482316, "w": 41, "l": 35, "coil": null}, "gen9babyrandombattle": {"elo": 1279.8056348197, "gxe": 67.5, "rpr": 1646.1086993941, "rprd": 122.22799028409, "w": 17, "l": 7, "coil": null}, "gen9battlefactory": {"elo": 1125.1252489752, "gxe": 60.2, "rpr": 1585.209428478, "rprd": 153.81492499885, "w": 6, "l": 2, "coil": null}, "gen9battlestadiumdoubles": {"elo": 1158.5051285074, "gxe": 52.7, "rpr": 1520.4215935387, "rprd": 48.995893779486, "w": 26, "l": 23, "coil": null}, "gen9championsou": {"elo": 1090.2052604510232, "gxe": 59, "rpr": 1572.567125829214, "rprd": 116.77753930629355, "w": 2, "l": 0, "coil": null}, "gen9championsvgc2026regma": {"elo": 1375.5284971057836, "gxe": 55.6, "rpr": 1542.3985426649924, "rprd": 42.003218913556864, "w": 141, "l": 132, "coil": null}, "gen9godlygiftrandombattle": {"elo": 1000, "gxe": 45, "rpr": 1459.8393856609866, "rprd": 122.85830807679145, "w": 0, "l": 1, "coil": null}, "gen9hackmonscup": {"elo": 1082.1359930871665, "gxe": 48.8, "rpr": 1490.8646151204493, "rprd": 107.03286791329587, "w": 2, "l": 2, "coil": null}, "gen9monotype": {"elo": 1399.9033010854469, "gxe": 64.9, "rpr": 1617.4249248803162, "rprd": 58.00386533782581, "w": 31, "l": 18, "coil": 2523.583908749502}, "gen9monotyperandombattle": {"elo": 1085.3486382547098, "gxe": 58.2, "rpr": 1565.9005447591192, "rprd": 116.14727819511974, "w": 2, "l": 0, "coil": null}, "gen9partnersincrime": {"elo": 1031.48168026489, "gxe": 49.9, "rpr": 1499.4826989145645, "rprd": 115.40637990576325, "w": 1, "l": 1, "coil": null}, "gen9pickyourteamrandombattle": {"elo": 1026.7123920522658, "gxe": 50, "rpr": 1499.887225045395, "rprd": 116.73245296278608, "w": 1, "l": 1, "coil": null}, "gen9randombattle": {"elo": 1857.431877832957, "gxe": 81.9, "rpr": 1784.9212884360982, "rprd": 38.74696624075219, "w": 2259, "l": 1938, "coil": null}, "gen9randombattleblitz": {"elo": 1527.516776704095, "gxe": 67.1, "rpr": 1634.4092488399974, "rprd": 37.78656753980861, "w": 127, "l": 101, "coil": null}, "gen9randombattlehyperblitzautochoose": {"elo": 1000, "gxe": 45.3, "rpr": 1461.997182251158, "rprd": 121.93282860477264, "w": 0, "l": 1, "coil": null}, "gen9randomdoublesbattle": {"elo": 1090.8239145799919, "gxe": 55.2, "rpr": 1541.246703618086, "rprd": 114.96490124173555, "w": 3, "l": 2, "coil": null}, "gen9superstaffbrosultimate": {"elo": 1040, "gxe": 55, "rpr": 1540.1606143390134, "rprd": 122.85830807679145, "w": 1, "l": 0, "coil": null}, "gen9vgc2023regulationc": {"elo": 1337.5147688740437, "gxe": 63.6, "rpr": 1606.9324217712742, "rprd": 64.91770453431825, "w": 16, "l": 7, "coil": null}, "gen9vgc2023series1": {"elo": 1135.2310898627, "gxe": 51.3, "rpr": 1510.1361255343, "rprd": 97.001479087679, "w": 5, "l": 4, "coil": null}, "gen9vgc2023series2": {"elo": 1044.2738609226, "gxe": 54.9, "rpr": 1538.9453392124, "rprd": 122.01756541382, "w": 1, "l": 0, "coil": null}, "gen9vgc2024reggbo3": {"elo": 1159.72120372107, "gxe": 55.2, "rpr": 1540.5249745362396, "rprd": 80.39088436823415, "w": 10, "l": 6, "coil": null}, "gen9vgc2025regg": {"elo": 1082.1193230082806, "gxe": 56, "rpr": 1547.8646429195878, "rprd": 111.12182760710098, "w": 2, "l": 1, "coil": null}, "gen9vgc2025regi": {"elo": 1000, "gxe": 44.2, "rpr": 1453.755949471011, "rprd": 122.70607419210987, "w": 0, "l": 1, "coil": null}}}