{"username": "Random087", "userid": "random087", "registertime": 1776038400, "group": 1, "ratings": {"gen91v1factory": {"elo": 1000, "gxe": 44.3, "rpr": 1454.482633330443, "rprd": 122.84795992510338, "w": 0, "l": 1, "coil": null}, "gen9doublesou": {"elo": 1125.358171345849, "gxe": 59.2, "rpr": 1573.8110038801628, "rprd": 112.14373200063585, "w": 4, "l": 1, "coil": null}, "gen9metronomebattle": {"elo": 1100.1813161015243, "gxe": 55.2, "rpr": 1540.7425270734873, "rprd": 100.98308261105969, "w": 3, "l": 2, "coil": null}, "gen9randombattle": {"elo": 1547.364003740186, "gxe": 69.1, "rpr": 1651.625974123099, "rprd": 26.969453623752308, "w": 632, "l": 627, "coil": null}, "gen9randomdoublesbattle": {"elo": 1000, "gxe": 43.5, "rpr": 1447.539003330782, "rprd": 122.29329959444715, "w": 0, "l": 1, "coil": null}}}