{"username": "Randoboy", "userid": "randoboy", "registertime": 1685404800, "group": 1, "ratings": {"gen1randombattle": {"elo": 1113.7294800349257, "gxe": 62, "rpr": 1598.6583078404221, "rprd": 130, "w": 4, "l": 2, "coil": null}, "gen3randombattle": {"elo": 1000, "gxe": 27.8, "rpr": 1308.5486113759, "rprd": 125.83866694427, "w": 1, "l": 6, "coil": null}, "gen5ou": {"elo": 1176.9059692075084, "gxe": 58.2, "rpr": 1563.6769748974957, "rprd": 79.60339053040089, "w": 9, "l": 5, "coil": null}, "gen5randombattle": {"elo": 1000, "gxe": 33, "rpr": 1357.628376761377, "rprd": 128.86302275545825, "w": 0, "l": 3, "coil": null}, "gen6ou": {"elo": 1061.1544370325623, "gxe": 50.4, "rpr": 1503.376803054212, "rprd": 106.43272041770503, "w": 2, "l": 2, "coil": null}, "gen6purehackmons": {"elo": 1094.7769092648, "gxe": 56.6, "rpr": 1559.7506980211, "rprd": 228.59298262681, "w": 5, "l": 2, "coil": null}, "gen6randombattle": {"elo": 1087.2410719723855, "gxe": 57.6, "rpr": 1560.2798118787068, "rprd": 107.27489366095, "w": 3, "l": 1, "coil": null}, "gen71v1": {"elo": 1029.1472155124, "gxe": 47.6, "rpr": 1481.1892754066, "rprd": 117.50001869785, "w": 1, "l": 1, "coil": null}, "gen7randombattle": {"elo": 1056.4292538924, "gxe": 35.6, "rpr": 1380.8132089358, "rprd": 130, "w": 4, "l": 4, "coil": null}, "gen8bdsprandombattle": {"elo": 1160.7194684183, "gxe": 52.7, "rpr": 1520.8171135923, "rprd": 55.634939035595, "w": 19, "l": 17, "coil": null}, "gen8doublesou": {"elo": 1120.8664285652, "gxe": 59.8, "rpr": 1578.2299232394, "rprd": 112.30458611553, "w": 3, "l": 0, "coil": null}, "gen8metronomebattle": {"elo": 1000, "gxe": 44.8, "rpr": 1457.9069740846, "rprd": 122.6996449983, "w": 0, "l": 1, "coil": null}, "gen8randombattle": {"elo": 1195.9671097599, "gxe": 51.8, "rpr": 1514.0172738343, "rprd": 109.9588614953, "w": 15, "l": 10, "coil": null}, "gen8randombattleblitz": {"elo": 1051.1493118048, "gxe": 46.8, "rpr": 1475.2125975011, "rprd": 101.66621454304, "w": 2, "l": 3, "coil": null}, "gen8randomdoublesbattle": {"elo": 1116.2895850729, "gxe": 53.6, "rpr": 1532.2850285428, "rprd": 228.12360473164, "w": 6, "l": 4, "coil": null}, "gen91v1": {"elo": 1106.6457208338295, "gxe": 49.9, "rpr": 1499.3139558151788, "rprd": 79.38648483368853, "w": 7, "l": 7, "coil": null}, "gen9anythinggoes": {"elo": 1351.9626621540465, "gxe": 58.7, "rpr": 1568.8979903905758, "rprd": 107.81853702233924, "w": 55, "l": 43, "coil": null}, "gen9championsou": {"elo": 1044.0258813750659, "gxe": 49.8, "rpr": 1498.3147525499696, "rprd": 106.56510850684822, "w": 2, "l": 2, "coil": null}, "gen9doublesou": {"elo": 1265.0311087813805, "gxe": 59.7, "rpr": 1575.2386131899682, "rprd": 61.44250938072799, "w": 19, "l": 10, "coil": null}, "gen9nationaldex": {"elo": 1329.4108621776236, "gxe": 52.5, "rpr": 1519.223376271077, "rprd": 69.49355575967, "w": 78, "l": 63, "coil": null}, "gen9nationaldexubers": {"elo": 1030.3513575274667, "gxe": 37.1, "rpr": 1393.8960098617772, "rprd": 130, "w": 1, "l": 4, "coil": null}, "gen9ou": {"elo": 1270.3981030918405, "gxe": 54.8, "rpr": 1536.9170331311864, "rprd": 74.18377998584434, "w": 34, "l": 25, "coil": null}, "gen9pu": {"elo": 1025.04301276061, "gxe": 49.5, "rpr": 1496.3532301241362, "rprd": 116.89776223060333, "w": 1, "l": 1, "coil": 175.00892834367053}, "gen9randombattle": {"elo": 1613.306498577313, "gxe": 71.8, "rpr": 1676.2631190218362, "rprd": 29.645888036044695, "w": 1090, "l": 1057, "coil": null}, "gen9randombattleblitz": {"elo": 1128.7466956524324, "gxe": 64.4, "rpr": 1616.3244389463969, "rprd": 106.51819065115436, "w": 4, "l": 0, "coil": null}, "gen9ru": {"elo": 1089.2020223086718, "gxe": 45.9, "rpr": 1467.0362850335434, "rprd": 117.09864809387192, "w": 2, "l": 3, "coil": 695.7139040282727}}}