{"username": "razzybazzy", "userid": "razzybazzy", "registertime": 1613088000, "group": 1, "ratings": {"gen7anythinggoes": {"elo": 1098.2390209079, "gxe": 57.3, "rpr": 1566.7250708601, "rprd": 233.48918208258, "w": 4, "l": 2, "coil": null}, "gen8nationaldexag": {"elo": 1221.3313735065, "gxe": 46.2, "rpr": 1470.8208890092, "rprd": 46.86733136465, "w": 51, "l": 47, "coil": null}, "gen8ou": {"elo": 1084.7852790614, "gxe": 48.1, "rpr": 1485.2362639533, "rprd": 79.836681445786, "w": 15, "l": 14, "coil": null}, "gen8randombattle": {"elo": 1144.3114612492, "gxe": 42.7, "rpr": 1443.6261499804, "rprd": 75.312027812643, "w": 143, "l": 155, "coil": null}, "gen8randombattleblitz": {"elo": 1000, "gxe": 43.1, "rpr": 1444.340790413, "rprd": 122.50110089372, "w": 0, "l": 1, "coil": null}, "gen9nationaldex": {"elo": 1188.7431833746246, "gxe": 48.7, "rpr": 1490.1497411904109, "rprd": 65.05398158687684, "w": 159, "l": 153, "coil": null}, "gen9randombattle": {"elo": 1479.0437375001632, "gxe": 61.1, "rpr": 1585.1954109142246, "rprd": 31.263422987414703, "w": 737, "l": 745, "coil": null}}}