{"username": "Rbn078", "userid": "rbn078", "registertime": 1415491200, "group": 1, "ratings": {"gen1randombattle": {"elo": 1049.059479723, "gxe": 49.1, "rpr": 1492.6520465943, "rprd": 116.08980524752, "w": 1, "l": 1, "coil": null}, "gen3randombattle": {"elo": 1066.2839370949846, "gxe": 45.1, "rpr": 1462.3431134953962, "rprd": 62.70859052985897, "w": 99, "l": 100, "coil": null}, "gen4randombattle": {"elo": 1000, "gxe": 45, "rpr": 1459.8393856612, "rprd": 122.8583080769, "w": 0, "l": 1, "coil": null}, "gen7randombattle": {"elo": 1136.4093058803, "gxe": 41, "rpr": 1430.8379340932, "rprd": 53.885557080519, "w": 78, "l": 88, "coil": null}, "gen7randomdoublesbattle": {"elo": 1141.1232560309, "gxe": 33.2, "rpr": 1367.8017799766, "rprd": 41.464439845168, "w": 45, "l": 94, "coil": null}, "gen8battlefactory": {"elo": 1030.9681402888, "gxe": 33.9, "rpr": 1357.0611195255, "rprd": 183.74285567568, "w": 17, "l": 36, "coil": null}, "gen8monotyperandombattle": {"elo": 1115.1017116635, "gxe": 49.7, "rpr": 1497.6349460334, "rprd": 43.879821780175, "w": 77, "l": 77, "coil": null}, "gen8ou": {"elo": 1083.1413258962, "gxe": 31.9, "rpr": 1354.3539640975, "rprd": 67.82712964306, "w": 12, "l": 18, "coil": null}, "gen8randombattle": {"elo": 1190.8628260438, "gxe": 52.8, "rpr": 1521.4242783966, "rprd": 25, "w": 941, "l": 1139, "coil": null}, "gen8randomdoublesbattle": {"elo": 1008.3591155745089, "gxe": 23.5, "rpr": 1262.8799301389136, "rprd": 130, "w": 43, "l": 110, "coil": null}, "gen9monotyperandombattle": {"elo": 1128.4967075759134, "gxe": 56, "rpr": 1547.1931963964705, "rprd": 99.01876149710446, "w": 6, "l": 3, "coil": null}, "gen9randombattle": {"elo": 1431.1126489802766, "gxe": 66.4, "rpr": 1628.8060786000926, "rprd": 30.561320443911253, "w": 2497, "l": 2510, "coil": null}, "gen9randombattleblitz": {"elo": 1056.2938953162322, "gxe": 49.7, "rpr": 1497.9016329767358, "rprd": 106.30714867309959, "w": 2, "l": 2, "coil": null}, "gen9randomdoublesbattle": {"elo": 1228.6654658934713, "gxe": 55.1, "rpr": 1539.3400283852413, "rprd": 82.03205979915091, "w": 196, "l": 193, "coil": null}, "gen9ru": {"elo": 1060.3638860732801, "gxe": 46.3, "rpr": 1471.7793677171742, "rprd": 54.24646865685788, "w": 19, "l": 24, "coil": 1654.3831546170316}, "gen9uu": {"elo": 1275.8362532276767, "gxe": 64.2, "rpr": 1611.3911379615747, "rprd": 58.14243842845568, "w": 21, "l": 11, "coil": null}, "ou": {"elo": 1000, "gxe": 39.5, "rpr": 1415.6630848072, "rprd": 116.44085604324, "w": 0, "l": 0, "coil": null}}}