{"username": "rcm4444", "userid": "rcm4444", "registertime": 1578096000, "group": 1, "ratings": {"gen8battlefactory": {"elo": 1201.1721362809, "gxe": 57.3, "rpr": 1562.7562894969, "rprd": 183.65289657035, "w": 32, "l": 25, "coil": null}, "gen8monotyperandombattle": {"elo": 1280.8246683992, "gxe": 67.8, "rpr": 1645.505776684, "rprd": 97.139313274132, "w": 16, "l": 12, "coil": null}, "gen8nu": {"elo": 1078.2173832555, "gxe": 54.2, "rpr": 1533.208776245, "rprd": 111.63002965141, "w": 2, "l": 1, "coil": null}, "gen8ou": {"elo": 1293.8579517413, "gxe": 49.6, "rpr": 1496.6857977342, "rprd": 84.021233801062, "w": 266, "l": 243, "coil": null}, "gen8oublitz": {"elo": 1112.9501178253, "gxe": 59, "rpr": 1572.4932532008, "rprd": 113.60461283309, "w": 3, "l": 1, "coil": null}, "gen8randombattle": {"elo": 1399.19751268, "gxe": 72.8, "rpr": 1717.8200980166, "rprd": 210.3166236696, "w": 450, "l": 414, "coil": null}, "gen9monotype": {"elo": 1358.1241460049862, "gxe": 68.7, "rpr": 1650.3504330100332, "rprd": 66.81746843430116, "w": 19, "l": 7, "coil": 2605.317009404043}, "gen9ou": {"elo": 1335.430000985426, "gxe": 60.7, "rpr": 1586.4885103493898, "rprd": 122.22211824536664, "w": 22, "l": 9, "coil": null}, "gen9randombattle": {"elo": 1996.5851877094594, "gxe": 79.8, "rpr": 1758.5362590282566, "rprd": 29.16836243950765, "w": 4925, "l": 4653, "coil": null}, "gen9randombattleblitz": {"elo": 1000, "gxe": 45, "rpr": 1459.8393856609866, "rprd": 122.85830807679145, "w": 0, "l": 1, "coil": null}, "gen9ubers": {"elo": 1294.2272809205642, "gxe": 70.4, "rpr": 1668.1402570625103, "rprd": 86.42157408432894, "w": 12, "l": 4, "coil": null}}}