{"username": "redcoat11", "userid": "redcoat11", "registertime": 1703894400, "group": 1, "ratings": {"gen1randombattle": {"elo": 1049.5691324231054, "gxe": 53.7, "rpr": 1529.8931393383775, "rprd": 122.76170736861617, "w": 1, "l": 0, "coil": null}, "gen3randombattle": {"elo": 1182.215765423995, "gxe": 64.6, "rpr": 1617.9100783938936, "rprd": 96.95528505475802, "w": 6, "l": 2, "coil": null}, "gen4randombattle": {"elo": 1000, "gxe": 45, "rpr": 1459.8393856609866, "rprd": 122.85830807679145, "w": 0, "l": 1, "coil": null}, "gen5randombattle": {"elo": 1074.1731486741846, "gxe": 58, "rpr": 1564.4518270444112, "rprd": 122.65024255032834, "w": 2, "l": 0, "coil": null}, "gen6randombattle": {"elo": 1078.4915416007375, "gxe": 58.7, "rpr": 1570.550169641968, "rprd": 122.06161589145735, "w": 2, "l": 0, "coil": null}, "gen7purehackmons": {"elo": 1218.4988366671796, "gxe": 71.4, "rpr": 1678.5517434249077, "rprd": 92.99994473557047, "w": 9, "l": 1, "coil": null}, "gen7randombattle": {"elo": 1260.2058170764903, "gxe": 58.5, "rpr": 1565.5875967869235, "rprd": 58.22204611746087, "w": 30, "l": 24, "coil": null}, "gen8randombattle": {"elo": 1118.566291361896, "gxe": 62.7, "rpr": 1603.009554613365, "rprd": 111.4581901287324, "w": 4, "l": 1, "coil": null}, "gen9babyrandombattle": {"elo": 1170.7959207933472, "gxe": 66.4, "rpr": 1635.5451328686634, "rprd": 117.2430989191231, "w": 11, "l": 4, "coil": null}, "gen9brokencup": {"elo": 1065.666558657163, "gxe": 54.7, "rpr": 1537.4194556909072, "rprd": 116.09914800226602, "w": 2, "l": 1, "coil": null}, "gen9bssfactory": {"elo": 1000, "gxe": 45.3, "rpr": 1462.722646198286, "rprd": 122.33807584642253, "w": 0, "l": 1, "coil": null}, "gen9challengecup2v2": {"elo": 1000, "gxe": 41.8, "rpr": 1433.223015474558, "rprd": 130, "w": 0, "l": 2, "coil": null}, "gen9chimera1v1randombattle": {"elo": 1000, "gxe": 45, "rpr": 1459.8393856609866, "rprd": 122.85830807679145, "w": 0, "l": 1, "coil": null}, "gen9draftfactory": {"elo": 1000, "gxe": 45, "rpr": 1459.9890429304214, "rprd": 122.06884762579354, "w": 0, "l": 1, "coil": null}, "gen9fusionevolutionrandombattle": {"elo": 1040, "gxe": 55, "rpr": 1540.1606143390134, "rprd": 122.85830807679145, "w": 1, "l": 0, "coil": null}, "gen9hackmonscup": {"elo": 1000, "gxe": 40.2, "rpr": 1419.860660805869, "rprd": 130, "w": 0, "l": 2, "coil": null}, "gen9lc": {"elo": 1184.1577287055043, "gxe": 53.5, "rpr": 1527.3293587541086, "rprd": 93.12565801028228, "w": 20, "l": 21, "coil": null}, "gen9megainvasionrandombattle": {"elo": 1211.3448616656235, "gxe": 64.1, "rpr": 1610.830942830751, "rprd": 69.74815608614436, "w": 15, "l": 6, "coil": null}, "gen9metronomebattle": {"elo": 1156.919458822555, "gxe": 51.5, "rpr": 1511.7345924479196, "rprd": 100.61052346791573, "w": 8, "l": 11, "coil": null}, "gen9monotype": {"elo": 1080.6038536732672, "gxe": 53, "rpr": 1523.2589997045645, "rprd": 101.63376814011592, "w": 3, "l": 2, "coil": 1606.6595605010218}, "gen9monotyperandombattle": {"elo": 1000, "gxe": 45, "rpr": 1459.8393856609866, "rprd": 122.85830807679145, "w": 0, "l": 1, "coil": null}, "gen9nu": {"elo": 1172.4194224613293, "gxe": 55.1, "rpr": 1539.125117480716, "rprd": 63.4239928682527, "w": 17, "l": 12, "coil": 1864.4432869544487}, "gen9ou": {"elo": 1199.7281999842764, "gxe": 36.1, "rpr": 1388.4681646640238, "rprd": 99.67560327949404, "w": 56, "l": 56, "coil": null}, "gen9partnersincrimerandombattle6moves": {"elo": 1044.8546188071825, "gxe": 55, "rpr": 1540.1606143390134, "rprd": 122.85830807679145, "w": 1, "l": 0, "coil": null}, "gen9pickyourteamrandombattle": {"elo": 1080.2947778223408, "gxe": 59.2, "rpr": 1573.5624469490945, "rprd": 116.49870434740967, "w": 2, "l": 0, "coil": null}, "gen9pu": {"elo": 1329.5035757347, "gxe": 62.8, "rpr": 1600.0197540963, "rprd": 57.353787262969, "w": 42, "l": 41, "coil": 2369.362786772087}, "gen9randombattle": {"elo": 1913.9431692064948, "gxe": 80.5, "rpr": 1767.2489627042555, "rprd": 27.988003743695188, "w": 2088, "l": 1969, "coil": null}, "gen9randombattleblitz": {"elo": 1105.7327513687155, "gxe": 56.8, "rpr": 1553.8036588777788, "rprd": 110.77289518875908, "w": 4, "l": 2, "coil": null}, "gen9randombattlehyperblitzautochoose": {"elo": 1000, "gxe": 44.7, "rpr": 1457.9232161416824, "rprd": 121.89746753241714, "w": 0, "l": 1, "coil": null}, "gen9randombattlemayhem": {"elo": 1000, "gxe": 46.2, "rpr": 1469.6366515533966, "rprd": 122.46443801627663, "w": 0, "l": 1, "coil": null}, "gen9randombattlesharedpowerb12p6": {"elo": 1027.691119846256, "gxe": 50, "rpr": 1500, "rprd": 116.77753930629355, "w": 1, "l": 1, "coil": null}, "gen9randomdoublesbattle": {"elo": 1575.0125400854313, "gxe": 65.7, "rpr": 1623.6508044500633, "rprd": 55.00136970808165, "w": 61, "l": 37, "coil": null}, "gen9ru": {"elo": 1149.158763866859, "gxe": 52.5, "rpr": 1519.916863631698, "rprd": 121.9369551290038, "w": 9, "l": 5, "coil": 1484.92424049175}, "gen9ubers": {"elo": 1424.7754633231664, "gxe": 73.1, "rpr": 1699.7453659306989, "rprd": 122.71520503934711, "w": 56, "l": 39, "coil": null}, "gen9uu": {"elo": 1034.3346062715354, "gxe": 36.3, "rpr": 1387.3726187974416, "rprd": 121.71028591792079, "w": 4, "l": 7, "coil": null}, "gen9zu": {"elo": 1050.8173569058333, "gxe": 46.7, "rpr": 1473.7391807207416, "rprd": 103.85864903445514, "w": 2, "l": 3, "coil": 1072.8842635672306}}}