{"username": "Regu2", "userid": "regu2", "registertime": 1734998400, "group": 1, "ratings": {"gen9ou": {"elo": 1225.264148618994, "gxe": 66.6, "rpr": 1633.5852109943241, "rprd": 86.84708392944765, "w": 9, "l": 1, "coil": null}, "gen9randombattle": {"elo": 2126.3006346409134, "gxe": 85.1, "rpr": 1829.0032127295103, "rprd": 27.73216775987804, "w": 6148, "l": 5862, "coil": null}, "gen9randombattleblitz": {"elo": 1000, "gxe": 38, "rpr": 1402.6098567090464, "rprd": 117.68652535886932, "w": 0, "l": 2, "coil": null}, "gen9uu": {"elo": 1311.3758487547598, "gxe": 65.8, "rpr": 1623.8074262334521, "rprd": 46.31297031918908, "w": 35, "l": 21, "coil": null}}}