{"username": "RegularZebra", "userid": "regularzebra", "registertime": 1672876800, "group": 1, "ratings": {"gen9battlestadiumsinglesseries1": {"elo": 1080.5016136049, "gxe": 31.7, "rpr": 1354.549494691, "rprd": 45.429267094398, "w": 19, "l": 40, "coil": null}, "gen9nationaldexmonotype": {"elo": 1162.9245079006828, "gxe": 51.6, "rpr": 1511.994721507854, "rprd": 77.40426272765677, "w": 37, "l": 37, "coil": null}, "gen9randombattle": {"elo": 1603.3527894579593, "gxe": 67.8, "rpr": 1640.6523921602477, "rprd": 25.88719778750531, "w": 2613, "l": 2609, "coil": null}, "gen9vgc2025regg": {"elo": 1412.7984918760176, "gxe": 51.4, "rpr": 1510.6737771057853, "rprd": 25, "w": 171, "l": 155, "coil": null}, "gen9vgc2025reggbo3": {"elo": 1056.108605591186, "gxe": 41.2, "rpr": 1432.5522865744647, "rprd": 32.7966438398695, "w": 80, "l": 95, "coil": null}, "gen9vgc2025regibo3": {"elo": 1000, "gxe": 34.6, "rpr": 1375.3338202529972, "rprd": 103.65876548415686, "w": 1, "l": 4, "coil": null}}}