{"username": "renatobrrr", "userid": "renatobrrr", "registertime": 1700611200, "group": 1, "ratings": {"gen5randombattle": {"elo": 1031.0935621512324, "gxe": 49.5, "rpr": 1495.6710589773245, "rprd": 122.93275504687341, "w": 1, "l": 1, "coil": null}, "gen6firstbloodrandombattle": {"elo": 1043.837244532196, "gxe": 55, "rpr": 1540.1606143390134, "rprd": 122.85830807679145, "w": 1, "l": 0, "coil": null}, "gen7doublesou": {"elo": 1000, "gxe": 38.3, "rpr": 1405.1076177567231, "rprd": 117.62281480885504, "w": 0, "l": 2, "coil": null}, "gen7randombattle": {"elo": 1024.053740686208, "gxe": 48.6, "rpr": 1488.6621680311591, "rprd": 122.41526229254518, "w": 1, "l": 1, "coil": null}, "gen8randombattle": {"elo": 1045.2284415297916, "gxe": 53, "rpr": 1524.2896531063734, "rprd": 123.32836975494205, "w": 1, "l": 0, "coil": null}, "gen9anythinggoes": {"elo": 1000, "gxe": 37.4, "rpr": 1396.259798165851, "rprd": 130, "w": 0, "l": 2, "coil": null}, "gen9aprilfoolsday": {"elo": 1040, "gxe": 50, "rpr": 1500, "rprd": 116.77753930629355, "w": 1, "l": 1, "coil": null}, "gen9babyrandombattle": {"elo": 1070.102808904164, "gxe": 59.4, "rpr": 1576.0896597243134, "rprd": 122.93275504687341, "w": 2, "l": 0, "coil": null}, "gen9challengecup1v1": {"elo": 1000, "gxe": 43.4, "rpr": 1446.9131822869842, "rprd": 122.22796165220328, "w": 0, "l": 1, "coil": null}, "gen9championsrandombattle": {"elo": 1027.8025914366415, "gxe": 50, "rpr": 1500, "rprd": 116.77753930629355, "w": 1, "l": 1, "coil": null}, "gen9doublesou": {"elo": 1161.712476867784, "gxe": 45, "rpr": 1460.4245895928505, "rprd": 98.0799759026304, "w": 6, "l": 5, "coil": null}, "gen9doublesubers": {"elo": 1070.102808904164, "gxe": 60.8, "rpr": 1588.4504220344436, "rprd": 130, "w": 2, "l": 0, "coil": null}, "gen9doublesuu": {"elo": 1042.5287768541784, "gxe": 44.4, "rpr": 1455.605701307675, "rprd": 103.950543436373, "w": 2, "l": 4, "coil": null}, "gen9flipped": {"elo": 1000, "gxe": 43.6, "rpr": 1448.6768701713595, "rprd": 122.30379496021624, "w": 0, "l": 1, "coil": null}, "gen9legendszaou": {"elo": 1134.3928597785184, "gxe": 48.2, "rpr": 1485.866820589478, "rprd": 82.73401157072303, "w": 6, "l": 6, "coil": null}, "gen9megainvasionrandombattle": {"elo": 1000, "gxe": 45, "rpr": 1459.8393856609866, "rprd": 122.85830807679145, "w": 0, "l": 1, "coil": null}, "gen9monkeyspawrandombattle": {"elo": 1040, "gxe": 55, "rpr": 1540.1606143390134, "rprd": 122.85830807679145, "w": 1, "l": 0, "coil": null}, "gen9monotype": {"elo": 1064.4827508180056, "gxe": 37.3, "rpr": 1397.818376548847, "rprd": 100.84233987671584, "w": 33, "l": 30, "coil": 1459.527611185519}, "gen9monotyperandombattle": {"elo": 1152.3617749230089, "gxe": 52.4, "rpr": 1518.974478647161, "rprd": 102.93674463414325, "w": 12, "l": 10, "coil": null}, "gen9nationaldex": {"elo": 1093.9380022559744, "gxe": 44, "rpr": 1452.5128414147591, "rprd": 104.4615332246851, "w": 5, "l": 6, "coil": null}, "gen9nationaldexdoubles": {"elo": 1028.6548103977618, "gxe": 38.9, "rpr": 1413.6813578202512, "rprd": 70.82842845500443, "w": 43, "l": 62, "coil": null}, "gen9nationaldexmonotype": {"elo": 1110.5162892361352, "gxe": 24.8, "rpr": 1281.0147085247954, "rprd": 111.86738215110731, "w": 15, "l": 51, "coil": null}, "gen9nationaldexru": {"elo": 1000, "gxe": 45, "rpr": 1459.8393856609866, "rprd": 122.85830807679145, "w": 0, "l": 1, "coil": null}, "gen9nationaldexubers": {"elo": 1125.0764330097356, "gxe": 48.6, "rpr": 1488.9935379999476, "rprd": 111.88588223506257, "w": 7, "l": 7, "coil": null}, "gen9nationaldexuu": {"elo": 1025.8272349472188, "gxe": 28, "rpr": 1317.1750097336978, "rprd": 84.10314564114336, "w": 4, "l": 13, "coil": null}, "gen9nu": {"elo": 1000, "gxe": 26.6, "rpr": 1302.4354230668164, "rprd": 94.35095600121716, "w": 0, "l": 8, "coil": 580.1501137779171}, "gen9ou": {"elo": 1120.2872125473482, "gxe": 59.3, "rpr": 1573.624014920634, "rprd": 99.80782214848935, "w": 5, "l": 1, "coil": null}, "gen9partnersincrimerandombattle6moves": {"elo": 1000, "gxe": 42.3, "rpr": 1438.5599765700372, "rprd": 118.29641686975906, "w": 0, "l": 2, "coil": null}, "gen9randombattle": {"elo": 1293.5871805920247, "gxe": 56.9, "rpr": 1552.6639858705375, "rprd": 29.73172939698015, "w": 827, "l": 819, "coil": null}, "gen9randombattleblitz": {"elo": 1000, "gxe": 43.3, "rpr": 1446.000498456723, "rprd": 122.3155671787088, "w": 0, "l": 1, "coil": null}, "gen9randomdoublesbattle": {"elo": 1167.2055098993565, "gxe": 65.8, "rpr": 1629.7082495810068, "rprd": 111.47510256167982, "w": 7, "l": 3, "coil": null}, "gen9randomroulette": {"elo": 1000, "gxe": 45.6, "rpr": 1464.7442133101044, "rprd": 122.76112559158688, "w": 0, "l": 1, "coil": null}, "gen9ru": {"elo": 1124.5318352131837, "gxe": 53, "rpr": 1524.1809513044689, "rprd": 118.99063531469466, "w": 7, "l": 4, "coil": 1363.8647918899976}, "gen9tiershift": {"elo": 1077.4069454602, "gxe": 44.6, "rpr": 1456.616389321, "rprd": 119.83932865295, "w": 7, "l": 9, "coil": null}, "gen9ubers": {"elo": 1083.8672402879197, "gxe": 45.7, "rpr": 1465.8013904558231, "rprd": 116.91982157086585, "w": 6, "l": 6, "coil": null}, "gen9uu": {"elo": 1069.6444933916453, "gxe": 32.1, "rpr": 1352.9993194526219, "rprd": 100.52120026304935, "w": 4, "l": 11, "coil": null}, "gen9woomodrandombattle": {"elo": 1000, "gxe": 45, "rpr": 1459.8393856609866, "rprd": 122.85830807679145, "w": 0, "l": 1, "coil": null}}}