{"username": "Renner-Renner", "userid": "rennerrenner", "registertime": 1717372800, "group": 1, "ratings": {"gen9caprandombattle": {"elo": 1000, "gxe": 40.7, "rpr": 1425.105986865563, "rprd": 121.94462290589645, "w": 0, "l": 2, "coil": null}, "gen9randombattle": {"elo": 1912.7868113825484, "gxe": 80.3, "rpr": 1764.4128855526808, "rprd": 27.178941673860162, "w": 2493, "l": 2345, "coil": null}}}