{"username": "restrating", "userid": "restrating", "registertime": 1736294400, "group": 1, "ratings": {"gen7randombattle": {"elo": 1228.4951191324187, "gxe": 70.1, "rpr": 1668.073879883184, "rprd": 106.21434121017906, "w": 4, "l": 0, "coil": null}, "gen9battlefactory": {"elo": 1086.771116047489, "gxe": 59.2, "rpr": 1573.3804077825787, "rprd": 107.21452804263465, "w": 0, "l": 0, "coil": null}, "gen9randombattle": {"elo": 2005.3420368169434, "gxe": 80.6, "rpr": 1767.8113741779039, "rprd": 25, "w": 1462, "l": 1359, "coil": null}, "gen9randombattlesharedpowerb12p6": {"elo": 1000, "gxe": 45.7, "rpr": 1465.5157201358618, "rprd": 122.08904228218987, "w": 0, "l": 1, "coil": null}}}