{"username": "Rex 2099", "userid": "rex2099", "registertime": 1453852800, "group": 1, "ratings": {"anythinggoes": {"elo": 1115.5054889706, "gxe": 50.6, "rpr": 1504.9620853271, "rprd": 82.871382810321, "w": 10, "l": 9, "coil": null}, "balancedhackmons": {"elo": 1219.0911434714, "gxe": 61.7, "rpr": 1590.6759148874, "rprd": 44.995894275494, "w": 83, "l": 69, "coil": null}, "battlefactory": {"elo": 1024.9741568541, "gxe": 46.9, "rpr": 1475.2573931406, "rprd": 124.87974428274, "w": 1, "l": 2, "coil": null}, "digimondigimonshowdownsingles": {"elo": 1000, "gxe": 45, "rpr": 1459.8393856612, "rprd": 122.8583080769, "w": 0, "l": 1, "coil": null}, "digimondigimonxpokemon": {"elo": 1113.9250651132, "gxe": 60.1, "rpr": 1592.24461558, "rprd": 228.20546861274, "w": 6, "l": 2, "coil": null}, "doublesou": {"elo": 1360.5554802279, "gxe": 68.1, "rpr": 1644.9387649779, "rprd": 67.749826694092, "w": 35, "l": 19, "coil": null}, "extremetiershift": {"elo": 1153.3410003452, "gxe": 54.2, "rpr": 1531.9959561341, "rprd": 50.702348620722, "w": 26, "l": 22, "coil": null}, "gen1randombattle": {"elo": 1097.2819409991, "gxe": 52.5, "rpr": 1519.8194002184, "rprd": 109.86524985668, "w": 5, "l": 7, "coil": null}, "gen4randombattle": {"elo": 1040, "gxe": 50, "rpr": 1500, "rprd": 116.77753930647, "w": 1, "l": 1, "coil": null}, "gen4sharedpowerrandombattle": {"elo": 1128.8545063429, "gxe": 63.7, "rpr": 1610.3361345666, "rprd": 98.30192770257, "w": 5, "l": 1, "coil": null}, "gen5randombattle": {"elo": 1060.5853636969, "gxe": 56.8, "rpr": 1554.6340394603, "rprd": 123.24888788725, "w": 1, "l": 0, "coil": null}, "gen6firstbloodrandombattle": {"elo": 1168.11157155279, "gxe": 66.6, "rpr": 1634.1290965118749, "rprd": 91.80174569473745, "w": 7, "l": 1, "coil": null}, "gen6randombattle": {"elo": 1042.2798144055, "gxe": 55, "rpr": 1540.1606143388, "rprd": 122.8583080769, "w": 1, "l": 0, "coil": null}, "gen71v1": {"elo": 1319.1604089075, "gxe": 55.8, "rpr": 1544.3004476563, "rprd": 61.344359982082, "w": 95, "l": 85, "coil": null}, "gen7anythinggoes": {"elo": 1417.8720841593, "gxe": 54.9, "rpr": 1543.325811061, "rprd": 214.59897009505, "w": 97, "l": 119, "coil": null}, "gen7averagemons": {"elo": 1000, "gxe": 45.4, "rpr": 1463.3748421448, "rprd": 122.21298625075, "w": 0, "l": 1, "coil": null}, "gen7balancedhackmons": {"elo": 1400.7220065107, "gxe": 76.9, "rpr": 1728.1772882024, "rprd": 44.771301984092, "w": 719, "l": 507, "coil": null}, "gen7challengecup1v1": {"elo": 1000, "gxe": 38.6, "rpr": 1406.7332438551, "rprd": 130, "w": 0, "l": 2, "coil": null}, "gen7doublesou": {"elo": 1334.734976227, "gxe": 54.7, "rpr": 1541.4000129172, "rprd": 212.96851115626, "w": 89, "l": 78, "coil": null}, "gen7hackmonscup": {"elo": 1144.9906184601, "gxe": 66.7, "rpr": 1631.5303864129, "rprd": 41.47503337117, "w": 69, "l": 68, "coil": null}, "gen7lastwill": {"elo": 1146.0469449606, "gxe": 59.9, "rpr": 1577.6923296388, "rprd": 89.42524325686, "w": 7, "l": 4, "coil": null}, "gen7lc": {"elo": 1082.9159009553, "gxe": 44.1, "rpr": 1452.6697248792, "rprd": 130, "w": 8, "l": 7, "coil": null}, "gen7letsgorandombattle": {"elo": 1198.5174184742, "gxe": 62, "rpr": 1593.4470572135, "rprd": 66.547625732431, "w": 16, "l": 11, "coil": null}, "gen7letsgosinglesnorestrictions": {"elo": 1053.2695901028, "gxe": 51.2, "rpr": 1509.5652305023, "rprd": 104.96314995607, "w": 2, "l": 3, "coil": null}, "gen7megamelee": {"elo": 1306.9637703929, "gxe": 65.8, "rpr": 1655.4597232003, "rprd": 265.86673524976, "w": 25, "l": 9, "coil": null}, "gen7monotype": {"elo": 1444.5052593456, "gxe": 63.2, "rpr": 1620.4176753707, "rprd": 219.16265580165, "w": 230, "l": 203, "coil": null}, "gen7monotyperandombattle": {"elo": 1111.810112695, "gxe": 53.5, "rpr": 1527.7181174102, "rprd": 107.08172228377, "w": 3, "l": 2, "coil": null}, "gen7ou": {"elo": 1499.2533898542, "gxe": 64.1, "rpr": 1628.0458569473, "rprd": 212.63593557038, "w": 1038, "l": 985, "coil": null}, "gen7pickyourteamrandombattle": {"elo": 1081.6365912517, "gxe": 54.8, "rpr": 1538.4931422177, "rprd": 118.91268588988, "w": 2, "l": 0, "coil": null}, "gen7pokebilities": {"elo": 1068.2791569283, "gxe": 49.3, "rpr": 1494.2761871517, "rprd": 98.369341787073, "w": 3, "l": 3, "coil": null}, "gen7randombattle": {"elo": 1518.3448791861, "gxe": 70.2, "rpr": 1662.0498118074, "rprd": 33.235928882017, "w": 754, "l": 667, "coil": null}, "gen7superstaffbrosbrawl": {"elo": 1136.1309009888, "gxe": 61.5, "rpr": 1593.4591743796, "rprd": 119.41395692131, "w": 5, "l": 3, "coil": null}, "gen7ubers": {"elo": 1121.9296720801, "gxe": 64.5, "rpr": 1617.3048637345, "rprd": 107.20866077609, "w": 4, "l": 0, "coil": null}, "gen81v1": {"elo": 1271.5488236254, "gxe": 51, "rpr": 1508.9603858687, "rprd": 214.09560987779, "w": 54, "l": 50, "coil": null}, "gen8anythinggoes": {"elo": 1420.5710451097, "gxe": 70.2, "rpr": 1665.6501198332, "rprd": 81.093248549634, "w": 27, "l": 11, "coil": null}, "gen8balancedhackmons": {"elo": 1387.9329458804, "gxe": 79.3, "rpr": 1754.8752733706, "rprd": 51.013972738924, "w": 55, "l": 27, "coil": null}, "gen8cap1v1": {"elo": 1050.0522485649, "gxe": 56.2, "rpr": 1549.3640950421, "rprd": 121.98469555803, "w": 1, "l": 0, "coil": null}, "gen8challengecup1v1": {"elo": 1165.6869601304, "gxe": 53.8, "rpr": 1529.0188597235, "rprd": 63.428923184364, "w": 17, "l": 10, "coil": null}, "gen8doublesou": {"elo": 1219.7717649013, "gxe": 62.1, "rpr": 1610.5292468431, "rprd": 217.81965618506, "w": 73, "l": 50, "coil": null}, "gen8monotype": {"elo": 1499.9294398678, "gxe": 66.8, "rpr": 1661.6682441668, "rprd": 246.46527628694, "w": 61, "l": 40, "coil": null}, "gen8monotyperandombattle": {"elo": 1229.6434198837, "gxe": 66.1, "rpr": 1634.1473712799, "rprd": 130, "w": 19, "l": 12, "coil": null}, "gen8nationaldexag": {"elo": 1392.8578756301, "gxe": 71.1, "rpr": 1672.8687904239, "rprd": 67.378014762035, "w": 140, "l": 99, "coil": null}, "gen8ou": {"elo": 1399.154924699, "gxe": 69, "rpr": 1672.0140450779, "rprd": 191.09056134811, "w": 52, "l": 27, "coil": null}, "gen8randombattle": {"elo": 1399.7443808591, "gxe": 72, "rpr": 1709.7239278997, "rprd": 212.64714790476, "w": 1820, "l": 1566, "coil": null}, "gen8randombattlemayhem": {"elo": 1339.5467264919, "gxe": 62.3, "rpr": 1595.8282904831, "rprd": 60.924624564407, "w": 429, "l": 396, "coil": null}, "gen8randomdoublesbattle": {"elo": 1180.5079320795, "gxe": 59.1, "rpr": 1583.0453957645, "rprd": 224.35702540982, "w": 10, "l": 5, "coil": null}, "gen8ru": {"elo": 1207.3205569097, "gxe": 57.9, "rpr": 1571.1440983656, "rprd": 219.20217698399, "w": 20, "l": 13, "coil": null}, "gen8vgc2020": {"elo": 1341.9008445536, "gxe": 47.9, "rpr": 1484.2869125645, "rprd": 49.897230310932, "w": 86, "l": 82, "coil": null}, "gen9balancedhackmons": {"elo": 1030.1807585494, "gxe": 50, "rpr": 1500, "rprd": 116.77753930647, "w": 1, "l": 1, "coil": null}, "gen9championsou": {"elo": 1000, "gxe": 45, "rpr": 1459.8393856609866, "rprd": 122.85830807679145, "w": 0, "l": 1, "coil": null}, "gen9championsrandombattle": {"elo": 1336.7069948916628, "gxe": 71.5, "rpr": 1673.6881906640538, "rprd": 29.827932287606316, "w": 98, "l": 58, "coil": null}, "gen9doublesou": {"elo": 1017.8492330441, "gxe": 36.1, "rpr": 1388.4757247903, "rprd": 92.298099223757, "w": 3, "l": 8, "coil": null}, "gen9metronomebattle": {"elo": 1000, "gxe": 42.1, "rpr": 1436.370146437, "rprd": 115.70248985711, "w": 0, "l": 2, "coil": null}, "gen9monotype": {"elo": 1353.716132688774, "gxe": 61.5, "rpr": 1593.8336480291905, "rprd": 130, "w": 31, "l": 16, "coil": 2388.5004093691427}, "gen9nationaldex": {"elo": 1045.7219142325, "gxe": 55, "rpr": 1540.1606143388, "rprd": 122.8583080769, "w": 0, "l": 0, "coil": null}, "gen9ou": {"elo": 1358.8468525816527, "gxe": 53.7, "rpr": 1529.9365653253874, "rprd": 125.95826574371618, "w": 420, "l": 391, "coil": null}, "gen9randombattle": {"elo": 1439.2107212089174, "gxe": 74.4, "rpr": 1700.9839028265073, "rprd": 31.525172764803475, "w": 2814, "l": 2561, "coil": null}, "gen9ubers": {"elo": 1064.5377872354, "gxe": 54.1,