{"username": "ReyRai", "userid": "reyrai", "registertime": 1781568000, "group": 1, "ratings": {"gen9anythinggoes": {"elo": 1008.7712157089413, "gxe": 40.9, "rpr": 1428.2990223737802, "rprd": 100.20321438991563, "w": 2, "l": 4, "coil": null}, "gen9randombattle": {"elo": 1040, "gxe": 53.1, "rpr": 1525.073560819265, "rprd": 123.33883098531314, "w": 1, "l": 0, "coil": null}}}