{"username": "Rez0718", "userid": "rez0718", "registertime": 1658361600, "group": 1, "ratings": {"gen7randombattleapexabilities": {"elo": 1000, "gxe": 43.7, "rpr": 1449.2989862015258, "rprd": 122.91713519858627, "w": 0, "l": 1, "coil": null}, "gen8anythinggoes": {"elo": 1439.1506073312, "gxe": 61.6, "rpr": 1589.5309451124, "rprd": 37.141560095214, "w": 203, "l": 185, "coil": null}, "gen8randombattle": {"elo": 1000, "gxe": 45, "rpr": 1459.8393856612, "rprd": 122.8583080769, "w": 0, "l": 1, "coil": null}, "gen9ou": {"elo": 1000, "gxe": 38.4, "rpr": 1405.9015405881194, "rprd": 116.08087606943704, "w": 0, "l": 2, "coil": null}, "gen9randombattle": {"elo": 1248.0397069837454, "gxe": 52, "rpr": 1515.0025536546607, "rprd": 46.52715844226104, "w": 557, "l": 547, "coil": null}, "gen9randomroulette": {"elo": 1079.7808845063737, "gxe": 59, "rpr": 1572.567125829214, "rprd": 116.77753930629355, "w": 2, "l": 0, "coil": null}, "gen9ubers": {"elo": 1040.910577100615, "gxe": 47.8, "rpr": 1482.8035064019314, "rprd": 98.87926161372444, "w": 3, "l": 3, "coil": null}}}