{"username": "Rheny", "userid": "rheny", "registertime": 1671926400, "group": 1, "ratings": {"gen3randombattle": {"elo": 1050.9663946000617, "gxe": 49, "rpr": 1492.0232393055846, "rprd": 115.30269145064923, "w": 1, "l": 1, "coil": null}, "gen5randombattle": {"elo": 1040, "gxe": 55, "rpr": 1540.1606143390134, "rprd": 122.85830807679145, "w": 1, "l": 0, "coil": null}, "gen7randombattle": {"elo": 1167.8986219663, "gxe": 52.2, "rpr": 1517.1514023277, "rprd": 59.841458717002, "w": 0, "l": 0, "coil": null}, "gen9babyrandombattle": {"elo": 1051.6231449924458, "gxe": 43.3, "rpr": 1446.8264458373153, "rprd": 111.51687518621928, "w": 1, "l": 2, "coil": null}, "gen9lc": {"elo": 1000, "gxe": 44.4, "rpr": 1454.9298837510592, "rprd": 121.83327909115341, "w": 0, "l": 1, "coil": null}, "gen9monotype": {"elo": 1188.4552527908518, "gxe": 61.9, "rpr": 1594.0942699916861, "rprd": 85.53981111298152, "w": 9, "l": 3, "coil": 2205.8652261154803}, "gen9nu": {"elo": 1220.0494768405033, "gxe": 64.8, "rpr": 1617.9600069263406, "rprd": 76.88920030700977, "w": 11, "l": 4, "coil": 1875.66093172273}, "gen9ou": {"elo": 1317.3801583914026, "gxe": 55.4, "rpr": 1541.1404171736992, "rprd": 62.52942468226879, "w": 67, "l": 52, "coil": null}, "gen9pu": {"elo": 1000, "gxe": 45, "rpr": 1459.8393856609866, "rprd": 122.85830807679145, "w": 0, "l": 1, "coil": 14.0625}, "gen9randombattle": {"elo": 1857.5146545342498, "gxe": 80.8, "rpr": 1770.3540390372195, "rprd": 25.93308192361337, "w": 1812, "l": 1716, "coil": null}, "gen9ru": {"elo": 1095.6019522425734, "gxe": 59, "rpr": 1571.8218046996515, "rprd": 112.48030385575854, "w": 4, "l": 1, "coil": 894.2727742411349}, "gen9vgc2023regulationd": {"elo": 1087.457346897112, "gxe": 47.7, "rpr": 1481.5822376048848, "rprd": 105.37660097694625, "w": 2, "l": 2, "coil": null}, "gen9vgc2025regi": {"elo": 1139.1571245724842, "gxe": 50.4, "rpr": 1503.4456771795512, "rprd": 76.65277042926127, "w": 9, "l": 7, "coil": null}}}