{"username": "Rhinoshark007", "userid": "rhinoshark007", "registertime": 1658620800, "group": 1, "ratings": {"gen8metronomebattle": {"elo": 1083.9655258216, "gxe": 39.5, "rpr": 1418.2810304805, "rprd": 67.867761173637, "w": 8, "l": 13, "coil": null}, "gen8monotype": {"elo": 1000, "gxe": 38.4, "rpr": 1405.8613155519, "rprd": 117.37026293165, "w": 0, "l": 2, "coil": null}, "gen8nationaldexag": {"elo": 1295.2869289481, "gxe": 56.6, "rpr": 1550.384941845, "rprd": 61.555235017205, "w": 21, "l": 11, "coil": null}, "gen8nationaldexmonotype": {"elo": 1206.2306381104, "gxe": 53.1, "rpr": 1523.2796145683, "rprd": 46.733250326121, "w": 31, "l": 27, "coil": null}, "gen8ou": {"elo": 1164.5616473265, "gxe": 52.4, "rpr": 1518.2849353127, "rprd": 84.319400755447, "w": 7, "l": 4, "coil": null}, "gen8randombattle": {"elo": 1432.4686818294, "gxe": 60.8, "rpr": 1592.6685630611, "rprd": 177.28226872295, "w": 100, "l": 86, "coil": null}, "gen9almostanyability": {"elo": 1108.5522472112561, "gxe": 50.2, "rpr": 1501.38606163198, "rprd": 58.68277931399963, "w": 17, "l": 14, "coil": null}, "gen9monotype": {"elo": 1082.478679221762, "gxe": 58.7, "rpr": 1570.1734042374032, "rprd": 116.02499645761417, "w": 2, "l": 0, "coil": 1174}, "gen9nationaldex": {"elo": 1555.9510388319557, "gxe": 75.1, "rpr": 1710.5121705533363, "rprd": 54.622809705054834, "w": 74, "l": 52, "coil": null}, "gen9nationaldexag": {"elo": 1041.0432647767, "gxe": 53.1, "rpr": 1524.6155314415, "rprd": 123.66849533663, "w": 1, "l": 0, "coil": null}, "gen9nationaldexmonotype": {"elo": 1449.9820658946, "gxe": 71.5, "rpr": 1679.9179427926, "rprd": 100.15835530614, "w": 36, "l": 15, "coil": null}, "gen9nationaldexubers": {"elo": 1078.3903133866047, "gxe": 50.1, "rpr": 1500.5793815982483, "rprd": 112.0598318748814, "w": 2, "l": 1, "coil": null}, "gen9ou": {"elo": 1139.9380394349005, "gxe": 49.8, "rpr": 1498.5967275456205, "rprd": 109.59198542412352, "w": 31, "l": 32, "coil": null}, "gen9randombattle": {"elo": 2150.0346805297, "gxe": 87.5, "rpr": 1866.6066944323, "rprd": 30.580262312753, "w": 3514, "l": 3264, "coil": null}}}