{"username": "Rideq", "userid": "rideq", "registertime": 1509926400, "group": 1, "ratings": {"digimondigimonshowdownsingles": {"elo": 1000, "gxe": 41, "rpr": 1427.4328741711, "rprd": 116.77753930647, "w": 0, "l": 2, "coil": null}, "digimondigimonxpokemon": {"elo": 1000, "gxe": 45, "rpr": 1459.8393856612, "rprd": 122.8583080769, "w": 0, "l": 1, "coil": null}, "gen1randombattle": {"elo": 1000, "gxe": 45, "rpr": 1459.8393856612, "rprd": 122.8583080769, "w": 0, "l": 1, "coil": null}, "gen2randombattle": {"elo": 1000, "gxe": 39.5, "rpr": 1413.8542743286662, "rprd": 130, "w": 0, "l": 2, "coil": null}, "gen3randombattle": {"elo": 1000, "gxe": 45, "rpr": 1459.8393856612, "rprd": 122.8583080769, "w": 0, "l": 1, "coil": null}, "gen71v1": {"elo": 1056.8295581843, "gxe": 31.2, "rpr": 1347.6015001144, "rprd": 80.637786255676, "w": 4, "l": 12, "coil": null}, "gen7anythinggoes": {"elo": 1000, "gxe": 28.4, "rpr": 1318.4793475911, "rprd": 102.40744670784, "w": 2, "l": 8, "coil": null}, "gen7monotype": {"elo": 1033.9412092665, "gxe": 34.8, "rpr": 1357.3154117302, "rprd": 229.88334227104, "w": 2, "l": 8, "coil": null}, "gen7ou": {"elo": 1117.8532781233, "gxe": 44.1, "rpr": 1452.4682826423, "rprd": 130, "w": 2, "l": 1, "coil": null}, "gen7randombattle": {"elo": 1065.2668646896, "gxe": 33.2, "rpr": 1367.7389659008, "rprd": 43.090952114086, "w": 64, "l": 103, "coil": null}, "gen7randomdoublesbattle": {"elo": 1000, "gxe": 45, "rpr": 1459.8393856612, "rprd": 122.8583080769, "w": 0, "l": 0, "coil": null}, "gen7ubers": {"elo": 1044.0742660111, "gxe": 23, "rpr": 1256.6879001115, "rprd": 130, "w": 0, "l": 4, "coil": null}, "gen8hackmonscup": {"elo": 1046.707648053, "gxe": 52.5, "rpr": 1520.2317930229, "rprd": 124.0507089279, "w": 1, "l": 0, "coil": null}, "gen8monotyperandombattle": {"elo": 1000, "gxe": 27.8, "rpr": 1307.6734678436, "rprd": 130, "w": 0, "l": 3, "coil": null}, "gen8ou": {"elo": 1056.52231193, "gxe": 37.1, "rpr": 1398.4037253242, "rprd": 69.745460607993, "w": 8, "l": 14, "coil": null}, "gen8randombattle": {"elo": 1017.155882908, "gxe": 28.8, "rpr": 1326.176012226, "rprd": 70.342947995788, "w": 46, "l": 80, "coil": null}, "gen8randombattleblitz": {"elo": 1000, "gxe": 45, "rpr": 1459.8393856612, "rprd": 122.8583080769, "w": 0, "l": 1, "coil": null}, "gen91v1": {"elo": 1000, "gxe": 36.6, "rpr": 1393.6040408477, "rprd": 89.780193227152, "w": 2, "l": 7, "coil": null}, "gen9ou": {"elo": 1063.2787236101142, "gxe": 35, "rpr": 1377.3688303928354, "rprd": 115.5028064808862, "w": 5, "l": 12, "coil": null}, "gen9randombattle": {"elo": 1147.5325568587318, "gxe": 34.5, "rpr": 1379.0059003064027, "rprd": 35.0542318047635, "w": 1032, "l": 1367, "coil": null}}}