{"username": "RidleyAlex", "userid": "ridleyalex", "registertime": 1556841600, "group": 1, "ratings": {"gen1ou": {"elo": 1000, "gxe": 45, "rpr": 1459.8393856612, "rprd": 122.8583080769, "w": 0, "l": 1, "coil": null}, "gen4ou": {"elo": 1000, "gxe": 44.1, "rpr": 1452.7131658069, "rprd": 122.30615107177, "w": 0, "l": 1, "coil": null}, "gen7monotype": {"elo": 1244.6562391097, "gxe": 56.6, "rpr": 1559.7997069494, "rprd": 220.02028638076, "w": 18, "l": 10, "coil": null}, "gen7randombattle": {"elo": 1501.1966060303, "gxe": 72.4, "rpr": 1694.2000529108, "rprd": 130, "w": 163, "l": 124, "coil": null}, "gen8battlefactory": {"elo": 1040, "gxe": 50, "rpr": 1500, "rprd": 116.77753930647, "w": 1, "l": 1, "coil": null}, "gen8bdsprandombattle": {"elo": 1184.2817873372, "gxe": 61.8, "rpr": 1594.192974129, "rprd": 100.00488263747, "w": 9, "l": 4, "coil": null}, "gen8monotyperandombattle": {"elo": 1043.6513178832, "gxe": 53.9, "rpr": 1531.4931912254, "rprd": 123.10921751537, "w": 1, "l": 0, "coil": null}, "gen8ou": {"elo": 1041.6705436056, "gxe": 55.4, "rpr": 1543.159058685, "rprd": 122.13619416619, "w": 1, "l": 0, "coil": null}, "gen8pu": {"elo": 1139.9045032234, "gxe": 52.4, "rpr": 1518.4946875778, "rprd": 80.737233663167, "w": 8, "l": 5, "coil": null}, "gen8randombattle": {"elo": 1428.0885449318, "gxe": 68.8, "rpr": 1668.4309549315, "rprd": 181.75868160443, "w": 71, "l": 46, "coil": null}, "gen8randombattleblitz": {"elo": 1000, "gxe": 45, "rpr": 1459.8393856612, "rprd": 122.8583080769, "w": 0, "l": 1, "coil": null}, "gen8randombattlemayhem": {"elo": 1018.4388619399, "gxe": 42.7, "rpr": 1441.0687875998, "rprd": 127.56561300629, "w": 1, "l": 2, "coil": null}, "gen8randombattlenodmax": {"elo": 1179.9115999425, "gxe": 54.2, "rpr": 1532.2195059176, "rprd": 70.060968680171, "w": 34, "l": 34, "coil": null}, "gen8randomdoublesbattle": {"elo": 1000, "gxe": 45, "rpr": 1459.8393856612, "rprd": 122.8583080769, "w": 0, "l": 1, "coil": null}, "gen8ubers": {"elo": 1132.3320022353, "gxe": 60.2, "rpr": 1580.8824799644, "rprd": 102.99554039128, "w": 4, "l": 1, "coil": null}, "gen9nationaldex": {"elo": 1347.8104427144578, "gxe": 53.8, "rpr": 1528.6029283101761, "rprd": 29.011615495573157, "w": 80, "l": 68, "coil": null}, "gen9randombattle": {"elo": 1946.9579786737236, "gxe": 83.3, "rpr": 1803.259643074537, "rprd": 34.911887001036725, "w": 1794, "l": 1572, "coil": null}, "gen9randomdoublesbattle": {"elo": 1855.3986642372, "gxe": 82.1, "rpr": 1788.6824513459, "rprd": 47.792411251863, "w": 274, "l": 207, "coil": null}}}