{"username": "Ringeltaube", "userid": "ringeltaube", "registertime": 1626912000, "group": 1, "ratings": {"gen7monotypebattlefactory": {"elo": 1000, "gxe": 43.5, "rpr": 1448.1409120184, "rprd": 123.17782266692, "w": 0, "l": 1, "coil": null}, "gen8bdsplc": {"elo": 1000, "gxe": 45, "rpr": 1459.8393856612, "rprd": 122.8583080769, "w": 0, "l": 1, "coil": null}, "gen8bdspou": {"elo": 1219.086847036, "gxe": 53.1, "rpr": 1526.7165357024, "rprd": 190.50420954762, "w": 106, "l": 100, "coil": null}, "gen8bdsppu": {"elo": 1032.8768725887, "gxe": 45.8, "rpr": 1466.5864652444, "rprd": 107.06985827321, "w": 1, "l": 3, "coil": null}, "gen8bdsprandombattle": {"elo": 1332.3699457552, "gxe": 64.1, "rpr": 1610.4815912578, "rprd": 61.81868762334, "w": 95, "l": 76, "coil": null}, "gen8challengecup1v1": {"elo": 1048.2161532694, "gxe": 53.8, "rpr": 1530.1314690025, "rprd": 123.10803048129, "w": 1, "l": 0, "coil": null}, "gen8lc": {"elo": 1084.7718778525, "gxe": 49.2, "rpr": 1493.7973373409, "rprd": 53.174295677818, "w": 20, "l": 20, "coil": null}, "gen8monotyperandombattle": {"elo": 1025.2550371569, "gxe": 47.9, "rpr": 1483.5970868444, "rprd": 117.51270510188, "w": 1, "l": 1, "coil": null}, "gen8ou": {"elo": 1113.625983837, "gxe": 35.2, "rpr": 1384.7637008239, "rprd": 33.879076125827, "w": 196, "l": 259, "coil": null}, "gen8randombattle": {"elo": 1392.2489090295, "gxe": 62.6, "rpr": 1615.2475924652, "rprd": 218.94134434492, "w": 164, "l": 155, "coil": null}, "gen8randomdoublesbattle": {"elo": 1000, "gxe": 45, "rpr": 1459.8393856612, "rprd": 122.8583080769, "w": 0, "l": 1, "coil": null}, "gen9battlefactory": {"elo": 1118.1398744853493, "gxe": 60.5, "rpr": 1584.2118314775328, "rprd": 111.17363275957753, "w": 3, "l": 0, "coil": null}, "gen9doublesou": {"elo": 1499.7075614666, "gxe": 79.2, "rpr": 1761.2403824257, "rprd": 97.390582890091, "w": 184, "l": 143, "coil": null}, "gen9doublesuu": {"elo": 1384.0499656232, "gxe": 80.2, "rpr": 1773.8531177204, "rprd": 101.39417589969, "w": 19, "l": 0, "coil": null}, "gen9nu": {"elo": 1216.5880179284436, "gxe": 59.1, "rpr": 1570.3073301208708, "rprd": 54.78360985296057, "w": 28, "l": 24, "coil": 2153.397495248892}, "gen9ou": {"elo": 1488.7994570588373, "gxe": 61.9, "rpr": 1591.953098467802, "rprd": 46.61492478730075, "w": 155, "l": 136, "coil": null}, "gen9pu": {"elo": 1205.5796734117328, "gxe": 57.3, "rpr": 1555.7814147897227, "rprd": 51.49889152316104, "w": 30, "l": 22, "coil": 2087.8117847336976}, "gen9randombattle": {"elo": 1874.2747794084423, "gxe": 79.3, "rpr": 1753.6793880058135, "rprd": 31.86996920610608, "w": 2592, "l": 2443, "coil": null}, "gen9ru": {"elo": 1258.1486516888826, "gxe": 60.6, "rpr": 1581.90205523785, "rprd": 61.53003043173199, "w": 61, "l": 50, "coil": 2320.3245864565706}, "gen9uu": {"elo": 1408.904872455782, "gxe": 61.3, "rpr": 1586.9622944337054, "rprd": 37.51126710975622, "w": 84, "l": 65, "coil": null}, "gen9vgc2024regh": {"elo": 1190.5290884621745, "gxe": 48.1, "rpr": 1485.8958372583143, "rprd": 32.93125302520919, "w": 83, "l": 82, "coil": null}}}