{"username": "RissoZ", "userid": "rissoz", "registertime": 1668297600, "group": 1, "ratings": {"gen3randombattle": {"elo": 1207.670184714309, "gxe": 56.4, "rpr": 1549.5787274131087, "rprd": 81.68527475765052, "w": 36, "l": 27, "coil": null}, "gen4randombattle": {"elo": 1404.6878477918826, "gxe": 66.4, "rpr": 1630.0188419595636, "rprd": 57.94591008445285, "w": 48, "l": 34, "coil": null}, "gen5pokebilitiesrandombattle": {"elo": 1125.321731017308, "gxe": 53.8, "rpr": 1529.299661066461, "rprd": 67.13488576529438, "w": 13, "l": 14, "coil": null}, "gen5randombattle": {"elo": 1463.1223887238177, "gxe": 74.8, "rpr": 1713.0300916771923, "rprd": 100.17380512560119, "w": 116, "l": 81, "coil": null}, "gen6randombattle": {"elo": 1498.2960339778588, "gxe": 76.7, "rpr": 1728.1565693749526, "rprd": 70.25784300502798, "w": 158, "l": 118, "coil": null}, "gen7randombattle": {"elo": 1595.2000314847, "gxe": 81.6, "rpr": 1784.265618997, "rprd": 57.155034476006, "w": 425, "l": 326, "coil": null}, "gen7randombattleapexabilities": {"elo": 1051.2833145670584, "gxe": 55, "rpr": 1540.1606143390134, "rprd": 122.85830807679145, "w": 1, "l": 0, "coil": null}, "gen8joltemonsrandombattle": {"elo": 1048.5912620974034, "gxe": 55.6, "rpr": 1544.7991079657395, "rprd": 122.83141802342722, "w": 1, "l": 0, "coil": null}, "gen8randombattle": {"elo": 1404.5625765617349, "gxe": 62.9, "rpr": 1606.2909607515926, "rprd": 128.31449525495577, "w": 127, "l": 115, "coil": null}, "gen8randombattleblitz": {"elo": 1000, "gxe": 46.7, "rpr": 1473.4106557691, "rprd": 122.94113000273, "w": 0, "l": 1, "coil": null}, "gen8randomdoublesbattle": {"elo": 1435.6936454491, "gxe": 67.2, "rpr": 1648.1664724717, "rprd": 157.29841374675, "w": 99, "l": 74, "coil": null}, "gen9babyrandombattle": {"elo": 1000, "gxe": 40.6, "rpr": 1424.7014094433123, "rprd": 117.66096694269274, "w": 0, "l": 2, "coil": null}, "gen9battlefactory": {"elo": 1050.2142742478848, "gxe": 54.6, "rpr": 1536.6743186225085, "rprd": 121.9922141868017, "w": 1, "l": 0, "coil": null}, "gen9challengecup1v1": {"elo": 1070.102808904164, "gxe": 57.9, "rpr": 1563.4537607361476, "rprd": 125.8683521849386, "w": 2, "l": 0, "coil": null}, "gen9doublesou": {"elo": 1048.0804502338, "gxe": 55, "rpr": 1540.2569967196, "rprd": 122.03284161113, "w": 1, "l": 0, "coil": null}, "gen9nu": {"elo": 1000, "gxe": 44.5, "rpr": 1455.5293832169918, "rprd": 122.0437647088754, "w": 0, "l": 1, "coil": 13.90625}, "gen9randombattle": {"elo": 2050.4016634893487, "gxe": 86.1, "rpr": 1844.5199244524906, "rprd": 38.06083599375663, "w": 4100, "l": 3783, "coil": null}, "gen9randombattleblitz": {"elo": 1000, "gxe": 42.6, "rpr": 1440.540613944512, "rprd": 122.85149550402917, "w": 0, "l": 1, "coil": null}, "gen9randombattlemayhem": {"elo": 1045.1639311018102, "gxe": 49.2, "rpr": 1493.8824778157039, "rprd": 116.60464510744958, "w": 1, "l": 1, "coil": null}, "gen9randomdoublesbattle": {"elo": 1746.3182174110277, "gxe": 80.1, "rpr": 1766.1015214602298, "rprd": 59.27623327977766, "w": 648, "l": 534, "coil": null}, "gen9uu": {"elo": 1070.5584198139454, "gxe": 52.9, "rpr": 1522.5602198477388, "rprd": 110.7571142015381, "w": 2, "l": 1, "coil": null}, "gen9vgc2023regulationd": {"elo": 1000, "gxe": 45, "rpr": 1459.8393856609866, "rprd": 122.85830807679145, "w": 0, "l": 1, "coil": null}, "gen9vgc2023series1": {"elo": 1157.7688014486, "gxe": 49.8, "rpr": 1498.3333565909, "rprd": 71.902806503006, "w": 10, "l": 8, "coil": null}, "gen9vgc2023series2": {"elo": 1103.6233514115231, "gxe": 47.3, "rpr": 1478.8693498988073, "rprd": 76.97113371214735, "w": 8, "l": 7, "coil": null}, "gen9vgc2025regg": {"elo": 1212.1406861911742, "gxe": 65.8, "rpr": 1626.5697988195727, "rprd": 85.46404874845376, "w": 9, "l": 2, "coil": null}, "gen9vgc2025reggbo3": {"elo": 1071.879583680616, "gxe": 44.4, "rpr": 1456.0408134806953, "rprd": 90.20565770795683, "w": 4, "l": 5, "coil": null}, "gen9vgc2026regf": {"elo": 1363.0369100371324, "gxe": 57, "rpr": 1553.5358629102968, "rprd": 41.96594101485386, "w": 71, "l": 59, "coil": null}, "gen9vgc2026regfbo3": {"elo": 1149.7457583139858, "gxe": 55.2, "rpr": 1540.308449967237, "rprd": 80.26650403172623, "w": 11, "l": 8, "coil": null}}}