{"username": "RoadToRampage", "userid": "roadtorampage", "registertime": 1645315200, "group": 1, "ratings": {"gen8balancedhackmons": {"elo": 1000, "gxe": 22.8, "rpr": 1260.3127159865, "rprd": 102.10634231608, "w": 14, "l": 48, "coil": null}, "gen8randombattle": {"elo": 1112.648291696, "gxe": 37.1, "rpr": 1399.9616853727, "rprd": 46.050363708216, "w": 185, "l": 260, "coil": null}, "gen8randomdoublesbattle": {"elo": 1000, "gxe": 44.1, "rpr": 1452.360447445, "rprd": 122.60504568096, "w": 0, "l": 1, "coil": null}, "gen9balancedhackmons": {"elo": 1013.0950608194919, "gxe": 22, "rpr": 1255.0218550682162, "rprd": 84.07715529653339, "w": 1, "l": 11, "coil": null}, "gen9battlestadiumsinglesregulationd": {"elo": 1000, "gxe": 45, "rpr": 1459.8393856609866, "rprd": 122.85830807679145, "w": 0, "l": 1, "coil": null}, "gen9monotyperandombattle": {"elo": 1000, "gxe": 31.7, "rpr": 1352.65074399, "rprd": 69.798647086117, "w": 5, "l": 16, "coil": null}, "gen9randombattle": {"elo": 1117.7551458799721, "gxe": 39.6, "rpr": 1420.0923859785855, "rprd": 26.997036578592137, "w": 6646, "l": 9189, "coil": null}, "gen9randombattleblitz": {"elo": 1025.767402410443, "gxe": 49.4, "rpr": 1495.2055414115741, "rprd": 116.12875533164268, "w": 1, "l": 1, "coil": null}, "gen9randomdoublesbattle": {"elo": 1065.704903058825, "gxe": 25.5, "rpr": 1286.2843003049065, "rprd": 122.71046335683809, "w": 11, "l": 30, "coil": null}, "gen9vgc2023regulationd": {"elo": 1124.8362235897862, "gxe": 51.4, "rpr": 1511.1722341421214, "rprd": 101.69661253444477, "w": 3, "l": 2, "coil": null}}}