{"username": "Rocksas", "userid": "rocksas", "registertime": 1769385600, "group": 1, "ratings": {"gen9ou": {"elo": 1327.649755950348, "gxe": 65.4, "rpr": 1623.4128092012656, "rprd": 89.59921289350291, "w": 17, "l": 5, "coil": null}, "gen9randombattle": {"elo": 1765.2927945141291, "gxe": 73.8, "rpr": 1695.105742471849, "rprd": 26.575910668959356, "w": 446, "l": 402, "coil": null}, "gen9randombattleblitz": {"elo": 1033.3735151788605, "gxe": 49.6, "rpr": 1496.8402894593974, "rprd": 115.47261968277446, "w": 1, "l": 1, "coil": null}}}