{"username": "Rongus", "userid": "rongus", "registertime": 1672963200, "group": 1, "ratings": {"gen5pokebilitiesrandombattle": {"elo": 1000, "gxe": 43.6, "rpr": 1448.5152115592814, "rprd": 122.19651806623439, "w": 0, "l": 1, "coil": null}, "gen8randombattle": {"elo": 1033.3131700008, "gxe": 48.8, "rpr": 1490.1613659793, "rprd": 116.8077761671, "w": 1, "l": 1, "coil": null}, "gen8randomdoublesbattle": {"elo": 1040, "gxe": 55, "rpr": 1540.1606143388, "rprd": 122.8583080769, "w": 1, "l": 0, "coil": null}, "gen9battlefactory": {"elo": 1000, "gxe": 37.9, "rpr": 1403.4329044852818, "rprd": 102.65823933638522, "w": 1, "l": 4, "coil": null}, "gen9ccapm2025randombattle": {"elo": 1000, "gxe": 45, "rpr": 1459.8393856609866, "rprd": 122.85830807679145, "w": 0, "l": 1, "coil": null}, "gen9championsrandombattle": {"elo": 1152.1976947538953, "gxe": 52.6, "rpr": 1520.046580594089, "rprd": 62.69548011997341, "w": 16, "l": 13, "coil": null}, "gen9hackmonscup": {"elo": 1080.7847125263772, "gxe": 51.2, "rpr": 1509.8744831985368, "rprd": 115.51567894582263, "w": 2, "l": 2, "coil": null}, "gen9megainvasionrandombattle": {"elo": 1000, "gxe": 45, "rpr": 1459.8393856609866, "rprd": 122.85830807679145, "w": 0, "l": 1, "coil": null}, "gen9monotyperandombattle": {"elo": 1137.4879816741734, "gxe": 46.5, "rpr": 1471.6142515269948, "rprd": 129.0725275388323, "w": 15, "l": 11, "coil": null}, "gen9nationaldex": {"elo": 1129.6162463864, "gxe": 46.4, "rpr": 1472.99403292582, "rprd": 39.19864198033726, "w": 45, "l": 40, "coil": null}, "gen9ou": {"elo": 1045.5481989285763, "gxe": 38.9, "rpr": 1414.2761792113397, "rprd": 54.507502896997245, "w": 482, "l": 507, "coil": null}, "gen9pokebilities": {"elo": 1045.1050381556433, "gxe": 41.9, "rpr": 1435.6124655513743, "rprd": 106.62728306528058, "w": 1, "l": 3, "coil": null}, "gen9randombattle": {"elo": 1878.3688630958259, "gxe": 79, "rpr": 1750.5520206926383, "rprd": 31.264839075568137, "w": 3678, "l": 3500, "coil": null}, "gen9randombattleblitz": {"elo": 1000, "gxe": 40.8, "rpr": 1425.81052005877, "rprd": 122.92514820810001, "w": 0, "l": 2, "coil": null}, "gen9randomdoublesbattle": {"elo": 1000, "gxe": 44.9, "rpr": 1459.5020458731856, "rprd": 121.85442417905914, "w": 0, "l": 1, "coil": null}, "gen9ru": {"elo": 1000, "gxe": 37.2, "rpr": 1396.990093431549, "rprd": 110.31125364850787, "w": 0, "l": 3, "coil": 295.2565956660851}, "gen9uu": {"elo": 1147.7034889159522, "gxe": 53.4, "rpr": 1526.671669159115, "rprd": 79.50689376551425, "w": 9, "l": 6, "coil": null}, "gen9vgc2024regg": {"elo": 1074.9945169313032, "gxe": 38.7, "rpr": 1412.3489451837008, "rprd": 48.77379514937664, "w": 20, "l": 28, "coil": null}, "gen9vgc2024reggbo3": {"elo": 1040, "gxe": 51.8, "rpr": 1514.197998749729, "rprd": 125.50210847434617, "w": 1, "l": 0, "coil": null}}}