{"username": "Rowletto42", "userid": "rowletto42", "registertime": 1768780800, "group": 1, "ratings": {"gen3ou": {"elo": 1000, "gxe": 27.4, "rpr": 1309.4839475159188, "rprd": 94.83438049570165, "w": 0, "l": 7, "coil": null}, "gen3randombattle": {"elo": 1114.3082525507873, "gxe": 46, "rpr": 1469.4263964984825, "rprd": 74.16752922264415, "w": 29, "l": 36, "coil": null}, "gen4randombattle": {"elo": 1139.3835257881233, "gxe": 62, "rpr": 1595.8988099577662, "rprd": 95.12867378743405, "w": 5, "l": 2, "coil": null}, "gen5randombattle": {"elo": 1080.879412458189, "gxe": 50.7, "rpr": 1505.688441726348, "rprd": 94.81110269313929, "w": 4, "l": 3, "coil": null}, "gen6megasrevisitedrandombattle": {"elo": 1090.7890493658256, "gxe": 50.5, "rpr": 1503.7198077565956, "rprd": 75.97348524424127, "w": 8, "l": 8, "coil": null}, "gen7randombattle": {"elo": 1243.381451148771, "gxe": 50, "rpr": 1500.3327960268452, "rprd": 51.063260954448126, "w": 51, "l": 47, "coil": null}, "gen8nationaldexubers": {"elo": 1026.1587703344, "gxe": 50, "rpr": 1499.6133626266, "rprd": 118.33014981701, "w": 1, "l": 1, "coil": null}, "gen8randombattle": {"elo": 1074.2191874525743, "gxe": 51.3, "rpr": 1510.5823676024313, "rprd": 112.71904046418416, "w": 2, "l": 1, "coil": null}, "gen9championsou": {"elo": 1110.1620795864824, "gxe": 46, "rpr": 1468.8712965725497, "rprd": 89.96045048286176, "w": 4, "l": 5, "coil": null}, "gen9championsvgc2026regma": {"elo": 1079.7679237777807, "gxe": 40.9, "rpr": 1428.571023996295, "rprd": 95.3502358118889, "w": 3, "l": 4, "coil": null}, "gen9doublesou": {"elo": 1135.5089531502606, "gxe": 47.3, "rpr": 1479.389867478079, "rprd": 48.17919686474355, "w": 31, "l": 29, "coil": null}, "gen9doublesubers": {"elo": 1126.4147639483592, "gxe": 45.7, "rpr": 1466.9319550673247, "rprd": 50.63439550052653, "w": 36, "l": 37, "coil": null}, "gen9monotyperandombattle": {"elo": 1167.1137361546855, "gxe": 50.8, "rpr": 1506.397207371009, "rprd": 58.688546136014956, "w": 43, "l": 47, "coil": null}, "gen9nationaldex": {"elo": 1129.2719666646667, "gxe": 35.8, "rpr": 1389.4528986650648, "rprd": 48.81793893398671, "w": 34, "l": 39, "coil": null}, "gen9nationaldexdoubles": {"elo": 1181.7309807078097, "gxe": 64.6, "rpr": 1617.0953564993983, "rprd": 87.48093635009114, "w": 9, "l": 2, "coil": null}, "gen9nationaldexdoublesubers": {"elo": 1130.9310214478398, "gxe": 58.9, "rpr": 1571.0116305645554, "rprd": 103.90983712442342, "w": 4, "l": 1, "coil": null}, "gen9nationaldexmonotype": {"elo": 1000, "gxe": 45, "rpr": 1459.8393856609866, "rprd": 122.85830807679145, "w": 0, "l": 1, "coil": null}, "gen9nationaldexubers": {"elo": 1055.5528602863433, "gxe": 53.8, "rpr": 1530.449812511837, "rprd": 111.1940247001981, "w": 2, "l": 1, "coil": null}, "gen9nu": {"elo": 1000, "gxe": 45, "rpr": 1459.8393856609866, "rprd": 122.85830807679145, "w": 0, "l": 1, "coil": 14.0625}, "gen9ou": {"elo": 1185.5672356679086, "gxe": 51.4, "rpr": 1510.920408135347, "rprd": 64.13793940584914, "w": 15, "l": 11, "coil": null}, "gen9pu": {"elo": 1029.9901067628932, "gxe": 48.4, "rpr": 1487.2789195946211, "rprd": 116.75123705794152, "w": 1, "l": 1, "coil": 171.11984104714452}, "gen9randombattle": {"elo": 1363.563257407044, "gxe": 56, "rpr": 1545.7781400045772, "rprd": 34.69426259680314, "w": 539, "l": 563, "coil": null}, "gen9randomdoublesbattle": {"elo": 1181.6997387022475, "gxe": 47.8, "rpr": 1483.550315417551, "rprd": 54.99506696188631, "w": 109, "l": 121, "coil": null}, "gen9ru": {"elo": 1000, "gxe": 44.8, "rpr": 1458.718500874274, "rprd": 122.02901799236459, "w": 0, "l": 1, "coil": 14}, "gen9ubers": {"elo": 1000, "gxe": 37.7, "rpr": 1400.7324649162529, "rprd": 111.51861011315509, "w": 0, "l": 3, "coil": null}}}