{"username": "Royher", "userid": "royher", "registertime": 1539302400, "group": 1, "ratings": {"gen1randombattle": {"elo": 1040, "gxe": 57.7, "rpr": 1562.1574019991497, "rprd": 130, "w": 1, "l": 1, "coil": null}, "gen7randombattle": {"elo": 1528.1009199532173, "gxe": 82.1, "rpr": 1804.246962616332, "rprd": 123.5441841466023, "w": 1887, "l": 1689, "coil": null}, "gen7uu": {"elo": 1407.3165959135, "gxe": 67.4, "rpr": 1661.7530104625, "rprd": 218.32243744045, "w": 39, "l": 21, "coil": null}, "gen8monotyperandombattle": {"elo": 1499.2992670656, "gxe": 79.2, "rpr": 1760.1457543289, "rprd": 88.862871561269, "w": 130, "l": 67, "coil": null}, "gen8randombattle": {"elo": 1441.6668230064695, "gxe": 86.4, "rpr": 1869.4729698282592, "rprd": 123.62823731153824, "w": 5500, "l": 4928, "coil": null}, "gen8randombattlemayhem": {"elo": 1000, "gxe": 45, "rpr": 1460.2119932094, "rprd": 121.84240676161, "w": 0, "l": 1, "coil": null}, "gen8randomdoublesbattle": {"elo": 1110.7056982408, "gxe": 55.2, "rpr": 1546.8601498699, "rprd": 229.31649297476, "w": 0, "l": 0, "coil": null}, "gen8uu": {"elo": 1115.899324469, "gxe": 52.7, "rpr": 1524.7105112411, "rprd": 228.06874234958, "w": 0, "l": 0, "coil": null}, "gen9babyrandombattle": {"elo": 1182.6684578674, "gxe": 65.9, "rpr": 1628.2553900648, "rprd": 95.245345344413, "w": 195, "l": 110, "coil": null}, "gen9championsbssregmb": {"elo": 1045.74191403728, "gxe": 55, "rpr": 1540.1606143390134, "rprd": 122.85830807679145, "w": 1, "l": 0, "coil": null}, "gen9championsou": {"elo": 1423.2611719652994, "gxe": 61.9, "rpr": 1591.4155915003548, "rprd": 31.58304828204595, "w": 113, "l": 94, "coil": null}, "gen9championsvgc2026regma": {"elo": 1354.7910673055676, "gxe": 57, "rpr": 1553.210873785455, "rprd": 28.94811222119667, "w": 331, "l": 307, "coil": null}, "gen9championsvgc2026regmb": {"elo": 1000, "gxe": 44.1, "rpr": 1452.98560032953, "rprd": 121.9013111192563, "w": 0, "l": 1, "coil": null}, "gen9doublesou": {"elo": 1509.7638541, "gxe": 79.1, "rpr": 1754.6236606063, "rprd": 66.445981768281, "w": 201, "l": 121, "coil": null}, "gen9monkeyspawrandombattle": {"elo": 1044.536152932264, "gxe": 55.5, "rpr": 1544.3729837021358, "rprd": 122.43386714918437, "w": 1, "l": 0, "coil": null}, "gen9monotyperandombattle": {"elo": 1499.563160707, "gxe": 74.7, "rpr": 1708.9987012331, "rprd": 78.246805400656, "w": 262, "l": 178, "coil": null}, "gen9ou": {"elo": 1431.1179169346808, "gxe": 60, "rpr": 1576.7462553242137, "rprd": 40.12178146023479, "w": 48, "l": 31, "coil": null}, "gen9pickyourteamrandombattle": {"elo": 1111.7149697692, "gxe": 62.3, "rpr": 1599.225633416, "rprd": 111.79902693135, "w": 3, "l": 0, "coil": null}, "gen9randombattle": {"elo": 2043.289937001366, "gxe": 83.7, "rpr": 1808.8170199234526, "rprd": 32.153491172323584, "w": 3675, "l": 3307, "coil": null}, "gen9randombattlemayhem": {"elo": 1065.0063512962467, "gxe": 56.4, "rpr": 1551.0156464523525, "rprd": 122.14050618988539, "w": 1, "l": 0, "coil": null}, "gen9randomdoublesbattle": {"elo": 1667.3833073124104, "gxe": 74, "rpr": 1699.8555513660306, "rprd": 63.86993196721791, "w": 318, "l": 243, "coil": null}, "gen9randomroulette": {"elo": 1354.7822441578, "gxe": 79.2, "rpr": 1759.8498584542, "rprd": 89.945189224772, "w": 263, "l": 140, "coil": null}, "gen9vgc2024regh": {"elo": 1419.3394246165883, "gxe": 61.1, "rpr": 1585.1196800986602, "rprd": 25, "w": 236, "l": 211, "coil": null}}}