{"username": "RushedRedemption", "userid": "rushedredemption", "registertime": 1492560000, "group": 1, "ratings": {"gen7ou": {"elo": 1107.6391675442, "gxe": 51, "rpr": 1507.8472264302, "rprd": 111.92384708871, "w": 6, "l": 3, "coil": null}, "gen8joltemonsrandombattle": {"elo": 1047.2213465661, "gxe": 55, "rpr": 1540.1606143388, "rprd": 122.8583080769, "w": 1, "l": 0, "coil": null}, "gen8randombattle": {"elo": 1399.1201763756, "gxe": 77.3, "rpr": 1770.0300650146, "rprd": 210.3166236696, "w": 371, "l": 299, "coil": null}, "gen8randombattleblitz": {"elo": 1201.187826144, "gxe": 64.7, "rpr": 1617.4173179181, "rprd": 82.234763387235, "w": 9, "l": 3, "coil": null}, "gen8randomdoublesbattle": {"elo": 1104.7125247952, "gxe": 59.8, "rpr": 1578.8094126603, "rprd": 110.87606508436, "w": 3, "l": 0, "coil": null}, "gen8uu": {"elo": 1099.5126270341, "gxe": 55.5, "rpr": 1543.6426012744, "rprd": 106.33316537384, "w": 3, "l": 1, "coil": null}, "gen9lc": {"elo": 1179.4751619933, "gxe": 62, "rpr": 1595.0260965739, "rprd": 85.854529352954, "w": 8, "l": 4, "coil": null}, "gen9nu": {"elo": 1144.6246578760429, "gxe": 59.4, "rpr": 1573.51038393398, "rprd": 73.11813389386401, "w": 11, "l": 7, "coil": 1814.5929355265962}, "gen9ou": {"elo": 1548.099133828113, "gxe": 71.4, "rpr": 1674.1018821839386, "rprd": 50.831091733475596, "w": 1022, "l": 925, "coil": null}, "gen9pu": {"elo": 1281.0500327443624, "gxe": 64.4, "rpr": 1613.6082621959836, "rprd": 71.34804423641908, "w": 32, "l": 19, "coil": 2342.2217856156817}, "gen9randombattle": {"elo": 1971.9133202035136, "gxe": 85.2, "rpr": 1830.5116041780757, "rprd": 38.10697217151165, "w": 6674, "l": 6062, "coil": null}, "gen9ubers": {"elo": 1040, "gxe": 50, "rpr": 1500.029275973046, "rprd": 116.84146468089878, "w": 1, "l": 1, "coil": null}, "gen9uu": {"elo": 1323.1333128128767, "gxe": 67.5, "rpr": 1638.6481760149773, "rprd": 39.03899573270945, "w": 493, "l": 278, "coil": null}, "gen9vgc2023regulationebo3": {"elo": 1160.4085498276304, "gxe": 53.1, "rpr": 1523.1716927499087, "rprd": 37.49215840227328, "w": 107, "l": 104, "coil": null}, "gen9vgc2023series1": {"elo": 1074.4455638275, "gxe": 59.5, "rpr": 1576.5695129614, "rprd": 116.74053158213, "w": 2, "l": 0, "coil": null}, "gen9vgc2024regfbo3": {"elo": 1196.7071964049135, "gxe": 68.3, "rpr": 1649.574360468622, "rprd": 95.77399367499886, "w": 7, "l": 0, "coil": null}, "gen9vgc2024reghbo3": {"elo": 1074.2690246364014, "gxe": 55.2, "rpr": 1541.220174455581, "rprd": 118.41583735951113, "w": 2, "l": 0, "coil": null}, "gen9vgc2025reggbo3": {"elo": 1163.36623834625, "gxe": 53.5, "rpr": 1527.2303689881805, "rprd": 71.03720985148787, "w": 16, "l": 12, "coil": null}}}