{"username": "ry7i", "userid": "ry7i", "registertime": 1665446400, "group": 1, "ratings": {"gen6firstbloodrandombattle": {"elo": 1337.6867589466185, "gxe": 60.2, "rpr": 1578.5076611030581, "rprd": 36.73869570063933, "w": 103, "l": 83, "coil": null}, "gen8randombattle": {"elo": 1399.4429880887, "gxe": 71.4, "rpr": 1702.877019986, "rprd": 212.12482464674, "w": 96, "l": 60, "coil": null}, "gen9championsvgc2026regma": {"elo": 1266.8408346145252, "gxe": 49.4, "rpr": 1495.6115818641595, "rprd": 41.29697656890387, "w": 46, "l": 42, "coil": null}, "gen9chimera1v1randombattle": {"elo": 1000, "gxe": 41, "rpr": 1427.432874170786, "rprd": 116.77753930629355, "w": 0, "l": 2, "coil": null}, "gen9doublesbrokencup": {"elo": 1437.1091695698, "gxe": 68.2, "rpr": 1649.4632083065, "rprd": 99.355166423051, "w": 418, "l": 276, "coil": null}, "gen9doublesou": {"elo": 1248.373272979253, "gxe": 56.6, "rpr": 1550.7270023749406, "rprd": 64.0290909712282, "w": 55, "l": 50, "coil": null}, "gen9godlygiftrandombattle": {"elo": 1040, "gxe": 55, "rpr": 1540.1606143390134, "rprd": 122.85830807679145, "w": 1, "l": 0, "coil": null}, "gen9monotyperandombattle": {"elo": 1067.5295889412673, "gxe": 53.5, "rpr": 1527.7792239199127, "rprd": 111.0476683482241, "w": 2, "l": 1, "coil": null}, "gen9nationaldex": {"elo": 1091.4456427798934, "gxe": 37.3, "rpr": 1400.6327933011553, "rprd": 66.01322370394702, "w": 14, "l": 20, "coil": null}, "gen9ou": {"elo": 1297.9990975293, "gxe": 50.8, "rpr": 1506.0920002763, "rprd": 52.15258134831, "w": 52, "l": 45, "coil": null}, "gen9partnersincrimerandombattle": {"elo": 1571.2121835536, "gxe": 76.4, "rpr": 1722.3392773374, "rprd": 41.596567988565, "w": 64, "l": 26, "coil": null}, "gen9randombattle": {"elo": 1879.5369621761977, "gxe": 79.2, "rpr": 1752.2092561707793, "rprd": 30.91665680571911, "w": 3255, "l": 3002, "coil": null}, "gen9randomdoublesbattle": {"elo": 1571.2253109873727, "gxe": 67.7, "rpr": 1642.1076541273433, "rprd": 76.18944498329667, "w": 457, "l": 352, "coil": null}, "ou": {"elo": 1040.1810855998, "gxe": 52.2, "rpr": 1517.8414146993, "rprd": 124.57608400915, "w": 1, "l": 0, "coil": null}}}