{"username": "Ryemikyu", "userid": "ryemikyu", "registertime": 1686268800, "group": 1, "ratings": {"gen4randombattle": {"elo": 1503.822385283962, "gxe": 81.8, "rpr": 1795.0115732031559, "rprd": 103.94217978637639, "w": 44, "l": 14, "coil": null}, "gen5randombattle": {"elo": 1492.8802491846, "gxe": 73, "rpr": 1695.2797883711, "rprd": 100.11981746249, "w": 54, "l": 28, "coil": null}, "gen6firstbloodrandombattle": {"elo": 1475.9821394037983, "gxe": 63.3, "rpr": 1603.041049991214, "rprd": 43.39702618581324, "w": 57, "l": 38, "coil": null}, "gen6ou": {"elo": 1061.4725807726345, "gxe": 54.2, "rpr": 1533.089178361249, "rprd": 111.51861011315509, "w": 2, "l": 1, "coil": null}, "gen6randombattle": {"elo": 1515.5542176685046, "gxe": 82, "rpr": 1791.047532316802, "rprd": 68.94582336088423, "w": 30, "l": 6, "coil": null}, "gen7randombattle": {"elo": 1525.5166535762, "gxe": 78, "rpr": 1743.3526544136, "rprd": 72.070982432625, "w": 66, "l": 35, "coil": null}, "gen8randombattle": {"elo": 1315.4555664026454, "gxe": 72.1, "rpr": 1689.723261742246, "rprd": 124.00196306778024, "w": 17, "l": 6, "coil": null}, "gen9caprandombattle": {"elo": 1204.8664931558417, "gxe": 67.3, "rpr": 1639.6400217886267, "rprd": 86.42265661715916, "w": 9, "l": 2, "coil": null}, "gen9challengecup1v1": {"elo": 1201.62967169519, "gxe": 56.3, "rpr": 1548.3849931676768, "rprd": 57.96131185904283, "w": 19, "l": 12, "coil": null}, "gen9challengecup2v2": {"elo": 1000, "gxe": 45.7, "rpr": 1465.179407570344, "rprd": 122.24192160301723, "w": 0, "l": 1, "coil": null}, "gen9chimera1v1randombattle": {"elo": 1090.9617082577147, "gxe": 54.9, "rpr": 1539.2330734556485, "rprd": 110.35534267555497, "w": 2, "l": 1, "coil": null}, "gen9hackmonscup": {"elo": 1050.4428316929782, "gxe": 55.4, "rpr": 1543.3755640619495, "rprd": 121.80881464723574, "w": 1, "l": 0, "coil": null}, "gen9meowcup2electricdoggaroo": {"elo": 1049.159213204944, "gxe": 55, "rpr": 1540.1606143390134, "rprd": 122.85830807679145, "w": 1, "l": 0, "coil": null}, "gen9monotyperandombattle": {"elo": 1263.2267635424123, "gxe": 59.4, "rpr": 1572.2888717371395, "rprd": 54.581602851766775, "w": 22, "l": 15, "coil": null}, "gen9ou": {"elo": 1078.206653648738, "gxe": 58.1, "rpr": 1564.8347661349253, "rprd": 116.3697811260852, "w": 2, "l": 0, "coil": null}, "gen9randombattle": {"elo": 2110.832223660233, "gxe": 85.3, "rpr": 1832.52364411733, "rprd": 37.4784949988111, "w": 484, "l": 285, "coil": null}, "gen9randombattleblitz": {"elo": 1159.7848703931118, "gxe": 39.1, "rpr": 1411.53500455064, "rprd": 121.86923927413388, "w": 14, "l": 11, "coil": null}}}