{"username": "s0878626", "userid": "s0878626", "registertime": 1780617600, "group": 1, "ratings": {"gen9randombattle": {"elo": 1155.1750184556986, "gxe": 50.6, "rpr": 1504.4148417188712, "rprd": 27.01111346316846, "w": 196, "l": 197, "coil": null}, "gen9randomdoublesbattle": {"elo": 1050.0862190725318, "gxe": 53.4, "rpr": 1526.964099654174, "rprd": 122.93200041171269, "w": 1, "l": 0, "coil": null}}}