{"username": "S23X", "userid": "s23x", "registertime": 1659744000, "group": 1, "ratings": {"gen8battlefactory": {"elo": 1127.4446503593, "gxe": 58.6, "rpr": 1575.3137745527, "rprd": 197.74479294122, "w": 6, "l": 3, "coil": null}, "gen8bssfactory": {"elo": 1100.1288219297, "gxe": 48.5, "rpr": 1488.2929357612, "rprd": 95.772497562738, "w": 4, "l": 6, "coil": null}, "gen8randombattle": {"elo": 1399.2253302955, "gxe": 71.7, "rpr": 1707.382334769, "rprd": 217.36863803525, "w": 50, "l": 20, "coil": null}, "gen8vgc2022": {"elo": 1267.4785374172, "gxe": 63.3, "rpr": 1622.5467618517, "rprd": 226.3365513178, "w": 13, "l": 3, "coil": null}, "gen91v1": {"elo": 1070.5921174705, "gxe": 43, "rpr": 1445.5712165648, "rprd": 91.09936416198, "w": 11, "l": 14, "coil": null}, "gen9monotyperandombattle": {"elo": 1155.2143816000157, "gxe": 62.5, "rpr": 1600.429942598299, "rprd": 101.5213589025986, "w": 5, "l": 1, "coil": null}, "gen9nationaldex": {"elo": 1077.7777052975157, "gxe": 52.7, "rpr": 1521.5033248746315, "rprd": 111.3062303361733, "w": 2, "l": 1, "coil": null}, "gen9nationaldexuu": {"elo": 1000, "gxe": 45.4, "rpr": 1463.1225462283403, "rprd": 122.80540159086037, "w": 0, "l": 1, "coil": null}, "gen9ou": {"elo": 1063.657914704, "gxe": 52, "rpr": 1516.0781458526, "rprd": 112.4821409147, "w": 2, "l": 1, "coil": null}, "gen9randombattle": {"elo": 1849.370966126673, "gxe": 78.1, "rpr": 1740.8855831304568, "rprd": 41.77873249821475, "w": 1009, "l": 905, "coil": null}, "gen9randombattleblitz": {"elo": 1039.019318897198, "gxe": 43, "rpr": 1444.124454884239, "rprd": 112.55563417355938, "w": 1, "l": 2, "coil": null}, "gen9uu": {"elo": 1074.0394444009335, "gxe": 57.1, "rpr": 1556.7837426452945, "rprd": 117.78761604293774, "w": 2, "l": 0, "coil": null}, "gen9vgc2023series1": {"elo": 1121.3987920758, "gxe": 50.7, "rpr": 1505.2434817394, "rprd": 75.295678174276, "w": 9, "l": 7, "coil": null}, "gen9vgc2023series2": {"elo": 1108.8155470192, "gxe": 54.6, "rpr": 1535.8805723536, "rprd": 93.816741112115, "w": 7, "l": 4, "coil": null}, "gen9vgc2024regf": {"elo": 1099.231744655072, "gxe": 41, "rpr": 1429.8328748313588, "rprd": 81.91834578014087, "w": 5, "l": 7, "coil": null}, "gen9vgc2025regi": {"elo": 1179.7626572224042, "gxe": 67.5, "rpr": 1644.0173208014244, "rprd": 106.10962432635205, "w": 6, "l": 0, "coil": null}}}