{"username": "Saaskin", "userid": "saaskin", "registertime": 1577318400, "group": 1, "ratings": {"gen8battlestadiumdoubles": {"elo": 1124.6230594079, "gxe": 47, "rpr": 1477.3873143652, "rprd": 48.563188407053, "w": 24, "l": 26, "coil": null}, "gen8randombattle": {"elo": 1407.8738013372, "gxe": 71.2, "rpr": 1692.1374377374, "rprd": 180.46827863864, "w": 1501, "l": 1414, "coil": null}, "gen8vgc2020": {"elo": 1112.2445396478, "gxe": 37.8, "rpr": 1404.7875596338, "rprd": 61.17175796697, "w": 76, "l": 108, "coil": null}, "gen8vgc2021": {"elo": 1354.6142271118, "gxe": 53.7, "rpr": 1527.9480272537, "rprd": 26.047033549803, "w": 387, "l": 397, "coil": null}, "gen8vgc2021series10": {"elo": 1404.3813078769, "gxe": 54, "rpr": 1530.2414583618, "rprd": 47.108485642466, "w": 186, "l": 181, "coil": null}, "gen8vgc2021series11": {"elo": 1192.9082339309, "gxe": 57.4, "rpr": 1557.6134738189, "rprd": 82.299493579684, "w": 8, "l": 4, "coil": null}, "gen8vgc2021series9": {"elo": 1239.7536123927, "gxe": 49.8, "rpr": 1498.3039075956, "rprd": 28.76384970356, "w": 172, "l": 176, "coil": null}, "gen9championsvgc2026regma": {"elo": 1040, "gxe": 47.8, "rpr": 1482.2817910038939, "rprd": 116.71125167816325, "w": 1, "l": 1, "coil": null}, "gen9randombattle": {"elo": 2066.9852130184536, "gxe": 82.9, "rpr": 1797.7475439551106, "rprd": 25, "w": 8912, "l": 8571, "coil": null}, "gen9randomdoublesbattle": {"elo": 1046.0665095632887, "gxe": 55, "rpr": 1540.1606143390134, "rprd": 122.85830807679145, "w": 1, "l": 0, "coil": null}}}