{"username": "Sa!duck", "userid": "saduck", "registertime": 1521244800, "group": 1, "ratings": {"gen2randombattle": {"elo": 1146.6795796357385, "gxe": 67.1, "rpr": 1642.0365852435673, "rprd": 122.61483183883193, "w": 8, "l": 5, "coil": null}, "gen3randombattle": {"elo": 1222.7516065448, "gxe": 68.8, "rpr": 1652.1922188596, "rprd": 74.503449144827, "w": 13, "l": 4, "coil": null}, "gen7randombattle": {"elo": 1499.6926409965, "gxe": 75, "rpr": 1744.8844615781, "rprd": 218.93828491778, "w": 2354, "l": 2291, "coil": null}, "gen8randombattle": {"elo": 1426.7312744656, "gxe": 77.5, "rpr": 1759.8738975425, "rprd": 170.37669787293, "w": 17754, "l": 17365, "coil": null}, "gen9randombattle": {"elo": 1607.8453824732715, "gxe": 73.5, "rpr": 1692.1501219793017, "rprd": 25, "w": 16687, "l": 16235, "coil": null}}}