{"username": "saichenia", "userid": "saichenia", "registertime": 1392249600, "group": 1, "ratings": {"1v1": {"elo": 1364.2099478642, "gxe": 61.3, "rpr": 1587.4090539205, "rprd": 60.491708114452, "w": 44, "l": 32, "coil": null}, "350cup": {"elo": 1076.4288980172, "gxe": 47.5, "rpr": 1480.6443275649, "rprd": 82.542636386087, "w": 6, "l": 7, "coil": null}, "abilityunity": {"elo": 1084.3685701291, "gxe": 43.5, "rpr": 1450.0806503528, "rprd": 62.124360518477, "w": 12, "l": 18, "coil": null}, "battlefactory": {"elo": 1040, "gxe": 52.4, "rpr": 1519.4954368272, "rprd": 124.35606939667, "w": 1, "l": 0, "coil": null}, "battlespotdoubles": {"elo": 1075.201873205, "gxe": 57, "rpr": 1555.8155625439, "rprd": 106.35924701513, "w": 3, "l": 1, "coil": null}, "bhdoubles": {"elo": 1000, "gxe": 41, "rpr": 1427.4328741711, "rprd": 116.96829795962, "w": 0, "l": 2, "coil": null}, "digimondigimonshowdownsingles": {"elo": 1000, "gxe": 45.9, "rpr": 1467.1136541978, "rprd": 122.92240718556, "w": 0, "l": 1, "coil": null}, "doublesou": {"elo": 1240.8527071935, "gxe": 55.2, "rpr": 1539.948640316, "rprd": 68.42800386825, "w": 76, "l": 71, "coil": null}, "doublesubers": {"elo": 1285.9855639612, "gxe": 72.3, "rpr": 1687.1585378973, "rprd": 95.23669961395, "w": 19, "l": 5, "coil": null}, "doublesuu": {"elo": 1125.1137289891, "gxe": 58.7, "rpr": 1568.1445274466, "rprd": 84.587373377077, "w": 9, "l": 5, "coil": null}, "enchanteditems": {"elo": 1178.8358057301, "gxe": 54.9, "rpr": 1537.348530912, "rprd": 39.96437091359, "w": 52, "l": 44, "coil": null}, "extremetiershift": {"elo": 1124.8818005961, "gxe": 54.1, "rpr": 1531.5121718496, "rprd": 78.772523398873, "w": 8, "l": 7, "coil": null}, "followtheleader": {"elo": 1048.6095716736, "gxe": 44, "rpr": 1452.6636299343, "rprd": 100.17331262478, "w": 2, "l": 4, "coil": null}, "gen1randombattle": {"elo": 1161.5539848509, "gxe": 71, "rpr": 1678.1825410538, "rprd": 118.26718631969, "w": 15, "l": 8, "coil": null}, "gen3randombattle": {"elo": 1044.584930701, "gxe": 54.5, "rpr": 1536.1182879878, "rprd": 122.83141802352, "w": 1, "l": 0, "coil": null}, "gen4ou": {"elo": 1097.3270172294258, "gxe": 42.3, "rpr": 1440.2358652495523, "rprd": 78.16460067657859, "w": 12, "l": 16, "coil": null}, "gen4randombattle": {"elo": 1499.5932654797, "gxe": 74.6, "rpr": 1717.7609244495, "rprd": 133.64475981031, "w": 172, "l": 125, "coil": null}, "gen5ou": {"elo": 1060.234113400811, "gxe": 40.5, "rpr": 1423.0439185320624, "rprd": 122.39332190277439, "w": 4, "l": 9, "coil": null}, "gen5randombattle": {"elo": 1399.9220985522436, "gxe": 81.7, "rpr": 1799.3228037795598, "rprd": 125.14423184846684, "w": 55, "l": 34, "coil": null}, "gen6battlefactory": {"elo": 1047.0788970531, "gxe": 55, "rpr": 1540.1606143388, "rprd": 122.8583080769, "w": 1, "l": 0, "coil": null}, "gen6randombattle": {"elo": 1107.1278960826, "gxe": 68.9, "rpr": 1660.4146010279, "rprd": 130, "w": 3, "l": 0, "coil": null}, "gen71v1": {"elo": 1277.9852148236, "gxe": 54.2, "rpr": 1531.862419809, "rprd": 43.465689055884, "w": 94, "l": 85, "coil": null}, "gen72v2doubles": {"elo": 1096.0034395666, "gxe": 55.3, "rpr": 1541.1690202101, "rprd": 79.832910174605, "w": 8, "l": 6, "coil": null}, "gen7battlespotdoubles": {"elo": 1251.8120279974, "gxe": 68.6, "rpr": 1649.7182723743, "rprd": 69.922457999529, "w": 29, "l": 13, "coil": null}, "gen7battlespotsingles": {"elo": 1202.1603990548, "gxe": 53.6, "rpr": 1527.4547179488, "rprd": 59.720964660043, "w": 22, "l": 18, "coil": null}, "gen7bssfactory": {"elo": 1000, "gxe": 45.1, "rpr": 1460.5985195006, "rprd": 122.74499690848, "w": 0, "l": 1, "coil": null}, "gen7challengecup1v1": {"elo": 1076.7116225725, "gxe": 41.9, "rpr": 1433.9305147506, "rprd": 130, "w": 3, "l": 3, "coil": null}, "gen7doublesou": {"elo": 1043.3453926417, "gxe": 53.6, "rpr": 1528.631349009, "rprd": 122.7852859514, "w": 1, "l": 0, "coil": null}, "gen7fortemons": {"elo": 1195.7969489077, "gxe": 54.8, "rpr": 1536.1970319766, "rprd": 46.824141904105, "w": 31, "l": 27, "coil": null}, "gen7fullpotential": {"elo": 1000, "gxe": 45.9, "rpr": 1467.2514179502, "rprd": 122.93037129934, "w": 0, "l": 1, "coil": null}, "gen7hackmonscup": {"elo": 1220.1302040869, "gxe": 62.1, "rpr": 1594.6375092287, "rprd": 68.59150739952, "w": 327, "l": 308, "coil": null}, "gen7lastwill": {"elo": 1000, "gxe": 43.9, "rpr": 1451.3906461711, "rprd": 122.93604881941, "w": 0, "l": 1, "coil": null}, "gen7lc": {"elo": 1024.2268708406, "gxe": 43.8, "rpr": 1451.0595056429, "rprd": 106.82208044196, "w": 1, "l": 3, "coil": null}, "gen7metronomebattle": {"elo": 1000, "gxe": 29.1, "rpr": 1330.5995182941, "rprd": 53.757067362802, "w": 70, "l": 117, "coil": null}, "gen7monotype": {"elo": 1000, "gxe": 36, "rpr": 1387.5038417618, "rprd": 102.38247471674, "w": 1, "l": 4, "coil": null}, "gen7nu": {"elo": 1237.2087681355, "gxe": 60, "rpr": 1576.4099420453, "rprd": 36.467489011689, "w": 70, "l": 60, "coil": null}, "gen7ou": {"elo": 1319.4843217335, "gxe": 55.7, "rpr": 1545.1277227167, "rprd": 97.518432584271, "w": 103, "l": 99, "coil": null}, "gen7pokbilities": {"elo": 1160.5223688623, "gxe": 58.7, "rpr": 1566.8551229661, "rprd": 51.179036948187, "w": 26, "l": 19, "coil": null}, "gen7pu": {"elo": 1260.0449006179, "gxe": 58.3, "rpr": 1562.8476894733, "rprd": 29.451445231185, "w": 87, "l": 76, "coil": null}, "gen7randombattle": {"elo": 1314.233477047, "gxe": 58.4, "rpr": 1564.0712769387, "rprd": 39.095796431512, "w": 483, "l": 449, "coil": null}, "gen7randomdoublesbattle": {"elo": 1431.0481780254, "gxe": 66.3, "rpr": 1629.4763855387, "rprd": 58.966979475931, "w": 267, "l": 239, "coil": null}, "gen7ru": {"elo": 1144.7006593449, "gxe": 50.4, "rpr": 1503.6199486125, "rprd": 221.96458315052, "w": 83, "l": 80, "coil": null}, "gen7uu": {"elo": 1071.2829240716, "gxe": 40.3, "rpr": 1411.1676199907, "rprd": 227.76271629588, "w": 17, "l": 29, "coil": null}, "gen81v1": {"elo": 1404.311889193, "gxe": 63.5, "rpr": 1623.0520072603, "rprd": 216.8454672304, "w": 324, "l": 309, "coil": null}, "gen82v2doubles": {"elo": 1000, "gxe": 45, "rpr": 1459.8393856612, "rprd": 122.8583080769, "w": 0, "l": 1, "coil": null}, "gen8challengecup1v1": {"elo": 1303.3970766262, "gxe": 63, "rpr": 1601.7801088494, "rprd": 61.438367944809, "w": 21, "l": 14, "coil": null}, "gen8doublesou": {"elo": 1499.537096384, "gxe": 71.6, "rpr": 1698.8461052834, "rprd": 188.15197219093, "w": 93, "l": 64, "coil": null}, "gen8doublesuu": {"elo": 1327.7652116949, "gxe": 73, "rpr": 1688.426528978, "rprd": 45.555798204383, "w": 303, "l": 163, "coil": null}, "gen8hackmonscup": {"elo": 1384.2889184157, "gxe": 78.9, "rpr": 1764.9226108444, "rprd": 128.64925190486, "w": 21, "l": 10, "coil": null}, "gen8inheritance": {"elo": 1000, "gxe": 39.3, "rpr": 1413.7906988858, "rprd": 110.64150518105, "w": 0, "l": 3, "coil": null}, "gen8metronomebattle": {"elo": 1240.6766958033, "gxe": 54.4, "rpr": 1534.0992343023, "rprd": 82.979126131227, "w": 134, "l": 103, "coil": null}, "gen8monotype": {"elo": 1314.2301952088, "gxe": 62, "rpr": 1592.1992215534, "rprd": 33.089609007139, "w": 65, "l": 59, "coil": null}, "gen8monotyperandombattle": {"elo": 1438.360189851, "gxe": 68.7, "rpr": 1649.158488878, "rprd": 40.78363255074, "w": 755, "l": 704, "coil": null}, "gen8ou": {"elo": 1426.0144741845, "gxe": 64.1, "rpr": 1629.4323791676, "rprd": 220.30217547501, "w": 100, "l": 87, "coil": null}, "gen8oublitz": {"elo": 1000, "gxe": 45.6, "rpr": 1464.8334933086, "rprd": 122.50259262701, "w": 0, "l": 1, "coil": null}, "gen8pu": {"elo": 1178.8070345088, "gxe": 58.8, "rpr": 1567.1842865674, "rprd": 47.549040615043, "w": 76, "l": 64, "coil": null}, "gen8puindeedeefnoteampreview": {"elo": 1063.3236151822, "gxe": 57.4, "rpr": 1560.8234906758, "rprd": 146.80535775179, "w": 3, "l": 1, "coil": null}, "gen8randombattle": {"elo": 1235.6304010499, "gxe": 54.3, "rpr": 1532.4733810381, "rprd": 55.558190908946, "w": 859, "l": 740, "coil": null}, "gen8randombattleblitz": {"elo": 1033.4748957375, "gxe": 43.4, "rpr": 1446.7769256361, "rprd": 130, "w": 1, "l": 1,