{"username": "Sambadotackle", "userid": "sambadotackle", "registertime": 1665705600, "group": 1, "ratings": {"gen1randombattle": {"elo": 1031.6836368649465, "gxe": 50.6, "rpr": 1504.548588757405, "rprd": 116.21301918985058, "w": 1, "l": 1, "coil": null}, "gen2randombattle": {"elo": 1052.0084032702007, "gxe": 55.3, "rpr": 1542.2909097032395, "rprd": 122.24711952124025, "w": 1, "l": 0, "coil": null}, "gen3ou": {"elo": 1013.8551078957269, "gxe": 22.5, "rpr": 1254.375126099028, "rprd": 117.29657489066113, "w": 1, "l": 3, "coil": null}, "gen3randombattle": {"elo": 1238.5841088635366, "gxe": 54.8, "rpr": 1537.366953599975, "rprd": 94.12305128979703, "w": 40, "l": 34, "coil": null}, "gen4ou": {"elo": 1000, "gxe": 33.7, "rpr": 1366.4052996792, "rprd": 106.25004415619, "w": 0, "l": 0, "coil": null}, "gen4randombattle": {"elo": 1263.5606256259791, "gxe": 61.3, "rpr": 1591.4902819302617, "rprd": 122.30554534042028, "w": 23, "l": 16, "coil": null}, "gen5ou": {"elo": 1123.2370313910146, "gxe": 47.1, "rpr": 1477.3170977473342, "rprd": 116.12943270185097, "w": 25, "l": 21, "coil": null}, "gen5randombattle": {"elo": 1350.770852290208, "gxe": 68.4, "rpr": 1648.9540192631482, "rprd": 78.82736076088548, "w": 62, "l": 53, "coil": null}, "gen6megasrevisitedrandombattle": {"elo": 1047.7553910098572, "gxe": 55, "rpr": 1540.1606143390134, "rprd": 122.85830807679145, "w": 1, "l": 0, "coil": null}, "gen6ou": {"elo": 1155.8281364874, "gxe": 55.8, "rpr": 1544.8201124095, "rprd": 82.6963369518, "w": 7, "l": 4, "coil": null}, "gen6randombattle": {"elo": 1470.5501076761288, "gxe": 71.8, "rpr": 1681.3584505404872, "rprd": 85.29717682012452, "w": 51, "l": 32, "coil": null}, "gen7doublesou": {"elo": 1000, "gxe": 36.2, "rpr": 1388.198166610954, "rprd": 111.3980415978368, "w": 0, "l": 0, "coil": null}, "gen7randombattle": {"elo": 1330.241313229081, "gxe": 62.9, "rpr": 1602.1743380615478, "rprd": 88.2302082339627, "w": 19, "l": 12, "coil": null}, "gen8monotyperandombattle": {"elo": 1045.0084588308, "gxe": 55, "rpr": 1540.1606143388, "rprd": 122.8583080769, "w": 1, "l": 0, "coil": null}, "gen9babyrandombattle": {"elo": 1143.669683013605, "gxe": 68.7, "rpr": 1657.1765911284383, "rprd": 121.85204155460296, "w": 4, "l": 0, "coil": null}, "gen9championsvgc2026regmabo3": {"elo": 1139.5169894206406, "gxe": 65.3, "rpr": 1624.0809121409493, "rprd": 105.03536431291113, "w": 5, "l": 0, "coil": null}, "gen9doublesou": {"elo": 1129.4947991968845, "gxe": 47.8, "rpr": 1482.9583318961552, "rprd": 80.88729288780027, "w": 4, "l": 2, "coil": null}, "gen9monotyperandombattle": {"elo": 1120.0262464117561, "gxe": 58.2, "rpr": 1564.8666582369694, "rprd": 100.67493836989934, "w": 5, "l": 2, "coil": null}, "gen9ou": {"elo": 1261.402085487371, "gxe": 59.2, "rpr": 1571.5277163749763, "rprd": 79.44541797325869, "w": 24, "l": 14, "coil": null}, "gen9pickyourteamrandombattle": {"elo": 1053.6826826440451, "gxe": 56.4, "rpr": 1551.6147522537465, "rprd": 122.65061161942799, "w": 1, "l": 0, "coil": null}, "gen9randombattle": {"elo": 1447.7222942569788, "gxe": 67.6, "rpr": 1639.1614321894301, "rprd": 40.97479252432676, "w": 644, "l": 591, "coil": null}, "gen9randombattleblitz": {"elo": 1074.3393921057263, "gxe": 39.9, "rpr": 1421.3645594624193, "rprd": 74.69234111710851, "w": 11, "l": 14, "coil": null}, "gen9randomdoublesbattle": {"elo": 1433.0289350220894, "gxe": 67.6, "rpr": 1639.9007812864268, "rprd": 59.95726895953217, "w": 36, "l": 20, "coil": null}, "gen9vgc2024regh": {"elo": 1067.2244685844018, "gxe": 50.6, "rpr": 1504.3349335202847, "rprd": 86.94950416847213, "w": 6, "l": 4, "coil": null}, "gen9vgc2026regf": {"elo": 1096.4410573193097, "gxe": 45.4, "rpr": 1465.1031635306033, "rprd": 58.051481727338384, "w": 28, "l": 25, "coil": null}, "gen9vgc2026regfbo3": {"elo": 1028.4473922926245, "gxe": 45.3, "rpr": 1464.3770951721365, "rprd": 56.65460962729053, "w": 18, "l": 19, "coil": null}}}