{"username": "Samsonite 22", "userid": "samsonite22", "registertime": 1724371200, "group": 1, "ratings": {"gen9randombattle": {"elo": 1974.2898527489556, "gxe": 77.9, "rpr": 1737.3522586145511, "rprd": 26.135675059982166, "w": 2160, "l": 2066, "coil": null}}}