{"username": "samslade", "userid": "samslade", "registertime": 0, "group": 0, "ratings": {"gen4randombattle": {"elo": 1000, "gxe": 45, "rpr": 1459.8393856609866, "rprd": 122.85830807679145, "w": 0, "l": 1, "coil": null}, "gen5randombattle": {"elo": 1047.028609165618, "gxe": 54.1, "rpr": 1532.5992851667684, "rprd": 122.98204649039555, "w": 1, "l": 0, "coil": null}, "gen9randombattle": {"elo": 1000, "gxe": 43.5, "rpr": 1447.8503457975457, "rprd": 122.15780758675206, "w": 0, "l": 1, "coil": null}}}