{"username": "samuelayers", "userid": "samuelayers", "registertime": 1611964800, "group": 1, "ratings": {"gen8randombattle": {"elo": 1023.5111765389, "gxe": 13.6, "rpr": 1134.0694392127, "rprd": 110.03637833881, "w": 1, "l": 26, "coil": null}, "gen8randomdoublesbattle": {"elo": 1499.1031825764, "gxe": 86.7, "rpr": 1868.0190570756, "rprd": 100.98362604115, "w": 4811, "l": 2676, "coil": null}, "gen9randombattle": {"elo": 2096.2746536865952, "gxe": 83.5, "rpr": 1805.28969276375, "rprd": 25.83969633594872, "w": 10813, "l": 9392, "coil": null}, "gen9randomdoublesbattle": {"elo": 1658.6188334138, "gxe": 79.3, "rpr": 1756.530164852, "rprd": 62.136247216857, "w": 308, "l": 176, "coil": null}}}