{"username": "SanJacoboUwU", "userid": "sanjacobouwu", "registertime": 1766275200, "group": 1, "ratings": {"gen9randombattle": {"elo": 1640.5764631775253, "gxe": 67.7, "rpr": 1640.0949594312099, "rprd": 32.39602259161567, "w": 494, "l": 463, "coil": null}}}