{"username": "SantanaGV", "userid": "santanagv", "registertime": 1649116800, "group": 1, "ratings": {"gen3randombattle": {"elo": 1104.512701699841, "gxe": 51.2, "rpr": 1509.7375176761739, "rprd": 111.71260661645722, "w": 8, "l": 6, "coil": null}, "gen4randombattle": {"elo": 1194.3523723799588, "gxe": 54.5, "rpr": 1536.2087083702008, "rprd": 121.85536579586233, "w": 34, "l": 28, "coil": null}, "gen5randombattle": {"elo": 1040, "gxe": 55, "rpr": 1540.1606143388, "rprd": 122.8583080769, "w": 1, "l": 0, "coil": null}, "gen8battlefactory": {"elo": 1044.7140368298, "gxe": 53.8, "rpr": 1530.440181745, "rprd": 122.94259802172, "w": 1, "l": 0, "coil": null}, "gen8bdspou": {"elo": 1097.6058172733, "gxe": 54.5, "rpr": 1540.9446314911, "rprd": 225.13846512208, "w": 4, "l": 2, "coil": null}, "gen8bdsprandombattle": {"elo": 1251.7924720356, "gxe": 60.6, "rpr": 1581.7637668475, "rprd": 38.407160661579, "w": 80, "l": 71, "coil": null}, "gen8randombattle": {"elo": 1045.6654851978, "gxe": 33.4, "rpr": 1361.9706056206, "rprd": 124.55917400769, "w": 1, "l": 6, "coil": null}, "gen9randombattle": {"elo": 1798.664314914944, "gxe": 78.3, "rpr": 1742.7746016475357, "rprd": 34.86755370582084, "w": 761, "l": 642, "coil": null}, "gen9randomdoublesbattle": {"elo": 1052.079528104504, "gxe": 54.2, "rpr": 1533.807227371842, "rprd": 122.13237742657346, "w": 1, "l": 0, "coil": null}}}