{"username": "Sarsagimon", "userid": "sarsagimon", "registertime": 1665014400, "group": 1, "ratings": {"gen8battlefactory": {"elo": 1000, "gxe": 45, "rpr": 1459.8393856612, "rprd": 122.8583080769, "w": 0, "l": 1, "coil": null}, "gen8doublesou": {"elo": 1114.1971217753, "gxe": 43.4, "rpr": 1442.9055728551, "rprd": 190.72558323755, "w": 8, "l": 10, "coil": null}, "gen8joltemonsrandombattle": {"elo": 1040, "gxe": 55, "rpr": 1540.1606143388, "rprd": 122.8583080769, "w": 1, "l": 0, "coil": null}, "gen8metronomebattle": {"elo": 1339.6235914086, "gxe": 59.8, "rpr": 1575.0310603099, "rprd": 36.849014726928, "w": 70, "l": 53, "coil": null}, "gen8randombattle": {"elo": 1405.785029113, "gxe": 62, "rpr": 1604.5337508801, "rprd": 181.5270084437, "w": 401, "l": 375, "coil": null}, "gen8randombattleblitz": {"elo": 1000, "gxe": 43.7, "rpr": 1449.0392898529, "rprd": 122.22617612857, "w": 0, "l": 1, "coil": null}, "gen8vgc2022": {"elo": 1042.6672531156, "gxe": 40.2, "rpr": 1421.8303744125, "rprd": 106.27709112673, "w": 1, "l": 3, "coil": null}, "gen9doublesou": {"elo": 1041.4695325381738, "gxe": 30.2, "rpr": 1338.3506431488338, "rprd": 75.04684289889327, "w": 43, "l": 57, "coil": null}, "gen9doublesuu": {"elo": 1050.9237037166422, "gxe": 51.1, "rpr": 1509.0288449500588, "rprd": 116.25982140281998, "w": 1, "l": 1, "coil": null}, "gen9metronomebattle": {"elo": 1338.9229548308, "gxe": 68.1, "rpr": 1648.634992319, "rprd": 100.20222977435, "w": 160, "l": 125, "coil": null}, "gen9randombattle": {"elo": 1679.2839658880926, "gxe": 74.8, "rpr": 1705.4587641912094, "rprd": 32.344061713866104, "w": 910, "l": 848, "coil": null}, "gen9randombattleblitz": {"elo": 1051.6837210228, "gxe": 55, "rpr": 1540.1606143388, "rprd": 122.8583080769, "w": 1, "l": 0, "coil": null}, "gen9randombattlemayhem": {"elo": 1000, "gxe": 44.7, "rpr": 1457.5136818686185, "rprd": 121.83335779488549, "w": 0, "l": 1, "coil": null}, "gen9randomdoublesbattle": {"elo": 1040, "gxe": 55, "rpr": 1540.1606143390134, "rprd": 122.85830807679145, "w": 1, "l": 0, "coil": null}}}