{"username": "sashauhsa", "userid": "sashauhsa", "registertime": 0, "group": 0, "ratings": {"gen9randombattle": {"elo": 1207.0702109774538, "gxe": 56.3, "rpr": 1548.946776471917, "rprd": 74.51186014389441, "w": 11, "l": 6, "coil": null}}}