{"username": "sayolo", "userid": "sayolo", "registertime": 1539993600, "group": 1, "ratings": {"gen7anythinggoes": {"elo": 1075.7958426692, "gxe": 38.3, "rpr": 1392.6736252981, "rprd": 222.57886977252, "w": 105, "l": 150, "coil": null}, "gen7doublesou": {"elo": 1046.8420665123, "gxe": 45.1, "rpr": 1461.2590835811, "rprd": 101.457175033, "w": 2, "l": 3, "coil": null}, "gen7doublesubers": {"elo": 1000, "gxe": 39.7, "rpr": 1416.6315338549, "rprd": 121.03292171627, "w": 0, "l": 2, "coil": null}, "gen7inheritance": {"elo": 1000, "gxe": 43.4, "rpr": 1446.71080823, "rprd": 122.36134581817, "w": 0, "l": 1, "coil": null}, "gen7metronomebattle": {"elo": 1030.9158339908, "gxe": 41.2, "rpr": 1429.7623655115, "rprd": 113.78453487445, "w": 1, "l": 3, "coil": null}, "gen7ou": {"elo": 1069.839087446, "gxe": 34.3, "rpr": 1373.6374972175, "rprd": 88.624980448188, "w": 2, "l": 7, "coil": null}, "gen7randombattle": {"elo": 1150.9798121292, "gxe": 49.7, "rpr": 1497.5086696187, "rprd": 74.67429767704, "w": 149, "l": 273, "coil": null}, "gen7randomdoublesbattle": {"elo": 1000, "gxe": 30.1, "rpr": 1334.2098872719, "rprd": 104.59476692306, "w": 0, "l": 6, "coil": null}, "gen8galarbeginnings": {"elo": 1000, "gxe": 45, "rpr": 1459.8393856612, "rprd": 122.8583080769, "w": 0, "l": 1, "coil": null}, "gen8monotyperandombattle": {"elo": 1062.2816243245, "gxe": 46.6, "rpr": 1473.2848212951, "rprd": 84.859170230579, "w": 5, "l": 6, "coil": null}, "gen8randombattle": {"elo": 1056.575308701, "gxe": 34.1, "rpr": 1371.6276347091, "rprd": 90.563711233023, "w": 71, "l": 83, "coil": null}, "gen8randombattleblitz": {"elo": 1000, "gxe": 45, "rpr": 1459.8393856612, "rprd": 122.8583080769, "w": 0, "l": 1, "coil": null}, "gen8randomdoublesbattle": {"elo": 1000, "gxe": 40.2, "rpr": 1421.0598716936, "rprd": 115.96987448897, "w": 0, "l": 2, "coil": null}, "gen8ubers": {"elo": 1079.8477921979, "gxe": 47.4, "rpr": 1479.3739122593, "rprd": 114.37470808317, "w": 2, "l": 1, "coil": null}, "gen9chimera1v1randombattle": {"elo": 1050.0686025366854, "gxe": 56.8, "rpr": 1554.996945825457, "rprd": 122.51653652508931, "w": 1, "l": 0, "coil": null}, "gen9megainvasionrandombattle": {"elo": 1000, "gxe": 40.5, "rpr": 1423.2270386214966, "rprd": 116.61217897423285, "w": 0, "l": 2, "coil": null}, "gen9monotyperandombattle": {"elo": 1115.1787041435637, "gxe": 52.9, "rpr": 1522.7195060055415, "rprd": 102.26043482427652, "w": 3, "l": 2, "coil": null}, "gen9ou": {"elo": 1069.3890312857, "gxe": 27.5, "rpr": 1314.9845187612, "rprd": 62.688356326508, "w": 7, "l": 21, "coil": null}, "gen9randombattle": {"elo": 1288.7015555738394, "gxe": 52.4, "rpr": 1518.0324250565122, "rprd": 57.87090260794867, "w": 219, "l": 237, "coil": null}, "gen9randomdoublesbattle": {"elo": 1110.940896285918, "gxe": 53.6, "rpr": 1528.036940157596, "rprd": 91.14989004335764, "w": 5, "l": 3, "coil": null}, "gen9randomroulette": {"elo": 1000, "gxe": 45.2, "rpr": 1461.8482634536297, "rprd": 122.08756974875533, "w": 0, "l": 1, "coil": null}, "gen9vgc2023series2": {"elo": 1000, "gxe": 40.7, "rpr": 1425.2824709849, "rprd": 116.00149759451, "w": 0, "l": 2, "coil": null}}}