{"username": "Scarf bonsley", "userid": "scarfbonsley", "registertime": 1476230400, "group": 1, "ratings": {"1v1": {"elo": 1204.7942419587, "gxe": 56.4, "rpr": 1548.9407526198, "rprd": 56.266934887549, "w": 26, "l": 17, "coil": null}, "balancedhackmons": {"elo": 1106.9542636102, "gxe": 34.1, "rpr": 1375.314332182, "rprd": 46.65943280469, "w": 42, "l": 66, "coil": null}, "challengecup1v1": {"elo": 1144.9094302761, "gxe": 55.8, "rpr": 1545.0102912435, "rprd": 66.98575170106, "w": 15, "l": 11, "coil": null}, "doublesou": {"elo": 1206.9619978443, "gxe": 72.5, "rpr": 1688.6516419709, "rprd": 92.934749706488, "w": 8, "l": 0, "coil": null}, "gen1ou": {"elo": 1088.226703636, "gxe": 55.8, "rpr": 1546.0420775971, "rprd": 111.46754049064, "w": 2, "l": 1, "coil": null}, "gen1randombattle": {"elo": 1083.2381209367, "gxe": 58.7, "rpr": 1569.5835642659, "rprd": 117.84276049506, "w": 2, "l": 0, "coil": null}, "gen1randombattleblitz": {"elo": 1106.6740184552, "gxe": 56.3, "rpr": 1549.5277067403, "rprd": 93.537568842771, "w": 5, "l": 3, "coil": null}, "gen3challengecup": {"elo": 1040, "gxe": 54.3, "rpr": 1540.1606143388, "rprd": 251.93902725174, "w": 1, "l": 0, "coil": null}, "gen5ou": {"elo": 1040, "gxe": 55, "rpr": 1540.1606143388, "rprd": 122.8583080769, "w": 1, "l": 0, "coil": null}, "gen6firstbloodrandombattle": {"elo": 1461.8626280853, "gxe": 60.7, "rpr": 1581.735078337169, "rprd": 33.745858300006496, "w": 117, "l": 96, "coil": null}, "gen6tripleschallengecup": {"elo": 1091.6851309455226, "gxe": 55, "rpr": 1539.0270523364647, "rprd": 94.34377359823439, "w": 5, "l": 3, "coil": null}, "gen71v1": {"elo": 1196.8866254406, "gxe": 47.2, "rpr": 1478.9631588053, "rprd": 57.929452458782, "w": 45, "l": 41, "coil": null}, "gen72v2doubles": {"elo": 1218.6773142505, "gxe": 64.7, "rpr": 1617.6050742767, "rprd": 83.226474418779, "w": 8, "l": 4, "coil": null}, "gen7350cup": {"elo": 1037.1531988121, "gxe": 48.9, "rpr": 1490.9955446023, "rprd": 116.80714340608, "w": 1, "l": 1, "coil": null}, "gen7anythinggoes": {"elo": 1201.833336908, "gxe": 68.8, "rpr": 1656.9909800904, "rprd": 112.8183270328, "w": 24, "l": 28, "coil": null}, "gen7balancedhackmons": {"elo": 1222.1395586133, "gxe": 56.3, "rpr": 1548.2112708249, "rprd": 62.21185517517, "w": 117, "l": 116, "coil": null}, "gen7battlefactory": {"elo": 1223.9346588419, "gxe": 60.5, "rpr": 1596.062216747, "rprd": 222.05441440317, "w": 18, "l": 12, "coil": null}, "gen7cap": {"elo": 1051.5613221989, "gxe": 54.5, "rpr": 1536.1182879878, "rprd": 122.83141802352, "w": 1, "l": 0, "coil": null}, "gen7challengecup1v1": {"elo": 1187.605315747, "gxe": 56.1, "rpr": 1546.1482419123, "rprd": 46.905758343628, "w": 104, "l": 94, "coil": null}, "gen7challengecupbeta": {"elo": 1074.3464113759, "gxe": 59, "rpr": 1572.5671258289, "rprd": 116.77753930647, "w": 2, "l": 0, "coil": null}, "gen7doublesou": {"elo": 1229.9499450256, "gxe": 54.2, "rpr": 1538.2202654717, "rprd": 223.30499158996, "w": 145, "l": 125, "coil": null}, "gen7doublesubers": {"elo": 1061.2552154809, "gxe": 54, "rpr": 1530.5702882341, "rprd": 74.366796457045, "w": 16, "l": 13, "coil": null}, "gen7hackmonscup": {"elo": 1231.2228241121, "gxe": 61.3, "rpr": 1592.7385164459, "rprd": 130, "w": 15, "l": 9, "coil": null}, "gen7lc": {"elo": 1122.3321436814, "gxe": 59.2, "rpr": 1574.8704762719, "rprd": 130, "w": 8, "l": 7, "coil": null}, "gen7letsgorandombattle": {"elo": 1082.0308971121, "gxe": 59, "rpr": 1572.3462451637, "rprd": 116.04811754124, "w": 2, "l": 0, "coil": null}, "gen7metronomebattle": {"elo": 1137.2374873392, "gxe": 57.8, "rpr": 1561.0723669448, "rprd": 84.351209207622, "w": 7, "l": 4, "coil": null}, "gen7monotype": {"elo": 1172.6577839956, "gxe": 50, "rpr": 1499.9214755409, "rprd": 222.11392395839, "w": 62, "l": 51, "coil": null}, "gen7nu": {"elo": 1131.4341242827, "gxe": 53.7, "rpr": 1528.8203890806, "rprd": 90.078300131244, "w": 34, "l": 35, "coil": null}, "gen7ou": {"elo": 1461.6158581296, "gxe": 58.1, "rpr": 1561.5643614147, "rprd": 35.577632251645, "w": 414, "l": 414, "coil": null}, "gen7oublitz": {"elo": 1191.5944706911, "gxe": 54.6, "rpr": 1534.5407101106, "rprd": 37.757985920439, "w": 102, "l": 98, "coil": null}, "gen7pu": {"elo": 1228.2228736968, "gxe": 57.3, "rpr": 1556.2332708424, "rprd": 71.192140700808, "w": 22, "l": 20, "coil": null}, "gen7randombattle": {"elo": 1486.6302378635, "gxe": 68.3, "rpr": 1645.6880112255, "rprd": 44.263868201406, "w": 120, "l": 92, "coil": null}, "gen7randombattleapexabilities": {"elo": 1334.9382374035033, "gxe": 72.8, "rpr": 1689.5416357210793, "rprd": 76.94114641016324, "w": 17, "l": 5, "coil": null}, "gen7randomdoublesbattle": {"elo": 1232.3978101368, "gxe": 69.5, "rpr": 1665.6949389237, "rprd": 130, "w": 13, "l": 4, "coil": null}, "gen7ru": {"elo": 1155.1290280161, "gxe": 50.4, "rpr": 1503.4636055811, "rprd": 223.98230657933, "w": 145, "l": 139, "coil": null}, "gen7tiershift": {"elo": 1147.9546191254, "gxe": 40.4, "rpr": 1425.5718278499, "rprd": 62.531462190901, "w": 17, "l": 29, "coil": null}, "gen7ubers": {"elo": 1154.8422518684, "gxe": 51.4, "rpr": 1512.506116663, "rprd": 216.73578504453, "w": 125, "l": 129, "coil": null}, "gen7uu": {"elo": 1163.2797678853, "gxe": 51.1, "rpr": 1509.8510298406, "rprd": 224.64796512061, "w": 41, "l": 45, "coil": null}, "gen7vgc2017": {"elo": 1000, "gxe": 37.3, "rpr": 1396.9556398298, "rprd": 117.09646963394, "w": 0, "l": 2, "coil": null}, "gen7zu": {"elo": 1032.0564761571, "gxe": 48.8, "rpr": 1490.7630275906, "rprd": 116.2596863438, "w": 1, "l": 1, "coil": null}, "gen81v1": {"elo": 1389.0028909803, "gxe": 57, "rpr": 1563.2503619305, "rprd": 224.22014499326, "w": 120, "l": 89, "coil": null}, "gen82v2doubles": {"elo": 1094.4413912967, "gxe": 51.6, "rpr": 1512.6065404425, "rprd": 82.379553281243, "w": 8, "l": 7, "coil": null}, "gen8350cup": {"elo": 1237.8450643234, "gxe": 60.2, "rpr": 1581.5154494422, "rprd": 103.34585927757, "w": 46, "l": 34, "coil": null}, "gen8aaadoubles": {"elo": 1000, "gxe": 37.6, "rpr": 1400.0067663614, "rprd": 112.85875278601, "w": 0, "l": 3, "coil": null}, "gen8almostanyability": {"elo": 1347.5901286496, "gxe": 69.7, "rpr": 1657.9511301963, "rprd": 49.769705256683, "w": 74, "l": 43, "coil": null}, "gen8anythinggoes": {"elo": 1319.9945921881, "gxe": 68.3, "rpr": 1647.8889299479, "rprd": 74.529490881949, "w": 15, "l": 3, "coil": null}, "gen8balancedhackmons": {"elo": 1180.393314502, "gxe": 54.2, "rpr": 1532.8795972218, "rprd": 106.70652231154, "w": 132, "l": 149, "coil": null}, "gen8brokenrecord": {"elo": 1165.9028952733, "gxe": 63.9, "rpr": 1611.7021298869, "rprd": 93.659125892698, "w": 6, "l": 2, "coil": null}, "gen8camomons": {"elo": 1040.0745679566, "gxe": 47.7, "rpr": 1481.7039318756, "rprd": 102.80216761478, "w": 2, "l": 3, "coil": null}, "gen8cap": {"elo": 1111.7378605922, "gxe": 55.8, "rpr": 1545.358627792, "rprd": 100.04745616337, "w": 10, "l": 10, "coil": null}, "gen8challengecup1v1": {"elo": 1168.4695089512, "gxe": 49.8, "rpr": 1498.681744163, "rprd": 90.852745524838, "w": 98, "l": 82, "coil": null}, "gen8crazyhouse": {"elo": 1107.6516736295, "gxe": 60.6, "rpr": 1584.3990817677, "rprd": 102.07155950402, "w": 4, "l": 2, "coil": null}, "gen8doublesou": {"elo": 1308.8334489494, "gxe": 55.5, "rpr": 1548.656411308, "rprd": 210.09470239497, "w": 145, "l": 128, "coil": null}, "gen8firstblood": {"elo": 1057.0630066264, "gxe": 53.6, "rpr": 1528.6298858145, "rprd": 112.11296111811, "w": 2, "l": 1, "coil": null}, "gen8flipped": {"elo": 1058.0688235532, "gxe": 45.9, "rpr": 1467.4011423593, "rprd": 102.65961093521, "w": 6, "l": 10, "coil": null}, "gen8godlygift": {"elo": 1133.7142709527, "gxe": 45, "rpr": 1461.7574919588, "rprd": 72.752372455439, "w": 11, "l": 16, "coil": null}, "gen8hackmonscup": {"elo": 1075.2326058526, "gxe": 55.2, "rpr": 1540.8608839962, "rprd": 110.15414135892, "w": 2, "l": 1, "coil": null}, "gen8inheritance": {"elo": 1000, "gxe": 22.9, "rpr": 1256.9434989997, "rprd": 127.51281445654, "w": 0, "l": 5, "coil": null}, "gen8inverse": {"elo": 1051.9546197513,