{"username": "Schibi", "userid": "schibi", "registertime": 1512777600, "group": 1, "ratings": {"gen1randombattle": {"elo": 1045.7783963509, "gxe": 55, "rpr": 1540.1606143388, "rprd": 122.8583080769, "w": 1, "l": 0, "coil": null}, "gen6randombattle": {"elo": 1049.3250425854, "gxe": 46.8, "rpr": 1474.4236472119, "rprd": 130, "w": 2, "l": 3, "coil": null}, "gen7almostanyability": {"elo": 1424.2130801331, "gxe": 72, "rpr": 1749.3845561268, "rprd": 338.0350999843, "w": 153, "l": 115, "coil": null}, "gen7anythinggoes": {"elo": 1435.2873156114, "gxe": 62.9, "rpr": 1618.576873173, "rprd": 220.45008425916, "w": 78, "l": 59, "coil": null}, "gen7battlefactory": {"elo": 1221.0211772348, "gxe": 62.8, "rpr": 1617.3685107238, "rprd": 219.97408110567, "w": 18, "l": 10, "coil": null}, "gen7battlespotsingles": {"elo": 1119.1377803875, "gxe": 50.1, "rpr": 1500.8059044268, "rprd": 83.726082430367, "w": 11, "l": 11, "coil": null}, "gen7cap": {"elo": 1000, "gxe": 45, "rpr": 1459.8393856612, "rprd": 122.8583080769, "w": 0, "l": 1, "coil": null}, "gen7doublesubers": {"elo": 1000, "gxe": 39.5, "rpr": 1415.9074399163, "rprd": 112.56733334014, "w": 0, "l": 3, "coil": null}, "gen7hackmonscup": {"elo": 1050.1529443729, "gxe": 55.4, "rpr": 1543.6137776518, "rprd": 122.90105553199, "w": 1, "l": 0, "coil": null}, "gen7lc": {"elo": 1119.6356747383, "gxe": 55.8, "rpr": 1546.1386861875, "rprd": 110.85091368467, "w": 4, "l": 2, "coil": null}, "gen7metronomebattle": {"elo": 1000, "gxe": 30.5, "rpr": 1337.8341105376, "rprd": 105.14997902629, "w": 0, "l": 6, "coil": null}, "gen7monotype": {"elo": 1403.6573655186, "gxe": 65.2, "rpr": 1641.7439072138, "rprd": 226.22616621201, "w": 61, "l": 48, "coil": null}, "gen7monotyperandombattle": {"elo": 1000, "gxe": 42, "rpr": 1435.4837905659, "rprd": 116.77265149085, "w": 0, "l": 2, "coil": null}, "gen7nu": {"elo": 1052.7469078227, "gxe": 43.9, "rpr": 1451.5001794545, "rprd": 107.90713160417, "w": 28, "l": 31, "coil": null}, "gen7ou": {"elo": 1499.4723470881, "gxe": 76.1, "rpr": 1746.1336864567, "rprd": 179.855720547, "w": 649, "l": 526, "coil": null}, "gen7oublitz": {"elo": 1000, "gxe": 45, "rpr": 1459.8393856612, "rprd": 122.8583080769, "w": 0, "l": 1, "coil": null}, "gen7pokebilitiesrandombattle": {"elo": 1000, "gxe": 45, "rpr": 1459.8393856609866, "rprd": 122.85830807679145, "w": 0, "l": 1, "coil": null}, "gen7pu": {"elo": 1236.3115556485, "gxe": 55.1, "rpr": 1539.3787646201, "rprd": 86.964909716998, "w": 26, "l": 21, "coil": null}, "gen7randombattle": {"elo": 1500.8273000127, "gxe": 75.5, "rpr": 1719.7244392795, "rprd": 96.063567098714, "w": 1407, "l": 1360, "coil": null}, "gen7randomdoublesbattle": {"elo": 1152.4176120386, "gxe": 65.9, "rpr": 1630.5584261518, "rprd": 111.46935104352, "w": 5, "l": 1, "coil": null}, "gen7ru": {"elo": 1215.5676724922, "gxe": 56.8, "rpr": 1561.7880051336, "rprd": 232.14893646065, "w": 58, "l": 54, "coil": null}, "gen7ubers": {"elo": 1336.1810584757, "gxe": 62.2, "rpr": 1612.8972884642, "rprd": 230.94351290498, "w": 42, "l": 36, "coil": null}, "gen7uu": {"elo": 1402.0805810117, "gxe": 62.2, "rpr": 1610.8634992838, "rprd": 215.69133560058, "w": 104, "l": 96, "coil": null}, "gen7vgc2018": {"elo": 1094.4563811479, "gxe": 47.5, "rpr": 1477.4627665907, "rprd": 226.56590734235, "w": 6, "l": 6, "coil": null}, "gen8almostanyability": {"elo": 1312.0448367743, "gxe": 65.8, "rpr": 1627.4702973632, "rprd": 93.755887049871, "w": 78, "l": 51, "coil": null}, "gen8battlestadiumdoublesseries13": {"elo": 1080.0473335101, "gxe": 46.6, "rpr": 1473.3425819458, "rprd": 95.421301250442, "w": 3, "l": 4, "coil": null}, "gen8bdspou": {"elo": 1164.6896286833, "gxe": 63, "rpr": 1620.7246381041, "rprd": 233.33859626726, "w": 6, "l": 1, "coil": null}, "gen8bdsprandombattle": {"elo": 1045.108134072, "gxe": 53.1, "rpr": 1524.4979851427, "rprd": 123.53852585916, "w": 1, "l": 0, "coil": null}, "gen8bdspuu": {"elo": 1069.0925882082, "gxe": 51.5, "rpr": 1511.4976235302, "rprd": 99.052742299109, "w": 4, "l": 3, "coil": null}, "gen8bssfactory": {"elo": 1034.5759419888, "gxe": 46.9, "rpr": 1474.9049110724, "rprd": 123.25947981827, "w": 1, "l": 2, "coil": null}, "gen8cap": {"elo": 1000, "gxe": 43.9, "rpr": 1450.7682044052, "rprd": 122.96258421884, "w": 0, "l": 1, "coil": null}, "gen8doublesou": {"elo": 1099.7319545202, "gxe": 60.1, "rpr": 1581.0567970823, "rprd": 111.57445149695, "w": 3, "l": 0, "coil": null}, "gen8monotyperandombattle": {"elo": 1040, "gxe": 55, "rpr": 1540.1606143388, "rprd": 122.8583080769, "w": 1, "l": 0, "coil": null}, "gen8nationaldexuu": {"elo": 1287.5498736532, "gxe": 63.4, "rpr": 1620.498588298, "rprd": 206.59752674395, "w": 35, "l": 20, "coil": null}, "gen8nu": {"elo": 1169.8777528899, "gxe": 58.1, "rpr": 1563.9237817474, "rprd": 105.41335012772, "w": 25, "l": 22, "coil": null}, "gen8ou": {"elo": 1347.9497828236247, "gxe": 60.6, "rpr": 1584.954248687945, "rprd": 108.80145909407167, "w": 257, "l": 211, "coil": null}, "gen8oublitz": {"elo": 1296.3163992123, "gxe": 71.1, "rpr": 1677.5136315268, "rprd": 109.2927840649, "w": 24, "l": 14, "coil": null}, "gen8pu": {"elo": 1268.7310712201, "gxe": 62.7, "rpr": 1600.5685098726, "rprd": 88.934040268767, "w": 22, "l": 16, "coil": null}, "gen8randombattle": {"elo": 1374.0612839672, "gxe": 71.7, "rpr": 1710.8367065023, "rprd": 230.04624904417, "w": 2131, "l": 1979, "coil": null}, "gen8randombattleblitz": {"elo": 1027.7256829452, "gxe": 44, "rpr": 1451.65558963, "rprd": 130, "w": 1, "l": 1, "coil": null}, "gen8randombattlenodmax": {"elo": 1361.9840540206, "gxe": 67.5, "rpr": 1645.1294711612, "rprd": 113.98877858812, "w": 46, "l": 32, "coil": null}, "gen8ru": {"elo": 1196.5374687148, "gxe": 56.7, "rpr": 1558.7612290856, "rprd": 202.55792049904, "w": 110, "l": 88, "coil": null}, "gen8ubers": {"elo": 1199.1650165094, "gxe": 65.5, "rpr": 1628.6872799463, "rprd": 127.48889602476, "w": 9, "l": 1, "coil": null}, "gen8uu": {"elo": 1276.339487673487, "gxe": 61, "rpr": 1588.4582508227215, "rprd": 108.23793627818057, "w": 342, "l": 319, "coil": null}, "gen8vgc2021series10": {"elo": 1346.2491721179, "gxe": 56.2, "rpr": 1547.2802213459, "rprd": 36.863820796278, "w": 63, "l": 49, "coil": null}, "gen8vgc2022": {"elo": 1334.0686183396, "gxe": 52.7, "rpr": 1523.9008870871, "rprd": 220.87757019477, "w": 47, "l": 36, "coil": null}, "gen91v1factory": {"elo": 1160.5322228527132, "gxe": 54.6, "rpr": 1535.0273205568071, "rprd": 57.12565727605156, "w": 20, "l": 15, "coil": null}, "gen9almostanyability": {"elo": 1129.0678091404925, "gxe": 57.3, "rpr": 1558.0830053586471, "rprd": 105.31689816274518, "w": 3, "l": 1, "coil": null}, "gen9bssregj": {"elo": 1000, "gxe": 43.8, "rpr": 1449.9063885522585, "rprd": 122.02763666122183, "w": 0, "l": 1, "coil": null}, "gen9championsbssregma": {"elo": 1000, "gxe": 43.8, "rpr": 1450.015404701858, "rprd": 122.05196713706137, "w": 0, "l": 1, "coil": null}, "gen9championsrandombattle": {"elo": 1047.0936019198507, "gxe": 55.4, "rpr": 1543.6160389535094, "rprd": 122.2357086447793, "w": 1, "l": 0, "coil": null}, "gen9championsvgc2026regma": {"elo": 1538.9653747294383, "gxe": 70.1, "rpr": 1662.424624626284, "rprd": 52.46342348365197, "w": 39, "l": 16, "coil": null}, "gen9legendszaou": {"elo": 1404.2355855926728, "gxe": 64.6, "rpr": 1614.321821979683, "rprd": 49.49820309073737, "w": 51, "l": 37, "coil": null}, "gen9monotyperandombattle": {"elo": 1040, "gxe": 50, "rpr": 1500, "rprd": 116.77753930647, "w": 1, "l": 1, "coil": null}, "gen9nationaldex": {"elo": 1223.4938650084164, "gxe": 58.6, "rpr": 1568.1132269871216, "rprd": 108.22286596791471, "w": 10, "l": 5, "coil": null}, "gen9nationaldexuu": {"elo": 1206.2630269888, "gxe": 59.6, "rpr": 1581.8548547115, "rprd": 173.10587280974, "w": 20, "l": 14, "coil": null}, "gen9nu": {"elo": 1116.4139228173394, "gxe": 49.3, "rpr": 1494.4289737182835, "rprd": 112.74292851792627, "w": 9, "l": 5, "coil": 1394.4145724998718}, "gen9ou": {"elo": 1447.7925545953315, "gxe": 72.7, "rpr": 1692.0528887259693, "rprd": 100.58933786639842, "w": 167, "l": 127,