{"username": "Sebman", "userid": "sebman", "registertime": 1699920000, "group": 1, "ratings": {"gen1randombattle": {"elo": 1000, "gxe": 45, "rpr": 1459.8393856612, "rprd": 122.8583080769, "w": 0, "l": 1, "coil": null}, "gen3ou": {"elo": 1165.405458490384, "gxe": 54.5, "rpr": 1535.493338330045, "rprd": 94.42570871920027, "w": 6, "l": 2, "coil": null}, "gen3ru": {"elo": 1068.1116536454, "gxe": 51, "rpr": 1509.218119229, "rprd": 223.85208952391, "w": 2, "l": 3, "coil": null}, "gen3uu": {"elo": 1051.162192448014, "gxe": 48.8, "rpr": 1490.1657156441615, "rprd": 114.27233853574334, "w": 1, "l": 2, "coil": null}, "gen3zu": {"elo": 1190.6496884351, "gxe": 65.1, "rpr": 1627.7149678919, "rprd": 145.85578891692, "w": 17, "l": 7, "coil": null}, "gen6ou": {"elo": 1000, "gxe": 44.6, "rpr": 1456.9327433794, "rprd": 122.01349735522, "w": 0, "l": 1, "coil": null}, "gen6randombattle": {"elo": 1022.1660277196, "gxe": 50, "rpr": 1500, "rprd": 116.77753930647, "w": 1, "l": 1, "coil": null}, "gen6ubers": {"elo": 1147.6019707295, "gxe": 63, "rpr": 1604.6500335961, "rprd": 100.13638353593, "w": 8, "l": 4, "coil": null}, "gen6uu": {"elo": 1000, "gxe": 39.7, "rpr": 1417.0015659497, "rprd": 118.54103758932, "w": 0, "l": 2, "coil": null}, "gen7ou": {"elo": 1000, "gxe": 29.2, "rpr": 1325.6099438206, "rprd": 107.65326721743, "w": 0, "l": 4, "coil": null}, "gen7randombattle": {"elo": 1031.0091698417, "gxe": 29.5, "rpr": 1324.7272275538, "rprd": 130, "w": 64, "l": 81, "coil": null}, "gen7tiershift": {"elo": 1000, "gxe": 45, "rpr": 1459.8393856612, "rprd": 122.8583080769, "w": 0, "l": 1, "coil": null}, "gen7ubers": {"elo": 1184.2808081952, "gxe": 60.4, "rpr": 1581.5542145472, "rprd": 77.57800943952, "w": 12, "l": 7, "coil": null}, "gen81v1": {"elo": 1000, "gxe": 37.7, "rpr": 1400.7324649162529, "rprd": 111.51861011315509, "w": 0, "l": 3, "coil": null}, "gen8randombattle": {"elo": 1000, "gxe": 32.1, "rpr": 1349.516526011, "rprd": 130, "w": 0, "l": 2, "coil": null}, "gen91v1": {"elo": 1051.4841151519604, "gxe": 45, "rpr": 1460.0915539644425, "rprd": 110.82558998139412, "w": 1, "l": 2, "coil": null}, "gen9championsou": {"elo": 1481.9337435997454, "gxe": 71.1, "rpr": 1669.542396652041, "rprd": 30.576006704743783, "w": 159, "l": 108, "coil": null}, "gen9championsrandombattle": {"elo": 1048.6239055534415, "gxe": 55.4, "rpr": 1543.4377701402339, "rprd": 121.9518804231898, "w": 1, "l": 0, "coil": null}, "gen9championsvgc2026regma": {"elo": 1112.8149004110148, "gxe": 45, "rpr": 1461.5751593034, "rprd": 63.20092117574671, "w": 12, "l": 13, "coil": null}, "gen9megainvasionrandombattle": {"elo": 1536.2419167129, "gxe": 74.8, "rpr": 1705.6436779939, "rprd": 43.166683769464, "w": 123, "l": 70, "coil": null}, "gen9randombattle": {"elo": 1958.3042690705618, "gxe": 82.6, "rpr": 1794.0428272495544, "rprd": 27.51213711024323, "w": 220, "l": 172, "coil": null}, "gen9randombattleblitz": {"elo": 1742.8562249217, "gxe": 71.6, "rpr": 1674.5932442361, "rprd": 31.989574060515, "w": 127, "l": 92, "coil": null}, "gen9ru": {"elo": 1051.112936034808, "gxe": 53.3, "rpr": 1526.5499905129166, "rprd": 123.02450770997308, "w": 1, "l": 0, "coil": 16.65625}, "gen9ubers": {"elo": 1254.2448210568334, "gxe": 68.5, "rpr": 1650.342028651729, "rprd": 80.14439542542671, "w": 11, "l": 3, "coil": null}, "gen9zu": {"elo": 1194.1898589448, "gxe": 64.8, "rpr": 1619.3634864878, "rprd": 93.798733568189, "w": 7, "l": 2, "coil": 1904.775901989176}, "lc": {"elo": 1000, "gxe": 44.3, "rpr": 1454.3891958499, "rprd": 122.67503129597, "w": 0, "l": 1, "coil": null}, "ou": {"elo": 1042.2853067135, "gxe": 41.4, "rpr": 1430.3329081749, "rprd": 130, "w": 2, "l": 3, "coil": null}, "ru": {"elo": 1000, "gxe": 44, "rpr": 1452.1439561227, "rprd": 122.72939358875, "w": 0, "l": 1, "coil": null}, "ubers": {"elo": 1109.5677760022, "gxe": 49.2, "rpr": 1493.738541506, "rprd": 104.56644477433, "w": 3, "l": 2, "coil": null}}}