{"username": "Sebobo86", "userid": "sebobo86", "registertime": 1706832000, "group": 1, "ratings": {"gen9championsrandombattle": {"elo": 1040, "gxe": 55, "rpr": 1540.1606143390134, "rprd": 122.85830807679145, "w": 1, "l": 0, "coil": null}, "gen9randombattle": {"elo": 1491.7966693817607, "gxe": 68.6, "rpr": 1648.8992822813307, "rprd": 56.92390971321536, "w": 2410, "l": 2292, "coil": null}, "gen9randomdoublesbattle": {"elo": 1588.8252450885327, "gxe": 68.3, "rpr": 1645.6746701478153, "rprd": 46.705123572125764, "w": 128, "l": 98, "coil": null}}}