{"username": "secondchx", "userid": "secondchx", "registertime": 1769126400, "group": 1, "ratings": {"gen9nationaldex": {"elo": 1542.4384762515795, "gxe": 65.2, "rpr": 1618.614349051856, "rprd": 45.22324610200151, "w": 281, "l": 254, "coil": null}, "gen9ou": {"elo": 1331.2195850553815, "gxe": 54.8, "rpr": 1536.4938858230714, "rprd": 47.04301053468576, "w": 58, "l": 48, "coil": null}, "gen9randombattle": {"elo": 1691.2457158920438, "gxe": 75.2, "rpr": 1709.6541491912492, "rprd": 39.8472446781166, "w": 477, "l": 441, "coil": null}, "gen9randombattleblitz": {"elo": 1051.0312265742834, "gxe": 55.1, "rpr": 1540.581298242685, "rprd": 121.91038119656307, "w": 1, "l": 0, "coil": null}, "gen9randomdoublesbattle": {"elo": 1000, "gxe": 45, "rpr": 1459.8393856609866, "rprd": 122.85830807679145, "w": 0, "l": 1, "coil": null}}}