{"username": "SEFUELALUZ_33", "userid": "sefuelaluz33", "registertime": 1770768000, "group": 1, "ratings": {"gen9monotype": {"elo": 1142.7362879534112, "gxe": 48.9, "rpr": 1491.866589245712, "rprd": 84.46476098354604, "w": 7, "l": 5, "coil": 1742.5978926825037}, "gen9nationaldexmonotype": {"elo": 1164.1420006486867, "gxe": 57.4, "rpr": 1557.9670096405614, "rprd": 91.16014763016227, "w": 8, "l": 5, "coil": null}, "gen9nationaldexubers": {"elo": 1162.2554036364209, "gxe": 46.1, "rpr": 1469.746838584911, "rprd": 72.64317930828304, "w": 17, "l": 13, "coil": null}, "gen9randombattle": {"elo": 1377.2187797070715, "gxe": 56.6, "rpr": 1550.2562779335615, "rprd": 52.34229735825403, "w": 65, "l": 53, "coil": null}, "gen9vgc2026regi": {"elo": 1113.2821337369953, "gxe": 44.2, "rpr": 1454.3487919639228, "rprd": 92.09109293295664, "w": 4, "l": 4, "coil": null}}}