{"username": "seifzilla", "userid": "seifzilla", "registertime": 1443657600, "group": 1, "ratings": {"doublesou": {"elo": 1000, "gxe": 45, "rpr": 1459.8393856612, "rprd": 122.8583080769, "w": 0, "l": 0, "coil": null}, "gen1randombattle": {"elo": 1120.1705855165, "gxe": 66, "rpr": 1633.2053474096, "rprd": 130, "w": 0, "l": 0, "coil": null}, "gen7ou": {"elo": 1115.7554513436, "gxe": 48, "rpr": 1484.6105608078, "rprd": 72.085584742816, "w": 0, "l": 0, "coil": null}, "gen7randombattle": {"elo": 1121.9424529902, "gxe": 41.3, "rpr": 1432.6115594416, "rprd": 67.775674653973, "w": 0, "l": 0, "coil": null}, "gen7randomdoublesbattle": {"elo": 1000, "gxe": 44.5, "rpr": 1455.7219846142, "rprd": 121.8219868935, "w": 0, "l": 1, "coil": null}, "gen8ou": {"elo": 1224.0129777237, "gxe": 44.6, "rpr": 1459.2174462477, "rprd": 25, "w": 0, "l": 0, "coil": null}, "gen8randombattle": {"elo": 1399.1002422357, "gxe": 53.9, "rpr": 1534.9072948192, "rprd": 210.3166236696, "w": 0, "l": 0, "coil": null}, "gen8randombattleblitz": {"elo": 1000, "gxe": 37.5, "rpr": 1397.9534731951, "rprd": 119.96650018416, "w": 0, "l": 2, "coil": null}, "gen8ubers": {"elo": 1106.5591062178, "gxe": 42.8, "rpr": 1434.447587357, "rprd": 229.37518664545, "w": 3, "l": 6, "coil": null}, "gen9ou": {"elo": 1104.802205983049, "gxe": 38, "rpr": 1407.837316711882, "rprd": 31.38274076625846, "w": 129, "l": 140, "coil": null}, "gen9randombattle": {"elo": 1398.5299587477211, "gxe": 61.2, "rpr": 1585.7807569235415, "rprd": 25, "w": 1263, "l": 1303, "coil": null}, "gen9randombattleblitz": {"elo": 1000, "gxe": 39, "rpr": 1410.783530604017, "rprd": 122.64908236639654, "w": 0, "l": 2, "coil": null}, "gen9randomdoublesbattle": {"elo": 1106.676025450854, "gxe": 55.3, "rpr": 1540.8616872506484, "rprd": 81.01372839957519, "w": 9, "l": 5, "coil": null}, "gen9ubers": {"elo": 1120.345992669, "gxe": 54, "rpr": 1530.7441719032, "rprd": 83.518381120722, "w": 7, "l": 5, "coil": null}, "hackmonscup": {"elo": 1000, "gxe": 44, "rpr": 1451.9546848705, "rprd": 122.09615336705, "w": 0, "l": 0, "coil": null}, "ou": {"elo": 1184.7193667672, "gxe": 49.2, "rpr": 1493.9372253266, "rprd": 59.311854780497, "w": 0, "l": 0, "coil": null}, "randomdoublesbattle": {"elo": 1059.9180548611, "gxe": 51.4, "rpr": 1511.3917624867, "rprd": 130, "w": 0, "l": 0, "coil": null}, "randomtriplesbattle": {"elo": 1011.681925588, "gxe": 42.7, "rpr": 1440.8328796281, "rprd": 130, "w": 0, "l": 0, "coil": null}, "uu": {"elo": 1046.9903214747, "gxe": 43.1, "rpr": 1446.5082171113, "rprd": 77.616104439415, "w": 0, "l": 0, "coil": null}}}