{"username": "Sekkari", "userid": "sekkari", "registertime": 1545350400, "group": 1, "ratings": {"gen3ou": {"elo": 1519.7416086010264, "gxe": 67.1, "rpr": 1642.565529381855, "rprd": 121.89288900085346, "w": 183, "l": 142, "coil": null}, "gen3randombattle": {"elo": 1040, "gxe": 52.1, "rpr": 1516.9580022481, "rprd": 125.01689967346, "w": 1, "l": 0, "coil": null}, "gen4ou": {"elo": 1413.0185367231, "gxe": 67.7, "rpr": 1641.6343149883, "rprd": 66.75407417988, "w": 175, "l": 144, "coil": null}, "gen4randombattle": {"elo": 1000, "gxe": 45, "rpr": 1459.8393856612, "rprd": 122.8583080769, "w": 0, "l": 1, "coil": null}, "gen7battlefactory": {"elo": 1097.032627616, "gxe": 58.2, "rpr": 1565.0295744201, "rprd": 106.43428721018, "w": 3, "l": 1, "coil": null}, "gen7godlygift": {"elo": 1069.4178366794, "gxe": 42.8, "rpr": 1444.2877776101, "rprd": 59.756943004459, "w": 13, "l": 18, "coil": null}, "gen7monotype": {"elo": 1065.0204540596, "gxe": 42.8, "rpr": 1434.3777376078, "rprd": 230.48825169594, "w": 3, "l": 5, "coil": null}, "gen7monotyperandombattle": {"elo": 1467.295383197, "gxe": 66.7, "rpr": 1631.139186459, "rprd": 27.04483048704, "w": 905, "l": 859, "coil": null}, "gen7nu": {"elo": 1221.9171933865, "gxe": 58.8, "rpr": 1568.728490457, "rprd": 82.64402515323, "w": 21, "l": 16, "coil": null}, "gen7ou": {"elo": 1384.3813547278, "gxe": 62.2, "rpr": 1597.116707729, "rprd": 89.665744906688, "w": 340, "l": 344, "coil": null}, "gen7oublitz": {"elo": 1130.8405478989, "gxe": 59.7, "rpr": 1577.3761080025, "rprd": 102.11362701108, "w": 5, "l": 1, "coil": null}, "gen7randombattle": {"elo": 1499.487795511, "gxe": 72.1, "rpr": 1711.9370376737, "rprd": 217.42243350831, "w": 572, "l": 524, "coil": null}, "gen7randomdoublesbattle": {"elo": 1057.032869815, "gxe": 43.9, "rpr": 1452.198685312, "rprd": 103.47867653093, "w": 2, "l": 3, "coil": null}, "gen7ru": {"elo": 1016.1650127609, "gxe": 29.6, "rpr": 1329.6281888941, "rprd": 107.38210314433, "w": 8, "l": 16, "coil": null}, "gen7ubers": {"elo": 1353.3087890762, "gxe": 67, "rpr": 1659.4423656317, "rprd": 223.17833469853, "w": 54, "l": 31, "coil": null}, "gen7uu": {"elo": 1332.4975653457, "gxe": 59.1, "rpr": 1583.1947537663, "rprd": 226.21507588237, "w": 71, "l": 78, "coil": null}, "gen8bssfactory": {"elo": 1059.2514257896, "gxe": 56.6, "rpr": 1553.263692048, "rprd": 122.41051761966, "w": 1, "l": 0, "coil": null}, "gen8flipped": {"elo": 1126.3690121685, "gxe": 58.9, "rpr": 1568.636982168, "rprd": 52.64957102594, "w": 27, "l": 18, "coil": null}, "gen8monotyperandombattle": {"elo": 1498.7809288021, "gxe": 72.2, "rpr": 1680.4106537105, "rprd": 36.730921576474, "w": 942, "l": 762, "coil": null}, "gen8ou": {"elo": 1408.8213143695, "gxe": 72.5, "rpr": 1720.2044550277, "rprd": 230.49357758353, "w": 360, "l": 328, "coil": null}, "gen8oublitz": {"elo": 1076.5475111467, "gxe": 59.9, "rpr": 1580.7043175225, "rprd": 130, "w": 2, "l": 0, "coil": null}, "gen8randombattle": {"elo": 1439.1844346905, "gxe": 82.4, "rpr": 1826.1551467064, "rprd": 174.09729730653, "w": 3234, "l": 2869, "coil": null}, "gen8ubers": {"elo": 1031.5213338815, "gxe": 39.9, "rpr": 1418.7857990294, "rprd": 110.72863435833, "w": 0, "l": 0, "coil": null}, "gen8uu": {"elo": 1234.9658848087, "gxe": 56.2, "rpr": 1555.3911006963, "rprd": 216.18931240918, "w": 143, "l": 137, "coil": null}, "gen91v1factory": {"elo": 1168.778980257376, "gxe": 50.3, "rpr": 1502.3864579269912, "rprd": 30.102600054294967, "w": 83, "l": 83, "coil": null}, "gen9babyrandombattle": {"elo": 1048.0898969918928, "gxe": 55.3, "rpr": 1542.6823934139686, "rprd": 121.92564722084843, "w": 1, "l": 0, "coil": null}, "gen9bssfactorybo3": {"elo": 1180.4269470191, "gxe": 64.8, "rpr": 1620.5473060186, "rprd": 109.63843139017, "w": 10, "l": 4, "coil": null}, "gen9godlygiftrandombattle": {"elo": 1045.0480209642674, "gxe": 54.3, "rpr": 1534.6167255509981, "rprd": 122.8324525408552, "w": 1, "l": 0, "coil": null}, "gen9monotyperandombattle": {"elo": 1461.3093852529657, "gxe": 78.1, "rpr": 1747.2677835483125, "rprd": 89.3011742296436, "w": 32, "l": 13, "coil": null}, "gen9ou": {"elo": 1027.8721484853, "gxe": 43.9, "rpr": 1451.9198576588, "rprd": 110.8078651813, "w": 1, "l": 2, "coil": null}, "gen9randombattle": {"elo": 2155.391252857035, "gxe": 85.5, "rpr": 1834.7148393018465, "rprd": 26.289779691806327, "w": 4595, "l": 4228, "coil": null}, "gen9randombattleblitz": {"elo": 1047.194277386, "gxe": 55.2, "rpr": 1541.6928873151, "rprd": 121.91094018783, "w": 1, "l": 0, "coil": null}}}