{"username": "senpiezza", "userid": "senpiezza", "registertime": 1646524800, "group": 1, "ratings": {"gen7monotype": {"elo": 1078.6636546901, "gxe": 45.9, "rpr": 1463.1366664872, "rprd": 222.00923211566, "w": 12, "l": 12, "coil": null}, "gen7nu": {"elo": 1000, "gxe": 37.1, "rpr": 1395.761289314, "rprd": 110.64367812291, "w": 0, "l": 3, "coil": null}, "gen7ou": {"elo": 1099.0989352119, "gxe": 44.6, "rpr": 1458.3495265489, "rprd": 68.50703134108, "w": 14, "l": 13, "coil": null}, "gen7pu": {"elo": 1001.5208003998, "gxe": 40.7, "rpr": 1424.5912184105, "rprd": 130, "w": 1, "l": 3, "coil": null}, "gen7randombattle": {"elo": 1000, "gxe": 45, "rpr": 1459.8393856612, "rprd": 122.8583080769, "w": 0, "l": 1, "coil": null}, "gen7ru": {"elo": 1099.7536774401, "gxe": 45.2, "rpr": 1456.3126598027, "rprd": 226.65004586925, "w": 8, "l": 10, "coil": null}, "gen7ubers": {"elo": 1189.7948476429, "gxe": 60.9, "rpr": 1600.8407121492, "rprd": 231.55944492534, "w": 7, "l": 2, "coil": null}, "gen7vgc2018": {"elo": 1036.9123418566, "gxe": 50.9, "rpr": 1507.3733460956, "rprd": 116.54506314972, "w": 1, "l": 1, "coil": null}, "gen7vgc2019ultraseries": {"elo": 1092.9209793775, "gxe": 40.8, "rpr": 1429.4262251807, "rprd": 40.440660878532, "w": 41, "l": 51, "coil": null}, "gen8battlestadiumdoublesseries13": {"elo": 1069.9080973721, "gxe": 47, "rpr": 1476.1527184632, "rprd": 102.35349561159, "w": 2, "l": 3, "coil": null}, "gen8bdspbattlefestivaldoubles": {"elo": 1152.3568405494, "gxe": 56.9, "rpr": 1554.1120345082, "rprd": 88.232807938843, "w": 6, "l": 3, "coil": null}, "gen8doublesou": {"elo": 1171.7292893702, "gxe": 58.7, "rpr": 1576.7769277198, "rprd": 200.65486283942, "w": 7, "l": 2, "coil": null}, "gen8doublesuu": {"elo": 1166.0012033971, "gxe": 55.9, "rpr": 1545.3528054866, "rprd": 62.552460815072, "w": 15, "l": 12, "coil": null}, "gen8monotype": {"elo": 1095.7217112089, "gxe": 46.4, "rpr": 1471.2778941825, "rprd": 130, "w": 6, "l": 4, "coil": null}, "gen8nationaldexag": {"elo": 1314.618418297, "gxe": 70.9, "rpr": 1672.9591440251, "rprd": 88.565270140102, "w": 14, "l": 3, "coil": null}, "gen8ou": {"elo": 1143.4325168762, "gxe": 59.5, "rpr": 1576.3814757757, "rprd": 117.75298776031, "w": 7, "l": 3, "coil": null}, "gen8pu": {"elo": 1129.3836894566, "gxe": 62.9, "rpr": 1604.0354981613, "rprd": 108.3507115725, "w": 4, "l": 1, "coil": null}, "gen8randombattle": {"elo": 1436.3115915574, "gxe": 74.6, "rpr": 1726.797482437, "rprd": 173.74728459249, "w": 514, "l": 447, "coil": null}, "gen8vgc2020": {"elo": 1144.8224410169, "gxe": 40.6, "rpr": 1427.8907123997, "rprd": 54.054535154564, "w": 82, "l": 104, "coil": null}, "gen8vgc2021": {"elo": 1094.7350561215, "gxe": 42.8, "rpr": 1445.1230213969, "rprd": 55.178117772353, "w": 54, "l": 56, "coil": null}, "gen8vgc2021series10": {"elo": 1138.6472626529, "gxe": 45.6, "rpr": 1466.1660238196, "rprd": 60.167453164869, "w": 31, "l": 32, "coil": null}, "gen8vgc2021series11": {"elo": 1310.8134382346, "gxe": 50.7, "rpr": 1505.658698294, "rprd": 37.540085095193, "w": 48, "l": 47, "coil": null}, "gen8vgc2021series9": {"elo": 1030.9036833811, "gxe": 32.7, "rpr": 1361.3307942061, "rprd": 70.022361113849, "w": 8, "l": 15, "coil": null}, "gen8vgc2022": {"elo": 1198.3865404662, "gxe": 50.4, "rpr": 1503.2272186407, "rprd": 219.32815920217, "w": 43, "l": 38, "coil": null}, "gen9championsvgc2026regma": {"elo": 1174.3363988204107, "gxe": 55.3, "rpr": 1541.468651074067, "rprd": 85.32491977161172, "w": 8, "l": 3, "coil": null}, "gen9nationaldex": {"elo": 1080.2510021811509, "gxe": 58.3, "rpr": 1566.8065073035386, "rprd": 116.29153752440003, "w": 2, "l": 0, "coil": null}, "gen9randombattle": {"elo": 1972.9193671791004, "gxe": 82.3, "rpr": 1790.8285324589483, "rprd": 37.76176881659144, "w": 1670, "l": 1433, "coil": null}, "gen9vgc2023regulationd": {"elo": 1053.897995070287, "gxe": 44.5, "rpr": 1457.444994280693, "rprd": 79.0440822147018, "w": 6, "l": 8, "coil": null}, "gen9vgc2023series1": {"elo": 1127.4353305158, "gxe": 53.3, "rpr": 1525.1443835713, "rprd": 76.397011825629, "w": 11, "l": 7, "coil": null}}}