{"username": "seraf11", "userid": "seraf11", "registertime": 1664668800, "group": 1, "ratings": {"gen8randombattle": {"elo": 1075.0107703105, "gxe": 45.3, "rpr": 1463.5867400511, "rprd": 67.408314480535, "w": 21, "l": 22, "coil": null}, "gen9randombattle": {"elo": 1475.4495956195003, "gxe": 61.6, "rpr": 1589.5068547877115, "rprd": 42.25599806182906, "w": 45, "l": 28, "coil": null}}}