{"username": "Sergiobscr", "userid": "sergiobscr", "registertime": 1772668800, "group": 1, "ratings": {"gen9randombattle": {"elo": 1318.8713359653461, "gxe": 50.8, "rpr": 1505.7519387261286, "rprd": 63.477866431222104, "w": 49, "l": 51, "coil": null}}}