{"username": "sfjjffhnm", "userid": "sfjjffhnm", "registertime": 0, "group": 0, "ratings": {"gen9randombattle": {"elo": 1044.0716000972093, "gxe": 54.4, "rpr": 1535.3647209082485, "rprd": 122.3291054796128, "w": 1, "l": 0, "coil": null}}}