{"username": "sh4u", "userid": "sh4u", "registertime": 1600214400, "group": 1, "ratings": {"gen8randombattle": {"elo": 1420.7569281054, "gxe": 81, "rpr": 1804.8934203741, "rprd": 172.7353067678, "w": 2062, "l": 1916, "coil": null}, "gen9randombattle": {"elo": 1838.8220069156025, "gxe": 80.2, "rpr": 1763.7868149582382, "rprd": 27.964756009619865, "w": 4995, "l": 4660, "coil": null}, "gen9randomdoublesbattle": {"elo": 1659.5884889499507, "gxe": 75.2, "rpr": 1709.849233978842, "rprd": 45.27290181682469, "w": 94, "l": 55, "coil": null}}}