{"username": "Shadow Pingby", "userid": "shadowpingby", "registertime": 1646438400, "group": 1, "ratings": {"gen1randombattle": {"elo": 1040, "gxe": 55, "rpr": 1540.1606143390134, "rprd": 122.85830807679145, "w": 1, "l": 0, "coil": null}, "gen3randombattle": {"elo": 1056.717094087685, "gxe": 53.2, "rpr": 1525.14188442657, "rprd": 110.99071271041008, "w": 2, "l": 1, "coil": null}, "gen5ou": {"elo": 1146.6878124704442, "gxe": 61.8, "rpr": 1593.7547473589468, "rprd": 96.28470383825862, "w": 6, "l": 1, "coil": null}, "gen5pokebilitiesrandombattle": {"elo": 1081.9622763680422, "gxe": 40.5, "rpr": 1425.105225213978, "rprd": 94.73533607817708, "w": 3, "l": 8, "coil": null}, "gen6firstbloodrandombattle": {"elo": 1000, "gxe": 45, "rpr": 1459.8393856609866, "rprd": 122.85830807679145, "w": 0, "l": 1, "coil": null}, "gen6megasrevisitedrandombattle": {"elo": 1000, "gxe": 45, "rpr": 1459.8393856609866, "rprd": 122.85830807679145, "w": 0, "l": 1, "coil": null}, "gen6randombattle": {"elo": 1080.5181509693525, "gxe": 58.5, "rpr": 1567.8802696798, "rprd": 116.10250519318473, "w": 2, "l": 0, "coil": null}, "gen6tripleschallengecup": {"elo": 1053.1892415746006, "gxe": 56, "rpr": 1548.2136694884343, "rprd": 122.17015682866293, "w": 1, "l": 0, "coil": null}, "gen7doublesou": {"elo": 1000, "gxe": 39.9, "rpr": 1418.4794366051, "rprd": 116.68589497825, "w": 0, "l": 2, "coil": null}, "gen7ou": {"elo": 1085.605328204, "gxe": 40.7, "rpr": 1427.0203415225, "rprd": 80.897943642949, "w": 6, "l": 7, "coil": null}, "gen7pickyourteamrandombattle": {"elo": 1061.9654799653, "gxe": 54.6, "rpr": 1535.2070941822, "rprd": 59.159969527068, "w": 23, "l": 20, "coil": null}, "gen7pokebilitiesrandombattle": {"elo": 1048.260489655229, "gxe": 50.2, "rpr": 1501.9523341073268, "rprd": 119.6041933472298, "w": 1, "l": 1, "coil": null}, "gen7randombattle": {"elo": 1000, "gxe": 45, "rpr": 1459.8393856609866, "rprd": 122.85830807679145, "w": 0, "l": 1, "coil": null}, "gen7randombattleapexabilities": {"elo": 1000, "gxe": 45, "rpr": 1459.8393856609866, "rprd": 122.85830807679145, "w": 0, "l": 1, "coil": null}, "gen8doublesou": {"elo": 1129.1463260386, "gxe": 49.5, "rpr": 1495.1755619172, "rprd": 206.72484592092, "w": 14, "l": 14, "coil": null}, "gen8doublesubers": {"elo": 1137.0446814601, "gxe": 57.8, "rpr": 1560.4388465587, "rprd": 72.755996263245, "w": 13, "l": 9, "coil": null}, "gen8doublesuu": {"elo": 1058.2757342234, "gxe": 43.3, "rpr": 1447.7210275039, "rprd": 93.271236139718, "w": 3, "l": 5, "coil": null}, "gen8hackmonscup": {"elo": 1041.8755355176, "gxe": 55.4, "rpr": 1543.5232963583, "rprd": 122.90883675777, "w": 1, "l": 0, "coil": null}, "gen8ichoosechu": {"elo": 1025.4925385305, "gxe": 39.6, "rpr": 1418.5975410451, "rprd": 76.090647433679, "w": 5, "l": 11, "coil": null}, "gen8joltemonsrandombattle": {"elo": 1000, "gxe": 45, "rpr": 1459.8393856612, "rprd": 122.8583080769, "w": 0, "l": 1, "coil": null}, "gen8monotyperandombattle": {"elo": 1058.5905333249, "gxe": 49.5, "rpr": 1496.1478862807, "rprd": 130, "w": 2, "l": 1, "coil": null}, "gen8ou": {"elo": 1056.0538905987, "gxe": 44.7, "rpr": 1458.2024476031, "rprd": 111.83349761799, "w": 4, "l": 4, "coil": null}, "gen8oublitz": {"elo": 1000, "gxe": 45.6, "rpr": 1464.3817892595, "rprd": 122.00844111559, "w": 0, "l": 1, "coil": null}, "gen8pu": {"elo": 1067.201799588, "gxe": 44.7, "rpr": 1458.5415071711, "rprd": 86.465656247052, "w": 4, "l": 6, "coil": null}, "gen8randombattle": {"elo": 1304.5550386995, "gxe": 55.1, "rpr": 1538.9018128901, "rprd": 43.218511064615, "w": 152, "l": 153, "coil": null}, "gen8randombattleblitz": {"elo": 1043.219478387, "gxe": 44.4, "rpr": 1456.00469872, "rprd": 98.950985832748, "w": 6, "l": 8, "coil": null}, "gen8randombattlemayhem": {"elo": 1000, "gxe": 38.3, "rpr": 1405.9266717642, "rprd": 113.63113462099, "w": 0, "l": 3, "coil": null}, "gen8randomdoublesbattle": {"elo": 1142.1414099818, "gxe": 51, "rpr": 1508.8960167395, "rprd": 201.73344257994, "w": 17, "l": 16, "coil": null}, "gen8roulettemonsrandombattle": {"elo": 1040, "gxe": 55, "rpr": 1540.1606143388, "rprd": 122.8583080769, "w": 1, "l": 0, "coil": null}, "gen8superstaffbros4": {"elo": 1046.5854762562, "gxe": 55.8, "rpr": 1546.3270328911, "rprd": 121.94057612565, "w": 1, "l": 0, "coil": null}, "gen8vgc2022": {"elo": 1130.2534921161, "gxe": 44.9, "rpr": 1454.0255965084, "rprd": 218.80127317708, "w": 20, "l": 21, "coil": null}, "gen9almostanyability": {"elo": 1000, "gxe": 42.1, "rpr": 1436.5784969767162, "rprd": 116.34030429131093, "w": 0, "l": 2, "coil": null}, "gen9anythinggoes": {"elo": 1075.6944508886, "gxe": 58.1, "rpr": 1565.2410248553, "rprd": 116.83514440507, "w": 2, "l": 0, "coil": null}, "gen9b6p4randomdoublesbattlebo3": {"elo": 1098.9375809608039, "gxe": 58.9, "rpr": 1570.3641949410235, "rprd": 100.3497992669269, "w": 4, "l": 2, "coil": null}, "gen9babyrandombattle": {"elo": 1084.2663749338335, "gxe": 58.8, "rpr": 1570.717118975891, "rprd": 116.72927738468603, "w": 2, "l": 0, "coil": null}, "gen9battlestadiumsinglesregulationd": {"elo": 1052.2017357381467, "gxe": 55.6, "rpr": 1545.3107379673602, "rprd": 122.84960657509168, "w": 1, "l": 0, "coil": null}, "gen9brokencup": {"elo": 1000, "gxe": 45.5, "rpr": 1463.8411207610684, "rprd": 122.00480886930863, "w": 0, "l": 1, "coil": null}, "gen9bssfactorybo3": {"elo": 1022.1660277196066, "gxe": 49.9, "rpr": 1499.006758555289, "rprd": 118.23439888258993, "w": 1, "l": 1, "coil": null}, "gen9caprandombattle": {"elo": 1045.7120154136203, "gxe": 54, "rpr": 1532.2376664904843, "rprd": 122.9637027635225, "w": 1, "l": 0, "coil": null}, "gen9championsou": {"elo": 1000, "gxe": 36.7, "rpr": 1394.9481110050685, "rprd": 77.3195286261056, "w": 5, "l": 10, "coil": null}, "gen9championsvgc2026regma": {"elo": 1027.5403014096814, "gxe": 46.2, "rpr": 1469.4244632793082, "rprd": 117.31686050838766, "w": 1, "l": 1, "coil": null}, "gen9chatbats": {"elo": 1000, "gxe": 45, "rpr": 1459.8393856609866, "rprd": 122.85830807679145, "w": 0, "l": 1, "coil": null}, "gen9chimera1v1randombattle": {"elo": 1027.123331959342, "gxe": 49.4, "rpr": 1495.6085305255083, "rprd": 116.11781536815465, "w": 1, "l": 1, "coil": null}, "gen9computergeneratedteams": {"elo": 1022.1660277196066, "gxe": 49.3, "rpr": 1494.5720907763096, "rprd": 124.44181756864553, "w": 1, "l": 1, "coil": null}, "gen9doublesbrokencup": {"elo": 1051.8673768527867, "gxe": 55.3, "rpr": 1542.0663200644942, "rprd": 121.82292746455444, "w": 1, "l": 0, "coil": null}, "gen9doublesou": {"elo": 1125.0873553473396, "gxe": 47, "rpr": 1477.2610904146316, "rprd": 59.35816406339342, "w": 24, "l": 24, "coil": null}, "gen9doublesubers": {"elo": 1000, "gxe": 45, "rpr": 1459.8393856609866, "rprd": 122.85830807679145, "w": 0, "l": 1, "coil": null}, "gen9forceofthefallenrandomroulette": {"elo": 1000, "gxe": 44.1, "rpr": 1452.7023626538644, "rprd": 121.98386376612264, "w": 0, "l": 1, "coil": null}, "gen9megainvasionrandombattle": {"elo": 1009.7043478426494, "gxe": 45.4, "rpr": 1463.491925889786, "rprd": 117.13827335360551, "w": 1, "l": 2, "coil": null}, "gen9meowcup2electricdoggaroo": {"elo": 1000, "gxe": 45, "rpr": 1459.8393856609866, "rprd": 122.85830807679145, "w": 0, "l": 1, "coil": null}, "gen9mixandmegacup": {"elo": 1000, "gxe": 46.5, "rpr": 1471.9110658146249, "rprd": 123.2491598897815, "w": 0, "l": 1, "coil": null}, "gen9monotyperandombattle": {"elo": 1147.7150990980695, "gxe": 53.3, "rpr": 1526.444610984306, "rprd": 116.92242794078349, "w": 7, "l": 5, "coil": null}, "gen9nationaldex": {"elo": 1158.8639531016054, "gxe": 41.7, "rpr": 1432.9763832475935, "rprd": 121.18446533461126, "w": 9, "l": 10, "coil": null}, "gen9nationaldexdoubles": {"elo": 1094.1844666122063, "gxe": 55.2, "rpr": 1541.80809299611, "rprd": 117.74810918869169, "w": 3, "l": 1, "coil": null}, "gen9nu": {"elo": 1061.657489123381, "gxe": 32.2, "rpr": 1355.9955577178348, "rprd": 86.94277486400777, "w": 14, "l": 29, "coil": 1150.564526537115}, "gen9ou": {"elo": 1109.0637406764267, "gxe": 37.2, "rpr": 1397.0391219904564,