{"username": "shagman550", "userid": "shagman550", "registertime": 0, "group": 0, "ratings": {"gen9randombattle": {"elo": 1091.6046591194588, "gxe": 40.2, "rpr": 1425.1530138136106, "rprd": 41.46535675072987, "w": 437, "l": 514, "coil": null}}}