{"username": "ShallowDream20", "userid": "shallowdream20", "registertime": 1702512000, "group": 1, "ratings": {"gen6ou": {"elo": 1028.3161187835478, "gxe": 44.2, "rpr": 1453.8218133872645, "rprd": 120.68191434863073, "w": 0, "l": 0, "coil": null}, "gen7ou": {"elo": 1348.5192383437864, "gxe": 63.9, "rpr": 1607.8548166520807, "rprd": 28.49076445233872, "w": 315, "l": 295, "coil": null}, "gen7randombattle": {"elo": 1447.1889890369625, "gxe": 64.1, "rpr": 1616.0552332491118, "rprd": 122.38131527242206, "w": 154, "l": 132, "coil": null}, "gen9doublesou": {"elo": 1573.9993553969, "gxe": 79.1, "rpr": 1752.5639461332, "rprd": 52.128621896891, "w": 209, "l": 135, "coil": null}, "gen9doublesubers": {"elo": 1499.0338595015, "gxe": 78.4, "rpr": 1751.8297831164, "rprd": 96.703072085469, "w": 153, "l": 86, "coil": null}, "gen9lc": {"elo": 1313.1106764296, "gxe": 66.5, "rpr": 1633.8889998491, "rprd": 100.16040336185, "w": 55, "l": 34, "coil": null}, "gen9ou": {"elo": 1439.019304362275, "gxe": 68.5, "rpr": 1647.2850494188003, "rprd": 52.566373986644955, "w": 30, "l": 13, "coil": null}, "gen9randombattle": {"elo": 2063.146287822274, "gxe": 83.7, "rpr": 1807.848508932599, "rprd": 26.428743138340522, "w": 3363, "l": 3201, "coil": null}, "gen9randomdoublesbattle": {"elo": 1000, "gxe": 42.5, "rpr": 1439.4031834569564, "rprd": 123.21120149781066, "w": 0, "l": 1, "coil": null}, "gen9vgc2026regf": {"elo": 1094.3109484338552, "gxe": 54.1, "rpr": 1532.2470703160811, "rprd": 94.85630594786076, "w": 4, "l": 3, "coil": null}}}