{"username": "shfy", "userid": "shfy", "registertime": 0, "group": 0, "ratings": {"gen7randombattle": {"elo": 1000, "gxe": 27.3, "rpr": 1304.3221744063, "rprd": 121.30652773197, "w": 1, "l": 5, "coil": null}, "gen8randombattle": {"elo": 1112.1775534011, "gxe": 39, "rpr": 1410.0176051759, "rprd": 130, "w": 12, "l": 8, "coil": null}, "gen9randombattle": {"elo": 1048.8800953057605, "gxe": 40.4, "rpr": 1422.5266088809103, "rprd": 116.38355449347678, "w": 4, "l": 8, "coil": null}}}