{"username": "Shifty1234", "userid": "shifty1234", "registertime": 1727395200, "group": 1, "ratings": {"gen8nationaldex": {"elo": 1046.209277678424, "gxe": 55, "rpr": 1540.1606143390134, "rprd": 122.85830807679145, "w": 1, "l": 0, "coil": null}, "gen8vgc2021": {"elo": 1000, "gxe": 45, "rpr": 1459.8393856612, "rprd": 122.8583080769, "w": 0, "l": 1, "coil": null}, "gen91v1factory": {"elo": 1244.5580513946782, "gxe": 61.7, "rpr": 1590.1117304524555, "rprd": 38.353774932773646, "w": 93, "l": 71, "coil": null}, "gen9almostanyability": {"elo": 1035.6281509124162, "gxe": 39.3, "rpr": 1414.7595194165654, "rprd": 104.02239409844368, "w": 2, "l": 3, "coil": null}, "gen9alphabetcup": {"elo": 1017.295094021, "gxe": 40.2, "rpr": 1419.6676720374, "rprd": 139.42537035387, "w": 2, "l": 5, "coil": null}, "gen9anythinggoes": {"elo": 1000, "gxe": 45, "rpr": 1459.8393856609866, "rprd": 122.85830807679145, "w": 0, "l": 1, "coil": null}, "gen9battlefields": {"elo": 1096.048425656, "gxe": 50.3, "rpr": 1502.5338032235, "rprd": 113.43780633059, "w": 3, "l": 3, "coil": null}, "gen9championsrandombattle": {"elo": 1040, "gxe": 55, "rpr": 1540.1606143390134, "rprd": 122.85830807679145, "w": 1, "l": 0, "coil": null}, "gen9fullpotential": {"elo": 1000, "gxe": 36.3, "rpr": 1388.4989563622737, "rprd": 118.36998740809321, "w": 0, "l": 2, "coil": null}, "gen9monotyperandombattle": {"elo": 1054.0155022341846, "gxe": 54.7, "rpr": 1537.7235243234686, "rprd": 122.22087571551718, "w": 1, "l": 0, "coil": null}, "gen9nationaldex": {"elo": 1092.2450298795297, "gxe": 37, "rpr": 1397.2032094405859, "rprd": 79.0479701234558, "w": 6, "l": 9, "coil": null}, "gen9ou": {"elo": 1040, "gxe": 34.7, "rpr": 1375.9806711202302, "rprd": 98.97000605205815, "w": 1, "l": 5, "coil": null}, "gen9randombattle": {"elo": 1869.619735493678, "gxe": 81.5, "rpr": 1780.884026286722, "rprd": 37.82498261000388, "w": 1957, "l": 1850, "coil": null}, "gen9randombattleblitz": {"elo": 1578.7264351906515, "gxe": 65.1, "rpr": 1617.4183412058733, "rprd": 29.96153641669321, "w": 515, "l": 496, "coil": null}, "gen9randomdoublesbattle": {"elo": 1521.3488206039706, "gxe": 66.3, "rpr": 1628.0653429110353, "rprd": 33.07923200672026, "w": 169, "l": 146, "coil": null}, "gen9tiershift": {"elo": 1338.7980515847, "gxe": 63.8, "rpr": 1610.05762542, "rprd": 84.37520120008, "w": 130, "l": 101, "coil": null}, "gen9vgc2025regi": {"elo": 1142.3822696426764, "gxe": 49.7, "rpr": 1497.7735367032528, "rprd": 65.40650309092814, "w": 14, "l": 11, "coil": null}, "gen9vgc2026regf": {"elo": 1162.591595683518, "gxe": 47.8, "rpr": 1483.2153316110002, "rprd": 47.00834180069717, "w": 30, "l": 26, "coil": null}}}