{"username": "shiworm", "userid": "shiworm", "registertime": 1708041600, "group": 1, "ratings": {"gen1randombattle": {"elo": 1063.3885013809784, "gxe": 55, "rpr": 1540.1606143390134, "rprd": 122.85830807679145, "w": 1, "l": 0, "coil": null}, "gen6randombattle": {"elo": 1419.18422542675, "gxe": 62.3, "rpr": 1594.8973018944914, "rprd": 41.94176990729593, "w": 61, "l": 51, "coil": null}, "gen7randombattle": {"elo": 1123.2857388641316, "gxe": 57.5, "rpr": 1560.610413175309, "rprd": 130, "w": 4, "l": 3, "coil": null}, "gen9championsrandombattle": {"elo": 1214.3446342010932, "gxe": 60, "rpr": 1576.687295514668, "rprd": 44.38812344546133, "w": 36, "l": 26, "coil": null}, "gen9randombattle": {"elo": 2034.027476295926, "gxe": 80.3, "rpr": 1765.2248531197815, "rprd": 34.633031480772736, "w": 3260, "l": 3160, "coil": null}, "gen9randombattleblitz": {"elo": 1153.7362755824226, "gxe": 60.5, "rpr": 1584.7340527927465, "rprd": 120.911125673222, "w": 8, "l": 5, "coil": null}, "gen9randomdoublesbattle": {"elo": 1277.4278938353116, "gxe": 52.8, "rpr": 1521.8686227236963, "rprd": 100.29851019628853, "w": 34, "l": 27, "coil": null}}}