{"username": "shoddy battler", "userid": "shoddybattler", "registertime": 1338508800, "group": 1, "ratings": {"digimondigimonshowdownsingles": {"elo": 1022.1660277196, "gxe": 50, "rpr": 1500, "rprd": 116.77753930647, "w": 1, "l": 1, "coil": null}, "gen7randombattle": {"elo": 1499.0533506583, "gxe": 78.7, "rpr": 1792.2361940306, "rprd": 220.46754810089, "w": 3036, "l": 2700, "coil": null}, "gen8randombattle": {"elo": 1435.3325629294, "gxe": 80.2, "rpr": 1793.3223745864, "rprd": 169.87153504789, "w": 3936, "l": 3559, "coil": null}, "gen9randombattle": {"elo": 1992.8783445652484, "gxe": 84.3, "rpr": 1817.356276832083, "rprd": 25.465952344306963, "w": 5611, "l": 5082, "coil": null}, "gen9randombattleblitz": {"elo": 1044.637946827, "gxe": 55, "rpr": 1540.1606143388, "rprd": 122.8583080769, "w": 1, "l": 0, "coil": null}}}