{"username": "Shomsnack", "userid": "shomsnack", "registertime": 1568073600, "group": 1, "ratings": {"gen7anythinggoes": {"elo": 1235.5596983729, "gxe": 51.1, "rpr": 1509.4553113947, "rprd": 217.84956156681, "w": 40, "l": 34, "coil": null}, "gen7randombattle": {"elo": 1091.2066184831, "gxe": 44.3, "rpr": 1455.8797696585, "rprd": 64.226855834212, "w": 14, "l": 15, "coil": null}, "gen8randombattle": {"elo": 1089.3272683939, "gxe": 59.5, "rpr": 1577.1262577847, "rprd": 130, "w": 3, "l": 1, "coil": null}, "gen8ubers": {"elo": 1067.16163435, "gxe": 44, "rpr": 1445.3102942664, "rprd": 230.22048363742, "w": 4, "l": 5, "coil": null}, "gen9randombattle": {"elo": 1792.0874369650874, "gxe": 78.9, "rpr": 1749.2061697744457, "rprd": 28.86814382187233, "w": 3241, "l": 3158, "coil": null}}}