{"username": "shooflie", "userid": "shooflie", "registertime": 1636070400, "group": 1, "ratings": {"gen8randombattle": {"elo": 1277.4026174935, "gxe": 55.1, "rpr": 1540.0970634579, "rprd": 92.377715765721, "w": 23, "l": 15, "coil": null}, "gen9randombattle": {"elo": 1292.7456704424499, "gxe": 51.8, "rpr": 1513.3912933038291, "rprd": 29.828353827032544, "w": 272, "l": 275, "coil": null}}}