{"username": "ShuckleTheShuckle", "userid": "shuckletheshuckle", "registertime": 1419379200, "group": 1, "ratings": {"gen3ou": {"elo": 1090.8268920892494, "gxe": 40.1, "rpr": 1420.8911745003566, "rprd": 102.33145995810621, "w": 12, "l": 11, "coil": null}, "gen3randombattle": {"elo": 1333.2318204746678, "gxe": 64.9, "rpr": 1621.5797595409408, "rprd": 111.30364115479273, "w": 49, "l": 34, "coil": null}, "gen6randombattle": {"elo": 1193.9207458462151, "gxe": 56.3, "rpr": 1550.5958005204636, "rprd": 116.44377754199735, "w": 12, "l": 6, "coil": null}, "gen7anythinggoes": {"elo": 1176.1664614034, "gxe": 44.8, "rpr": 1452.6914148041, "rprd": 233.27549212025, "w": 31, "l": 21, "coil": null}, "gen7monotype": {"elo": 1065.2417692878, "gxe": 48.6, "rpr": 1487.2076021134, "rprd": 223.55106246018, "w": 9, "l": 8, "coil": null}, "gen7randombattle": {"elo": 1481.9618444996, "gxe": 64, "rpr": 1615.4669550039, "rprd": 130, "w": 2085, "l": 1963, "coil": null}, "gen7randomdoublesbattle": {"elo": 1046.8682850014, "gxe": 53.9, "rpr": 1531.2223497008, "rprd": 122.59643794228, "w": 1, "l": 0, "coil": null}, "gen7ubers": {"elo": 1000, "gxe": 45, "rpr": 1459.8393856612, "rprd": 122.8583080769, "w": 0, "l": 1, "coil": null}, "gen8ou": {"elo": 1094.8906941966427, "gxe": 56.6, "rpr": 1551.8444870453482, "rprd": 101.63437755535092, "w": 3, "l": 2, "coil": null}, "gen8randombattle": {"elo": 1455.0067784009, "gxe": 72.3, "rpr": 1696.7007250245, "rprd": 148.7129276194, "w": 1059, "l": 954, "coil": null}, "gen8randomdoublesbattle": {"elo": 1107.8782517998, "gxe": 63, "rpr": 1605.4121082039, "rprd": 111.44543680533, "w": 3, "l": 0, "coil": null}, "gen9ou": {"elo": 1000, "gxe": 45, "rpr": 1459.8393856609866, "rprd": 122.85830807679145, "w": 0, "l": 1, "coil": null}, "gen9randombattle": {"elo": 1776.4113376589455, "gxe": 78.6, "rpr": 1745.0871070560095, "rprd": 25.274228914547823, "w": 5579, "l": 5358, "coil": null}, "lc": {"elo": 1000, "gxe": 44.2, "rpr": 1453.4336722133, "rprd": 122.91983023046, "w": 0, "l": 1, "coil": null}, "ou": {"elo": 1211.6647740562, "gxe": 51.2, "rpr": 1509.2196412946, "rprd": 54.534102179426, "w": 22, "l": 16, "coil": null}}}