{"username": "Shwaaaa 421", "userid": "shwaaaa421", "registertime": 1603411200, "group": 1, "ratings": {"gen8bdspou": {"elo": 1138.4280032515, "gxe": 41.5, "rpr": 1424.695577981, "rprd": 204.90095133924, "w": 69, "l": 97, "coil": null}, "gen8doublesou": {"elo": 1325.0973238403, "gxe": 58.3, "rpr": 1571.8461217294, "rprd": 192.01368924884, "w": 150, "l": 128, "coil": null}, "gen8ou": {"elo": 1054.846294199, "gxe": 45.6, "rpr": 1466.734725133, "rprd": 29.240344879271, "w": 2220, "l": 2510, "coil": null}, "gen8oublitz": {"elo": 1032.5081107101, "gxe": 28.2, "rpr": 1313.4920489883, "rprd": 124.2128070846, "w": 3, "l": 12, "coil": null}, "gen8randombattle": {"elo": 1425.6438499799, "gxe": 64.5, "rpr": 1625.5903401591, "rprd": 170.63820574617, "w": 430, "l": 398, "coil": null}, "gen8ru": {"elo": 1094.0730925644, "gxe": 54.1, "rpr": 1532.5323912714, "rprd": 110.29281604521, "w": 2, "l": 1, "coil": null}, "gen9ou": {"elo": 1166.9766857442382, "gxe": 48.5, "rpr": 1488.7406924688491, "rprd": 61.37754410472977, "w": 61, "l": 62, "coil": null}, "gen9randombattle": {"elo": 1895.531899609864, "gxe": 79.2, "rpr": 1752.54806757871, "rprd": 28.225938037015222, "w": 5280, "l": 5098, "coil": null}}}