{"username": "shyshedinja", "userid": "shyshedinja", "registertime": 1655596800, "group": 1, "ratings": {"gen5ou": {"elo": 1161.6535353436757, "gxe": 65.5, "rpr": 1626.3903955610178, "rprd": 106.73337394621774, "w": 5, "l": 0, "coil": null}, "gen5randombattle": {"elo": 1056.504460179, "gxe": 53.3, "rpr": 1526.319713733, "rprd": 112.28116434357, "w": 2, "l": 1, "coil": null}, "gen6randombattle": {"elo": 1230.3925471854, "gxe": 67.1, "rpr": 1637.0504426984, "rprd": 76.517028238793, "w": 12, "l": 4, "coil": null}, "gen7ou": {"elo": 1197.372279072367, "gxe": 63.9, "rpr": 1610.1928574665822, "rprd": 83.38729087360795, "w": 10, "l": 3, "coil": null}, "gen7randombattle": {"elo": 1219.9581193098, "gxe": 56.7, "rpr": 1552.4250962028, "rprd": 80.700659717404, "w": 18, "l": 12, "coil": null}, "gen8bdsprandombattle": {"elo": 1103.1953576522, "gxe": 49.1, "rpr": 1493.1962318492, "rprd": 83.350324672738, "w": 7, "l": 7, "coil": null}, "gen8doublesou": {"elo": 1124.9931020518, "gxe": 52.6, "rpr": 1520.0676363735, "rprd": 101.83023500885, "w": 8, "l": 10, "coil": null}, "gen8hackmonscup": {"elo": 1073.5998380695, "gxe": 36.2, "rpr": 1390.6937903583, "rprd": 76.727167811573, "w": 5, "l": 12, "coil": null}, "gen8monotype": {"elo": 1239.0121860027, "gxe": 41.1, "rpr": 1431.3031191882, "rprd": 49.50434026401, "w": 49, "l": 63, "coil": null}, "gen8nationaldexag": {"elo": 1193.0747105698, "gxe": 43.4, "rpr": 1449.5323757814, "rprd": 46.415938469292, "w": 40, "l": 39, "coil": null}, "gen8nationaldexmonotype": {"elo": 1023.4030845435, "gxe": 40, "rpr": 1420.9733783569, "rprd": 99.166476625492, "w": 2, "l": 4, "coil": null}, "gen8ou": {"elo": 1154.919328347144, "gxe": 50.6, "rpr": 1505.0492344153097, "rprd": 130, "w": 35, "l": 38, "coil": null}, "gen8pu": {"elo": 1032.1635512097, "gxe": 31.1, "rpr": 1345.7323219734, "rprd": 83.927348997302, "w": 3, "l": 9, "coil": null}, "gen8randombattle": {"elo": 1129.3470177854, "gxe": 46.8, "rpr": 1475.3245417705, "rprd": 86.883829985642, "w": 35, "l": 31, "coil": null}, "gen8randomdoublesbattle": {"elo": 1071.4589141492, "gxe": 57.4, "rpr": 1559.1859767925, "rprd": 110.50476627573, "w": 3, "l": 1, "coil": null}, "gen8superstaffbros4": {"elo": 1029.5896931717, "gxe": 40.4, "rpr": 1423.8293753566, "rprd": 101.96720160898, "w": 2, "l": 6, "coil": null}, "gen91v1": {"elo": 1108.1227789019, "gxe": 58.2, "rpr": 1565.2542664685, "rprd": 102.36791785035, "w": 4, "l": 1, "coil": null}, "gen9almostanyability": {"elo": 1090.1739027137, "gxe": 59.3, "rpr": 1574.4743504627, "rprd": 116.44977871625, "w": 2, "l": 0, "coil": null}, "gen9doublesou": {"elo": 1485.5746690673225, "gxe": 69, "rpr": 1658.676000890679, "rprd": 115.88287284500105, "w": 35, "l": 18, "coil": null}, "gen9legendszaou": {"elo": 1093.2999747922393, "gxe": 58.8, "rpr": 1570.935736235839, "rprd": 116.11832718831232, "w": 2, "l": 0, "coil": null}, "gen9monotype": {"elo": 1121.097465912118, "gxe": 46.3, "rpr": 1470.0502656912508, "rprd": 130, "w": 17, "l": 11, "coil": 1762.5394233756674}, "gen9monotyperandombattle": {"elo": 1000, "gxe": 33.8, "rpr": 1365.451485715668, "rprd": 128.42740121156547, "w": 0, "l": 3, "coil": null}, "gen9nationaldex": {"elo": 1332.5461470526798, "gxe": 53.4, "rpr": 1526.2485192763825, "rprd": 84.36925723209909, "w": 116, "l": 106, "coil": null}, "gen9nationaldexag": {"elo": 1258.022669424, "gxe": 51, "rpr": 1507.3901758675, "rprd": 39.173500705286, "w": 59, "l": 53, "coil": null}, "gen9nationaldexdoubles": {"elo": 1050.8459447530397, "gxe": 53.9, "rpr": 1531.4431892471869, "rprd": 122.40715790892699, "w": 1, "l": 0, "coil": null}, "gen9nationaldexmonotype": {"elo": 1130.601866438042, "gxe": 58.2, "rpr": 1566.0752658651327, "rprd": 122.91935960474083, "w": 4, "l": 1, "coil": null}, "gen9nationaldexubers": {"elo": 1128.827173350147, "gxe": 55.8, "rpr": 1546.0336624303443, "rprd": 103.66739373684179, "w": 6, "l": 2, "coil": null}, "gen9ou": {"elo": 1298.1026398159684, "gxe": 49.2, "rpr": 1493.5962619108816, "rprd": 122.0599666562887, "w": 59, "l": 59, "coil": null}, "gen9randombattle": {"elo": 1285.5754488525301, "gxe": 51.7, "rpr": 1513.2745468382027, "rprd": 91.2192716616502, "w": 141, "l": 130, "coil": null}, "gen9randomdoublesbattle": {"elo": 1072.8064502117695, "gxe": 60, "rpr": 1581.5685760272315, "rprd": 130, "w": 2, "l": 0, "coil": null}, "gen9ru": {"elo": 1020.6658380227047, "gxe": 36.4, "rpr": 1389.15716347526, "rprd": 118.62194818291746, "w": 3, "l": 6, "coil": 849.2331408114128}, "gen9uu": {"elo": 1040, "gxe": 45.3, "rpr": 1462.7395691200074, "rprd": 111.84422756528939, "w": 1, "l": 2, "coil": null}, "gen9vgc2026regi": {"elo": 1000, "gxe": 43.3, "rpr": 1446.5202708436605, "rprd": 122.44230765123393, "w": 0, "l": 1, "coil": null}, "gen9zu": {"elo": 1108.5162313088456, "gxe": 53, "rpr": 1523.8967707294207, "rprd": 110.19528749269124, "w": 2, "l": 1, "coil": 841.3225575431458}}}