{"username": "shyyak", "userid": "shyyak", "registertime": 1562457600, "group": 1, "ratings": {"gen1randombattle": {"elo": 1104.81157325553, "gxe": 59.1, "rpr": 1572.3859764567712, "rprd": 109.0526613062665, "w": 4, "l": 2, "coil": null}, "gen7battlefactory": {"elo": 1000, "gxe": 45, "rpr": 1459.8393856612, "rprd": 122.8583080769, "w": 0, "l": 1, "coil": null}, "gen7challengecup1v1": {"elo": 1093.8208375577, "gxe": 53.5, "rpr": 1527.3455871609, "rprd": 104.43827458014, "w": 3, "l": 2, "coil": null}, "gen7ou": {"elo": 1499.0202779652, "gxe": 65.5, "rpr": 1642.0514035491, "rprd": 212.79961802644, "w": 405, "l": 373, "coil": null}, "gen7pu": {"elo": 1045.4440600383, "gxe": 55, "rpr": 1540.1606143388, "rprd": 122.8583080769, "w": 0, "l": 0, "coil": null}, "gen7randombattle": {"elo": 1499.5467297749, "gxe": 70.5, "rpr": 1694.1186862649, "rprd": 215.93453031536, "w": 353, "l": 318, "coil": null}, "gen8ou": {"elo": 1300.2931738103, "gxe": 64.4, "rpr": 1611.5542797216, "rprd": 32.141527624655, "w": 502, "l": 466, "coil": null}, "gen8randombattle": {"elo": 1374.515580927, "gxe": 64, "rpr": 1630.4056169458, "rprd": 227.69597700043, "w": 319, "l": 285, "coil": null}, "gen9monkeyspawrandombattle": {"elo": 1044.5849307009835, "gxe": 55, "rpr": 1540.1606143390134, "rprd": 122.85830807679145, "w": 1, "l": 0, "coil": null}, "gen9monotyperandombattle": {"elo": 1040, "gxe": 53.5, "rpr": 1528.3607062057492, "rprd": 122.81639900480067, "w": 1, "l": 0, "coil": null}, "gen9ou": {"elo": 1415.5084995265831, "gxe": 65, "rpr": 1619.2920311136552, "rprd": 80.41629324979927, "w": 109, "l": 90, "coil": null}, "gen9randombattle": {"elo": 1956.5392846041723, "gxe": 82.1, "rpr": 1787.364417210807, "rprd": 32.61174887504917, "w": 1171, "l": 1047, "coil": null}, "gen9randombattleblitz": {"elo": 1027.4639415729005, "gxe": 50, "rpr": 1500, "rprd": 116.77753930629355, "w": 1, "l": 1, "coil": null}, "gen9randomdoublesbattle": {"elo": 1043.072281229433, "gxe": 54.4, "rpr": 1534.8963112732642, "rprd": 122.06868099636341, "w": 1, "l": 0, "coil": null}, "gen9randomroulette": {"elo": 1089.7536335591155, "gxe": 59.7, "rpr": 1577.722838293612, "rprd": 115.6111031049579, "w": 2, "l": 0, "coil": null}, "gen9regenerationrandombattle": {"elo": 1040, "gxe": 55, "rpr": 1540.1606143390134, "rprd": 122.85830807679145, "w": 1, "l": 0, "coil": null}}}