{"username": "silent727", "userid": "silent727", "registertime": 1653609600, "group": 1, "ratings": {"gen9randombattle": {"elo": 1314.540242582986, "gxe": 58.4, "rpr": 1564.5696241312621, "rprd": 55.11309619808045, "w": 28, "l": 18, "coil": null}}}