{"username": "Silverfox265", "userid": "silverfox265", "registertime": 1628985600, "group": 1, "ratings": {"gen7randombattleapexabilities": {"elo": 1053.9250629582948, "gxe": 55.4, "rpr": 1543.410488356177, "rprd": 121.89234680119907, "w": 1, "l": 0, "coil": null}, "gen8randombattle": {"elo": 1261.8237574907, "gxe": 51.7, "rpr": 1512.9662509146, "rprd": 27.748095457176, "w": 346, "l": 366, "coil": null}, "gen9championsvgc2026regma": {"elo": 1093.3866594678877, "gxe": 45.7, "rpr": 1466.7457212950121, "rprd": 84.4751744620018, "w": 6, "l": 6, "coil": null}, "gen9doublesou": {"elo": 1366.011622880108, "gxe": 59.1, "rpr": 1570.19478133239, "rprd": 46.15080253334978, "w": 44, "l": 29, "coil": null}, "gen9godlygiftrandombattle": {"elo": 1051.4041498709255, "gxe": 55.4, "rpr": 1543.220162399758, "rprd": 122.40262299435304, "w": 1, "l": 0, "coil": null}, "gen9randombattle": {"elo": 1775.256661949926, "gxe": 71, "rpr": 1668.7395899220783, "rprd": 28.459011303167888, "w": 3618, "l": 3663, "coil": null}, "gen9randombattleblitz": {"elo": 1070.413249947337, "gxe": 42.5, "rpr": 1441.0470270878652, "rprd": 92.52369017430813, "w": 7, "l": 6, "coil": null}, "gen9randomdoublesbattle": {"elo": 1517.8178239422741, "gxe": 62.8, "rpr": 1599.0217053721071, "rprd": 43.61264227215517, "w": 388, "l": 370, "coil": null}}}