{"username": "Siouxforever1", "userid": "siouxforever1", "registertime": 1659657600, "group": 1, "ratings": {"gen8randombattle": {"elo": 1399.839350197, "gxe": 72.3, "rpr": 1711.5445858331, "rprd": 209.99836920436, "w": 536, "l": 480, "coil": null}, "gen8randomdoublesbattle": {"elo": 1000, "gxe": 40.7, "rpr": 1425.5857952625, "rprd": 116.13278384353, "w": 0, "l": 2, "coil": null}, "gen9randombattle": {"elo": 1992.222345964601, "gxe": 82.1, "rpr": 1787.9193473723271, "rprd": 35.045191424670485, "w": 2893, "l": 2643, "coil": null}, "gen9randomdoublesbattle": {"elo": 1858.7065531503, "gxe": 76.9, "rpr": 1727.0557528323, "rprd": 36.16276206565, "w": 1545, "l": 1416, "coil": null}}}