{"username": "sirsh4rk", "userid": "sirsh4rk", "registertime": 1723161600, "group": 1, "ratings": {"gen5pokebilitiesrandombattle": {"elo": 1000, "gxe": 47, "rpr": 1475.9193865230345, "rprd": 123.42501955681573, "w": 0, "l": 1, "coil": null}, "gen6randombattle": {"elo": 1101.3028321084837, "gxe": 56.1, "rpr": 1549.1612703608994, "rprd": 123.39636753687958, "w": 3, "l": 1, "coil": null}, "gen8randombattle": {"elo": 1109.5713811021174, "gxe": 58.5, "rpr": 1568.5935823313785, "rprd": 122.90508426664867, "w": 4, "l": 2, "coil": null}, "gen9babyrandombattle": {"elo": 1048.247788229367, "gxe": 45.2, "rpr": 1462.315668080007, "rprd": 107.39834989317609, "w": 2, "l": 3, "coil": null}, "gen9balancedhackmons": {"elo": 1000, "gxe": 45, "rpr": 1459.8393856609866, "rprd": 122.85830807679145, "w": 0, "l": 1, "coil": null}, "gen9doublesubers": {"elo": 1333.3893471702665, "gxe": 54, "rpr": 1530.4258888299573, "rprd": 35.87217424056801, "w": 90, "l": 79, "coil": null}, "gen9randombattle": {"elo": 1554.8366432915366, "gxe": 65.5, "rpr": 1620.6573811512933, "rprd": 31.437241917968116, "w": 1298, "l": 1287, "coil": null}, "gen9randombattleblitz": {"elo": 1000, "gxe": 40.6, "rpr": 1423.9103402756866, "rprd": 122.93275504687341, "w": 0, "l": 2, "coil": null}, "gen9randomdoublesbattle": {"elo": 1619.3707983918587, "gxe": 71.8, "rpr": 1681.2675459595007, "rprd": 88.62593470209401, "w": 129, "l": 96, "coil": null}}}