{"username": "SirSunnyyy", "userid": "sirsunnyyy", "registertime": 1701993600, "group": 1, "ratings": {"gen4randombattle": {"elo": 1040, "gxe": 49.7, "rpr": 1497.9011609335923, "rprd": 115.87210504335735, "w": 1, "l": 1, "coil": null}, "gen5randombattle": {"elo": 1044.7766553904087, "gxe": 55, "rpr": 1540.1606143390134, "rprd": 122.85830807679145, "w": 1, "l": 0, "coil": null}, "gen8randombattle": {"elo": 1051.276140020829, "gxe": 55.4, "rpr": 1542.927499631178, "rprd": 121.84118663513986, "w": 1, "l": 0, "coil": null}, "gen9babyrandombattle": {"elo": 1051.6237712126836, "gxe": 48.7, "rpr": 1489.7037919216536, "rprd": 130, "w": 2, "l": 3, "coil": null}, "gen9randombattle": {"elo": 1747.0378364749276, "gxe": 74.9, "rpr": 1706.360524946307, "rprd": 26.590231230777075, "w": 2736, "l": 2580, "coil": null}, "gen9randomdoublesbattle": {"elo": 1000, "gxe": 43.6, "rpr": 1448.6818030662748, "rprd": 122.16830108202268, "w": 0, "l": 1, "coil": null}}}