{"username": "sirtickletoot", "userid": "sirtickletoot", "registertime": 0, "group": 0, "ratings": {"gen9randombattle": {"elo": 1121.4325018744285, "gxe": 50, "rpr": 1499.743093634253, "rprd": 35.08244079359744, "w": 64, "l": 59, "coil": null}}}