{"username": "skjojo", "userid": "skjojo", "registertime": 0, "group": 0, "ratings": {"gen8randombattle": {"elo": 1306.7407342377, "gxe": 52.1, "rpr": 1516.0825097992, "rprd": 34.048820731715, "w": 125, "l": 115, "coil": null}, "gen9randombattle": {"elo": 1351.399781531379, "gxe": 52.7, "rpr": 1520.3085398512028, "rprd": 28.84885989901626, "w": 3660, "l": 4453, "coil": null}}}