{"username": "slawada", "userid": "slawada", "registertime": 1649462400, "group": 1, "ratings": {"gen3randombattle": {"elo": 1176.4029572830668, "gxe": 57.2, "rpr": 1557.3425136641636, "rprd": 119.25596271961226, "w": 59, "l": 61, "coil": null}, "gen4randombattle": {"elo": 1074.668596434809, "gxe": 53.7, "rpr": 1529.139672574344, "rprd": 96.49487364251468, "w": 6, "l": 4, "coil": null}, "gen5randombattle": {"elo": 1083.8204147568745, "gxe": 58, "rpr": 1564.5955204873123, "rprd": 130, "w": 3, "l": 2, "coil": null}, "gen6randombattle": {"elo": 1459.109490724544, "gxe": 71.4, "rpr": 1674.541860461508, "rprd": 60.986723480341, "w": 1119, "l": 1076, "coil": null}, "gen7battlefactory": {"elo": 1000, "gxe": 45.4, "rpr": 1463.3094211801256, "rprd": 122.28521827778455, "w": 0, "l": 1, "coil": null}, "gen7randombattle": {"elo": 1191.9255762227863, "gxe": 53.9, "rpr": 1529.7262498778987, "rprd": 44.27191452436962, "w": 73, "l": 67, "coil": null}, "gen8ou": {"elo": 1029.625810375058, "gxe": 49.5, "rpr": 1495.8542136581834, "rprd": 115.87779518417359, "w": 1, "l": 1, "coil": null}, "gen8randombattle": {"elo": 1003.5361284751, "gxe": 39.1, "rpr": 1414.5197086056, "rprd": 86.109178652322, "w": 11, "l": 16, "coil": null}, "gen8randomdoublesbattle": {"elo": 1045.5637037471, "gxe": 48.1, "rpr": 1483.2892679069, "rprd": 193.82923709787, "w": 23, "l": 27, "coil": null}, "gen9challengecup1v1": {"elo": 1044.9868660579648, "gxe": 30.9, "rpr": 1345.4841405234233, "rprd": 70.39065986539585, "w": 5, "l": 17, "coil": null}, "gen9challengecup2v2": {"elo": 1006.6743384033028, "gxe": 37.1, "rpr": 1398.2036117541709, "rprd": 81.91966768992204, "w": 3, "l": 11, "coil": null}, "gen9championsou": {"elo": 1146.3927932973554, "gxe": 43, "rpr": 1445.9685326088716, "rprd": 57.747110829061036, "w": 21, "l": 29, "coil": null}, "gen9computergeneratedteams": {"elo": 1000, "gxe": 40.9, "rpr": 1426.4317365641964, "rprd": 118.54076706040094, "w": 0, "l": 2, "coil": null}, "gen9hackmonscup": {"elo": 1000, "gxe": 45.5, "rpr": 1463.8817120120289, "rprd": 122.83141802342722, "w": 0, "l": 1, "coil": null}, "gen9metronomebattle": {"elo": 1052.9026815393902, "gxe": 56.1, "rpr": 1548.6755441320488, "rprd": 122.00427289909338, "w": 1, "l": 0, "coil": null}, "gen9monotyperandombattle": {"elo": 1109.9951706808845, "gxe": 53.7, "rpr": 1529.4810070789197, "rprd": 130, "w": 7, "l": 4, "coil": null}, "gen9ou": {"elo": 1423.0032167115219, "gxe": 57.9, "rpr": 1560.5928595785508, "rprd": 40.20887984801034, "w": 212, "l": 203, "coil": null}, "gen9partnersincrimerandombattle": {"elo": 1054.552723523939, "gxe": 54.5, "rpr": 1536.3188933233962, "rprd": 122.03435240723084, "w": 1, "l": 0, "coil": null}, "gen9randombattle": {"elo": 1831.1371946577792, "gxe": 78.4, "rpr": 1743.5684939473483, "rprd": 28.38092534966269, "w": 2750, "l": 2636, "coil": null}, "gen9randombattleblitz": {"elo": 1000, "gxe": 45.5, "rpr": 1463.8817120120289, "rprd": 122.83141802342722, "w": 0, "l": 1, "coil": null}, "gen9randombattlemayhem": {"elo": 1040, "gxe": 55, "rpr": 1540.1606143390134, "rprd": 122.85830807679145, "w": 1, "l": 0, "coil": null}, "gen9randomdoublesbattle": {"elo": 1350.1961538610844, "gxe": 58.2, "rpr": 1564.2009190285173, "rprd": 78.78048774079554, "w": 86, "l": 71, "coil": null}, "gen9randomroulette": {"elo": 1000, "gxe": 45, "rpr": 1459.8393856609866, "rprd": 122.85830807679145, "w": 0, "l": 1, "coil": null}}}