{"username": "slightlybaked", "userid": "slightlybaked", "registertime": 0, "group": 0, "ratings": {"gen9randombattle": {"elo": 1124.5864032478207, "gxe": 43.5, "rpr": 1449.2141098525678, "rprd": 82.24304567343268, "w": 6, "l": 7, "coil": null}}}