{"username": "Slimeygang", "userid": "slimeygang", "registertime": 1766448000, "group": 1, "ratings": {"gen6randombattle": {"elo": 1060.4712024195424, "gxe": 53.4, "rpr": 1526.7378402658853, "rprd": 111.70505586899625, "w": 2, "l": 1, "coil": null}, "gen7randombattle": {"elo": 1082.4615026371478, "gxe": 58.5, "rpr": 1568.0086314374012, "rprd": 116.08894801137194, "w": 2, "l": 0, "coil": null}, "gen8randombattle": {"elo": 1028.7115681463758, "gxe": 49.1, "rpr": 1493.1990860840579, "rprd": 116.0373127387227, "w": 1, "l": 1, "coil": null}, "gen9babyrandombattle": {"elo": 1040, "gxe": 55, "rpr": 1540.1606143390134, "rprd": 122.85830807679145, "w": 1, "l": 0, "coil": null}, "gen9randombattle": {"elo": 2018.5360264247838, "gxe": 84, "rpr": 1812.8142117423279, "rprd": 32.7420709240992, "w": 662, "l": 562, "coil": null}, "gen9vgc2026regf": {"elo": 1050.2113704578328, "gxe": 54.6, "rpr": 1537.1312825286122, "rprd": 121.94914193750702, "w": 1, "l": 0, "coil": null}, "gen9vgc2026regfbo3": {"elo": 1316.9143397442035, "gxe": 63, "rpr": 1600.2514164564727, "rprd": 35.83258426225599, "w": 77, "l": 64, "coil": null}, "gen9vgc2026regibo3": {"elo": 1075.613825688314, "gxe": 51.8, "rpr": 1513.735661871206, "rprd": 95.56937557948349, "w": 4, "l": 3, "coil": null}}}