{"username": "Smalls32", "userid": "smalls32", "registertime": 1654819200, "group": 1, "ratings": {"gen4randombattle": {"elo": 1058.4643066551946, "gxe": 47.5, "rpr": 1480.014789569339, "rprd": 110.36625115377643, "w": 1, "l": 2, "coil": null}, "gen9randombattle": {"elo": 1053.4625175776207, "gxe": 49.1, "rpr": 1492.7768757625836, "rprd": 112.54177773042517, "w": 2, "l": 2, "coil": null}}}