{"username": "SmolivMyBeloved", "userid": "smolivmybeloved", "registertime": 1660867200, "group": 1, "ratings": {"gen7anythinggoes": {"elo": 1034.3836527294, "gxe": 34.3, "rpr": 1353.8710716146, "rprd": 221.64053954226, "w": 6, "l": 17, "coil": null}, "gen8randombattle": {"elo": 1050.0316030086, "gxe": 39.8, "rpr": 1419.0518908101, "rprd": 95.603732922584, "w": 2, "l": 5, "coil": null}, "gen9randombattle": {"elo": 1088.8426982203816, "gxe": 44.2, "rpr": 1456.3596235171685, "rprd": 31.534327051517906, "w": 77, "l": 82, "coil": null}}}