{"username": "smolchezz", "userid": "smolchezz", "registertime": 1702252800, "group": 1, "ratings": {"gen6purehackmons": {"elo": 1037.9976048831, "gxe": 44.8, "rpr": 1453.7579348595, "rprd": 209.78235414435, "w": 3, "l": 5, "coil": null}, "gen7randombattle": {"elo": 1060.3483095863883, "gxe": 52, "rpr": 1515.8654918396585, "rprd": 112.54649370824718, "w": 2, "l": 1, "coil": null}, "gen9anythinggoes": {"elo": 1050.113331588232, "gxe": 42.8, "rpr": 1443.0463650665013, "rprd": 97.12395627440576, "w": 3, "l": 4, "coil": null}, "gen9doublesubers": {"elo": 1040.815073694792, "gxe": 44.9, "rpr": 1459.2852477013294, "rprd": 110.87769455575513, "w": 1, "l": 2, "coil": null}, "gen9ou": {"elo": 1194.2388870049076, "gxe": 42.9, "rpr": 1445.244130894302, "rprd": 67.77849169563355, "w": 14, "l": 16, "coil": null}, "gen9randombattle": {"elo": 1060.921731247384, "gxe": 38.4, "rpr": 1405.7772558565332, "rprd": 116.36372632369545, "w": 4, "l": 7, "coil": null}, "gen9randomdoublesbattle": {"elo": 1040, "gxe": 55, "rpr": 1540.1606143390134, "rprd": 122.85830807679145, "w": 1, "l": 0, "coil": null}, "gen9ubers": {"elo": 1192.0635097842421, "gxe": 47.2, "rpr": 1478.615291844884, "rprd": 69.0736637571528, "w": 12, "l": 13, "coil": null}}}