{"username": "S\ufe0fMystX", "userid": "smystx", "registertime": 1754438400, "group": 1, "ratings": {"gen9ou": {"elo": 1196.6193509562656, "gxe": 61.3, "rpr": 1591.141963965325, "rprd": 112.91951573140487, "w": 7, "l": 2, "coil": null}, "gen9randombattle": {"elo": 1929.373379159153, "gxe": 80.3, "rpr": 1764.9248882430913, "rprd": 28.428544140656093, "w": 1207, "l": 1107, "coil": null}}}