{"username": "SnorlaxMunchies", "userid": "snorlaxmunchies", "registertime": 1766361600, "group": 1, "ratings": {"gen7ou": {"elo": 1063.8858775137, "gxe": 51.5, "rpr": 1511.776882473, "rprd": 110.69271308293, "w": 0, "l": 0, "coil": null}, "gen9randombattle": {"elo": 1579.5604025943526, "gxe": 69.5, "rpr": 1655.3658681665688, "rprd": 26.61418155800335, "w": 4, "l": 4, "coil": null}}}