{"username": "Sohomin", "userid": "sohomin", "registertime": 1724025600, "group": 1, "ratings": {"gen9randombattle": {"elo": 1041.9031396216994, "gxe": 42.3, "rpr": 1439.7542758522466, "rprd": 90.57332054158243, "w": 7, "l": 9, "coil": null}, "gen9randomdoublesbattle": {"elo": 1045.813334602938, "gxe": 54.9, "rpr": 1539.271426622353, "rprd": 121.92207571874235, "w": 1, "l": 0, "coil": null}}}