{"username": "Solaris(X)Eclipse", "userid": "solarisxeclipse", "registertime": 1701993600, "group": 1, "ratings": {"gen6purehackmons": {"elo": 1066.8502038882236, "gxe": 49.6, "rpr": 1496.9138916601937, "rprd": 103.41116394289875, "w": 3, "l": 2, "coil": null}, "gen7randombattleapexabilities": {"elo": 1070.9007586611112, "gxe": 53.8, "rpr": 1529.7486336352918, "rprd": 111.50418759498619, "w": 2, "l": 1, "coil": null}, "gen9alphabetcup": {"elo": 1147.6888278122, "gxe": 33.2, "rpr": 1357.9483256365, "rprd": 140.45496343904, "w": 25, "l": 51, "coil": null}, "gen9b6p4randomdoublesbattlebo3": {"elo": 1000, "gxe": 45, "rpr": 1459.8393856609866, "rprd": 122.85830807679145, "w": 0, "l": 1, "coil": null}, "gen9challengecup2v2": {"elo": 1089.8266572860812, "gxe": 57.8, "rpr": 1562.552864247123, "rprd": 116.12828209172255, "w": 2, "l": 1, "coil": null}, "gen9championsou": {"elo": 1018.436372371265, "gxe": 29, "rpr": 1326.1463219390093, "rprd": 89.20560819949932, "w": 1, "l": 8, "coil": null}, "gen9championsvgc2026regma": {"elo": 1046.8268161270214, "gxe": 29.7, "rpr": 1336.3767238039948, "rprd": 54.013093680156366, "w": 13, "l": 28, "coil": null}, "gen9chimera1v1randombattle": {"elo": 1071.3989339102839, "gxe": 54, "rpr": 1531.6054644929172, "rprd": 110.18917552950936, "w": 2, "l": 1, "coil": null}, "gen9formemons": {"elo": 1042.9078259184573, "gxe": 39.7, "rpr": 1417.5844312697614, "rprd": 106.19241571711312, "w": 1, "l": 4, "coil": 1203.478953809256}, "gen9franticfusions": {"elo": 1073.0757977739, "gxe": 31.4, "rpr": 1342.2540836408, "rprd": 134.30679806118, "w": 38, "l": 77, "coil": null}, "gen9hackmonscup": {"elo": 1052.6822904406595, "gxe": 52.7, "rpr": 1521.3887271873757, "rprd": 121.67066076353161, "w": 1, "l": 1, "coil": null}, "gen9megainvasionrandombattle": {"elo": 1105.6562350246102, "gxe": 57.3, "rpr": 1555.8115801984939, "rprd": 46.83547123650143, "w": 36, "l": 32, "coil": null}, "gen9monotyperandombattle": {"elo": 1340.1338514419222, "gxe": 66.6, "rpr": 1631.7846868180704, "rprd": 63.73029226745056, "w": 66, "l": 56, "coil": null}, "gen9nationaldex": {"elo": 1290.967117071502, "gxe": 52.7, "rpr": 1520.434132636122, "rprd": 27.168882557522448, "w": 533, "l": 543, "coil": null}, "gen9nationaldexmonotype": {"elo": 1071.7582788850136, "gxe": 57.8, "rpr": 1562.4764126323082, "rprd": 116.68986185330165, "w": 2, "l": 0, "coil": null}, "gen9ou": {"elo": 1000, "gxe": 45, "rpr": 1459.8393856609866, "rprd": 122.85830807679145, "w": 0, "l": 1, "coil": null}, "gen9pickyourteamrandombattle": {"elo": 1000, "gxe": 46.2, "rpr": 1469.4277656700758, "rprd": 123.03460095487426, "w": 0, "l": 1, "coil": null}, "gen9pokebilities": {"elo": 1000, "gxe": 30.7, "rpr": 1330.494512955, "rprd": 161.43170817767, "w": 14, "l": 42, "coil": null}, "gen9purehackmons": {"elo": 1099.8330187338495, "gxe": 55.1, "rpr": 1540.1662901390732, "rprd": 92.64538414491183, "w": 5, "l": 3, "coil": null}, "gen9randombattle": {"elo": 1725.4481989335868, "gxe": 73.5, "rpr": 1692.4132158760228, "rprd": 28.909886695399898, "w": 789, "l": 738, "coil": null}, "gen9randombattlemayhem": {"elo": 1175.4959551483946, "gxe": 64.6, "rpr": 1616.7185669268022, "rprd": 92.46194813492069, "w": 6, "l": 2, "coil": null}, "gen9randombattlesharedpowerb12p6": {"elo": 1224.0223900200522, "gxe": 47.7, "rpr": 1482.686433367149, "rprd": 33.63090064707362, "w": 53, "l": 60, "coil": null}, "gen9randomdoublesbattle": {"elo": 1000, "gxe": 45, "rpr": 1459.8393856609866, "rprd": 122.85830807679145, "w": 0, "l": 1, "coil": null}, "gen9randomroulette": {"elo": 1040, "gxe": 55, "rpr": 1540.1606143390134, "rprd": 122.85830807679145, "w": 1, "l": 0, "coil": null}, "gen9stabmons": {"elo": 1044.4879069420833, "gxe": 39.5, "rpr": 1416.0557195334977, "rprd": 111.91096180867363, "w": 4, "l": 5, "coil": null}, "gen9superstaffbrosultimate": {"elo": 1119.3819767408, "gxe": 51.3, "rpr": 1510.9273941117, "rprd": 157.2846512019, "w": 33, "l": 31, "coil": null}, "gen9trademarked": {"elo": 1147.1674649935665, "gxe": 39.3, "rpr": 1417.1135735191792, "rprd": 50.032512505601495, "w": 25, "l": 37, "coil": null}, "gen9twisteddimension": {"elo": 1046.3683502364913, "gxe": 39.3, "rpr": 1415.1699796255405, "rprd": 95.87532132363823, "w": 2, "l": 5, "coil": null}}}