{"username": "SoldRpp", "userid": "soldrpp", "registertime": 1599004800, "group": 1, "ratings": {"gen5ou": {"elo": 1404.6066937652, "gxe": 61.4, "rpr": 1603.4761704975, "rprd": 216.12256985056, "w": 38, "l": 24, "coil": null}, "gen8bdspou": {"elo": 1484.0740283182, "gxe": 57, "rpr": 1561.8623413117, "rprd": 207.1091025483, "w": 302, "l": 272, "coil": null}, "gen8doublesou": {"elo": 1322.3816474543, "gxe": 60.3, "rpr": 1591.5069883658, "rprd": 207.21950246192, "w": 33, "l": 22, "coil": null}, "gen8ou": {"elo": 1367.8401102251, "gxe": 57.3, "rpr": 1564.8314453116, "rprd": 213.2772410614, "w": 96, "l": 92, "coil": null}, "gen8oublitz": {"elo": 1089.8249513246, "gxe": 64.1, "rpr": 1616.561387258, "rprd": 130, "w": 1, "l": 0, "coil": null}, "gen8randombattle": {"elo": 1322.4921351152, "gxe": 59.2, "rpr": 1570.3819901879, "rprd": 33.159487875433, "w": 213, "l": 202, "coil": null}, "gen8randomdoublesbattle": {"elo": 1048.2079861379, "gxe": 54.4, "rpr": 1535.1217371, "rprd": 122.0943142412, "w": 0, "l": 0, "coil": null}, "gen8vgc2020": {"elo": 1205.6375877399, "gxe": 44.1, "rpr": 1455.4663863214, "rprd": 43.29155121985, "w": 48, "l": 48, "coil": null}, "gen9battlefactory": {"elo": 1057.1117088826288, "gxe": 55.8, "rpr": 1546.6887060113716, "rprd": 122.05441887445839, "w": 1, "l": 0, "coil": null}, "gen9legendszaou": {"elo": 1004.1211221079352, "gxe": 35.9, "rpr": 1387.4444512605317, "rprd": 90.8728694003351, "w": 3, "l": 8, "coil": null}, "gen9nationaldex": {"elo": 1467.4771931349856, "gxe": 60.4, "rpr": 1581.1142323168913, "rprd": 71.83874093982122, "w": 360, "l": 336, "coil": null}, "gen9ou": {"elo": 1172.675057674097, "gxe": 46.8, "rpr": 1476.001229199198, "rprd": 52.10289063019175, "w": 52, "l": 47, "coil": null}, "gen9randombattle": {"elo": 2114.4783722635166, "gxe": 80.4, "rpr": 1766.294980282014, "rprd": 28.57782273320792, "w": 1565, "l": 1479, "coil": null}, "gen9randomdoublesbattle": {"elo": 1360.4073155605297, "gxe": 60.2, "rpr": 1579.4187238307854, "rprd": 71.69445949348354, "w": 167, "l": 157, "coil": null}}}