{"username": "songwinner", "userid": "songwinner", "registertime": 1780272000, "group": 1, "ratings": {"gen9randombattle": {"elo": 1328.2652821779716, "gxe": 55.9, "rpr": 1544.8411168243015, "rprd": 40.417769410001085, "w": 59, "l": 48, "coil": null}}}