{"username": "Son of Sandslash", "userid": "sonofsandslash", "registertime": 1394064000, "group": 1, "ratings": {"gen7monotype": {"elo": 1499.4683717594, "gxe": 60.9, "rpr": 1591.2155746554, "rprd": 152.17316224234, "w": 117, "l": 95, "coil": null}, "gen7ou": {"elo": 1110.6280342873, "gxe": 45.5, "rpr": 1465.8994463057, "rprd": 61.910292602436, "w": 15, "l": 19, "coil": null}, "gen7pokebilitiesrandombattle": {"elo": 1046.6747271368454, "gxe": 55.4, "rpr": 1543.6789384029478, "rprd": 122.79548124853439, "w": 1, "l": 0, "coil": null}, "gen7randombattle": {"elo": 1499.0751146095, "gxe": 75.3, "rpr": 1749.7087669909, "rprd": 219.54841572946, "w": 3935, "l": 3506, "coil": null}, "gen8bonustype": {"elo": 1333.8491425032, "gxe": 58.6, "rpr": 1566.8037018821, "rprd": 82.059116678995, "w": 144, "l": 110, "coil": null}, "gen8doublesubers": {"elo": 1085.1291314427, "gxe": 48.3, "rpr": 1486.9376750883, "rprd": 64.962656949131, "w": 13, "l": 13, "coil": null}, "gen8doublesuu": {"elo": 1005.5948467573, "gxe": 35.4, "rpr": 1382.8107054938, "rprd": 93.019695992329, "w": 2, "l": 6, "coil": null}, "gen8metronomebattle": {"elo": 1151.2946531198, "gxe": 56.3, "rpr": 1548.9453381967, "rprd": 72.222803249235, "w": 10, "l": 8, "coil": null}, "gen8monotype": {"elo": 1146.1712504928, "gxe": 55.6, "rpr": 1543.6115208426, "rprd": 92.325588171627, "w": 5, "l": 3, "coil": null}, "gen8nationaldexmonotype": {"elo": 1267.6242044506, "gxe": 56.9, "rpr": 1553.6044321036, "rprd": 68.559134883108, "w": 187, "l": 131, "coil": null}, "gen8nu": {"elo": 1217.6627213036, "gxe": 62.4, "rpr": 1597.1748761991, "rprd": 69.11482059975, "w": 17, "l": 11, "coil": null}, "gen8ou": {"elo": 1223.7906590838, "gxe": 56, "rpr": 1546.3743858262, "rprd": 79.465740443249, "w": 16, "l": 9, "coil": null}, "gen8pokebilities": {"elo": 1356.783052196, "gxe": 64.2, "rpr": 1634.1134938868, "rprd": 239.83456055864, "w": 261, "l": 160, "coil": null}, "gen8pu": {"elo": 1144.0021532553, "gxe": 57.5, "rpr": 1558.0940079364, "rprd": 78.791754968689, "w": 10, "l": 7, "coil": null}, "gen8randombattle": {"elo": 1399.8674291387, "gxe": 80.6, "rpr": 1814.1477124163, "rprd": 209.89217714674, "w": 4909, "l": 4499, "coil": null}, "gen8randomdoublesbattle": {"elo": 1074.7208745294, "gxe": 47.2, "rpr": 1477.4353210974, "rprd": 130, "w": 4, "l": 3, "coil": null}, "gen8ru": {"elo": 1052.8666506901, "gxe": 41.2, "rpr": 1420.5075801748, "rprd": 222.13530192255, "w": 9, "l": 15, "coil": null}, "gen8sketchmons": {"elo": 1126.1064661322, "gxe": 56, "rpr": 1545.4763969146, "rprd": 47.677862862369, "w": 262, "l": 237, "coil": null}, "gen8thelosersgame": {"elo": 1430.4927018956, "gxe": 71.7, "rpr": 1682.6754708917, "rprd": 103.88118871992, "w": 211, "l": 118, "coil": null}, "gen8uu": {"elo": 1151.076540068, "gxe": 51.3, "rpr": 1511.3050951648, "rprd": 218.89936223066, "w": 61, "l": 57, "coil": null}, "gen9challengecup1v1": {"elo": 1044.5605429963928, "gxe": 53.9, "rpr": 1531.1482208232849, "rprd": 122.36930936603106, "w": 1, "l": 0, "coil": null}, "gen9metronomebattle": {"elo": 1051.2558354389805, "gxe": 50.9, "rpr": 1507.093596226625, "rprd": 106.0823634130527, "w": 2, "l": 2, "coil": null}, "gen9nationaldexmonotype": {"elo": 1177.3172579316717, "gxe": 54.4, "rpr": 1533.8817755279956, "rprd": 68.92482472839215, "w": 13, "l": 9, "coil": null}, "gen9randombattle": {"elo": 1968.6607400567675, "gxe": 83.2, "rpr": 1802.2631323468263, "rprd": 28.74868015853782, "w": 7165, "l": 6758, "coil": null}, "gen9ru": {"elo": 1050.7918578678457, "gxe": 43.2, "rpr": 1445.892212750004, "rprd": 111.61173969363907, "w": 1, "l": 2, "coil": 342.8786272251311}, "ou": {"elo": 1026.9753319652, "gxe": 50.7, "rpr": 1505.6903451848, "rprd": 116.02993712317, "w": 1, "l": 1, "coil": null}, "uu": {"elo": 1000, "gxe": 45, "rpr": 1459.8393856612, "rprd": 122.8583080769, "w": 0, "l": 1, "coil": null}}}