{"username": "Soul Gem", "userid": "soulgem", "registertime": 1362182400, "group": 1, "ratings": {"gen2randombattle": {"elo": 1040, "gxe": 55, "rpr": 1540.1606143388, "rprd": 122.8583080769, "w": 1, "l": 0, "coil": null}, "gen3randombattle": {"elo": 1124.3724750112, "gxe": 62.4, "rpr": 1599.5904667377, "rprd": 101.45375298985, "w": 4, "l": 1, "coil": null}, "gen4ou": {"elo": 1000, "gxe": 45.7, "rpr": 1465.234947906, "rprd": 122.12553675863, "w": 0, "l": 1, "coil": null}, "gen4randombattle": {"elo": 1149.2611030468818, "gxe": 76.9, "rpr": 1741.428447236055, "rprd": 130, "w": 5, "l": 1, "coil": null}, "gen5randombattle": {"elo": 1345.0095730046, "gxe": 85.3, "rpr": 1841.5548180163, "rprd": 91.254800808718, "w": 15, "l": 2, "coil": null}, "gen6randombattle": {"elo": 1101.6321174587, "gxe": 68.7, "rpr": 1658.1869926441, "rprd": 130, "w": 2, "l": 0, "coil": null}, "gen7anythinggoes": {"elo": 1107.7980752798, "gxe": 56.4, "rpr": 1550.2416734453, "rprd": 105.55457552206, "w": 3, "l": 1, "coil": null}, "gen7battlefactory": {"elo": 1375.5964118252, "gxe": 69.5, "rpr": 1665.4226874372, "rprd": 130, "w": 23, "l": 5, "coil": null}, "gen7bssfactory": {"elo": 1000, "gxe": 44.7, "rpr": 1457.3833576595, "rprd": 122.14636333659, "w": 0, "l": 1, "coil": null}, "gen7doublesou": {"elo": 1000, "gxe": 45, "rpr": 1459.8393856612, "rprd": 122.8583080769, "w": 0, "l": 1, "coil": null}, "gen7lc": {"elo": 1109.3884879487, "gxe": 66.9, "rpr": 1641.4907737478, "rprd": 130, "w": 3, "l": 0, "coil": null}, "gen7letsgorandombattle": {"elo": 1039.3452400282, "gxe": 48.9, "rpr": 1490.8522124712, "rprd": 130, "w": 1, "l": 1, "coil": null}, "gen7metronomebattle": {"elo": 1204.5163391471, "gxe": 56, "rpr": 1545.454859781, "rprd": 32.052544146102, "w": 69, "l": 58, "coil": null}, "gen7monotyperandombattle": {"elo": 1000, "gxe": 45, "rpr": 1459.8393856612, "rprd": 122.8583080769, "w": 0, "l": 1, "coil": null}, "gen7nu": {"elo": 1056.3429178205, "gxe": 53.5, "rpr": 1527.4624273819, "rprd": 111.14438262328, "w": 2, "l": 1, "coil": null}, "gen7ou": {"elo": 1362.3188395721, "gxe": 56.6, "rpr": 1551.9098814909, "rprd": 92.390572980979, "w": 58, "l": 33, "coil": null}, "gen7oublitz": {"elo": 1040, "gxe": 55, "rpr": 1540.1606143388, "rprd": 122.8583080769, "w": 1, "l": 0, "coil": null}, "gen7pickyourteamrandombattle": {"elo": 1040, "gxe": 55, "rpr": 1540.1606143388, "rprd": 122.8583080769, "w": 1, "l": 0, "coil": null}, "gen7pu": {"elo": 1339.4034155554, "gxe": 67.8, "rpr": 1642.0109048718, "rprd": 61.872769279696, "w": 23, "l": 11, "coil": null}, "gen7randombattle": {"elo": 1480.7232947013, "gxe": 64.5, "rpr": 1618.3754079807, "rprd": 115.86500941949, "w": 4564, "l": 4108, "coil": null}, "gen7randomdoublesbattle": {"elo": 1120.4258724465, "gxe": 61.4, "rpr": 1591.5144051837, "rprd": 111.0092822414, "w": 3, "l": 0, "coil": null}, "gen7ru": {"elo": 1077.6348686053, "gxe": 54.4, "rpr": 1535.1801387587, "rprd": 126.30438415275, "w": 4, "l": 2, "coil": null}, "gen7superstaffbrosbrawl": {"elo": 1035.7941639606, "gxe": 43, "rpr": 1445.333028519, "rprd": 85.308194875719, "w": 4, "l": 7, "coil": null}, "gen7ubers": {"elo": 1000, "gxe": 38.1, "rpr": 1401.9660876225, "rprd": 130, "w": 0, "l": 2, "coil": null}, "gen7uu": {"elo": 1309.1536740377, "gxe": 67.4, "rpr": 1662.5048788717, "rprd": 218.96885793009, "w": 29, "l": 10, "coil": null}, "gen7vgc2017": {"elo": 1000, "gxe": 34.9, "rpr": 1375.0998726254, "rprd": 122.69607978482, "w": 0, "l": 3, "coil": null}, "gen7vgc2018": {"elo": 1045.2256331011, "gxe": 55, "rpr": 1540.1606143388, "rprd": 122.8583080769, "w": 1, "l": 0, "coil": null}, "gen7vgc2019ultraseries": {"elo": 1000, "gxe": 40.9, "rpr": 1426.6139625965, "rprd": 116.14104449781, "w": 0, "l": 2, "coil": null}, "gen8bdsprandombattle": {"elo": 1307.9712154649, "gxe": 67.3, "rpr": 1639.2998699486, "rprd": 78.536008377692, "w": 19, "l": 8, "coil": null}, "gen8bssfactory": {"elo": 1074.4636313804, "gxe": 56.9, "rpr": 1555.5756673138, "rprd": 130, "w": 2, "l": 1, "coil": null}, "gen8cap1v1": {"elo": 1075.9145239963, "gxe": 50.6, "rpr": 1505.1010192395, "rprd": 113.5506868006, "w": 2, "l": 2, "coil": null}, "gen8challengecup1v1": {"elo": 1039.1344884083, "gxe": 49.4, "rpr": 1495.2769391567, "rprd": 122.60413264132, "w": 1, "l": 2, "coil": null}, "gen8doublesou": {"elo": 1082.4800630404, "gxe": 59.7, "rpr": 1577.6868700094, "rprd": 116.38420495752, "w": 2, "l": 0, "coil": null}, "gen8hackmonscup": {"elo": 1170.233637586, "gxe": 73.2, "rpr": 1698.728378787, "rprd": 113.7660579573, "w": 7, "l": 1, "coil": null}, "gen8lc": {"elo": 1047.6750244172, "gxe": 53.8, "rpr": 1530.7690174498, "rprd": 122.58280324432, "w": 1, "l": 0, "coil": null}, "gen8monotyperandombattle": {"elo": 1291.9868508982, "gxe": 71.7, "rpr": 1682.1786264399, "rprd": 102.4504434147, "w": 18, "l": 8, "coil": null}, "gen8ou": {"elo": 1121.3030876968, "gxe": 34, "rpr": 1366.2320290341, "rprd": 130, "w": 17, "l": 12, "coil": null}, "gen8randombattle": {"elo": 1424.7899920729, "gxe": 78.8, "rpr": 1775.6934049468, "rprd": 169.35845657732, "w": 4626, "l": 4211, "coil": null}, "gen8randombattleblitz": {"elo": 1077.1930447601, "gxe": 60.6, "rpr": 1585.9977951294, "rprd": 123.59094741436, "w": 2, "l": 0, "coil": null}, "gen8randombattlemayhem": {"elo": 1040, "gxe": 55, "rpr": 1540.1606143388, "rprd": 122.8583080769, "w": 1, "l": 0, "coil": null}, "gen8randomdoublesbattle": {"elo": 1118.7802362116, "gxe": 60.8, "rpr": 1587.7918030614, "rprd": 119.83480932294, "w": 3, "l": 0, "coil": null}, "gen8superstaffbros4": {"elo": 1367.1769683747, "gxe": 75, "rpr": 1766.6963850662, "rprd": 279.22541135012, "w": 25, "l": 7, "coil": null}, "gen9brokencup": {"elo": 1000, "gxe": 43.9, "rpr": 1450.877346010747, "rprd": 122.32049514316665, "w": 0, "l": 1, "coil": null}, "gen9challengecup2v2": {"elo": 1000, "gxe": 46.6, "rpr": 1472.6500968222, "rprd": 122.82347192023, "w": 0, "l": 1, "coil": null}, "gen9computergeneratedteams": {"elo": 1040, "gxe": 50.5, "rpr": 1504.127852639958, "rprd": 122.9335879444656, "w": 1, "l": 1, "coil": null}, "gen9forceofthefallenrandomroulette": {"elo": 1174.828407146271, "gxe": 69.3, "rpr": 1659.1498090642926, "rprd": 100.95004148609962, "w": 5, "l": 0, "coil": null}, "gen9megainvasionrandombattle": {"elo": 1458.3607149442, "gxe": 80.2, "rpr": 1767.7124413923, "rprd": 68.316564248269, "w": 24, "l": 4, "coil": null}, "gen9monkeyspawrandombattle": {"elo": 1040, "gxe": 55, "rpr": 1540.1606143390134, "rprd": 122.85830807679145, "w": 1, "l": 0, "coil": null}, "gen9nu": {"elo": 1178.7117614930874, "gxe": 69.2, "rpr": 1657.9625252930612, "rprd": 98.15367533373002, "w": 6, "l": 0, "coil": 1233.0038259062296}, "gen9ou": {"elo": 1093.5685733746511, "gxe": 50.3, "rpr": 1502.7524158314172, "rprd": 117.38887088047127, "w": 4, "l": 3, "coil": null}, "gen9randombattle": {"elo": 2041.374211197019, "gxe": 82.2, "rpr": 1788.618309792936, "rprd": 29.02345542354393, "w": 4100, "l": 3782, "coil": null}, "gen9superstaffbrosultimate": {"elo": 1000, "gxe": 45, "rpr": 1459.8393856609866, "rprd": 122.85830807679145, "w": 0, "l": 1, "coil": null}, "gen9uu": {"elo": 1037.310267755763, "gxe": 50.5, "rpr": 1503.6377198989107, "rprd": 115.81719353682115, "w": 1, "l": 1, "coil": null}, "gen9woomodrandombattle": {"elo": 1000, "gxe": 45, "rpr": 1459.8393856609866, "rprd": 122.85830807679145, "w": 0, "l": 1, "coil": null}, "gen9zu": {"elo": 1048.3544162358285, "gxe": 42.6, "rpr": 1440.943547308385, "rprd": 105.82782571966248, "w": 1, "l": 3, "coil": 852}, "ou": {"elo": 1277.6616996119, "gxe": 74.5, "rpr": 1714.0926835767, "rprd": 123.73176812739, "w": 11, "l": 2, "coil": null}}}