{"username": "Soulstiss", "userid": "soulstiss", "registertime": 1694995200, "group": 1, "ratings": {"gen1randombattle": {"elo": 1000, "gxe": 41, "rpr": 1427.432874170786, "rprd": 116.77753930629355, "w": 0, "l": 2, "coil": null}, "gen6randombattle": {"elo": 1051.4942120338285, "gxe": 54.7, "rpr": 1537.3603374512243, "rprd": 122.52441267456058, "w": 1, "l": 0, "coil": null}, "gen9monotyperandombattle": {"elo": 1000, "gxe": 45, "rpr": 1459.8393856609866, "rprd": 122.85830807679145, "w": 0, "l": 1, "coil": null}, "gen9randombattle": {"elo": 1000, "gxe": 33.7, "rpr": 1371.5517916097504, "rprd": 39.90496879588302, "w": 699, "l": 1049, "coil": null}, "gen9randombattleblitz": {"elo": 1000, "gxe": 33, "rpr": 1358.2214124242778, "rprd": 127.28061372273646, "w": 0, "l": 3, "coil": null}}}