{"username": "Soumatou_Story", "userid": "soumatoustory", "registertime": 1629936000, "group": 1, "ratings": {"gen5randombattle": {"elo": 1266.991676574095, "gxe": 68.6, "rpr": 1654.959739816414, "rprd": 117.29386021523888, "w": 14, "l": 5, "coil": null}, "gen7ou": {"elo": 1128.984762540227, "gxe": 61.1, "rpr": 1588.1472206512317, "rprd": 101.2611001724416, "w": 4, "l": 1, "coil": null}, "gen8bdspou": {"elo": 1098.7542838644, "gxe": 49.7, "rpr": 1497.1719371277, "rprd": 215.33239709319, "w": 42, "l": 37, "coil": null}, "gen8bdsprandombattle": {"elo": 1121.2124414595, "gxe": 59.2, "rpr": 1572.6064929788, "rprd": 90.754803744465, "w": 6, "l": 2, "coil": null}, "gen8monotyperandombattle": {"elo": 1281.6818392973, "gxe": 62, "rpr": 1593.617666613, "rprd": 64.857835774224, "w": 18, "l": 10, "coil": null}, "gen8ou": {"elo": 1506.1946546667, "gxe": 90.1, "rpr": 1933.5194009321, "rprd": 100.09117761037, "w": 613, "l": 372, "coil": null}, "gen8oublitz": {"elo": 1050.7812814557, "gxe": 49.3, "rpr": 1494.1806118317, "rprd": 122.97153386719, "w": 1, "l": 1, "coil": null}, "gen8randombattle": {"elo": 1499.217425261, "gxe": 85.9, "rpr": 1866.3871133585, "rprd": 138.69430450034, "w": 877, "l": 773, "coil": null}, "gen8randombattleblitz": {"elo": 1162.2001333474, "gxe": 62.8, "rpr": 1601.7947266463, "rprd": 86.580553363127, "w": 8, "l": 3, "coil": null}, "gen8randomdoublesbattle": {"elo": 1155.6642480661, "gxe": 54.5, "rpr": 1535.081724711, "rprd": 104.04107011645, "w": 9, "l": 5, "coil": null}, "gen8ubers": {"elo": 1378.9832680551, "gxe": 71.1, "rpr": 1701.7868080686, "rprd": 220.21908002129, "w": 22, "l": 7, "coil": null}, "gen8vgc2022": {"elo": 1178.1844627039, "gxe": 48, "rpr": 1481.9178277373, "rprd": 217.0109257875, "w": 45, "l": 48, "coil": null}, "gen9challengecup1v1": {"elo": 1120.796366678964, "gxe": 62.4, "rpr": 1599.836299774935, "rprd": 110.42690037024413, "w": 3, "l": 0, "coil": null}, "gen9championsvgc2026regma": {"elo": 1245.0415342668784, "gxe": 66.1, "rpr": 1628.5060759380958, "rprd": 74.4022297807282, "w": 14, "l": 4, "coil": null}, "gen9doublesou": {"elo": 1547.0531698738, "gxe": 78.2, "rpr": 1743.065589733, "rprd": 52.879871413249, "w": 44, "l": 16, "coil": null}, "gen9doublesubers": {"elo": 1171.739581262696, "gxe": 64.7, "rpr": 1618.0785741988768, "rprd": 94.60197931718653, "w": 6, "l": 1, "coil": null}, "gen9monotyperandombattle": {"elo": 1353.0537596125869, "gxe": 74.4, "rpr": 1705.7617992858593, "rprd": 77.82144670714862, "w": 15, "l": 2, "coil": null}, "gen9nationaldex": {"elo": 1392.921707019368, "gxe": 67.6, "rpr": 1642.6570660262732, "rprd": 91.44885328439231, "w": 26, "l": 12, "coil": null}, "gen9ou": {"elo": 1488.3983090986917, "gxe": 66, "rpr": 1625.9434589202267, "rprd": 54.08299480542036, "w": 243, "l": 192, "coil": null}, "gen9randombattle": {"elo": 2121.8394803868764, "gxe": 87.8, "rpr": 1871.4186715049434, "rprd": 26.957066499560504, "w": 2692, "l": 2297, "coil": null}, "gen9randomdoublesbattle": {"elo": 1026.5751649948083, "gxe": 50, "rpr": 1500, "rprd": 116.77753930629355, "w": 1, "l": 1, "coil": null}, "gen9vgc2023regulatione": {"elo": 1395.144671060549, "gxe": 65.9, "rpr": 1625.98373016556, "rprd": 66.14213135185511, "w": 25, "l": 11, "coil": null}}}