{"username": "Spartior1", "userid": "spartior1", "registertime": 1642896000, "group": 1, "ratings": {"gen1ou": {"elo": 1240.3011375647002, "gxe": 56.1, "rpr": 1547.9963468682988, "rprd": 101.76842612425615, "w": 156, "l": 169, "coil": null}, "gen1randombattle": {"elo": 1162.7655855945936, "gxe": 58, "rpr": 1563.6749274048152, "rprd": 103.83748123789746, "w": 32, "l": 26, "coil": null}, "gen1ubers": {"elo": 1057.077661092, "gxe": 56.1, "rpr": 1549.0209869479, "rprd": 122.37753834371, "w": 1, "l": 0, "coil": null}, "gen1uu": {"elo": 1106.102639704, "gxe": 54.8, "rpr": 1538.0378559391, "rprd": 98.669299698153, "w": 4, "l": 3, "coil": null}, "gen2ou": {"elo": 1128.533215834712, "gxe": 33.9, "rpr": 1372.706970112288, "rprd": 56.9638062452506, "w": 14, "l": 36, "coil": null}, "gen2randombattle": {"elo": 1064.8844302855202, "gxe": 49.3, "rpr": 1494.844875489295, "rprd": 103.77845298149474, "w": 2, "l": 3, "coil": null}, "gen3ou": {"elo": 1042.5632140016176, "gxe": 25.9, "rpr": 1295.6690866634654, "rprd": 88.21672420516795, "w": 124, "l": 158, "coil": null}, "gen3randombattle": {"elo": 1000, "gxe": 40.2, "rpr": 1420.807784079273, "rprd": 116.4038352141257, "w": 0, "l": 2, "coil": null}, "gen4ou": {"elo": 1157.7445165548957, "gxe": 46.4, "rpr": 1472.8817834374645, "rprd": 38.90910074114272, "w": 52, "l": 59, "coil": null}, "gen4randombattle": {"elo": 1040, "gxe": 55, "rpr": 1540.1606143390134, "rprd": 122.85830807679145, "w": 1, "l": 0, "coil": null}, "gen5ou": {"elo": 1132.7180257107661, "gxe": 43.6, "rpr": 1449.2631658413293, "rprd": 115.58824973980414, "w": 12, "l": 24, "coil": null}, "gen5randombattle": {"elo": 1000, "gxe": 42, "rpr": 1436.2666407341364, "rprd": 115.82803691640498, "w": 0, "l": 2, "coil": null}, "gen6firstbloodrandombattle": {"elo": 1114.1915727534551, "gxe": 46.6, "rpr": 1473.91954297929, "rprd": 42.89149550653328, "w": 38, "l": 43, "coil": null}, "gen6ou": {"elo": 1091.5541449394973, "gxe": 35, "rpr": 1381.8235776746715, "rprd": 64.27794061011384, "w": 9, "l": 19, "coil": null}, "gen6randombattle": {"elo": 1043.2484345716239, "gxe": 54.4, "rpr": 1534.8454696052936, "rprd": 122.39101923686434, "w": 1, "l": 0, "coil": null}, "gen7anythinggoes": {"elo": 1327.0472699855, "gxe": 56.2, "rpr": 1555.8723788857, "rprd": 215.69420749498, "w": 35, "l": 26, "coil": null}, "gen7balancedhackmons": {"elo": 1145.5210652004, "gxe": 64.3, "rpr": 1615.4134453346, "rprd": 100.61387211047, "w": 6, "l": 1, "coil": null}, "gen7battlefactory": {"elo": 1000, "gxe": 42.8, "rpr": 1442.1260286200277, "rprd": 123.17759758280478, "w": 0, "l": 1, "coil": null}, "gen7doublesou": {"elo": 1087.3982861903, "gxe": 46.2, "rpr": 1465.4868743496, "rprd": 232.09761057795, "w": 5, "l": 6, "coil": null}, "gen7ou": {"elo": 1175.205791962672, "gxe": 51.8, "rpr": 1513.776594579703, "rprd": 84.39371008515063, "w": 20, "l": 15, "coil": null}, "gen7randombattle": {"elo": 1000, "gxe": 44.4, "rpr": 1455.3485387978199, "rprd": 122.93835240872193, "w": 0, "l": 1, "coil": null}, "gen8balancedhackmons": {"elo": 1054.2326837333, "gxe": 55, "rpr": 1540.1606143388, "rprd": 122.8583080769, "w": 1, "l": 0, "coil": null}, "gen8bdsplc": {"elo": 1000, "gxe": 44, "rpr": 1452.0084309167, "rprd": 122.89498535756, "w": 0, "l": 1, "coil": null}, "gen8doublesou": {"elo": 1169.100841766, "gxe": 54.7, "rpr": 1541.0039470909, "rprd": 206.43134655493, "w": 17, "l": 12, "coil": null}, "gen8doublesubers": {"elo": 1294.5820441928, "gxe": 65.9, "rpr": 1624.7073209321, "rprd": 48.14573337924, "w": 32, "l": 19, "coil": null}, "gen8doublesuu": {"elo": 1079.687816639, "gxe": 52.2, "rpr": 1516.4385869923, "rprd": 43.934906881397, "w": 62, "l": 62, "coil": null}, "gen8jumpmagikarp": {"elo": 1144.7243237177, "gxe": 44.2, "rpr": 1455.1248067431, "rprd": 67.314843055662, "w": 10, "l": 14, "coil": null}, "gen8lc": {"elo": 1090.2240064408, "gxe": 45.8, "rpr": 1466.7763081802, "rprd": 98.547829882821, "w": 4, "l": 5, "coil": null}, "gen8metronomebattle": {"elo": 1019.3616705488, "gxe": 38.5, "rpr": 1408.9557042608, "rprd": 89.816688192069, "w": 3, "l": 6, "coil": null}, "gen8monotype": {"elo": 1144.4570651502, "gxe": 47.2, "rpr": 1478.4296617139, "rprd": 65.835966487228, "w": 17, "l": 17, "coil": null}, "gen8nationaldexag": {"elo": 1122.5709526279, "gxe": 44.2, "rpr": 1455.776481831, "rprd": 38.368546578089, "w": 149, "l": 142, "coil": null}, "gen8nationaldexmonotype": {"elo": 1198.7574182057, "gxe": 47.3, "rpr": 1478.6669268997, "rprd": 94.36566642128, "w": 51, "l": 61, "coil": null}, "gen8nationaldexuu": {"elo": 1066.2345695681, "gxe": 43, "rpr": 1436.4344102672, "rprd": 221.59059642774, "w": 68, "l": 93, "coil": null}, "gen8nu": {"elo": 1000, "gxe": 44.3, "rpr": 1454.2636802441, "rprd": 122.1747421589, "w": 0, "l": 1, "coil": null}, "gen8ou": {"elo": 1083.700811380962, "gxe": 41.8, "rpr": 1433.6031842514246, "rprd": 124.39535161014305, "w": 118, "l": 123, "coil": null}, "gen8oublitz": {"elo": 1040, "gxe": 55, "rpr": 1540.1606143388, "rprd": 122.8583080769, "w": 1, "l": 0, "coil": null}, "gen8pu": {"elo": 1058.5596642659, "gxe": 47.7, "rpr": 1481.1383734615, "rprd": 127.86967552061, "w": 1, "l": 2, "coil": null}, "gen8randombattle": {"elo": 1082.2374075322, "gxe": 42.5, "rpr": 1441.752616255, "rprd": 69.590872805713, "w": 22, "l": 21, "coil": null}, "gen8ru": {"elo": 1048.0328107766, "gxe": 36.9, "rpr": 1380.7697372036, "rprd": 215.46786491858, "w": 21, "l": 35, "coil": null}, "gen8ubers": {"elo": 1176.9622011892, "gxe": 55.1, "rpr": 1545.7787550989, "rprd": 214.42216697945, "w": 28, "l": 23, "coil": null}, "gen8uu": {"elo": 1150.5230999828, "gxe": 48.1, "rpr": 1483.4851713168, "rprd": 200.89161906505, "w": 15, "l": 15, "coil": null}, "gen91v1factory": {"elo": 1000, "gxe": 41, "rpr": 1427.432874170786, "rprd": 116.77753930629355, "w": 0, "l": 2, "coil": null}, "gen9anythinggoes": {"elo": 1073.709427070418, "gxe": 33.9, "rpr": 1367.9118420338878, "rprd": 111.27910362321127, "w": 12, "l": 11, "coil": null}, "gen9balancedhackmons": {"elo": 1111.4421132335, "gxe": 51.6, "rpr": 1511.9187314619, "rprd": 66.16410593237, "w": 13, "l": 13, "coil": null}, "gen9brokencup": {"elo": 1000, "gxe": 44.5, "rpr": 1455.9975736645, "rprd": 122.00128586994, "w": 0, "l": 1, "coil": null}, "gen9championsou": {"elo": 1207.1751993013622, "gxe": 51.9, "rpr": 1514.5797612383917, "rprd": 46.91356075602908, "w": 98, "l": 94, "coil": null}, "gen9champoinsou": {"elo": 1124.4859918277, "gxe": 57.5, "rpr": 1558.2448108973, "rprd": 85.683107703169, "w": 7, "l": 4, "coil": null}, "gen9computergeneratedteams": {"elo": 1040, "gxe": 55, "rpr": 1540.1606143390134, "rprd": 122.85830807679145, "w": 1, "l": 0, "coil": null}, "gen9livepatchbattlesver100": {"elo": 1198.6400447868, "gxe": 57.8, "rpr": 1561.7821314392, "rprd": 102.29534401571, "w": 8, "l": 5, "coil": null}, "gen9metronomebattle": {"elo": 1076.5753430570885, "gxe": 36.7, "rpr": 1394.964252121872, "rprd": 73.945485668817, "w": 206, "l": 242, "coil": null}, "gen9monotype": {"elo": 1174.9482701137483, "gxe": 52.9, "rpr": 1523.352004997961, "rprd": 122.64332557863099, "w": 16, "l": 11, "coil": 2010.0976005888954}, "gen9monotyperandombattle": {"elo": 1044.2763315934094, "gxe": 54.5, "rpr": 1536.3445761705627, "rprd": 122.23111975698146, "w": 1, "l": 0, "coil": null}, "gen9nationaldex": {"elo": 1078.417761675229, "gxe": 33.2, "rpr": 1364.6446081845102, "rprd": 87.97982562850031, "w": 6, "l": 16, "coil": null}, "gen9nationaldexdoubles": {"elo": 1135.3059501327268, "gxe": 50.6, "rpr": 1504.8211180560952, "rprd": 77.7615518052329, "w": 11, "l": 9, "coil": null}, "gen9nationaldexmonotype": {"elo": 1101.7549372492097, "gxe": 55.1, "rpr": 1540.8705707595975, "rprd": 112.71155625691728, "w": 4, "l": 2, "coil": null}, "gen9nationaldexubers": {"elo": 1192.741399564367, "gxe": 56, "rpr": 1546.3763576932997, "rprd": 86.47351758101588, "w": 33, "l": 31, "coil": null}, "gen9nu": {"elo": 1000, "gxe": 45, "rpr": 1459.8393856609866, "rprd": 122.85830807679145, "w": 0, "l": 1, "coil": 14.0625},