{"username": "spp1", "userid": "spp1", "registertime": 1523664000, "group": 1, "ratings": {"gen2randombattle": {"elo": 1044.7125507474, "gxe": 55, "rpr": 1540.4751864228, "rprd": 122.60557611629, "w": 1, "l": 0, "coil": null}, "gen5randombattle": {"elo": 1044.5103387744, "gxe": 54.2, "rpr": 1533.8766600989, "rprd": 122.28282094987, "w": 1, "l": 0, "coil": null}, "gen7battlefactory": {"elo": 1127.6633761188723, "gxe": 41.2, "rpr": 1429.1638057089579, "rprd": 121.28830735439831, "w": 22, "l": 17, "coil": null}, "gen7bssfactory": {"elo": 1121.6126945208, "gxe": 55, "rpr": 1538.7465796227, "rprd": 89.062800261455, "w": 20, "l": 17, "coil": null}, "gen7challengecup1v1": {"elo": 1300.6500236159, "gxe": 61.7, "rpr": 1591.196847257, "rprd": 71.771914655387, "w": 102, "l": 90, "coil": null}, "gen7doublesou": {"elo": 1224.3518150267, "gxe": 50.2, "rpr": 1501.9650116012, "rprd": 218.34242835277, "w": 22, "l": 22, "coil": null}, "gen7doublesubers": {"elo": 1114.316877709, "gxe": 60.5, "rpr": 1583.9435764867, "rprd": 104.52692899443, "w": 4, "l": 1, "coil": null}, "gen7lc": {"elo": 1157.2461667387, "gxe": 54.6, "rpr": 1535.0857983487, "rprd": 65.790149524118, "w": 13, "l": 11, "coil": null}, "gen7letsgorandombattle": {"elo": 1000, "gxe": 45, "rpr": 1459.8393856612, "rprd": 122.8583080769, "w": 0, "l": 1, "coil": null}, "gen7metronomebattle": {"elo": 1384.4621369164, "gxe": 65.8, "rpr": 1624.2335196121, "rprd": 56.263158311243, "w": 42, "l": 32, "coil": null}, "gen7nu": {"elo": 1086.3062544866, "gxe": 42.5, "rpr": 1441.659275138, "rprd": 71.598178103068, "w": 8, "l": 11, "coil": null}, "gen7ou": {"elo": 1392.7081113983, "gxe": 59.3, "rpr": 1572.1985132685, "rprd": 72.673907350157, "w": 42, "l": 29, "coil": null}, "gen7oublitz": {"elo": 1412.7756322824, "gxe": 59.9, "rpr": 1576.0894510825, "rprd": 41.784029122559, "w": 46, "l": 30, "coil": null}, "gen7pu": {"elo": 1229.3695689755, "gxe": 55.5, "rpr": 1541.8232242571, "rprd": 62.814198041038, "w": 16, "l": 11, "coil": null}, "gen7randombattle": {"elo": 1477.7780407409584, "gxe": 61.8, "rpr": 1593.6459118003054, "rprd": 97.61503473381207, "w": 830, "l": 756, "coil": null}, "gen7randomdoublesbattle": {"elo": 1321.2331669155, "gxe": 64.7, "rpr": 1617.0236477028, "rprd": 80.310335945481, "w": 23, "l": 12, "coil": null}, "gen7ru": {"elo": 1187.731573685, "gxe": 56.1, "rpr": 1555.2932484969, "rprd": 220.70424209203, "w": 15, "l": 10, "coil": null}, "gen7uu": {"elo": 1109.5710735391, "gxe": 50.3, "rpr": 1502.7001276961, "rprd": 223.231237598, "w": 10, "l": 8, "coil": null}, "gen7zu": {"elo": 1109.0592201022, "gxe": 59.2, "rpr": 1573.8910910638, "rprd": 113.29836575395, "w": 3, "l": 0, "coil": null}, "gen8battlefactory": {"elo": 1158.0171639735, "gxe": 64.1, "rpr": 1621.2711182449, "rprd": 167.97357897746, "w": 9, "l": 4, "coil": null}, "gen8cap1v1": {"elo": 1048.2247055938, "gxe": 56, "rpr": 1548.1701597159, "rprd": 122.83577400917, "w": 1, "l": 0, "coil": null}, "gen8challengecup1v1": {"elo": 1057.6542661423, "gxe": 34.9, "rpr": 1378.2956927555, "rprd": 91.191131094584, "w": 23, "l": 28, "coil": null}, "gen8hackmonscup": {"elo": 1150.2327998578814, "gxe": 69.7, "rpr": 1665.02479257588, "rprd": 114.00803120480056, "w": 6, "l": 0, "coil": null}, "gen8joltemonsrandombattle": {"elo": 1095.6869293069735, "gxe": 58.2, "rpr": 1565.5908126694785, "rprd": 118.050420852036, "w": 3, "l": 1, "coil": null}, "gen8metronomebattle": {"elo": 1138.3239524128, "gxe": 57.4, "rpr": 1556.0899300312, "rprd": 37.908447959524, "w": 47, "l": 38, "coil": null}, "gen8monotyperandombattle": {"elo": 1115.8241022976, "gxe": 51.5, "rpr": 1511.9364604844, "rprd": 125.66727724516, "w": 5, "l": 3, "coil": null}, "gen8randombattle": {"elo": 1385.8234887709, "gxe": 65.5, "rpr": 1641.1421582793, "rprd": 206.11315030039, "w": 659, "l": 589, "coil": null}, "gen8randomdoublesbattle": {"elo": 1499.5633369944, "gxe": 68.6, "rpr": 1661.3400309276, "rprd": 154.27773673809, "w": 105, "l": 85, "coil": null}, "gen8superstaffbros4": {"elo": 1095.255832228194, "gxe": 60.4, "rpr": 1583.590681805664, "rprd": 116.24332773058472, "w": 2, "l": 0, "coil": null}, "gen91v1": {"elo": 1319.8507525219954, "gxe": 59.1, "rpr": 1569.6285566964293, "rprd": 47.99351737307535, "w": 27, "l": 22, "coil": null}, "gen9battlefactory": {"elo": 1043.783901720687, "gxe": 55, "rpr": 1540.1606143390134, "rprd": 122.85830807679145, "w": 1, "l": 0, "coil": null}, "gen9brokencup": {"elo": 1213.01023083455, "gxe": 62, "rpr": 1598.1395117880797, "rprd": 122.58421437065748, "w": 24, "l": 19, "coil": null}, "gen9challengecup1v1": {"elo": 1324.9758648349, "gxe": 54.1, "rpr": 1532.9924321623, "rprd": 123.29915033428, "w": 444, "l": 324, "coil": null}, "gen9challengecup2v2": {"elo": 1251.4248952766, "gxe": 62.8, "rpr": 1602.2801171012, "rprd": 99.087365429442, "w": 112, "l": 86, "coil": null}, "gen9computergeneratedteams": {"elo": 1163.530052931781, "gxe": 70.9, "rpr": 1677.2005418248636, "rprd": 118.72730820368369, "w": 36, "l": 18, "coil": null}, "gen9doublesou": {"elo": 1000, "gxe": 35.5, "rpr": 1381.7279185456027, "rprd": 110.4065494579005, "w": 0, "l": 3, "coil": null}, "gen9hackmonscup": {"elo": 1443.5038533832, "gxe": 69.9, "rpr": 1664.8124884686, "rprd": 100.18143038259, "w": 498, "l": 395, "coil": null}, "gen9megainvasionrandombattle": {"elo": 1123.7333088613443, "gxe": 58.7, "rpr": 1569.4612654050602, "rprd": 105.50285885247389, "w": 4, "l": 1, "coil": null}, "gen9metronomebattle": {"elo": 1321.3201493205, "gxe": 61.8, "rpr": 1599.3017221273, "rprd": 153.20442640838, "w": 44, "l": 27, "coil": null}, "gen9mixandmegacup": {"elo": 1056.0660529543184, "gxe": 41.7, "rpr": 1435.0194959374448, "rprd": 79.63742119587427, "w": 6, "l": 10, "coil": null}, "gen9monotyperandombattle": {"elo": 1251.5757751264027, "gxe": 59.3, "rpr": 1571.2168972425434, "rprd": 49.88537212368111, "w": 40, "l": 31, "coil": null}, "gen9ou": {"elo": 1301.2184325458702, "gxe": 52.4, "rpr": 1517.770789794055, "rprd": 27.114842251113117, "w": 176, "l": 163, "coil": null}, "gen9randombattle": {"elo": 2018.3224504268808, "gxe": 80.9, "rpr": 1771.5639911379772, "rprd": 25.542823567832635, "w": 3329, "l": 3106, "coil": null}, "gen9randombattleblitz": {"elo": 1612.3963797727, "gxe": 69.4, "rpr": 1655.5067271608, "rprd": 52.932086129523, "w": 938, "l": 906, "coil": null}, "gen9randombattlehyperblitzautochoose": {"elo": 1120.0802101642, "gxe": 46, "rpr": 1468.9197139526, "rprd": 82.83879552149, "w": 8, "l": 11, "coil": null}, "gen9randombattlemayhem": {"elo": 1203.985936310333, "gxe": 58.2, "rpr": 1563.2094047579465, "rprd": 57.65414222272592, "w": 72, "l": 73, "coil": null}, "gen9randomdoublesbattle": {"elo": 1105.7941011016326, "gxe": 63.8, "rpr": 1613.6691716105518, "rprd": 130, "w": 3, "l": 0, "coil": null}, "gen9randomroulette": {"elo": 1147.5238047938128, "gxe": 59.9, "rpr": 1578.61915979994, "rprd": 100.38074139388932, "w": 9, "l": 4, "coil": null}, "gen9ru": {"elo": 1103.1162492408596, "gxe": 56.7, "rpr": 1552.9098996966663, "rprd": 106.99251788502158, "w": 3, "l": 1, "coil": 674.2804342065429}, "gen9unratedrandombattle": {"elo": 1000, "gxe": 45.7, "rpr": 1459.8393856612, "rprd": 256.58622845087, "w": 0, "l": 1, "coil": null}}}