{"username": "SquidRoundpants", "userid": "squidroundpants", "registertime": 1765497600, "group": 1, "ratings": {"gen9babyrandombattle": {"elo": 1106.7512027864916, "gxe": 61.3, "rpr": 1591.2865980812576, "rprd": 116.14819395062294, "w": 2, "l": 0, "coil": null}, "gen9monotyperandombattle": {"elo": 1499.4992312523, "gxe": 69.9, "rpr": 1662.2035896161, "rprd": 79.687456091047, "w": 343, "l": 287, "coil": null}, "gen9randombattle": {"elo": 1684.949946010797, "gxe": 76.4, "rpr": 1721.5786638828536, "rprd": 37.63809944222966, "w": 576, "l": 527, "coil": null}, "gen9randombattleblitz": {"elo": 1522.6307132581235, "gxe": 62.1, "rpr": 1593.7395739723877, "rprd": 44.89930133566648, "w": 153, "l": 127, "coil": null}, "gen9randomdoublesbattle": {"elo": 1387.5033690308667, "gxe": 60.2, "rpr": 1578.1310863762926, "rprd": 46.15448872960356, "w": 53, "l": 38, "coil": null}}}