{"username": "srta13", "userid": "srta13", "registertime": 1655769600, "group": 1, "ratings": {"gen8randombattle": {"elo": 1046.7837309796, "gxe": 55, "rpr": 1540.1606143388, "rprd": 122.8583080769, "w": 1, "l": 0, "coil": null}, "gen8randomdoublesbattle": {"elo": 1000, "gxe": 45, "rpr": 1459.8393856612, "rprd": 122.8583080769, "w": 0, "l": 1, "coil": null}, "gen92v2doubles": {"elo": 1040, "gxe": 55, "rpr": 1540.1606143390134, "rprd": 122.85830807679145, "w": 1, "l": 0, "coil": null}, "gen9nationaldex": {"elo": 1451.5786429226318, "gxe": 58.6, "rpr": 1566.0701829316374, "rprd": 44.981376464596785, "w": 44, "l": 30, "coil": null}, "gen9nationaldexdoubles": {"elo": 1136.5526927802641, "gxe": 52.1, "rpr": 1516.1010610235437, "rprd": 86.50619239564938, "w": 16, "l": 14, "coil": null}, "gen9nationaldexubers": {"elo": 1172.512307122904, "gxe": 49.8, "rpr": 1498.3587467836094, "rprd": 58.14452327404135, "w": 22, "l": 17, "coil": null}, "gen9randombattle": {"elo": 1557.9269404816584, "gxe": 75.1, "rpr": 1710.496840607851, "rprd": 58.9591764134178, "w": 505, "l": 465, "coil": null}, "gen9randomdoublesbattle": {"elo": 1078.8342388411004, "gxe": 58.2, "rpr": 1565.4571153840157, "rprd": 116.56803868777168, "w": 2, "l": 0, "coil": null}, "gen9vgc2025regi": {"elo": 1344.2521982629303, "gxe": 51.8, "rpr": 1513.8561128862875, "rprd": 26.213259758822645, "w": 105, "l": 93, "coil": null}, "gen9vgc2025regibo3": {"elo": 1031.3379582396485, "gxe": 49.4, "rpr": 1495.1201981042957, "rprd": 115.72712898920288, "w": 1, "l": 1, "coil": null}, "gen9vgc2025regj": {"elo": 1127.5620808599178, "gxe": 55.5, "rpr": 1542.7581865710156, "rprd": 86.93703341923836, "w": 6, "l": 4, "coil": null}}}