{"username": "staraptor22", "userid": "staraptor22", "registertime": 1690848000, "group": 1, "ratings": {"gen7oublitz": {"elo": 1000, "gxe": 45.3, "rpr": 1462.2620623086, "rprd": 122.53792218732, "w": 0, "l": 1, "coil": null}, "gen7randombattle": {"elo": 1119.2682601128, "gxe": 59.9, "rpr": 1580.6315776646, "rprd": 130, "w": 5, "l": 4, "coil": null}, "gen9ou": {"elo": 1194.9223528617788, "gxe": 64.7, "rpr": 1617.586588671928, "rprd": 92.06110150359156, "w": 7, "l": 1, "coil": null}, "gen9randombattle": {"elo": 1610.394159939671, "gxe": 72.3, "rpr": 1682.3156867514265, "rprd": 50.800809704519374, "w": 214, "l": 164, "coil": null}, "gen9ru": {"elo": 1134.4534349450284, "gxe": 50.4, "rpr": 1502.7519692032167, "rprd": 87.48005141607258, "w": 5, "l": 5, "coil": 1240.9935686516756}}}