{"username": "Staticgudyg", "userid": "staticgudyg", "registertime": 1698192000, "group": 1, "ratings": {"gen8ou": {"elo": 1020.8296299932169, "gxe": 38.8, "rpr": 1412.157388014669, "rprd": 80.2494172462306, "w": 4, "l": 9, "coil": null}, "gen9anythinggoes": {"elo": 1070.2239008649778, "gxe": 41.9, "rpr": 1436.906708917378, "rprd": 87.78587868366684, "w": 9, "l": 12, "coil": null}, "gen9championsvgc2026regmabo3": {"elo": 1048.2585600149728, "gxe": 48.5, "rpr": 1488.0561190600022, "rprd": 105.45398332968801, "w": 2, "l": 2, "coil": null}, "gen9doublesou": {"elo": 1094.2702340607802, "gxe": 36.8, "rpr": 1396.8380313394848, "rprd": 52.35068679225582, "w": 22, "l": 28, "coil": null}, "gen9doublesubers": {"elo": 1006.0588737367817, "gxe": 26, "rpr": 1300.4043695400576, "rprd": 64.80276097483792, "w": 12, "l": 34, "coil": null}, "gen9nationaldexdoubles": {"elo": 1000, "gxe": 36.5, "rpr": 1389.8585341818005, "rprd": 117.37680737794214, "w": 0, "l": 2, "coil": null}, "gen9nationaldexubers": {"elo": 1000, "gxe": 38.3, "rpr": 1405.277897609573, "rprd": 119.88253311298334, "w": 0, "l": 2, "coil": null}, "gen9ou": {"elo": 1058.1865766952528, "gxe": 38.9, "rpr": 1411.4260713321412, "rprd": 104.43821856951986, "w": 2, "l": 3, "coil": null}, "gen9randombattle": {"elo": 1000, "gxe": 43.4, "rpr": 1446.7373702025886, "rprd": 122.34659295988466, "w": 0, "l": 1, "coil": null}, "gen9vgc2025reghbo3": {"elo": 1000, "gxe": 29.5, "rpr": 1328.9019079660443, "rprd": 102.92093943431925, "w": 0, "l": 5, "coil": null}}}