{"username": "SteelixPrismGX", "userid": "steelixprismgx", "registertime": 1544486400, "group": 1, "ratings": {"digimondigimonshowdownsingles": {"elo": 1000, "gxe": 45, "rpr": 1459.8393856612, "rprd": 122.8583080769, "w": 0, "l": 1, "coil": null}, "gen6randombattle": {"elo": 1352.1791661232528, "gxe": 69.3, "rpr": 1655.1193860710748, "rprd": 51.029837224107666, "w": 557, "l": 466, "coil": null}, "gen7balancedhackmons": {"elo": 1120.3933132158, "gxe": 41.5, "rpr": 1434.1319800482, "rprd": 60.572649671078, "w": 14, "l": 12, "coil": null}, "gen7battlefactory": {"elo": 1000, "gxe": 38.6, "rpr": 1408.1527632871, "rprd": 111.32184692773, "w": 0, "l": 3, "coil": null}, "gen7battlespotsingles": {"elo": 1000, "gxe": 45.6, "rpr": 1464.7554413614, "rprd": 122.06157376609, "w": 0, "l": 1, "coil": null}, "gen7challengecup1v1": {"elo": 1040, "gxe": 55, "rpr": 1540.1606143388, "rprd": 122.8583080769, "w": 1, "l": 0, "coil": null}, "gen7doublesou": {"elo": 1129.4500348901, "gxe": 57.8, "rpr": 1570.8670083096, "rprd": 226.79896684985, "w": 9, "l": 4, "coil": null}, "gen7hackmonscup": {"elo": 1051.7788217745, "gxe": 51.8, "rpr": 1514.8790952367, "rprd": 130, "w": 1, "l": 1, "coil": null}, "gen7inheritance": {"elo": 1000, "gxe": 40.7, "rpr": 1424.9270373752, "rprd": 115.99999342259, "w": 0, "l": 2, "coil": null}, "gen7mixandmega": {"elo": 1000, "gxe": 45, "rpr": 1459.8393856612, "rprd": 122.8583080769, "w": 0, "l": 1, "coil": null}, "gen7ou": {"elo": 1360.0021741053, "gxe": 55.1, "rpr": 1538.9971513595, "rprd": 64.812692632515, "w": 15, "l": 11, "coil": null}, "gen7oublitz": {"elo": 1000, "gxe": 45, "rpr": 1459.8393856612, "rprd": 122.8583080769, "w": 0, "l": 1, "coil": null}, "gen7randombattle": {"elo": 1168.2278843653, "gxe": 40.6, "rpr": 1427.8234686655, "rprd": 57.703787644844, "w": 41, "l": 44, "coil": null}, "gen7ru": {"elo": 1190.0424303971, "gxe": 54.2, "rpr": 1537.4431854717, "rprd": 221.71334131512, "w": 15, "l": 12, "coil": null}, "gen7ubers": {"elo": 1112.4640891447, "gxe": 55.7, "rpr": 1552.075208889, "rprd": 231.81233567049, "w": 5, "l": 2, "coil": null}, "gen7uu": {"elo": 1102.8788743613, "gxe": 48.3, "rpr": 1486.3521940698, "rprd": 106.31348602431, "w": 5, "l": 4, "coil": null}, "gen7vgc2019ultraseries": {"elo": 1005.9880958979, "gxe": 35.9, "rpr": 1388.9565335924, "rprd": 60.79222980713, "w": 0, "l": 0, "coil": null}, "gen8balancedhackmons": {"elo": 1000, "gxe": 43.9, "rpr": 1450.9008298023, "rprd": 122.17204667994, "w": 0, "l": 1, "coil": null}, "gen8challengecup1v1": {"elo": 1198.6508198341, "gxe": 54.3, "rpr": 1533.5709170949, "rprd": 81.56163943934, "w": 29, "l": 24, "coil": null}, "gen8hackmonscup": {"elo": 1185.9303056203, "gxe": 59.7, "rpr": 1574.9801956272, "rprd": 59.591048645939, "w": 23, "l": 20, "coil": null}, "gen8jumpmagikarp": {"elo": 1000, "gxe": 44.6, "rpr": 1456.652379176, "rprd": 122.18894287036, "w": 0, "l": 1, "coil": null}, "gen8megamax": {"elo": 1129.9824877955, "gxe": 66.1, "rpr": 1641.8299453945, "rprd": 179.49525437086, "w": 5, "l": 0, "coil": null}, "gen8megasforall": {"elo": 1205.6901178984, "gxe": 67.8, "rpr": 1650.0271091711, "rprd": 134.02750944641, "w": 17, "l": 7, "coil": null}, "gen8metronomebattle": {"elo": 1260.2951711449, "gxe": 62.4, "rpr": 1595.3097550596, "rprd": 28.900298875872, "w": 499, "l": 343, "coil": null}, "gen8monotyperandombattle": {"elo": 1000, "gxe": 44.3, "rpr": 1454.5885809821, "rprd": 121.83543018145, "w": 0, "l": 1, "coil": null}, "gen8ou": {"elo": 1315.1137614263, "gxe": 57.1, "rpr": 1555.9628210965, "rprd": 91.672316966378, "w": 8, "l": 4, "coil": null}, "gen8randombattle": {"elo": 1223.558467316, "gxe": 63.3, "rpr": 1606.1571139851, "rprd": 94.392222236651, "w": 14, "l": 14, "coil": null}, "gen8randombattleblitz": {"elo": 1000, "gxe": 43.8, "rpr": 1450.6244357817, "rprd": 122.36954014209, "w": 0, "l": 1, "coil": null}, "gen8randombattlemayhem": {"elo": 1050.2994928583, "gxe": 45.9, "rpr": 1467.83465296, "rprd": 104.38372822767, "w": 2, "l": 3, "coil": null}, "gen9battlefactory": {"elo": 1137.327094566, "gxe": 47.9, "rpr": 1483.4807965987, "rprd": 129.30445629439, "w": 9, "l": 8, "coil": null}, "gen9brokencup": {"elo": 1256.8383367554, "gxe": 62.6, "rpr": 1600.8714450652, "rprd": 100.08872269807, "w": 58, "l": 46, "coil": null}, "gen9challengecup1v1": {"elo": 1278.1075061607, "gxe": 52.2, "rpr": 1516.9013449805, "rprd": 79.428850316484, "w": 100, "l": 121, "coil": null}, "gen9challengecup2v2": {"elo": 1027.4349509259966, "gxe": 39, "rpr": 1412.3367835136287, "rprd": 106.38011995177722, "w": 1, "l": 5, "coil": null}, "gen9hackmonscup": {"elo": 1053.917602081503, "gxe": 55.2, "rpr": 1541.920869130964, "rprd": 121.82055117517397, "w": 1, "l": 0, "coil": null}, "gen9metronomebattle": {"elo": 1281.490903990316, "gxe": 61.9, "rpr": 1591.9264232581604, "rprd": 39.53166783232483, "w": 119, "l": 89, "coil": null}, "gen9randombattle": {"elo": 2070.8143817930413, "gxe": 82.9, "rpr": 1797.8856801474037, "rprd": 29.380926768602922, "w": 2087, "l": 1973, "coil": null}, "gen9randombattlehyperblitzautochoose": {"elo": 1061.1090015509083, "gxe": 55, "rpr": 1540.1606143390134, "rprd": 122.85830807679145, "w": 1, "l": 0, "coil": null}, "gen9randomdoublesbattle": {"elo": 1514.9930310223795, "gxe": 62.5, "rpr": 1596.8708262266764, "rprd": 40.396821738990326, "w": 67, "l": 46, "coil": null}, "gen9randomroulette": {"elo": 1040, "gxe": 53, "rpr": 1524.3221388253226, "rprd": 123.32472284680254, "w": 1, "l": 0, "coil": null}, "gen9ru": {"elo": 1137.9245473766023, "gxe": 53.7, "rpr": 1527.7815010613651, "rprd": 34.09509051941576, "w": 8, "l": 5, "coil": 1478.9081505826455}}}