{"username": "Stefaan", "userid": "stefaan", "registertime": 1494201600, "group": 1, "ratings": {"gen7battlefactory": {"elo": 1043.1750808295, "gxe": 47.7, "rpr": 1481.3456924433, "rprd": 118.07098215512, "w": 1, "l": 1, "coil": null}, "gen7challengecup1v1": {"elo": 1076.2124294214, "gxe": 41, "rpr": 1430.0095273877, "rprd": 82.78455809259, "w": 7, "l": 11, "coil": null}, "gen7doublesou": {"elo": 1030.4130290242, "gxe": 41.6, "rpr": 1431.5708393487, "rprd": 130, "w": 1, "l": 1, "coil": null}, "gen7hackmonscup": {"elo": 1022.1660277196, "gxe": 50, "rpr": 1500, "rprd": 116.77753930647, "w": 1, "l": 1, "coil": null}, "gen7lc": {"elo": 1040, "gxe": 55, "rpr": 1540.1606143388, "rprd": 122.8583080769, "w": 1, "l": 0, "coil": null}, "gen7monotype": {"elo": 1307.3210795549, "gxe": 50.5, "rpr": 1504.5072205569, "rprd": 215.30979680705, "w": 66, "l": 62, "coil": null}, "gen7nu": {"elo": 1247.3843223687, "gxe": 67.6, "rpr": 1641.4413299537, "rprd": 74.966502966054, "w": 43, "l": 31, "coil": null}, "gen7ou": {"elo": 1327.3762093556, "gxe": 52.7, "rpr": 1521.1500069782, "rprd": 81.264153390813, "w": 163, "l": 189, "coil": null}, "gen7pu": {"elo": 1161.0665200414, "gxe": 58.5, "rpr": 1565.6755933787, "rprd": 71.391582164945, "w": 13, "l": 7, "coil": null}, "gen7randombattle": {"elo": 1541.2993456341, "gxe": 73.7, "rpr": 1696.5494383691, "rprd": 58.756147583299, "w": 393, "l": 375, "coil": null}, "gen7randomdoublesbattle": {"elo": 1022.1660277196, "gxe": 34.2, "rpr": 1371.7269656101, "rprd": 98.565585406663, "w": 1, "l": 6, "coil": null}, "gen7superstaffbrosbrawl": {"elo": 1102.4280964857, "gxe": 60, "rpr": 1579.574733039, "rprd": 102.85189345191, "w": 4, "l": 1, "coil": null}, "gen7uu": {"elo": 1246.5372521228, "gxe": 60, "rpr": 1591.1421635813, "rprd": 226.191844914, "w": 19, "l": 9, "coil": null}, "gen8bdspou": {"elo": 1341.0179926719, "gxe": 59.8, "rpr": 1588.4008493268, "rprd": 214.7097052502, "w": 48, "l": 34, "coil": null}, "gen8bdsprandombattle": {"elo": 1029.2100141409, "gxe": 49.2, "rpr": 1493.7919953846, "rprd": 116.31200532273, "w": 1, "l": 1, "coil": null}, "gen8lc": {"elo": 1401.2014207838, "gxe": 74.3, "rpr": 1701.5969813798, "rprd": 46.628989283886, "w": 55, "l": 24, "coil": null}, "gen8ou": {"elo": 1399.8490014427, "gxe": 74.1, "rpr": 1729.6497204469, "rprd": 203.20085476417, "w": 132, "l": 98, "coil": null}, "gen8randombattle": {"elo": 1399.0286548942, "gxe": 74, "rpr": 1732.2586352941, "rprd": 213.69915045431, "w": 615, "l": 513, "coil": null}, "gen9babyrandombattle": {"elo": 1202.8559129174, "gxe": 65, "rpr": 1623.9468915183, "rprd": 126.42585435174, "w": 13, "l": 5, "coil": null}, "gen9draftfactory": {"elo": 1382.4914389024, "gxe": 69.2, "rpr": 1667.8741354027, "rprd": 157.1331481289, "w": 92, "l": 44, "coil": null}, "gen9ou": {"elo": 1422.4954510467, "gxe": 62, "rpr": 1592.6031471662, "rprd": 27.222303344478, "w": 102, "l": 79, "coil": null}, "gen9randombattle": {"elo": 1523.1677207799146, "gxe": 74.8, "rpr": 1708.8174036588052, "rprd": 70.9392352036329, "w": 826, "l": 689, "coil": null}}}