{"username": "strdr666", "userid": "strdr666", "registertime": 1547683200, "group": 1, "ratings": {"gen3ou": {"elo": 1298.1093109682, "gxe": 62.9, "rpr": 1601.1456483003, "rprd": 67.707059244173, "w": 689, "l": 710, "coil": null}, "gen3randombattle": {"elo": 1279.7306753168455, "gxe": 57, "rpr": 1554.9009502460647, "rprd": 98.70450292386465, "w": 2137, "l": 1617, "coil": null}, "gen3uu": {"elo": 1040, "gxe": 51.3, "rpr": 1511.3675770341, "rprd": 174.36273781543, "w": 1, "l": 1, "coil": null}, "gen7randombattle": {"elo": 1000, "gxe": 32.3, "rpr": 1353.1012580908, "rprd": 116.17400446893, "w": 0, "l": 4, "coil": null}, "gen81v1": {"elo": 1066.239196903, "gxe": 46.9, "rpr": 1472.064418007, "rprd": 223.75830607316, "w": 8, "l": 9, "coil": null}, "gen8ou": {"elo": 1068.3876937776, "gxe": 42.6, "rpr": 1441.2287230617, "rprd": 100.92617384665, "w": 3, "l": 3, "coil": null}, "gen8randombattle": {"elo": 1438.5981896815, "gxe": 65.9, "rpr": 1638.6752291485, "rprd": 169.98368173091, "w": 742, "l": 695, "coil": null}, "gen8randomdoublesbattle": {"elo": 1080.7536744546, "gxe": 57.6, "rpr": 1560.6029782201, "rprd": 117.27859889185, "w": 2, "l": 0, "coil": null}, "gen9anythinggoes": {"elo": 1199.7450303159294, "gxe": 49.6, "rpr": 1496.747689664015, "rprd": 71.05783960842238, "w": 67, "l": 57, "coil": null}, "gen9monotype": {"elo": 1180.9543418463, "gxe": 44.4, "rpr": 1457.2005550028, "rprd": 67.986970652602, "w": 10, "l": 11, "coil": 1662.5451105976024}, "gen9ou": {"elo": 1038.5255495909, "gxe": 35.9, "rpr": 1388.0005791142, "rprd": 84.238037116983, "w": 3, "l": 8, "coil": null}, "gen9randombattle": {"elo": 1650.7603641639487, "gxe": 74.3, "rpr": 1700.8691084579377, "rprd": 37.4367770078439, "w": 2259, "l": 2111, "coil": null}, "gen9randomdoublesbattle": {"elo": 1050.7443266041432, "gxe": 54.1, "rpr": 1532.649149649446, "rprd": 122.4907911698528, "w": 1, "l": 0, "coil": null}, "gen9ubers": {"elo": 1010.6538461743, "gxe": 41.6, "rpr": 1435.9308548931, "rprd": 38.801287504017, "w": 83, "l": 111, "coil": null}}}