{"username": "Strellok", "userid": "strellok", "registertime": 1693526400, "group": 1, "ratings": {"gen9ou": {"elo": 1461.1509315748015, "gxe": 65.4, "rpr": 1621.5321741590747, "rprd": 55.65603074276225, "w": 39, "l": 23, "coil": null}, "gen9randombattle": {"elo": 2127.9872576398, "gxe": 83.8, "rpr": 1809.7154881863, "rprd": 30.710845152284, "w": 2255, "l": 2041, "coil": null}}}