{"username": "Strongestmans", "userid": "strongestmans", "registertime": 1666396800, "group": 1, "ratings": {"gen1ou": {"elo": 1023.2500241903346, "gxe": 43.3, "rpr": 1446.5845672911762, "rprd": 111.21826625152757, "w": 1, "l": 2, "coil": null}, "gen8doublesou": {"elo": 1000, "gxe": 37.7, "rpr": 1400.7324649166, "rprd": 111.51861011339, "w": 0, "l": 0, "coil": null}, "gen8ubers": {"elo": 1066.5592001291, "gxe": 54.2, "rpr": 1533.3178973745, "rprd": 110.56739723538, "w": 2, "l": 1, "coil": null}, "gen9doublesou": {"elo": 1042.7951537516549, "gxe": 32.5, "rpr": 1358.7662408997155, "rprd": 83.7525033741413, "w": 8, "l": 18, "coil": null}, "gen9ou": {"elo": 1082.2377467939, "gxe": 33, "rpr": 1364.7765392116, "rprd": 66.948707498344, "w": 8, "l": 15, "coil": null}, "gen9randombattle": {"elo": 1000, "gxe": 27.6, "rpr": 1307.120543791421, "rprd": 124.04474086095009, "w": 0, "l": 7, "coil": null}, "gen9randomdoublesbattle": {"elo": 1000, "gxe": 43.5, "rpr": 1447.958421128109, "rprd": 122.15009492597268, "w": 0, "l": 1, "coil": null}}}