{"username": "stuntrodeny", "userid": "stuntrodeny", "registertime": 0, "group": 0, "ratings": {"gen9randombattle": {"elo": 1041.064358199609, "gxe": 39.2, "rpr": 1415.803082828162, "rprd": 74.79799093673795, "w": 7, "l": 10, "coil": null}}}