{"username": "suchalongnam", "userid": "suchalongnam", "registertime": 1555459200, "group": 1, "ratings": {"gen1randombattle": {"elo": 1306.2251379976774, "gxe": 72.5, "rpr": 1687.2718721539989, "rprd": 82.93724989184278, "w": 26, "l": 11, "coil": null}, "gen7monotyperandombattle": {"elo": 1410.135381267, "gxe": 65.1, "rpr": 1617.7578941776, "rprd": 25, "w": 175, "l": 146, "coil": null}, "gen7pickyourteamrandombattle": {"elo": 1353.7814247952, "gxe": 67.5, "rpr": 1638.2141788805, "rprd": 29.657224905264, "w": 96, "l": 72, "coil": null}, "gen7randombattle": {"elo": 1499.7751445941, "gxe": 71.6, "rpr": 1705.6150544551, "rprd": 214.04607057325, "w": 634, "l": 580, "coil": null}, "gen7randomdoublesbattle": {"elo": 1048.9629833272, "gxe": 55, "rpr": 1540.1606143388, "rprd": 122.8583080769, "w": 1, "l": 0, "coil": null}, "gen8monotyperandombattle": {"elo": 1390.5220526058, "gxe": 68.9, "rpr": 1650.1933841226, "rprd": 32.756354032681, "w": 2977, "l": 2528, "coil": null}, "gen8randombattle": {"elo": 1135.7625158058, "gxe": 67.5, "rpr": 1646.8376843177, "rprd": 130, "w": 4, "l": 1, "coil": null}, "gen8randombattlemayhem": {"elo": 1000, "gxe": 45.1, "rpr": 1461.0380398347, "rprd": 121.87975045897, "w": 0, "l": 1, "coil": null}, "gen8randombattlenodmax": {"elo": 1040.5242411093, "gxe": 54.5, "rpr": 1536.2206313598, "rprd": 122.67718185281, "w": 1, "l": 0, "coil": null}, "gen9monotyperandombattle": {"elo": 1414.9665886825508, "gxe": 75.6, "rpr": 1713.1188457967382, "rprd": 28.755380264275093, "w": 3757, "l": 2789, "coil": null}, "gen9randombattle": {"elo": 1982.4109175056208, "gxe": 82.8, "rpr": 1796.6167959658796, "rprd": 32.04296111813643, "w": 314, "l": 246, "coil": null}, "gen9randombattlemayhem": {"elo": 1007.5091419026484, "gxe": 37.4, "rpr": 1397.2044066207347, "rprd": 125.89467212154901, "w": 1, "l": 3, "coil": null}}}