{"username": "SuperSonicX3", "userid": "supersonicx3", "registertime": 1684886400, "group": 1, "ratings": {"gen6ou": {"elo": 1042.567208070986, "gxe": 37.7, "rpr": 1402.236916837684, "rprd": 95.5171464044333, "w": 3, "l": 5, "coil": null}, "gen7doublesou": {"elo": 1119.4089371327, "gxe": 54.3, "rpr": 1538.3594553194, "rprd": 214.22622928142, "w": 4, "l": 2, "coil": null}, "gen7ou": {"elo": 1035.5308263007225, "gxe": 28.9, "rpr": 1322.4568136618595, "rprd": 108.24962278575688, "w": 66, "l": 100, "coil": null}, "gen8ou": {"elo": 1085.7799142354083, "gxe": 52.5, "rpr": 1519.958474941966, "rprd": 130, "w": 5, "l": 3, "coil": null}, "gen9anythinggoes": {"elo": 1214.3402405600802, "gxe": 60, "rpr": 1579.37271065785, "rprd": 97.78163151830432, "w": 89, "l": 96, "coil": null}, "gen9balancedhackmons": {"elo": 1051.9434797072709, "gxe": 33.1, "rpr": 1363.0291503364276, "rprd": 88.64511151413122, "w": 74, "l": 125, "coil": null}, "gen9blankcanvasrandombattle": {"elo": 1040, "gxe": 55, "rpr": 1540.1606143388, "rprd": 124.30155345886, "w": 1, "l": 0, "coil": null}, "gen9brokencup": {"elo": 1040, "gxe": 55, "rpr": 1540.1606143390134, "rprd": 122.85830807679145, "w": 1, "l": 0, "coil": null}, "gen9challengecup2v2": {"elo": 1000, "gxe": 46.3, "rpr": 1470.0446402683729, "rprd": 122.63144120149872, "w": 0, "l": 1, "coil": null}, "gen9doublesubers": {"elo": 1103.5967524905216, "gxe": 49.3, "rpr": 1494.584317366116, "rprd": 85.1647473222906, "w": 7, "l": 6, "coil": null}, "gen9hackmonscup": {"elo": 1000, "gxe": 40.6, "rpr": 1424.274488770356, "rprd": 122.6481168562246, "w": 0, "l": 2, "coil": null}, "gen9metronomebattle": {"elo": 1061.7009694016713, "gxe": 46.9, "rpr": 1474.968199150465, "rprd": 122.79317973882382, "w": 2, "l": 4, "coil": null}, "gen9mixandmegacup": {"elo": 1040, "gxe": 55, "rpr": 1540.1606143390134, "rprd": 122.85830807679145, "w": 1, "l": 0, "coil": null}, "gen9nationaldexdoubles": {"elo": 1191.3466636846408, "gxe": 49.1, "rpr": 1492.9834633719445, "rprd": 91.85933581677422, "w": 241, "l": 256, "coil": null}, "gen9nationaldexmonotype": {"elo": 1000, "gxe": 45, "rpr": 1459.8393856609866, "rprd": 122.85830807679145, "w": 0, "l": 1, "coil": null}, "gen9nationaldexubers": {"elo": 1120.9646060890782, "gxe": 39, "rpr": 1412.4261071048677, "rprd": 97.73709352979337, "w": 229, "l": 253, "coil": null}, "gen9ou": {"elo": 1054.7460878147638, "gxe": 31.6, "rpr": 1345.8535695761752, "rprd": 122.2114418300788, "w": 56, "l": 97, "coil": null}, "gen9randombattle": {"elo": 1368.5834790121655, "gxe": 58.9, "rpr": 1569.348562698555, "rprd": 81.23156949865032, "w": 70, "l": 57, "coil": null}, "gen9randombattleblitz": {"elo": 1113.0485660275467, "gxe": 49.3, "rpr": 1494.740722696341, "rprd": 123.61642576680883, "w": 22, "l": 23, "coil": null}, "gen9randombattlemayhem": {"elo": 1108.875476497167, "gxe": 63.2, "rpr": 1607.0285580066447, "rprd": 110.95659481180904, "w": 3, "l": 0, "coil": null}, "gen9randomdoublesbattle": {"elo": 1027.3525942052445, "gxe": 49.5, "rpr": 1495.8677302226176, "rprd": 116.8212091497403, "w": 1, "l": 1, "coil": null}, "gen9randomroulette": {"elo": 1079.856548489595, "gxe": 58.9, "rpr": 1571.9291885813593, "rprd": 118.14011728294727, "w": 3, "l": 1, "coil": null}, "gen9superstaffbrosultimate": {"elo": 1051.5326942135657, "gxe": 54.7, "rpr": 1537.6161085351891, "rprd": 122.1434070532244, "w": 1, "l": 0, "coil": null}, "gen9ubers": {"elo": 1021.7753901895564, "gxe": 39.3, "rpr": 1416.7352605169617, "rprd": 69.56719944606328, "w": 9, "l": 12, "coil": null}}}