{"username": "Supercami", "userid": "supercami", "registertime": 1515542400, "group": 1, "ratings": {"digimondigimonshowdowndoubles": {"elo": 1047.495200724, "gxe": 55.5, "rpr": 1544.2236143616, "rprd": 122.52547185587, "w": 1, "l": 0, "coil": null}, "digimondigimonshowdownmonotypedoubles": {"elo": 1040, "gxe": 54.6, "rpr": 1540.1606143388, "rprd": 203.47407232887, "w": 1, "l": 0, "coil": null}, "gen2ou": {"elo": 1008.1243563715, "gxe": 40.2, "rpr": 1421.8095049825, "rprd": 105.27208011727, "w": 1, "l": 4, "coil": null}, "gen2randombattle": {"elo": 1108.6744504443, "gxe": 62.6, "rpr": 1603.3752322922, "rprd": 130, "w": 4, "l": 3, "coil": null}, "gen31v1": {"elo": 1112.9787018343, "gxe": 62.2, "rpr": 1622.1195517075, "rprd": 285.61263524633, "w": 3, "l": 0, "coil": null}, "gen3ou": {"elo": 1042.6687338796, "gxe": 44.8, "rpr": 1458.99690153, "rprd": 102.52199190576, "w": 2, "l": 3, "coil": null}, "gen3randombattle": {"elo": 1337.8474670489, "gxe": 67.2, "rpr": 1644.2106077913, "rprd": 130, "w": 25, "l": 8, "coil": null}, "gen4randombattle": {"elo": 1113.7652891943, "gxe": 64.9, "rpr": 1623.2340741679, "rprd": 130, "w": 5, "l": 2, "coil": null}, "gen6battlefactory": {"elo": 1051.9812956665, "gxe": 51.6, "rpr": 1512.5390155439, "rprd": 117.34847780527, "w": 2, "l": 1, "coil": null}, "gen71v1": {"elo": 1082.5333099069, "gxe": 34, "rpr": 1368.4512530294, "rprd": 112.96911258845, "w": 22, "l": 24, "coil": null}, "gen72v2doubles": {"elo": 1327.4699876901, "gxe": 67.7, "rpr": 1701.5075505329, "rprd": 359.27445304551, "w": 18, "l": 5, "coil": null}, "gen7almostanyability": {"elo": 1037.4540952583, "gxe": 47, "rpr": 1476.4605754337, "rprd": 113.05231356662, "w": 1, "l": 2, "coil": null}, "gen7anythinggoes": {"elo": 1116.4630603622, "gxe": 50.8, "rpr": 1507.5725586452, "rprd": 230.90024869089, "w": 7, "l": 5, "coil": null}, "gen7balancedhackmons": {"elo": 1036.0681065089, "gxe": 35.8, "rpr": 1385.7851134798, "rprd": 97.890788000364, "w": 25, "l": 28, "coil": null}, "gen7battlefactory": {"elo": 1096.8953585855, "gxe": 62.6, "rpr": 1603.469553551, "rprd": 126.32821333388, "w": 4, "l": 2, "coil": null}, "gen7bssfactory": {"elo": 1168.0775570931, "gxe": 63.3, "rpr": 1605.5058039742, "rprd": 82.625129154184, "w": 43, "l": 34, "coil": null}, "gen7cap": {"elo": 1000, "gxe": 47.6, "rpr": 1480.745277761, "rprd": 124.38549446419, "w": 0, "l": 1, "coil": null}, "gen7challengecup1v1": {"elo": 1387.6344541239, "gxe": 68.6, "rpr": 1648.4635631996, "rprd": 50.968489456432, "w": 209, "l": 164, "coil": null}, "gen7doublesou": {"elo": 1288.86654195, "gxe": 58.7, "rpr": 1580.0660954439, "rprd": 232.17750561548, "w": 115, "l": 107, "coil": null}, "gen7doublesubers": {"elo": 1315.8350806776, "gxe": 66.4, "rpr": 1631.2704023276, "rprd": 73.823995788448, "w": 28, "l": 21, "coil": null}, "gen7doublesuu": {"elo": 1196.1434255947, "gxe": 62.7, "rpr": 1599.6098834656, "rprd": 75.32669720447, "w": 76, "l": 68, "coil": null}, "gen7hackmonscup": {"elo": 1293.6134005147, "gxe": 70.8, "rpr": 1673.7689881337, "rprd": 103.94846040253, "w": 59, "l": 56, "coil": null}, "gen7hiddentype": {"elo": 1061.0125875253, "gxe": 50.6, "rpr": 1504.506037547, "rprd": 106.75143613518, "w": 2, "l": 2, "coil": null}, "gen7lc": {"elo": 1153.1151650464, "gxe": 52.6, "rpr": 1520.0078246289, "rprd": 82.490661096246, "w": 68, "l": 94, "coil": null}, "gen7letsgorandombattle": {"elo": 1234.2048777537, "gxe": 67.9, "rpr": 1642.4959673318, "rprd": 55.067955259899, "w": 63, "l": 38, "coil": null}, "gen7metronomebattle": {"elo": 1125.0671642975, "gxe": 43.7, "rpr": 1450.9375299888, "rprd": 84.891355605231, "w": 32, "l": 44, "coil": null}, "gen7mixandmega": {"elo": 1343.9223195277, "gxe": 72.4, "rpr": 1689.4988448091, "rprd": 103.35136980116, "w": 38, "l": 21, "coil": null}, "gen7monotype": {"elo": 1192.9468831819, "gxe": 48.1, "rpr": 1483.0835314127, "rprd": 219.2362468621, "w": 174, "l": 174, "coil": null}, "gen7monotyperandombattle": {"elo": 1348.2380319052, "gxe": 59.6, "rpr": 1575.2114792513, "rprd": 75.623160064819, "w": 42, "l": 32, "coil": null}, "gen7nu": {"elo": 1046.0270652698, "gxe": 36.8, "rpr": 1393.2483949811, "rprd": 113.67316406777, "w": 50, "l": 64, "coil": null}, "gen7ou": {"elo": 1197.0358313083, "gxe": 41.5, "rpr": 1431.2175955509, "rprd": 130, "w": 162, "l": 160, "coil": null}, "gen7oublitz": {"elo": 1008.5755395992, "gxe": 44.6, "rpr": 1458.7650305888, "rprd": 60.749914375545, "w": 13, "l": 16, "coil": null}, "gen7partnersincrime": {"elo": 1000, "gxe": 32.4, "rpr": 1354.2525674444, "rprd": 112.04764641565, "w": 0, "l": 3, "coil": null}, "gen7pu": {"elo": 1228.3294623454, "gxe": 65.1, "rpr": 1621.7232854458, "rprd": 98.318765272376, "w": 98, "l": 119, "coil": null}, "gen7randombattle": {"elo": 1450.946919386, "gxe": 68.6, "rpr": 1647.4487706858, "rprd": 33.083279730782, "w": 1054, "l": 1003, "coil": null}, "gen7randomdoublesbattle": {"elo": 1499.2285907996, "gxe": 75.7, "rpr": 1717.2154292972, "rprd": 59.063593384345, "w": 380, "l": 318, "coil": null}, "gen7ru": {"elo": 1151.578302597, "gxe": 54.5, "rpr": 1535.1204204672, "rprd": 101.35680272815, "w": 95, "l": 107, "coil": null}, "gen7ubers": {"elo": 1344.3784683202, "gxe": 62.9, "rpr": 1619.3270406423, "rprd": 227.64932877598, "w": 38, "l": 27, "coil": null}, "gen7uu": {"elo": 1082.9126920053, "gxe": 46.1, "rpr": 1465.240158807, "rprd": 217.92764070477, "w": 22, "l": 26, "coil": null}, "gen82v2doubles": {"elo": 1067.5257512308, "gxe": 45.5, "rpr": 1464.2377513008, "rprd": 103.43931633836, "w": 2, "l": 3, "coil": null}, "gen8bdspdoublesou": {"elo": 1257.5629263509, "gxe": 68.9, "rpr": 1653.6924848636, "rprd": 77.783115130121, "w": 19, "l": 10, "coil": null}, "gen8bdspou": {"elo": 1318.6192516294, "gxe": 57, "rpr": 1560.2758432241, "rprd": 185.510781306, "w": 192, "l": 178, "coil": null}, "gen8bdsprandombattle": {"elo": 1424.7270872053, "gxe": 73.3, "rpr": 1693.8195568147, "rprd": 72.437435056986, "w": 33, "l": 15, "coil": null}, "gen8bonustype": {"elo": 1107.796189747, "gxe": 57.8, "rpr": 1562.1468774685, "rprd": 105.09132928957, "w": 3, "l": 1, "coil": null}, "gen8camomons": {"elo": 1023.8454900412, "gxe": 41.2, "rpr": 1429.7764136003, "rprd": 103.69011668789, "w": 1, "l": 4, "coil": null}, "gen8challengecup1v1": {"elo": 1259.9309796647, "gxe": 60.8, "rpr": 1587.0282978583, "rprd": 116.09840402118, "w": 36, "l": 32, "coil": null}, "gen8doublesou": {"elo": 1410.265748595, "gxe": 63.1, "rpr": 1619.6626114505, "rprd": 216.0194022176, "w": 180, "l": 163, "coil": null}, "gen8doublesuu": {"elo": 1305.6965169997, "gxe": 68.7, "rpr": 1649.8443410585, "rprd": 58.487142282011, "w": 48, "l": 31, "coil": null}, "gen8hackmonscup": {"elo": 1334.7770179216, "gxe": 72.6, "rpr": 1695.3986073966, "rprd": 124.95515905774, "w": 26, "l": 14, "coil": null}, "gen8lc": {"elo": 1170.9337262068, "gxe": 50.3, "rpr": 1502.0942226412, "rprd": 87.605192199682, "w": 29, "l": 33, "coil": null}, "gen8linked": {"elo": 1000, "gxe": 37.4, "rpr": 1398.1115419935, "rprd": 110.23438241965, "w": 0, "l": 3, "coil": null}, "gen8monotype": {"elo": 1238.2796235581, "gxe": 60.4, "rpr": 1581.5960887976, "rprd": 87.495260662866, "w": 32, "l": 28, "coil": null}, "gen8monotyperandombattle": {"elo": 1394.9462911289, "gxe": 66.6, "rpr": 1635.7772750479, "rprd": 106.57423899552, "w": 62, "l": 45, "coil": null}, "gen8nfe": {"elo": 1000, "gxe": 41.3, "rpr": 1429.7819820108, "rprd": 116.95407691351, "w": 0, "l": 2, "coil": null}, "gen8nu": {"elo": 1000, "gxe": 44.2, "rpr": 1453.5551795361, "rprd": 121.91980062315, "w": 0, "l": 1, "coil": null}, "gen8ou": {"elo": 1192.9962012552, "gxe": 47.4, "rpr": 1479.5405776932, "rprd": 87.71102811826, "w": 264, "l": 272, "coil": null}, "gen8oublitz": {"elo": 1190.2154965295, "gxe": 71.9, "rpr": 1686.5699589038, "rprd": 116.34422439762, "w": 7, "l": 0, "coil": null}, "gen8pu": {"elo": 1113.9335216253, "gxe": 53.7, "rpr": 1528.0475610495, "rprd": 56.442919954935, "w": 27, "l": 22, "coil": null}, "gen8randombattle": {"elo": 1401.9670445175, "gxe": 77.9,