{"username": "Sushi4928", "userid": "sushi4928", "registertime": 1555027200, "group": 1, "ratings": {"digimondigimonshowdownsingles": {"elo": 1040, "gxe": 55, "rpr": 1540.1606143388, "rprd": 122.8583080769, "w": 1, "l": 0, "coil": null}, "gen1randombattle": {"elo": 1130.4380954535, "gxe": 67.2, "rpr": 1644.4854274747, "rprd": 130, "w": 5, "l": 1, "coil": null}, "gen2randombattle": {"elo": 1067.5328731829, "gxe": 56, "rpr": 1547.8230117216, "rprd": 112.02830284498, "w": 2, "l": 1, "coil": null}, "gen3randombattle": {"elo": 1040, "gxe": 59.8, "rpr": 1579.8489103796, "rprd": 130, "w": 1, "l": 1, "coil": null}, "gen4randombattle": {"elo": 1000, "gxe": 44.8, "rpr": 1458.1171703412, "rprd": 122.13382491305, "w": 0, "l": 1, "coil": null}, "gen4sharedpowerrandombattle": {"elo": 1041.753680413, "gxe": 54.8, "rpr": 1538.480802684, "rprd": 122.42776027209, "w": 1, "l": 0, "coil": null}, "gen5randombattle": {"elo": 1086.3885732813, "gxe": 59.1, "rpr": 1572.8089568268, "rprd": 116.11264194113, "w": 2, "l": 0, "coil": null}, "gen6randombattle": {"elo": 1144.5990241525, "gxe": 61.8, "rpr": 1596.8093361585, "rprd": 130, "w": 10, "l": 6, "coil": null}, "gen7balancedhackmons": {"elo": 1140.8669215631, "gxe": 47.5, "rpr": 1481.2660541068, "rprd": 59.246330845282, "w": 66, "l": 61, "coil": null}, "gen7battlefactory": {"elo": 1388.1967200493, "gxe": 71.4, "rpr": 1705.5334375236, "rprd": 225.13030901988, "w": 82, "l": 46, "coil": null}, "gen7bssfactory": {"elo": 1040, "gxe": 55, "rpr": 1540.1606143388, "rprd": 122.8583080769, "w": 1, "l": 0, "coil": null}, "gen7challengecup1v1": {"elo": 1000, "gxe": 45, "rpr": 1459.8393856612, "rprd": 122.8583080769, "w": 0, "l": 1, "coil": null}, "gen7hackmonscup": {"elo": 1100.6162095552, "gxe": 59.4, "rpr": 1575.7311678944, "rprd": 116.22529069793, "w": 2, "l": 0, "coil": null}, "gen7monotypebattlefactory": {"elo": 1370.2874014432, "gxe": 70.9, "rpr": 1676.8956702987, "rprd": 116.12318848343, "w": 57, "l": 28, "coil": null}, "gen7monotyperandombattle": {"elo": 1204.116531657, "gxe": 50.2, "rpr": 1501.9006386387, "rprd": 55.542411323853, "w": 26, "l": 25, "coil": null}, "gen7ou": {"elo": 1138.1038307358, "gxe": 47.7, "rpr": 1481.5431911451, "rprd": 116.00623605796, "w": 52, "l": 59, "coil": null}, "gen7oublitz": {"elo": 1040, "gxe": 55, "rpr": 1540.1606143388, "rprd": 122.8583080769, "w": 1, "l": 0, "coil": null}, "gen7pickyourteamrandombattle": {"elo": 1040, "gxe": 55, "rpr": 1540.1606143388, "rprd": 122.8583080769, "w": 1, "l": 0, "coil": null}, "gen7pu": {"elo": 1041.5619606337, "gxe": 53.5, "rpr": 1527.9733658278, "rprd": 123.4590333753, "w": 1, "l": 0, "coil": null}, "gen7randombattle": {"elo": 1579.5374801169, "gxe": 83.6, "rpr": 1828.6908916986, "rprd": 131.36480627919, "w": 2787, "l": 2522, "coil": null}, "gen7randomdoublesbattle": {"elo": 1258.1524853533, "gxe": 58.2, "rpr": 1562.95727059, "rprd": 54.146512956269, "w": 32, "l": 25, "coil": null}, "gen7superstaffbrosbrawl": {"elo": 1247.349262881, "gxe": 67.1, "rpr": 1638.6113545821, "rprd": 91.186239527239, "w": 18, "l": 13, "coil": null}, "gen7ubers": {"elo": 1420.1945491267, "gxe": 69.3, "rpr": 1682.661030371, "rprd": 222.87802369067, "w": 93, "l": 73, "coil": null}, "gen8balancedhackmons": {"elo": 1113.107545035, "gxe": 49.3, "rpr": 1494.4585229267, "rprd": 61.165148738667, "w": 19, "l": 20, "coil": null}, "gen8balancedhackmonsbeta": {"elo": 1030.6513508934, "gxe": 50, "rpr": 1500, "rprd": 116.77753930647, "w": 1, "l": 1, "coil": null}, "gen8battlefactory": {"elo": 1279.4754376037, "gxe": 64.7, "rpr": 1627.9912421234, "rprd": 173.87387177972, "w": 170, "l": 122, "coil": null}, "gen8bdsprandombattle": {"elo": 1124.9096051284, "gxe": 56.3, "rpr": 1549.0311163668, "rprd": 94.169720131152, "w": 7, "l": 4, "coil": null}, "gen8bssfactory": {"elo": 1203.8692583739, "gxe": 71.7, "rpr": 1684.4205704413, "rprd": 117.67509903622, "w": 13, "l": 6, "coil": null}, "gen8challengecup1v1": {"elo": 1321.4697376212, "gxe": 65.6, "rpr": 1624.5588935498, "rprd": 76.980540287079, "w": 52, "l": 42, "coil": null}, "gen8doublesou": {"elo": 1063.0080357719, "gxe": 49.7, "rpr": 1497.5002332259, "rprd": 108.45262058014, "w": 2, "l": 2, "coil": null}, "gen8hackmonscup": {"elo": 1016.7131376821, "gxe": 39.2, "rpr": 1414.569377547, "rprd": 93.687301544143, "w": 8, "l": 12, "coil": null}, "gen8joltemonsrandombattle": {"elo": 1070.1028089042, "gxe": 59, "rpr": 1572.5671258289, "rprd": 120.35026160045, "w": 2, "l": 0, "coil": null}, "gen8monotyperandombattle": {"elo": 1422.7886074899, "gxe": 70.8, "rpr": 1670.6255981867, "rprd": 80.649352594842, "w": 119, "l": 78, "coil": null}, "gen8nationaldexag": {"elo": 1048.3196006408, "gxe": 54.2, "rpr": 1533.0891783611, "rprd": 111.51861011339, "w": 2, "l": 1, "coil": null}, "gen8nationaldexbh": {"elo": 1000, "gxe": 45.8, "rpr": 1466.3529610826, "rprd": 122.45618752984, "w": 0, "l": 1, "coil": null}, "gen8ou": {"elo": 1310.6779081714, "gxe": 56.7, "rpr": 1553.2654170762, "rprd": 116.80179648717, "w": 52, "l": 41, "coil": null}, "gen8purehackmons": {"elo": 1215.7396689406, "gxe": 66.4, "rpr": 1631.5723975008, "rprd": 81.340207800578, "w": 13, "l": 4, "coil": null}, "gen8randombattle": {"elo": 1399.4227089069, "gxe": 77.7, "rpr": 1775.1099170808, "rprd": 210.46810166736, "w": 2970, "l": 2727, "coil": null}, "gen8randombattleblitz": {"elo": 1450.8950412724, "gxe": 68.8, "rpr": 1649.5690365958, "rprd": 29.339314336133, "w": 80, "l": 61, "coil": null}, "gen8randombattlemayhem": {"elo": 1177.655510803, "gxe": 53.8, "rpr": 1528.9518450727, "rprd": 65.360539567282, "w": 27, "l": 26, "coil": null}, "gen8randombattlenodmax": {"elo": 1188.8322667555, "gxe": 54.5, "rpr": 1534.1348192576, "rprd": 62.396809666407, "w": 16, "l": 16, "coil": null}, "gen8randomdoublesbattle": {"elo": 1354.0273313911, "gxe": 71.7, "rpr": 1686.3941488754, "rprd": 128.86867216939, "w": 36, "l": 25, "coil": null}, "gen8roulettemonsrandombattle": {"elo": 1107.3583723391, "gxe": 62.7, "rpr": 1624.4608831899, "rprd": 269.07436442692, "w": 3, "l": 0, "coil": null}, "gen8superstaffbros4": {"elo": 1115.5926410116, "gxe": 56.1, "rpr": 1548.2313751348, "rprd": 114.15353935304, "w": 3, "l": 2, "coil": null}, "gen8trademarked": {"elo": 1000, "gxe": 41, "rpr": 1427.5492869394, "rprd": 116.00423118802, "w": 0, "l": 2, "coil": null}, "gen8ubers": {"elo": 1281.6553338869, "gxe": 64.5, "rpr": 1634.2704683496, "rprd": 221.56684712146, "w": 18, "l": 7, "coil": null}, "gen9battlefactory": {"elo": 1095.4983230897, "gxe": 50.8, "rpr": 1506.2522359355, "rprd": 155.67670556555, "w": 7, "l": 7, "coil": null}, "gen9brokencup": {"elo": 1201.0218313883, "gxe": 63.8, "rpr": 1621.6920883167, "rprd": 186.66547254066, "w": 8, "l": 3, "coil": null}, "gen9championsrandombattle": {"elo": 1040.87138645628, "gxe": 54.6, "rpr": 1536.840656654203, "rprd": 122.05887137590301, "w": 1, "l": 0, "coil": null}, "gen9championsvgc2026regma": {"elo": 1403.0470927519234, "gxe": 73.2, "rpr": 1693.111988986613, "rprd": 68.74124961924278, "w": 19, "l": 2, "coil": null}, "gen9championsvgc2026regmb": {"elo": 1438.2341502049, "gxe": 70.4, "rpr": 1664.8228795164, "rprd": 55.155908259546, "w": 30, "l": 11, "coil": null}, "gen9computergeneratedteams": {"elo": 1061.8474324885, "gxe": 57.4, "rpr": 1559.3227699805, "rprd": 123.16717477146, "w": 1, "l": 0, "coil": null}, "gen9doublesbrokencup": {"elo": 1000, "gxe": 45, "rpr": 1459.8393856609866, "rprd": 122.85830807679145, "w": 0, "l": 1, "coil": null}, "gen9draftfactory": {"elo": 1040, "gxe": 55, "rpr": 1540.1606143390134, "rprd": 122.85830807679145, "w": 1, "l": 0, "coil": null}, "gen9lc": {"elo": 1167.3464559071, "gxe": 63.1, "rpr": 1604.5399883512, "rprd": 92.466063033699, "w": 6, "l": 2, "coil": null}, "gen9monotyperandombattle": {"elo": 1478.4054130453906, "gxe": 68.2, "rpr": 1651.9857658361307, "rprd": 121.85191877279458, "w": 140, "l": 96, "coil": null}, "gen9nationaldex": {"elo": 1610.6662631432625, "gxe": 75.3, "rpr": 1710.7083516487487, "rprd": 43.466027321780395, "w": 199, "l": 137, "coil": null},