{"username": "swampertsimp69", "userid": "swampertsimp69", "registertime": 0, "group": 0, "ratings": {"gen1randombattle": {"elo": 1184.7757781457972, "gxe": 61.5, "rpr": 1593.580051559667, "rprd": 123.81090820219927, "w": 9, "l": 5, "coil": null}, "gen3randombattle": {"elo": 1141.2834352894236, "gxe": 65.1, "rpr": 1623.770719643236, "rprd": 119.73610035826576, "w": 5, "l": 1, "coil": null}, "gen4randombattle": {"elo": 1206.255642611297, "gxe": 62.6, "rpr": 1602.485398945666, "rprd": 122.03096749226316, "w": 14, "l": 6, "coil": null}, "gen5pokebilitiesrandombattle": {"elo": 1043.9520476445625, "gxe": 53.6, "rpr": 1528.7939096034856, "rprd": 122.78963163154917, "w": 1, "l": 0, "coil": null}, "gen5randombattle": {"elo": 1289.040528298779, "gxe": 64.8, "rpr": 1618.4485690267873, "rprd": 85.78433470958957, "w": 25, "l": 16, "coil": null}, "gen6ou": {"elo": 1107.3244102134, "gxe": 63.1, "rpr": 1606.6513017037, "rprd": 116.72675045601, "w": 3, "l": 0, "coil": null}, "gen6randombattle": {"elo": 1423.0994409984048, "gxe": 67.7, "rpr": 1640.620100070192, "rprd": 49.408112524192816, "w": 92, "l": 71, "coil": null}, "gen7randombattle": {"elo": 1237.9148966569355, "gxe": 69.9, "rpr": 1664.6369394731487, "rprd": 97.59801338622053, "w": 11, "l": 2, "coil": null}, "gen81v1": {"elo": 1303.9672746586, "gxe": 56.5, "rpr": 1557.9284003516, "rprd": 215.59087712247, "w": 35, "l": 28, "coil": null}, "gen8bdsprandombattle": {"elo": 1013.2859890502, "gxe": 43.6, "rpr": 1449.0840296874, "rprd": 113.79494254086, "w": 1, "l": 2, "coil": null}, "gen8doublesou": {"elo": 1103.9777273362, "gxe": 60.5, "rpr": 1584.6927915473, "rprd": 112.3766284565, "w": 3, "l": 0, "coil": null}, "gen8lc": {"elo": 1000, "gxe": 39.9, "rpr": 1418.6828325995, "rprd": 116.36010627923, "w": 0, "l": 2, "coil": null}, "gen8randombattle": {"elo": 1174.7791698132248, "gxe": 54.9, "rpr": 1539.120213707041, "rprd": 122.00100922507077, "w": 10, "l": 4, "coil": null}, "gen91v1": {"elo": 1243.3449390227534, "gxe": 61.5, "rpr": 1590.1598323833946, "rprd": 77.87802845676613, "w": 15, "l": 11, "coil": null}, "gen9babyrandombattle": {"elo": 1127.7306518861267, "gxe": 66.7, "rpr": 1638.2672211395286, "rprd": 121.1100827026154, "w": 4, "l": 0, "coil": null}, "gen9brokencup": {"elo": 1057.424296250551, "gxe": 55.4, "rpr": 1543.429813937354, "rprd": 122.01337235868426, "w": 1, "l": 0, "coil": null}, "gen9challengecup1v1": {"elo": 1185.9143541743128, "gxe": 50.6, "rpr": 1504.7615709259153, "rprd": 64.90471888190092, "w": 162, "l": 142, "coil": null}, "gen9challengecup2v2": {"elo": 1000, "gxe": 47.2, "rpr": 1477.8442350670923, "rprd": 123.67694837546985, "w": 0, "l": 1, "coil": null}, "gen9computergeneratedteams": {"elo": 1000, "gxe": 45, "rpr": 1459.8393856609866, "rprd": 122.85830807679145, "w": 0, "l": 1, "coil": null}, "gen9hackmonscup": {"elo": 1000, "gxe": 38.8, "rpr": 1408.9097953922608, "rprd": 122.12513092937901, "w": 0, "l": 2, "coil": null}, "gen9legendszaou": {"elo": 1130.8427682785255, "gxe": 55.3, "rpr": 1541.4123885411282, "rprd": 84.37000212678612, "w": 8, "l": 5, "coil": null}, "gen9monotyperandombattle": {"elo": 1232.7511276150026, "gxe": 65.9, "rpr": 1629.7731367667973, "rprd": 105.37770752035557, "w": 12, "l": 5, "coil": null}, "gen9ou": {"elo": 1100.5849521000887, "gxe": 43.8, "rpr": 1450.9696237366495, "rprd": 95.09272986934764, "w": 7, "l": 6, "coil": null}, "gen9partnersincrimerandombattle6moves": {"elo": 1000, "gxe": 44.7, "rpr": 1457.92027795596, "rprd": 121.84336624870934, "w": 0, "l": 1, "coil": null}, "gen9pickyourteamrandombattle": {"elo": 1044.5849307009835, "gxe": 50.8, "rpr": 1506.244945132565, "rprd": 123.12064924323298, "w": 1, "l": 1, "coil": null}, "gen9randombattle": {"elo": 2069.952061087533, "gxe": 84.1, "rpr": 1815.5421535197452, "rprd": 38.8123054948253, "w": 1578, "l": 1439, "coil": null}, "gen9randombattleblitz": {"elo": 1470.5155723675794, "gxe": 64.7, "rpr": 1615.2491358159584, "rprd": 60.83129969020987, "w": 364, "l": 343, "coil": null}, "gen9randomdoublesbattle": {"elo": 1115.311338064036, "gxe": 54, "rpr": 1531.9025945182227, "rprd": 109.44115875564482, "w": 5, "l": 4, "coil": null}, "gen9randomroulette": {"elo": 1083.9025533516376, "gxe": 56.2, "rpr": 1549.8934881311175, "rprd": 122.11897960872882, "w": 2, "l": 1, "coil": null}, "gen9superstaffbrosultimate": {"elo": 1120.2687573270146, "gxe": 63.1, "rpr": 1607.5303150716413, "rprd": 125.56600269584698, "w": 3, "l": 0, "coil": null}}}