{"username": "syiffer", "userid": "syiffer", "registertime": 1487376000, "group": 1, "ratings": {"digimondigimonshowdownsingles": {"elo": 1022.1660277196, "gxe": 50, "rpr": 1500, "rprd": 116.77753930647, "w": 1, "l": 1, "coil": null}, "gen4randombattle": {"elo": 1000, "gxe": 45.6, "rpr": 1464.7669337881, "rprd": 122.24087848726, "w": 0, "l": 1, "coil": null}, "gen6randombattle": {"elo": 1045.2955714828, "gxe": 55, "rpr": 1540.1606143388, "rprd": 122.8583080769, "w": 1, "l": 0, "coil": null}, "gen7ou": {"elo": 1321.754240458, "gxe": 58.4, "rpr": 1564.7738819654, "rprd": 66.740341594162, "w": 70, "l": 58, "coil": null}, "gen7randombattle": {"elo": 1499.8411587248, "gxe": 73.5, "rpr": 1727.0109110516, "rprd": 217.50600785038, "w": 1940, "l": 1767, "coil": null}, "gen7randomdoublesbattle": {"elo": 1154.8921744137, "gxe": 56.7, "rpr": 1552.5012909807, "rprd": 102.13872112818, "w": 0, "l": 0, "coil": null}, "gen8doublesou": {"elo": 1079.0967743922, "gxe": 54, "rpr": 1531.3932568167, "rprd": 110.165672837, "w": 2, "l": 1, "coil": null}, "gen8monotyperandombattle": {"elo": 1378.4558429101, "gxe": 68.6, "rpr": 1647.6010787043, "rprd": 42.344736009283, "w": 46, "l": 35, "coil": null}, "gen8ou": {"elo": 1421.2850708197, "gxe": 60.7, "rpr": 1596.5812530812, "rprd": 215.53175365562, "w": 268, "l": 249, "coil": null}, "gen8randombattle": {"elo": 1399.061782211, "gxe": 69.6, "rpr": 1685.6952194611, "rprd": 219.790386768, "w": 900, "l": 751, "coil": null}, "gen8randombattleblitz": {"elo": 1000, "gxe": 44.8, "rpr": 1458.0646668479, "rprd": 122.41432708584, "w": 0, "l": 1, "coil": null}, "gen8randomdoublesbattle": {"elo": 1499.5969225857, "gxe": 74.7, "rpr": 1730.5537690135, "rprd": 182.30461365091, "w": 973, "l": 876, "coil": null}, "gen8ubers": {"elo": 1219.2243198583, "gxe": 59.9, "rpr": 1590.3875515346, "rprd": 221.36396186172, "w": 20, "l": 12, "coil": null}, "gen9randombattle": {"elo": 2069.2528414012645, "gxe": 84.6, "rpr": 1821.1428354880275, "rprd": 31.681236293485018, "w": 2262, "l": 2067, "coil": null}, "gen9randomdoublesbattle": {"elo": 1473.4004597908229, "gxe": 72.8, "rpr": 1695.1987400216112, "rprd": 115.09579630807629, "w": 37, "l": 22, "coil": null}}}