{"username": "symbionic", "userid": "symbionic", "registertime": 1583712000, "group": 1, "ratings": {"gen8monotyperandombattle": {"elo": 1476.5026906485, "gxe": 65.1, "rpr": 1618.0736862715, "rprd": 49.74867272658, "w": 66, "l": 52, "coil": null}, "gen8randombattle": {"elo": 1399.1618385659, "gxe": 73.1, "rpr": 1721.1911276499, "rprd": 211.28779125111, "w": 2479, "l": 2270, "coil": null}, "gen8randomdoublesbattle": {"elo": 1454.2230413039, "gxe": 64.7, "rpr": 1634.6792792615, "rprd": 214.7846241966, "w": 491, "l": 445, "coil": null}, "gen9randombattle": {"elo": 1908.5083704386334, "gxe": 79.9, "rpr": 1761.1317889022514, "rprd": 34.40552285886638, "w": 1377, "l": 1197, "coil": null}}}