{"username": "SyxthSence", "userid": "syxthsence", "registertime": 1674345600, "group": 1, "ratings": {"gen9babyrandombattle": {"elo": 1000, "gxe": 45, "rpr": 1459.8393856609866, "rprd": 122.85830807679145, "w": 0, "l": 1, "coil": null}, "gen9computergeneratedteams": {"elo": 1064.1128065147723, "gxe": 48.8, "rpr": 1490.6425760141597, "rprd": 107.65705143984673, "w": 2, "l": 2, "coil": null}, "gen9monotyperandombattle": {"elo": 1379.2160930449602, "gxe": 63.3, "rpr": 1603.9831179514906, "rprd": 61.65264417215407, "w": 104, "l": 92, "coil": null}, "gen9nu": {"elo": 1133.3959922607883, "gxe": 49.9, "rpr": 1499.355592299481, "rprd": 65.36796980213491, "w": 0, "l": 0, "coil": 0}, "gen9randombattle": {"elo": 1960.341281130938, "gxe": 84.2, "rpr": 1815.8339084477648, "rprd": 25, "w": 2067, "l": 2048, "coil": null}, "gen9randomdoublesbattle": {"elo": 1334.9139772707206, "gxe": 53.6, "rpr": 1527.6845857791604, "rprd": 56.189460208483915, "w": 20, "l": 28, "coil": null}}}