{"username": "SZSoo", "userid": "szsoo", "registertime": 1527724800, "group": 1, "ratings": {"gen1randombattle": {"elo": 1491.6989353523, "gxe": 76.6, "rpr": 1755.0990093903, "rprd": 188.78286039492, "w": 0, "l": 0, "coil": null}, "gen1randombattleblitz": {"elo": 1246.8731863937, "gxe": 61, "rpr": 1603.5840510186, "rprd": 246.26668341028, "w": 0, "l": 0, "coil": null}, "gen2randombattle": {"elo": 1263.3410685719, "gxe": 79.2, "rpr": 1762.9858495862, "rprd": 105.0094347467, "w": 1, "l": 0, "coil": null}, "gen3randombattle": {"elo": 1258.3841003861, "gxe": 76.3, "rpr": 1730.3094582655, "rprd": 105.65276120013, "w": 1, "l": 0, "coil": null}, "gen4randombattle": {"elo": 1499.5555125038, "gxe": 77.5, "rpr": 1749.8718238432, "rprd": 136.61582477506, "w": 1, "l": 0, "coil": null}, "gen4sharedpowerrandombattle": {"elo": 1112.5919708413, "gxe": 52, "rpr": 1515.7260925299, "rprd": 80.239970874112, "w": 0, "l": 0, "coil": null}, "gen5randombattle": {"elo": 1201.8724634225, "gxe": 77.2, "rpr": 1739.7563595182, "rprd": 104.75723011544, "w": 0, "l": 0, "coil": null}, "gen6randombattle": {"elo": 1218.632681162, "gxe": 80.7, "rpr": 1784.3726211993, "rprd": 117.82772204196, "w": 0, "l": 0, "coil": null}, "gen7battlefactory": {"elo": 1454.3691707179, "gxe": 52.8, "rpr": 1522.6408333538, "rprd": 130, "w": 0, "l": 0, "coil": null}, "gen7bssfactory": {"elo": 1091.4427409766, "gxe": 56.8, "rpr": 1554.448597251, "rprd": 111.10459375574, "w": 0, "l": 0, "coil": null}, "gen7challengecup1v1": {"elo": 1401.3656970687, "gxe": 59, "rpr": 1571.0637920788, "rprd": 103.23533429294, "w": 0, "l": 0, "coil": null}, "gen7hackmonscup": {"elo": 1043.2227096259, "gxe": 54.8, "rpr": 1538.4213338219, "rprd": 121.96526468632, "w": 0, "l": 0, "coil": null}, "gen7monotype": {"elo": 1499.2097668194, "gxe": 69.2, "rpr": 1663.0189116392, "rprd": 131.95814131749, "w": 0, "l": 0, "coil": null}, "gen7monotypebattlefactory": {"elo": 1206.1550264855, "gxe": 68.1, "rpr": 1647.0247314305, "rprd": 86.39914120905, "w": 0, "l": 0, "coil": null}, "gen7nu": {"elo": 1321.4430253601, "gxe": 62.3, "rpr": 1595.3194654957, "rprd": 41.580110940237, "w": 0, "l": 0, "coil": null}, "gen7ou": {"elo": 1407.6419530963, "gxe": 56.9, "rpr": 1552.371904965, "rprd": 25, "w": 0, "l": 0, "coil": null}, "gen7pickyourteamrandombattle": {"elo": 1513.4205450162, "gxe": 76.3, "rpr": 1720.7697828204, "rprd": 38.945870409041, "w": 0, "l": 0, "coil": null}, "gen7pu": {"elo": 1499.7546179455, "gxe": 64.1, "rpr": 1657.5476576425, "rprd": 355.21619571602, "w": 0, "l": 0, "coil": null}, "gen7randombattle": {"elo": 1546.5084896851, "gxe": 73.6, "rpr": 1695.496428267, "rprd": 57.835382827896, "w": 0, "l": 0, "coil": null}, "gen7superstaffbrosbrawl": {"elo": 1044.5312348221, "gxe": 53.9, "rpr": 1530.9086637945, "rprd": 122.54091593552, "w": 0, "l": 0, "coil": null}, "gen8anythinggoes": {"elo": 1249.7984471848, "gxe": 54.1, "rpr": 1531.536377757, "rprd": 84.555523950879, "w": 0, "l": 0, "coil": null}, "gen8battlefactory": {"elo": 1342.4338000302, "gxe": 61.8, "rpr": 1601.6746388776, "rprd": 178.71254191211, "w": 0, "l": 0, "coil": null}, "gen8bdsprandombattle": {"elo": 1499.3725079788, "gxe": 70.7, "rpr": 1670.5827873223, "rprd": 86.900367504807, "w": 0, "l": 0, "coil": null}, "gen8bssfactory": {"elo": 1119.3922258743, "gxe": 58, "rpr": 1563.6259180916, "rprd": 102.23411311311, "w": 0, "l": 0, "coil": null}, "gen8challengecup1v1": {"elo": 1078.8954074582, "gxe": 58.3, "rpr": 1566.2155358965, "rprd": 116.17375171712, "w": 0, "l": 0, "coil": null}, "gen8monotype": {"elo": 1499.9464722573, "gxe": 69.2, "rpr": 1691.5795249387, "rprd": 260.00942960606, "w": 0, "l": 0, "coil": null}, "gen8monotyperandombattle": {"elo": 1468.6126929229, "gxe": 70.6, "rpr": 1666.1090794916, "rprd": 50.847826948332, "w": 0, "l": 0, "coil": null}, "gen8randombattle": {"elo": 1435.6506982626, "gxe": 81.8, "rpr": 1816.2455291995, "rprd": 172.17776256987, "w": 0, "l": 0, "coil": null}, "gen8randombattleblitz": {"elo": 1204.8811552305, "gxe": 70, "rpr": 1666.4530948159, "rprd": 105.0911649257, "w": 0, "l": 0, "coil": null}, "gen8randombattlemayhem": {"elo": 1120.8058995001, "gxe": 62.1, "rpr": 1597.7111242637, "rprd": 110.23646378362, "w": 0, "l": 0, "coil": null}, "gen8randombattlenodmax": {"elo": 1247.5839396469, "gxe": 63.3, "rpr": 1604.5303015728, "rprd": 66.794840755303, "w": 0, "l": 0, "coil": null}, "gen8randomdoublesbattle": {"elo": 1499.8435384684, "gxe": 79.7, "rpr": 1775.1344012841, "rprd": 132.04211589584, "w": 0, "l": 0, "coil": null}, "gen9anythinggoes": {"elo": 1049.1901403328, "gxe": 56.5, "rpr": 1551.9977341898, "rprd": 122.59305775918, "w": 0, "l": 0, "coil": null}, "gen9challengecup1v1": {"elo": 1237.6902321499, "gxe": 57.2, "rpr": 1555.3063344308, "rprd": 67.965892663362, "w": 0, "l": 0, "coil": null}, "gen9computergeneratedteams": {"elo": 1040, "gxe": 55, "rpr": 1540.1606143388, "rprd": 122.8583080769, "w": 0, "l": 0, "coil": null}, "gen9monotype": {"elo": 1448.4192700410713, "gxe": 72.7, "rpr": 1686.7213181204286, "rprd": 54.079832795323235, "w": 0, "l": 0, "coil": 0}, "gen9randombattle": {"elo": 2060.553714309837, "gxe": 84, "rpr": 1813.509597108365, "rprd": 32.24435867721201, "w": 0, "l": 2, "coil": null}, "gen9randombattleblitz": {"elo": 1221.8746590705232, "gxe": 65, "rpr": 1618.879536911312, "rprd": 75.93376747855443, "w": 0, "l": 0, "coil": null}, "gen9randomdoublesbattle": {"elo": 1499.6770606361, "gxe": 69.9, "rpr": 1661.0129994206, "rprd": 61.305768548315, "w": 0, "l": 0, "coil": null}}}