{"username": "t8ny", "userid": "t8ny", "registertime": 1666742400, "group": 1, "ratings": {"gen1randombattle": {"elo": 1079.010600566475, "gxe": 62, "rpr": 1598.078811687429, "rprd": 130, "w": 2, "l": 0, "coil": null}, "gen3randombattle": {"elo": 1048.186934645, "gxe": 55.3, "rpr": 1542.4536492507, "rprd": 121.93867545894, "w": 1, "l": 0, "coil": null}, "gen4randombattle": {"elo": 1000, "gxe": 45, "rpr": 1459.8393856612, "rprd": 122.8583080769, "w": 0, "l": 1, "coil": null}, "gen6firstbloodrandombattle": {"elo": 1150.7666611442535, "gxe": 49.7, "rpr": 1497.7682184567063, "rprd": 53.73981557104594, "w": 29, "l": 30, "coil": null}, "gen7pokebilitiesrandombattle": {"elo": 1000, "gxe": 41, "rpr": 1427.432874170786, "rprd": 116.77753930629355, "w": 0, "l": 2, "coil": null}, "gen7randombattle": {"elo": 1105.8365587111307, "gxe": 60.5, "rpr": 1584.4436196952627, "rprd": 111.60527863301252, "w": 3, "l": 0, "coil": null}, "gen8monotyperandombattle": {"elo": 1118.993380691, "gxe": 56.1, "rpr": 1546.3973785131, "rprd": 51.02398052935, "w": 28, "l": 20, "coil": null}, "gen8randombattle": {"elo": 1301.5358908501, "gxe": 53.1, "rpr": 1523.2915485449, "rprd": 27.855901581228, "w": 126, "l": 120, "coil": null}, "gen8randombattlemayhem": {"elo": 1000, "gxe": 45, "rpr": 1459.8393856612, "rprd": 122.8583080769, "w": 0, "l": 1, "coil": null}, "gen8randomdoublesbattle": {"elo": 1225.2786825644, "gxe": 57.2, "rpr": 1563.5985497948, "rprd": 206.88723135097, "w": 14, "l": 8, "coil": null}, "gen9anythinggoes": {"elo": 1189.4100397553, "gxe": 59.9, "rpr": 1576.5885708956, "rprd": 64.391759768317, "w": 21, "l": 13, "coil": null}, "gen9battlefactory": {"elo": 1088.2902609929708, "gxe": 56, "rpr": 1547.839653158271, "rprd": 118.70678355418298, "w": 2, "l": 1, "coil": null}, "gen9challengecup1v1": {"elo": 1376.6922135782909, "gxe": 63.6, "rpr": 1611.6485222671301, "rprd": 121.82525489386937, "w": 31, "l": 19, "coil": null}, "gen9challengecup2v2": {"elo": 1048.5986847070128, "gxe": 50.8, "rpr": 1506.0061953487923, "rprd": 116.55980446492919, "w": 1, "l": 1, "coil": null}, "gen9championsrandombattle": {"elo": 1047.2534151363116, "gxe": 43.9, "rpr": 1452.6029279286167, "rprd": 79.01430840190582, "w": 6, "l": 8, "coil": null}, "gen9computergeneratedteams": {"elo": 1040, "gxe": 51.1, "rpr": 1508.9426720966537, "rprd": 129.14983689778796, "w": 1, "l": 1, "coil": null}, "gen9doublesbrokencup": {"elo": 1129.372787233052, "gxe": 60, "rpr": 1579.4210124531955, "rprd": 94.41318829984304, "w": 7, "l": 3, "coil": null}, "gen9hackmonscup": {"elo": 1000, "gxe": 42.6, "rpr": 1440.030138921375, "rprd": 122.91888316460974, "w": 0, "l": 1, "coil": null}, "gen9monotyperandombattle": {"elo": 1313.3464342283685, "gxe": 57.2, "rpr": 1555.2203746634762, "rprd": 66.79729188533972, "w": 563, "l": 514, "coil": null}, "gen9nationaldex": {"elo": 1287.7235652685793, "gxe": 66.1, "rpr": 1629.193787537994, "rprd": 83.57461099748683, "w": 13, "l": 7, "coil": null}, "gen9nationaldexag": {"elo": 1165.7181434278, "gxe": 46, "rpr": 1469.6943589575, "rprd": 49.714805500777, "w": 23, "l": 25, "coil": null}, "gen9nationaldexubers": {"elo": 1000, "gxe": 45.2, "rpr": 1461.6845954659814, "rprd": 122.79380022079935, "w": 0, "l": 1, "coil": null}, "gen9ou": {"elo": 1242.385690747699, "gxe": 49.8, "rpr": 1498.5529236410569, "rprd": 64.51645747333646, "w": 56, "l": 51, "coil": null}, "gen9partnersincrimerandombattle": {"elo": 1000, "gxe": 41, "rpr": 1427.432874170786, "rprd": 116.77753930629355, "w": 0, "l": 2, "coil": null}, "gen9randombattle": {"elo": 1435.1911531878627, "gxe": 63.5, "rpr": 1604.1677961886298, "rprd": 32.15544559492075, "w": 2210, "l": 2069, "coil": null}, "gen9randombattleblitz": {"elo": 1050.8496801549343, "gxe": 55.3, "rpr": 1542.4499219012464, "rprd": 121.8028371443439, "w": 1, "l": 0, "coil": null}, "gen9randombattlemayhem": {"elo": 1005.2750413342825, "gxe": 40.4, "rpr": 1422.5115777641447, "rprd": 125.60979851584776, "w": 1, "l": 3, "coil": null}, "gen9randomroulette": {"elo": 1081.291669851722, "gxe": 59.9, "rpr": 1579.7095667899735, "rprd": 121.84832242515859, "w": 2, "l": 0, "coil": null}, "gen9sharedpower": {"elo": 1196.2862812217, "gxe": 58.9, "rpr": 1572.4438244663, "rprd": 134.62644100165, "w": 11, "l": 6, "coil": null}, "gen9superstaffbrosultimate": {"elo": 1025.767402410443, "gxe": 35.5, "rpr": 1379.5200924331389, "rprd": 130, "w": 1, "l": 5, "coil": null}, "gen9vgc2023regulationd": {"elo": 1161.0821743116746, "gxe": 56, "rpr": 1546.5716912909288, "rprd": 85.41223332539164, "w": 9, "l": 5, "coil": null}, "gen9vgc2023regulatione": {"elo": 1099.5362564386205, "gxe": 52.8, "rpr": 1521.960511304835, "rprd": 81.13044233996423, "w": 9, "l": 6, "coil": null}, "gen9vgc2023regulationebo3": {"elo": 1032.4811686633652, "gxe": 49.2, "rpr": 1493.5556204426368, "rprd": 115.33707074165267, "w": 1, "l": 1, "coil": null}, "gen9vgc2025regg": {"elo": 1059.603980184665, "gxe": 46, "rpr": 1468.5977663906858, "rprd": 94.7989749701208, "w": 3, "l": 4, "coil": null}}}