{"username": "tablebroth", "userid": "tablebroth", "registertime": 1774051200, "group": 1, "ratings": {"gen8randombattle": {"elo": 1014.8556166157651, "gxe": 45.7, "rpr": 1465.8117372923846, "rprd": 110.81149097255322, "w": 1, "l": 2, "coil": null}, "gen9championsou": {"elo": 1090.008565687233, "gxe": 39.6, "rpr": 1420.1980186526187, "rprd": 42.13785482666762, "w": 39, "l": 54, "coil": null}, "gen9monotype": {"elo": 1000, "gxe": 43.2, "rpr": 1445.4681563263018, "rprd": 123.62864537624588, "w": 0, "l": 1, "coil": 432}, "gen9monotyperandombattle": {"elo": 1063.1969802102283, "gxe": 43.8, "rpr": 1451.2044909826027, "rprd": 107.54625040110531, "w": 2, "l": 3, "coil": null}, "gen9nationaldex": {"elo": 1018.380273084406, "gxe": 34.6, "rpr": 1376.7500169363657, "rprd": 88.0010891856645, "w": 6, "l": 9, "coil": null}, "gen9nationaldexuu": {"elo": 1103.3555815871634, "gxe": 48.1, "rpr": 1485.487334206913, "rprd": 84.72429561257836, "w": 6, "l": 9, "coil": null}, "gen9ou": {"elo": 1265.573542420937, "gxe": 46.5, "rpr": 1473.3967365815063, "rprd": 37.27945919506712, "w": 112, "l": 118, "coil": null}, "gen9randombattle": {"elo": 1578.0478746240294, "gxe": 66.4, "rpr": 1629.0087204401873, "rprd": 34.636444903164445, "w": 165, "l": 147, "coil": null}, "gen9randombattleblitz": {"elo": 1047.003444644096, "gxe": 43.4, "rpr": 1447.698632288015, "rprd": 111.41300399587966, "w": 1, "l": 2, "coil": null}, "gen9randomdoublesbattle": {"elo": 1046.9966697727714, "gxe": 54.8, "rpr": 1538.7492062604672, "rprd": 122.13378817431474, "w": 1, "l": 0, "coil": null}, "gen9randomroulette": {"elo": 1000, "gxe": 45, "rpr": 1459.8393856609866, "rprd": 122.85830807679145, "w": 0, "l": 1, "coil": null}, "gen9ru": {"elo": 1000, "gxe": 39.9, "rpr": 1418.7569944375455, "rprd": 116.44599870935828, "w": 0, "l": 2, "coil": 141.06780284671623}, "gen9uu": {"elo": 1180.723997080005, "gxe": 51.4, "rpr": 1510.5162837172256, "rprd": 56.40996888898642, "w": 24, "l": 19, "coil": null}}}