{"username": "taipeiqueen22", "userid": "taipeiqueen22", "registertime": 1642377600, "group": 1, "ratings": {"gen3ou": {"elo": 1284.678995970684, "gxe": 60.3, "rpr": 1579.768335923988, "rprd": 61.97324434236038, "w": 20, "l": 10, "coil": null}, "gen8almostanyability": {"elo": 1129.8244118926, "gxe": 65, "rpr": 1622.2501359592, "rprd": 106.62558029011, "w": 4, "l": 0, "coil": null}, "gen8monotype": {"elo": 1499.2679229027, "gxe": 72.3, "rpr": 1684.0546213909, "rprd": 74.272034988511, "w": 174, "l": 133, "coil": null}, "gen8ou": {"elo": 1399.0008586651, "gxe": 61.1, "rpr": 1600.805334751, "rprd": 220.22949115756, "w": 89, "l": 67, "coil": null}, "gen8randombattle": {"elo": 1399.1998781857, "gxe": 63.3, "rpr": 1622.0659440999, "rprd": 218.06786302027, "w": 177, "l": 146, "coil": null}, "gen8uu": {"elo": 1399.5490004239, "gxe": 65.5, "rpr": 1639.9015159515, "rprd": 201.87069440132, "w": 53, "l": 32, "coil": null}, "gen9babyrandombattle": {"elo": 1127.6155984775855, "gxe": 65.5, "rpr": 1626.9367981585501, "rprd": 112.20926877074761, "w": 3, "l": 0, "coil": null}, "gen9freedomcup": {"elo": 1057.5540923639235, "gxe": 44.7, "rpr": 1458.2275866364128, "rprd": 102.25942713232023, "w": 2, "l": 3, "coil": null}, "gen9monotype": {"elo": 1499.4080969377, "gxe": 79.5, "rpr": 1769.623806723, "rprd": 116.12291240504, "w": 172, "l": 108, "coil": 3164.294568180082}, "gen9monotyperandombattle": {"elo": 1000, "gxe": 40, "rpr": 1419.3602907625109, "rprd": 116.5212577688095, "w": 0, "l": 2, "coil": null}, "gen9ou": {"elo": 1545.6601362554768, "gxe": 71.9, "rpr": 1678.4863272162977, "rprd": 48.66860471948577, "w": 90, "l": 51, "coil": null}, "gen9randombattle": {"elo": 2044.3191380974883, "gxe": 83.7, "rpr": 1809.4399020874612, "rprd": 37.709945849229356, "w": 1671, "l": 1406, "coil": null}, "gen9randomdoublesbattle": {"elo": 1403.1217986938166, "gxe": 62.7, "rpr": 1598.8056295630424, "rprd": 58.46667844164142, "w": 176, "l": 161, "coil": null}, "gen9superstaffbrosultimate": {"elo": 1026.2821085711234, "gxe": 49.9, "rpr": 1499.1186809047115, "rprd": 116.50003632911913, "w": 1, "l": 1, "coil": null}}}