{"username": "tanukoni", "userid": "tanukoni", "registertime": 1769385600, "group": 1, "ratings": {"gen9randombattle": {"elo": 1086.3021932765146, "gxe": 40.7, "rpr": 1429.2886285664495, "rprd": 34.51971793974188, "w": 433, "l": 506, "coil": null}, "gen9randombattleblitz": {"elo": 1000, "gxe": 29, "rpr": 1322.6581705002136, "rprd": 116.29957692665326, "w": 0, "l": 4, "coil": null}, "gen9randomdoublesbattle": {"elo": 1022.3434361496463, "gxe": 39, "rpr": 1411.607458224611, "rprd": 114.12055460438125, "w": 1, "l": 3, "coil": null}}}