{"username": "tediumcheif", "userid": "tediumcheif", "registertime": 1391731200, "group": 1, "ratings": {"anythinggoes": {"elo": 1000, "gxe": 42.6, "rpr": 1440.2412394935, "rprd": 122.90710092025, "w": 0, "l": 1, "coil": null}, "doublesou": {"elo": 1046.9043537178, "gxe": 38.7, "rpr": 1410.2321666312, "rprd": 92.728374939348, "w": 23, "l": 27, "coil": null}, "doublesuu": {"elo": 1000, "gxe": 45.2, "rpr": 1461.5371729705, "rprd": 121.87351417216, "w": 0, "l": 1, "coil": null}, "gen6randombattle": {"elo": 1040, "gxe": 55, "rpr": 1540.1606143388, "rprd": 122.8583080769, "w": 1, "l": 0, "coil": null}, "gen7doublesou": {"elo": 1072.8882029262, "gxe": 31.5, "rpr": 1347.7369147617, "rprd": 100.94739263693, "w": 5, "l": 12, "coil": null}, "gen7lc": {"elo": 1017.1928988175, "gxe": 45.1, "rpr": 1462.2352664463, "rprd": 55.685963402353, "w": 16, "l": 21, "coil": null}, "gen7ou": {"elo": 1127.4153587979, "gxe": 44.8, "rpr": 1458.2290497834, "rprd": 123.49087435292, "w": 85, "l": 99, "coil": null}, "gen7pokebilitiesrandombattle": {"elo": 1044.5849307009835, "gxe": 55, "rpr": 1540.1606143390134, "rprd": 122.85830807679145, "w": 1, "l": 0, "coil": null}, "gen7randombattle": {"elo": 1086.8375144564, "gxe": 48.9, "rpr": 1491.7100892147, "rprd": 25.100936241213, "w": 2728, "l": 2680, "coil": null}, "gen7uu": {"elo": 1022.1660277196, "gxe": 37, "rpr": 1395.1558094139, "rprd": 103.25607192541, "w": 1, "l": 4, "coil": null}, "gen7vgc2017": {"elo": 1000, "gxe": 37.8, "rpr": 1401.0393026887, "rprd": 118.00805709026, "w": 0, "l": 2, "coil": null}, "gen82v2doubles": {"elo": 1000, "gxe": 45, "rpr": 1459.8393856612, "rprd": 122.8583080769, "w": 0, "l": 1, "coil": null}, "gen8doublesou": {"elo": 1025.9900472414, "gxe": 24.6, "rpr": 1274.8383566934, "rprd": 130, "w": 9, "l": 24, "coil": null}, "gen8lc": {"elo": 1124.2755636818, "gxe": 51.7, "rpr": 1512.8838642541, "rprd": 83.755056577234, "w": 6, "l": 5, "coil": null}, "gen8ou": {"elo": 1070.9570711525, "gxe": 43.5, "rpr": 1450.2307435995, "rprd": 62.509914911077, "w": 13, "l": 14, "coil": null}, "gen8randombattle": {"elo": 1035.7178459443, "gxe": 46.8, "rpr": 1475.5644789875, "rprd": 36.571544007923, "w": 2170, "l": 2119, "coil": null}, "gen8randombattleblitz": {"elo": 1046.970241172, "gxe": 54.7, "rpr": 1537.6005311389, "rprd": 122.00137319547, "w": 1, "l": 0, "coil": null}, "gen8vgc2021": {"elo": 1362.3511022569, "gxe": 41.1, "rpr": 1432.222094883, "rprd": 25, "w": 156, "l": 191, "coil": null}, "gen8vgc2021series10": {"elo": 1209.4415342499, "gxe": 45.8, "rpr": 1468.1078252432, "rprd": 43.38280480386, "w": 38, "l": 38, "coil": null}, "gen8vgc2021series11": {"elo": 1000, "gxe": 41, "rpr": 1428.129100065, "rprd": 115.89491911938, "w": 0, "l": 2, "coil": null}, "gen8vgc2021series9": {"elo": 1000, "gxe": 27.9, "rpr": 1317.2101804003, "rprd": 76.037694673197, "w": 3, "l": 14, "coil": null}, "gen8vgc2022": {"elo": 1048.8535984334, "gxe": 33.9, "rpr": 1350.2847766601, "rprd": 222.61826161298, "w": 41, "l": 56, "coil": null}, "gen9lc": {"elo": 1032.8174690348267, "gxe": 41.8, "rpr": 1434.7790330619248, "rprd": 106.36349627981816, "w": 1, "l": 3, "coil": null}, "gen9ou": {"elo": 1042.379809714, "gxe": 42.5, "rpr": 1441.7809658025, "rprd": 79.563082538717, "w": 5, "l": 8, "coil": null}, "gen9randombattle": {"elo": 2022.8507111984695, "gxe": 81.7, "rpr": 1782.7875413172035, "rprd": 37.64256386484546, "w": 2141, "l": 2039, "coil": null}, "gen9randomdoublesbattle": {"elo": 1152.1539312392447, "gxe": 60.7, "rpr": 1583.7725556059431, "rprd": 81.82077632562205, "w": 9, "l": 3, "coil": null}, "gen9uu": {"elo": 1499.1166108197, "gxe": 59.9, "rpr": 1583.7907462527, "rprd": 165.44546246472, "w": 83, "l": 62, "coil": null}, "gen9vgc2023regulationd": {"elo": 1096.559036078075, "gxe": 38.1, "rpr": 1408.4361279333127, "rprd": 43.19861340477256, "w": 44, "l": 55, "coil": null}, "gen9vgc2023regulatione": {"elo": 1324.3654671003808, "gxe": 54.4, "rpr": 1533.0682476514953, "rprd": 33.148126309370056, "w": 121, "l": 113, "coil": null}, "gen9vgc2023series1": {"elo": 1303.4997240357, "gxe": 51.6, "rpr": 1512.3087072346, "rprd": 25.391927091417, "w": 102, "l": 94, "coil": null}, "gen9vgc2023series2": {"elo": 1139.4080579223, "gxe": 49.3, "rpr": 1494.7916016002, "rprd": 75.77295091946, "w": 8, "l": 7, "coil": null}, "gen9vgc2024regf": {"elo": 1229.4281234278008, "gxe": 51.1, "rpr": 1508.7017075169604, "rprd": 59.03503148154501, "w": 18, "l": 14, "coil": null}, "gen9vgc2024regg": {"elo": 1000, "gxe": 45.3, "rpr": 1462.04928456465, "rprd": 122.64302574758766, "w": 0, "l": 1, "coil": null}, "gen9vgc2024regh": {"elo": 1322.8528176422597, "gxe": 52.5, "rpr": 1518.843420570598, "rprd": 30.38429452194163, "w": 142, "l": 130, "coil": null}, "gen9vgc2025regj": {"elo": 1000, "gxe": 41, "rpr": 1427.5968558260004, "rprd": 116.37584409130675, "w": 0, "l": 2, "coil": null}, "ou": {"elo": 1312.7649023399, "gxe": 59.9, "rpr": 1575.8193066343, "rprd": 46.227788224409, "w": 257, "l": 242, "coil": null}, "ounomega": {"elo": 1078.4875345759, "gxe": 59.6, "rpr": 1577.506812276, "rprd": 118.38828009822, "w": 2, "l": 0, "coil": null}, "pu": {"elo": 1002.8135740556, "gxe": 31.2, "rpr": 1346.2564081174, "rprd": 91.689440596946, "w": 1, "l": 8, "coil": null}, "ru": {"elo": 1040, "gxe": 49.1, "rpr": 1492.751195037, "rprd": 116.24229783853, "w": 1, "l": 1, "coil": null}, "smogontriples": {"elo": 1000, "gxe": 45, "rpr": 1459.8393856612, "rprd": 122.8583080769, "w": 0, "l": 1, "coil": null}, "ubers": {"elo": 1034.9774139688, "gxe": 44.5, "rpr": 1456.8080647067, "rprd": 95.408548682933, "w": 3, "l": 5, "coil": null}, "vgc2016": {"elo": 1045.6513220612, "gxe": 34.9, "rpr": 1380.7249593658, "rprd": 61.07568849232, "w": 73, "l": 110, "coil": null}}}