{"username": "teehee777", "userid": "teehee777", "registertime": 1668902400, "group": 1, "ratings": {"gen8monotyperandombattle": {"elo": 1000, "gxe": 38.2, "rpr": 1404.8717887612, "rprd": 111.29549179361, "w": 0, "l": 3, "coil": null}, "gen8randombattle": {"elo": 1349.6620127005, "gxe": 64.2, "rpr": 1610.7906738314, "rprd": 40.835856641174, "w": 74, "l": 63, "coil": null}, "gen8randomdoublesbattle": {"elo": 1056.908788632, "gxe": 56.1, "rpr": 1548.6960784546, "rprd": 121.95498587214, "w": 1, "l": 0, "coil": null}, "gen9doublesou": {"elo": 1061.3712758447, "gxe": 43.4, "rpr": 1449.0869355218, "rprd": 80.790483788684, "w": 6, "l": 9, "coil": null}, "gen9ou": {"elo": 1108.9307535354, "gxe": 42.8, "rpr": 1444.9586857666, "rprd": 53.070563691993, "w": 18, "l": 22, "coil": null}, "gen9randombattle": {"elo": 1444.5301046290917, "gxe": 52.2, "rpr": 1516.7544192840287, "rprd": 25.543799196296597, "w": 978, "l": 984, "coil": null}}}