{"username": "TERRA.TORNAZOL.ORG", "userid": "terratornazolorg", "registertime": 1514505600, "group": 1, "ratings": {"digimondigimonshowdownsingles": {"elo": 1040, "gxe": 55, "rpr": 1540.1606143388, "rprd": 122.8583080769, "w": 1, "l": 0, "coil": null}, "gen7anythinggoes": {"elo": 1045.9076616362, "gxe": 55, "rpr": 1540.1606143388, "rprd": 122.8583080769, "w": 0, "l": 0, "coil": null}, "gen7doublesou": {"elo": 1252.4702108031, "gxe": 56.6, "rpr": 1553.4766871783, "rprd": 130, "w": 1, "l": 1, "coil": null}, "gen7monotype": {"elo": 1449.5580753656, "gxe": 65.5, "rpr": 1642.9182972577, "rprd": 218.96206328568, "w": 22, "l": 22, "coil": null}, "gen7monotyperandombattle": {"elo": 1000, "gxe": 36.7, "rpr": 1392.10052232, "rprd": 110.27452980124, "w": 0, "l": 3, "coil": null}, "gen7ou": {"elo": 1306.1333275965, "gxe": 47, "rpr": 1476.7560170849, "rprd": 77.293338762133, "w": 12, "l": 15, "coil": null}, "gen7oublitz": {"elo": 1045.8972461319, "gxe": 55, "rpr": 1540.1606143388, "rprd": 122.8583080769, "w": 1, "l": 0, "coil": null}, "gen7randombattle": {"elo": 1535.518862506, "gxe": 74.7, "rpr": 1707.278633081, "rprd": 62.6806929918, "w": 1153, "l": 1084, "coil": null}, "gen7randomdoublesbattle": {"elo": 1470.7546488961, "gxe": 72.3, "rpr": 1681.6383132775, "rprd": 48.062064386093, "w": 130, "l": 105, "coil": null}, "gen8monotype": {"elo": 1164.6789647196, "gxe": 65.3, "rpr": 1622.441934106, "rprd": 84.661699164869, "w": 9, "l": 2, "coil": null}, "gen8monotyperandombattle": {"elo": 1069.6468933717, "gxe": 53.4, "rpr": 1526.8526374071, "rprd": 110.48118822959, "w": 2, "l": 1, "coil": null}, "gen8ou": {"elo": 1042.2926108624, "gxe": 28.2, "rpr": 1319.2072761151, "rprd": 83.999860730733, "w": 34, "l": 35, "coil": null}, "gen8oublitz": {"elo": 1000, "gxe": 24.5, "rpr": 1280.6952114999, "rprd": 90.591153065842, "w": 0, "l": 9, "coil": null}, "gen8randombattle": {"elo": 1440.6340076656, "gxe": 66.6, "rpr": 1645.187188082, "rprd": 169.72116536426, "w": 2990, "l": 2842, "coil": null}, "gen8randomdoublesbattle": {"elo": 1499.4793304905, "gxe": 70.3, "rpr": 1672.4239001035, "rprd": 122.62622331676, "w": 390, "l": 338, "coil": null}, "gen8uu": {"elo": 1000, "gxe": 45, "rpr": 1459.8393856612, "rprd": 122.8583080769, "w": 0, "l": 1, "coil": null}, "gen9anythinggoes": {"elo": 1000, "gxe": 36.6, "rpr": 1389.6762386023158, "rprd": 130, "w": 0, "l": 2, "coil": null}, "gen9ou": {"elo": 1000, "gxe": 18.4, "rpr": 1212.479785898702, "rprd": 77.33425147160408, "w": 1, "l": 15, "coil": null}, "gen9randombattle": {"elo": 1596.0757172185583, "gxe": 71.7, "rpr": 1675.8000676236168, "rprd": 30.36268784103337, "w": 1412, "l": 1372, "coil": null}, "gen9ubers": {"elo": 1000, "gxe": 46.4, "rpr": 1471.2330331699302, "rprd": 123.06845739835684, "w": 0, "l": 0, "coil": null}}}