{"username": "Testingtesting", "userid": "testingtesting", "registertime": 1346544000, "group": 1, "ratings": {"gen6battlefactory": {"elo": 1057.4161394978, "gxe": 56.1, "rpr": 1548.9059161467, "rprd": 122.0988206038, "w": 1, "l": 0, "coil": null}, "gen7battlefactory": {"elo": 1303.2730517732, "gxe": 77.8, "rpr": 1747.3652439171, "rprd": 109.20756516801, "w": 12, "l": 2, "coil": null}, "gen7challengecup1v1": {"elo": 1101.1056410837, "gxe": 60.4, "rpr": 1583.9017774109, "rprd": 116.96461807526, "w": 2, "l": 0, "coil": null}, "gen7randombattle": {"elo": 1499.8417727476, "gxe": 82.5, "rpr": 1847.5053550475, "rprd": 221.32429997001, "w": 2795, "l": 1998, "coil": null}, "gen7randomdoublesbattle": {"elo": 1499.373464734, "gxe": 80.9, "rpr": 1779.0180782996, "rprd": 82.813191713266, "w": 518, "l": 310, "coil": null}, "gen8randombattle": {"elo": 1399.0185547175, "gxe": 81, "rpr": 1820.1271789156, "rprd": 210.3166236696, "w": 1700, "l": 1320, "coil": null}, "gen9randombattle": {"elo": 2256.4329589927, "gxe": 88.6, "rpr": 1886.5551384119, "rprd": 28.701293265138, "w": 2744, "l": 2294, "coil": null}}}