{"username": "TG151", "userid": "tg151", "registertime": 1592265600, "group": 1, "ratings": {"gen1randombattle": {"elo": 1000, "gxe": 45, "rpr": 1459.8393856609866, "rprd": 122.85830807679145, "w": 0, "l": 1, "coil": null}, "gen3randombattle": {"elo": 1040, "gxe": 43.2, "rpr": 1445.5899577599746, "rprd": 123.35717457207141, "w": 1, "l": 2, "coil": null}, "gen4randombattle": {"elo": 1056.7008032877666, "gxe": 46.8, "rpr": 1473.971391081609, "rprd": 130, "w": 2, "l": 2, "coil": null}, "gen5randombattle": {"elo": 1022.5512145349566, "gxe": 43.4, "rpr": 1448.0287104398865, "rprd": 105.31001257391507, "w": 3, "l": 4, "coil": null}, "gen6randombattle": {"elo": 1077.2687650250293, "gxe": 51, "rpr": 1508.1831060938764, "rprd": 122.34472846150348, "w": 10, "l": 9, "coil": null}, "gen7randombattle": {"elo": 1017.8586623524984, "gxe": 39.8, "rpr": 1416.851797852672, "rprd": 130, "w": 1, "l": 2, "coil": null}, "gen7ubers": {"elo": 1022.1660277196, "gxe": 44.9, "rpr": 1459.7400610592, "rprd": 111.63137657537, "w": 1, "l": 2, "coil": null}, "gen8anythinggoes": {"elo": 1088.1118191428, "gxe": 57.6, "rpr": 1560.701552906, "rprd": 116.84408338238, "w": 2, "l": 0, "coil": null}, "gen8joltemonsrandombattle": {"elo": 1000, "gxe": 45.9, "rpr": 1467.4585333691643, "rprd": 122.30321553420843, "w": 0, "l": 1, "coil": null}, "gen8lc": {"elo": 1017.552501052, "gxe": 30.9, "rpr": 1338.9424639241, "rprd": 126.45380457452, "w": 2, "l": 4, "coil": null}, "gen8monotype": {"elo": 1136.6285195257, "gxe": 36.4, "rpr": 1392.2140818072, "rprd": 86.430392148261, "w": 20, "l": 30, "coil": null}, "gen8ou": {"elo": 1129.7996848109, "gxe": 37.5, "rpr": 1401.4378891807, "rprd": 82.226187862736, "w": 19, "l": 26, "coil": null}, "gen8oublitz": {"elo": 1000, "gxe": 38.6, "rpr": 1407.8150898958, "rprd": 116.3680107315, "w": 0, "l": 2, "coil": null}, "gen8randombattle": {"elo": 1101.3028941044, "gxe": 41.6, "rpr": 1435.2897599794, "rprd": 52.430419040561, "w": 287, "l": 318, "coil": null}, "gen91v1": {"elo": 1000, "gxe": 45, "rpr": 1459.8393856612, "rprd": 122.8583080769, "w": 0, "l": 1, "coil": null}, "gen9chimera1v1randombattle": {"elo": 1000, "gxe": 41.2, "rpr": 1429.3276830506725, "rprd": 116.49439680439613, "w": 0, "l": 2, "coil": null}, "gen9lc": {"elo": 1022.8426400266953, "gxe": 45.4, "rpr": 1463.6586657211756, "rprd": 111.63045947278502, "w": 1, "l": 2, "coil": null}, "gen9monotype": {"elo": 1086.7126084653505, "gxe": 40.5, "rpr": 1423.3394503410882, "rprd": 122.02886474024709, "w": 6, "l": 11, "coil": 1493.137218324202}, "gen9monotyperandombattle": {"elo": 1086.0954333226937, "gxe": 58.7, "rpr": 1569.5172732136625, "rprd": 116.62370553788297, "w": 2, "l": 0, "coil": null}, "gen9nationaldex": {"elo": 1122.3408958456503, "gxe": 47.3, "rpr": 1479.232970333777, "rprd": 74.62709121856095, "w": 10, "l": 9, "coil": null}, "gen9ou": {"elo": 1084.1381604560538, "gxe": 35.8, "rpr": 1385.6441662865075, "rprd": 95.40007893527454, "w": 32, "l": 40, "coil": null}, "gen9pu": {"elo": 1101.7603935612913, "gxe": 58.6, "rpr": 1569.058599648452, "rprd": 115.24585324763845, "w": 2, "l": 0, "coil": 207.18228688765845}, "gen9randombattle": {"elo": 1242.8117154674158, "gxe": 50.3, "rpr": 1502.0104987709267, "rprd": 56.79303693794587, "w": 346, "l": 362, "coil": null}, "gen9randombattleblitz": {"elo": 1041.5338886341765, "gxe": 48.7, "rpr": 1489.6157507068976, "rprd": 119.66403998903525, "w": 1, "l": 1, "coil": null}, "gen9randombattlemayhem": {"elo": 1000, "gxe": 45.7, "rpr": 1465.944875761594, "rprd": 122.11487629416108, "w": 0, "l": 1, "coil": null}, "gen9ru": {"elo": 1022.1660277196066, "gxe": 38.7, "rpr": 1409.3965706288952, "rprd": 102.07984632643439, "w": 1, "l": 4, "coil": 586.5823112395241}, "gen9ubers": {"elo": 1074.3789917439217, "gxe": 53.9, "rpr": 1530.7439149419574, "rprd": 111.63840023396077, "w": 2, "l": 1, "coil": null}, "gen9uu": {"elo": 1063.0832949280946, "gxe": 39.5, "rpr": 1417.0336141664234, "rprd": 86.2465212641201, "w": 13, "l": 16, "coil": null}}}