{"username": "thatdankcharizard", "userid": "thatdankcharizard", "registertime": 1530662400, "group": 1, "ratings": {"gen1randombattle": {"elo": 1079.8154385253, "gxe": 66.6, "rpr": 1638.7501428434, "rprd": 130, "w": 2, "l": 0, "coil": null}, "gen2randombattle": {"elo": 1047.2017772279, "gxe": 55.3, "rpr": 1542.4168408091, "rprd": 122.07760318256, "w": 1, "l": 0, "coil": null}, "gen3randombattle": {"elo": 1050.5241838654, "gxe": 61.2, "rpr": 1592.0463602097, "rprd": 130, "w": 1, "l": 1, "coil": null}, "gen4randombattle": {"elo": 1083.6898684276, "gxe": 63.3, "rpr": 1610.0290733439, "rprd": 130, "w": 2, "l": 0, "coil": null}, "gen5pokebilitiesrandombattle": {"elo": 1101.2225668325004, "gxe": 50.7, "rpr": 1505.3946065711548, "rprd": 88.87192721075952, "w": 4, "l": 5, "coil": null}, "gen5randombattle": {"elo": 1040, "gxe": 51, "rpr": 1508.3085423231, "rprd": 117.37243389421, "w": 1, "l": 1, "coil": null}, "gen6randombattle": {"elo": 1439.4221336915618, "gxe": 70.9, "rpr": 1669.0791657506245, "rprd": 52.77660775491259, "w": 32, "l": 18, "coil": null}, "gen7almostanyability": {"elo": 1282.7798581283, "gxe": 73.7, "rpr": 1699.3384322506, "rprd": 84.538418249727, "w": 263, "l": 152, "coil": null}, "gen7anythinggoes": {"elo": 1211.1835693707, "gxe": 54.6, "rpr": 1542.147194243, "rprd": 227.596214113, "w": 13, "l": 7, "coil": null}, "gen7balancedhackmons": {"elo": 1331.5571476998, "gxe": 67.1, "rpr": 1636.3429994745, "rprd": 70.129300209889, "w": 22, "l": 8, "coil": null}, "gen7battlefactory": {"elo": 1143.858728367, "gxe": 77.6, "rpr": 1749.6518517819, "rprd": 130, "w": 4, "l": 0, "coil": null}, "gen7benjaminbutterfree": {"elo": 1112.8098364281, "gxe": 60, "rpr": 1579.0069951989, "rprd": 99.908235235375, "w": 4, "l": 2, "coil": null}, "gen7bssfactory": {"elo": 1044.584930701, "gxe": 55, "rpr": 1540.1606143388, "rprd": 122.8583080769, "w": 1, "l": 0, "coil": null}, "gen7challengecup1v1": {"elo": 1178.954616495, "gxe": 65.8, "rpr": 1630.179001164, "rprd": 121.49210415091, "w": 8, "l": 2, "coil": null}, "gen7doublesou": {"elo": 1032.3150006096, "gxe": 33.6, "rpr": 1367.8049275608, "rprd": 84.344076431941, "w": 13, "l": 24, "coil": null}, "gen7doublesubers": {"elo": 1000, "gxe": 44.1, "rpr": 1452.4633209151, "rprd": 122.42406735658, "w": 0, "l": 1, "coil": null}, "gen7hackmonscup": {"elo": 1406.7691475264, "gxe": 73.3, "rpr": 1692.6057093227, "rprd": 60.265870404521, "w": 23, "l": 11, "coil": null}, "gen7lc": {"elo": 1000, "gxe": 45, "rpr": 1459.8393856612, "rprd": 122.8583080769, "w": 0, "l": 1, "coil": null}, "gen7letsgorandombattle": {"elo": 1000, "gxe": 44.2, "rpr": 1453.7604970898, "rprd": 122.53190596672, "w": 0, "l": 1, "coil": null}, "gen7monotyperandombattle": {"elo": 1043.665030805, "gxe": 55.1, "rpr": 1540.7320167657, "rprd": 122.68679469461, "w": 1, "l": 0, "coil": null}, "gen7nu": {"elo": 1308.9253454313, "gxe": 67.4, "rpr": 1640.0919728924, "rprd": 79.335709551577, "w": 58, "l": 59, "coil": null}, "gen7ou": {"elo": 1299.5549119513, "gxe": 52.3, "rpr": 1517.7005967958, "rprd": 56.15908679402, "w": 82, "l": 73, "coil": null}, "gen7pickyourteamrandombattle": {"elo": 1045.7514432314, "gxe": 55, "rpr": 1540.1606143388, "rprd": 122.8583080769, "w": 1, "l": 0, "coil": null}, "gen7pu": {"elo": 1057.7138806447, "gxe": 48.4, "rpr": 1487.5100880137, "rprd": 116.44823840105, "w": 1, "l": 1, "coil": null}, "gen7randombattle": {"elo": 1537.4633720572206, "gxe": 76.9, "rpr": 1730.8159798960883, "rprd": 71.7112983534437, "w": 841, "l": 759, "coil": null}, "gen7randombattleapexabilities": {"elo": 1045.8057116517018, "gxe": 55, "rpr": 1540.1606143390134, "rprd": 122.85830807679145, "w": 1, "l": 0, "coil": null}, "gen7randomdoublesbattle": {"elo": 1137.6925946219, "gxe": 61.6, "rpr": 1595.0954399187, "rprd": 130, "w": 5, "l": 3, "coil": null}, "gen7ru": {"elo": 1207.9087833454, "gxe": 53.4, "rpr": 1530.869380234, "rprd": 222.98183516694, "w": 26, "l": 24, "coil": null}, "gen7superstaffbrosbrawl": {"elo": 1060.688127012, "gxe": 42, "rpr": 1435.7291703173, "rprd": 115.88025175649, "w": 6, "l": 8, "coil": null}, "gen7tiershift": {"elo": 1170.375514897, "gxe": 55.9, "rpr": 1545.4933531633, "rprd": 56.813077684907, "w": 18, "l": 16, "coil": null}, "gen7ubers": {"elo": 1447.2305142363, "gxe": 71.5, "rpr": 1706.083751529, "rprd": 222.93534173199, "w": 49, "l": 29, "coil": null}, "gen7uu": {"elo": 1104.5724968201, "gxe": 46.4, "rpr": 1471.6844081886, "rprd": 115.06753541823, "w": 39, "l": 44, "coil": null}, "gen7zu": {"elo": 1161.8265482768, "gxe": 55.1, "rpr": 1539.7499725239, "rprd": 86.850878795014, "w": 9, "l": 7, "coil": null}, "gen8anythinggoes": {"elo": 1133.942821353, "gxe": 65, "rpr": 1620.5959235009, "rprd": 95.430323419222, "w": 6, "l": 1, "coil": null}, "gen8battlefactory": {"elo": 1308.5252982116, "gxe": 64.7, "rpr": 1629.9474911479, "rprd": 189.23630816996, "w": 17, "l": 6, "coil": null}, "gen8bdspou": {"elo": 1040, "gxe": 45.8, "rpr": 1466.9108216389, "rprd": 111.51861011339, "w": 1, "l": 2, "coil": null}, "gen8bdsprandombattle": {"elo": 1401.4605309832, "gxe": 67.5, "rpr": 1638.570714336, "rprd": 48.340260600079, "w": 76, "l": 59, "coil": null}, "gen8bssfactory": {"elo": 1046.5979346543, "gxe": 55.7, "rpr": 1545.5573198749, "rprd": 122.08720992349, "w": 1, "l": 0, "coil": null}, "gen8challengecup1v1": {"elo": 1082.699756047, "gxe": 52.4, "rpr": 1519.1391377187, "rprd": 100.7664348095, "w": 3, "l": 2, "coil": null}, "gen8doublesou": {"elo": 1000, "gxe": 41, "rpr": 1427.4328741711, "rprd": 116.77753930647, "w": 0, "l": 2, "coil": null}, "gen8hackmonscup": {"elo": 1147.1354956459, "gxe": 63.7, "rpr": 1612.8584001787, "rprd": 130, "w": 10, "l": 7, "coil": null}, "gen8joltemonsrandombattle": {"elo": 1077.096244881, "gxe": 59.5, "rpr": 1576.5552111446, "rprd": 123.7266435982, "w": 2, "l": 0, "coil": null}, "gen8monotype": {"elo": 1121.9811103252, "gxe": 52.7, "rpr": 1520.6754579475, "rprd": 85.510716920762, "w": 7, "l": 5, "coil": null}, "gen8monotyperandombattle": {"elo": 1123.2795380534, "gxe": 60.9, "rpr": 1586.951460706, "rprd": 102.12330409492, "w": 4, "l": 1, "coil": null}, "gen8nationaldexag": {"elo": 1177.6019636016, "gxe": 57.8, "rpr": 1561.2958988227, "rprd": 87.363009637638, "w": 9, "l": 6, "coil": null}, "gen8ou": {"elo": 1399.0488537185, "gxe": 61.4, "rpr": 1604.81707718, "rprd": 227.47387347676, "w": 166, "l": 142, "coil": null}, "gen8pu": {"elo": 1095.200774452, "gxe": 56.4, "rpr": 1549.7996008278, "rprd": 86.213448433962, "w": 7, "l": 4, "coil": null}, "gen8randombattle": {"elo": 1427.7236831303703, "gxe": 78.9, "rpr": 1759.910614788726, "rprd": 107.99054887541676, "w": 2596, "l": 2353, "coil": null}, "gen8randombattleblitz": {"elo": 1499.1186878204, "gxe": 68.2, "rpr": 1644.5018691657, "rprd": 34.88824584791, "w": 94, "l": 66, "coil": null}, "gen8randombattlemayhem": {"elo": 1100.5304072671, "gxe": 51.5, "rpr": 1511.9772279767, "rprd": 105.07476631036, "w": 2, "l": 2, "coil": null}, "gen8randombattlenodmax": {"elo": 1063.9432548449, "gxe": 55.6, "rpr": 1544.9834852807, "rprd": 121.97457712603, "w": 1, "l": 0, "coil": null}, "gen8randomdoublesbattle": {"elo": 1353.1779172848, "gxe": 72, "rpr": 1686.1478979051, "rprd": 104.7072869614, "w": 24, "l": 10, "coil": null}, "gen8roulettemonsrandombattle": {"elo": 1070.1028089042, "gxe": 59, "rpr": 1572.5671258289, "rprd": 117.34888499582, "w": 2, "l": 0, "coil": null}, "gen8ru": {"elo": 1145.2594699425, "gxe": 51.9, "rpr": 1516.838858478, "rprd": 231.46301816661, "w": 14, "l": 13, "coil": null}, "gen8superstaffbros4": {"elo": 1040, "gxe": 55, "rpr": 1540.1606143388, "rprd": 122.8583080769, "w": 1, "l": 0, "coil": null}, "gen8ubers": {"elo": 1249.3389430534, "gxe": 69.1, "rpr": 1682.2406791287, "rprd": 228.48498741619, "w": 13, "l": 7, "coil": null}, "gen91v1": {"elo": 1099.8778143351, "gxe": 50, "rpr": 1499.7641359468, "rprd": 61.29367673619, "w": 14, "l": 14, "coil": null}, "gen9battlefactory": {"elo": 1191.153712092, "gxe": 60.6, "rpr": 1585.8401631619, "rprd": 117.43280509053, "w": 14, "l": 9,