{"username": "TheBoy83", "userid": "theboy83", "registertime": 1666742400, "group": 1, "ratings": {"gen4sharedpowerrandombattle": {"elo": 1000, "gxe": 45, "rpr": 1459.8393856612, "rprd": 122.8583080769, "w": 0, "l": 1, "coil": null}, "gen6firstbloodrandombattle": {"elo": 1405.733369141533, "gxe": 58.2, "rpr": 1562.7500246523323, "rprd": 31.083373397764888, "w": 196, "l": 173, "coil": null}, "gen6tripleschallengecup": {"elo": 1113.967197571597, "gxe": 57.9, "rpr": 1562.1861559814804, "rprd": 99.56561016724227, "w": 4, "l": 2, "coil": null}, "gen7pokebilitiesrandombattle": {"elo": 1178.630259016157, "gxe": 59.1, "rpr": 1570.3192744829075, "rprd": 55.277566063528354, "w": 26, "l": 21, "coil": null}, "gen7randombattleapexabilities": {"elo": 1317.6649984136639, "gxe": 64.5, "rpr": 1613.5107142726285, "rprd": 46.53595927076438, "w": 55, "l": 39, "coil": null}, "gen8hackmonscup": {"elo": 1052.5899539035, "gxe": 56, "rpr": 1548.1715674798, "rprd": 121.9426411887, "w": 1, "l": 0, "coil": null}, "gen8ou": {"elo": 1385.0830071222, "gxe": 48.4, "rpr": 1485.4133814488, "rprd": 212.63593557038, "w": 131, "l": 121, "coil": null}, "gen8oublitz": {"elo": 1052.1818987996, "gxe": 50, "rpr": 1499.8504305201, "rprd": 117.18810406317, "w": 1, "l": 1, "coil": null}, "gen8randombattle": {"elo": 1399.8971956033, "gxe": 59.7, "rpr": 1586.3265798736, "rprd": 210.19293457198, "w": 103, "l": 86, "coil": null}, "gen8randombattlemayhem": {"elo": 1052.0284216478, "gxe": 49.6, "rpr": 1496.7929549578, "rprd": 116.08849182005, "w": 1, "l": 1, "coil": null}, "gen8randomdoublesbattle": {"elo": 1042.6516705803, "gxe": 54.9, "rpr": 1539.2860979023, "rprd": 121.99684828297, "w": 1, "l": 0, "coil": null}, "gen9350cup": {"elo": 1141.420156312, "gxe": 54.2, "rpr": 1537.6438055791, "rprd": 217.6299578581, "w": 10, "l": 7, "coil": null}, "gen9alphabetcup": {"elo": 1438.1542121235, "gxe": 64.8, "rpr": 1624.4384125685, "rprd": 142.80042088027, "w": 44, "l": 24, "coil": null}, "gen9babyrandombattle": {"elo": 1000, "gxe": 44.1, "rpr": 1453.0434530874804, "rprd": 122.31526740284768, "w": 0, "l": 1, "coil": null}, "gen9balancedhackmonsuu": {"elo": 1212.3357543001, "gxe": 64.6, "rpr": 1614.1779999658, "rprd": 54.744544508269, "w": 41, "l": 21, "coil": null}, "gen9battlefactory": {"elo": 1209.5390337488, "gxe": 61.5, "rpr": 1592.612484906, "rprd": 106.57712201687, "w": 85, "l": 57, "coil": null}, "gen9bonustype": {"elo": 1147.8192949815, "gxe": 52.4, "rpr": 1518.5506161278, "rprd": 79.615915293659, "w": 8, "l": 6, "coil": null}, "gen9caprandombattle": {"elo": 1359.1347591454, "gxe": 69.8, "rpr": 1662.9093276837, "rprd": 93.422067313675, "w": 28, "l": 11, "coil": null}, "gen9categoryswap": {"elo": 1112.8272151878, "gxe": 64.9, "rpr": 1621.6469813517, "rprd": 108.77224878491, "w": 4, "l": 0, "coil": null}, "gen9chimera1v1randombattle": {"elo": 1091.0744638404642, "gxe": 40.3, "rpr": 1423.7912488885727, "rprd": 86.81068487536648, "w": 4, "l": 8, "coil": null}, "gen9convergence": {"elo": 1000, "gxe": 43, "rpr": 1443.4573608727237, "rprd": 123.56374347589062, "w": 0, "l": 1, "coil": null}, "gen9crossevolution": {"elo": 1167.1500861004, "gxe": 58.7, "rpr": 1570.9134086911, "rprd": 134.97188253987, "w": 13, "l": 7, "coil": null}, "gen9doublesbrokencup": {"elo": 1123.4235085298767, "gxe": 49.3, "rpr": 1494.45060786308, "rprd": 82.80824566341794, "w": 6, "l": 7, "coil": null}, "gen9doublesou": {"elo": 1237.9765129375216, "gxe": 45.4, "rpr": 1463.4421174235997, "rprd": 116.45014864282133, "w": 62, "l": 63, "coil": null}, "gen9doublesuu": {"elo": 1043.7356963999, "gxe": 55, "rpr": 1540.1606143388, "rprd": 122.8583080769, "w": 1, "l": 0, "coil": null}, "gen9ferventimpersonation": {"elo": 1175.6535346394, "gxe": 59.5, "rpr": 1574.1322403653, "rprd": 69.946766109521, "w": 19, "l": 12, "coil": null}, "gen9fortemons": {"elo": 1431.3560024201, "gxe": 59.3, "rpr": 1579.5403857098, "rprd": 171.75970998203, "w": 107, "l": 82, "coil": null}, "gen9franticfusions": {"elo": 1429.0275138799993, "gxe": 73.6, "rpr": 1703.8450106616406, "rprd": 118.75600191533945, "w": 111, "l": 58, "coil": null}, "gen9godlygift": {"elo": 1265.1676347641, "gxe": 62.8, "rpr": 1603.5300355992, "rprd": 107.86715314828, "w": 32, "l": 19, "coil": null}, "gen9hackmonscup": {"elo": 1192.8221880918, "gxe": 69.2, "rpr": 1658.1017518899, "rprd": 93.465062751283, "w": 7, "l": 1, "coil": null}, "gen9livepatchbattlesver100": {"elo": 1044.5849307009835, "gxe": 55, "rpr": 1540.1606143390134, "rprd": 122.85830807679145, "w": 1, "l": 0, "coil": null}, "gen9megainvasionrandombattle": {"elo": 1328.6391571883, "gxe": 72, "rpr": 1680.8697299307, "rprd": 69.333418763098, "w": 17, "l": 5, "coil": null}, "gen9monkeyspawrandombattle": {"elo": 1070.102808904164, "gxe": 59, "rpr": 1572.567125829214, "rprd": 116.77753930629355, "w": 2, "l": 0, "coil": null}, "gen9monotyperandombattle": {"elo": 1040, "gxe": 50, "rpr": 1500, "rprd": 116.77753930647, "w": 1, "l": 1, "coil": null}, "gen9ou": {"elo": 1415.7802376263521, "gxe": 63.8, "rpr": 1608.0088610894632, "rprd": 63.79641814489712, "w": 713, "l": 635, "coil": null}, "gen9partnersincrime": {"elo": 1076.7070675490152, "gxe": 54.6, "rpr": 1536.7625089749072, "rprd": 111.25700851606479, "w": 2, "l": 1, "coil": null}, "gen9partnersincrimerandombattle": {"elo": 1366.3311946878, "gxe": 69.4, "rpr": 1657.8352917499, "rprd": 73.594879192171, "w": 16, "l": 7, "coil": null}, "gen9partnersincrimerandombattle6moves": {"elo": 1322.1812271578, "gxe": 72.9, "rpr": 1699.3802135889, "rprd": 131.26112842023, "w": 12, "l": 3, "coil": null}, "gen9pickyourteamrandombattle": {"elo": 1312.9481542424, "gxe": 72.9, "rpr": 1696.3178105479, "rprd": 117.91648781954, "w": 20, "l": 4, "coil": null}, "gen9pokebilities": {"elo": 1146.3644282801, "gxe": 49.7, "rpr": 1497.3522638568, "rprd": 166.00857260264, "w": 21, "l": 21, "coil": null}, "gen9pokemoves": {"elo": 1040, "gxe": 50.8, "rpr": 1505.9649452888368, "rprd": 116.41031272280425, "w": 1, "l": 1, "coil": null}, "gen9randombattle": {"elo": 2247.2957710124374, "gxe": 85.9, "rpr": 1841.1144944986409, "rprd": 25.462682593113666, "w": 1461, "l": 1189, "coil": null}, "gen9randombattleblitz": {"elo": 1631.6230195137855, "gxe": 71, "rpr": 1670.0179412229147, "rprd": 43.08523214795851, "w": 400, "l": 328, "coil": null}, "gen9randombattlesharedpowerb12p6": {"elo": 1499.7557075487, "gxe": 77.7, "rpr": 1744.9286520838, "rprd": 105.02660804847, "w": 52, "l": 19, "coil": null}, "gen9randomroulette": {"elo": 1047.1939771701009, "gxe": 55.3, "rpr": 1542.5432987116224, "rprd": 121.82779894531033, "w": 1, "l": 0, "coil": null}, "gen9revelationmons": {"elo": 1259.8590751918, "gxe": 71.1, "rpr": 1689.9463916501, "rprd": 173.72530828932, "w": 14, "l": 3, "coil": null}, "gen9sharedpower": {"elo": 1276.0276399694, "gxe": 56, "rpr": 1548.1892261785, "rprd": 121.6961821214, "w": 37, "l": 28, "coil": null}, "gen9sharingiscaring": {"elo": 1000, "gxe": 45, "rpr": 1459.8393856609866, "rprd": 122.85830807679145, "w": 0, "l": 1, "coil": null}, "gen9sketchmons": {"elo": 1286.8037796361, "gxe": 67.8, "rpr": 1663.8948875626, "rprd": 210.22408888263, "w": 20, "l": 7, "coil": null}, "gen9superstaffbrosultimate": {"elo": 1040, "gxe": 55, "rpr": 1540.1606143390134, "rprd": 122.85830807679145, "w": 1, "l": 0, "coil": null}, "gen9ubers": {"elo": 1000, "gxe": 38, "rpr": 1403.3549322365, "rprd": 111.02750246081, "w": 0, "l": 3, "coil": null}, "gen9uu": {"elo": 1260.6125807344283, "gxe": 59.8, "rpr": 1576.6037528424815, "rprd": 76.9622850650039, "w": 25, "l": 18, "coil": null}}}