{"username": "thedude1348", "userid": "thedude1348", "registertime": 1681948800, "group": 1, "ratings": {"gen1randombattle": {"elo": 1043.2194394259586, "gxe": 45.2, "rpr": 1463.3913732767464, "rprd": 66.94035871406248, "w": 10, "l": 14, "coil": null}, "gen8randombattle": {"elo": 1063.5103948924896, "gxe": 49.2, "rpr": 1493.8164779234853, "rprd": 92.00417238309647, "w": 0, "l": 0, "coil": null}, "gen9doublesou": {"elo": 1098.842294648994, "gxe": 55.6, "rpr": 1544.2024660613267, "rprd": 95.71911570943719, "w": 5, "l": 2, "coil": null}, "gen9ou": {"elo": 1163.6297828756678, "gxe": 53.3, "rpr": 1525.3821765707746, "rprd": 67.81027397490445, "w": 13, "l": 8, "coil": null}, "gen9randombattle": {"elo": 1570.3218535026422, "gxe": 64.9, "rpr": 1616.195628127168, "rprd": 28.886810313140536, "w": 844, "l": 881, "coil": null}, "gen9randomdoublesbattle": {"elo": 1508.651193133076, "gxe": 59.1, "rpr": 1571.4131400144943, "rprd": 85.30007295441679, "w": 227, "l": 213, "coil": null}, "gen9randomroulette": {"elo": 1040, "gxe": 50, "rpr": 1500, "rprd": 116.77753930629355, "w": 1, "l": 1, "coil": null}, "gen9uu": {"elo": 1096.0992417332343, "gxe": 57.9, "rpr": 1562.685894963322, "rprd": 103.67333217916807, "w": 4, "l": 1, "coil": null}}}