{"username": "The Goomy", "userid": "thegoomy", "registertime": 1381104000, "group": 1, "ratings": {"1v1": {"elo": 1042.6196745167, "gxe": 41.7, "rpr": 1434.051668481, "rprd": 106.70871011656, "w": 0, "l": 0, "coil": null}, "anythinggoes": {"elo": 1052.006645387, "gxe": 55.3, "rpr": 1542.0972755762, "rprd": 121.88660918579, "w": 1, "l": 0, "coil": null}, "challengecup1v1": {"elo": 1364.7763154148, "gxe": 61.4, "rpr": 1588.502571172, "rprd": 59.320521667449, "w": 0, "l": 0, "coil": null}, "digimondigimonshowdownsingles": {"elo": 1022.1660277196, "gxe": 50, "rpr": 1499.970724027, "rprd": 116.84146468108, "w": 1, "l": 1, "coil": null}, "digimondigimonxpokemon": {"elo": 1040, "gxe": 55, "rpr": 1540.1606143388, "rprd": 122.8583080769, "w": 1, "l": 0, "coil": null}, "gen1ou": {"elo": 1230.1157116387058, "gxe": 73.2, "rpr": 1701.1038861316965, "rprd": 124.15827597633144, "w": 11, "l": 3, "coil": null}, "gen1randombattle": {"elo": 1169.1524284871005, "gxe": 64.7, "rpr": 1620.8683643165994, "rprd": 122.53073280719518, "w": 6, "l": 4, "coil": null}, "gen1randombattleblitz": {"elo": 1048.9794746146, "gxe": 55, "rpr": 1540.1606143388, "rprd": 122.8583080769, "w": 1, "l": 0, "coil": null}, "gen2randombattle": {"elo": 1040, "gxe": 55, "rpr": 1540.1606143388, "rprd": 122.8583080769, "w": 0, "l": 0, "coil": null}, "gen3nu": {"elo": 1326.0519460819, "gxe": 67.9, "rpr": 1717.9323378989, "rprd": 403.4271925465, "w": 0, "l": 0, "coil": null}, "gen3ou": {"elo": 1107.4269677718, "gxe": 62.4, "rpr": 1601.7156122711, "rprd": 130, "w": 1, "l": 0, "coil": null}, "gen3randombattle": {"elo": 1156.2846536182, "gxe": 67.1, "rpr": 1639.9754617208, "rprd": 102.55948191593, "w": 0, "l": 0, "coil": null}, "gen3ubers": {"elo": 1122.8787170936, "gxe": 60.1, "rpr": 1584.8829867361, "rprd": 153.99120225189, "w": 7, "l": 3, "coil": null}, "gen4nu": {"elo": 1022.2187734473, "gxe": 47.8, "rpr": 1478.1820475232, "rprd": 281.42475940047, "w": 0, "l": 0, "coil": null}, "gen4ou": {"elo": 1271.1400576199, "gxe": 74.9, "rpr": 1717.1021330852, "rprd": 118.33814267492, "w": 25, "l": 13, "coil": null}, "gen4randombattle": {"elo": 1335.3731549934, "gxe": 74.5, "rpr": 1706.8731679817, "rprd": 77.203463654852, "w": 0, "l": 0, "coil": null}, "gen4uu": {"elo": 1040, "gxe": 55, "rpr": 1540.1606143388, "rprd": 122.8583080769, "w": 1, "l": 0, "coil": null}, "gen5ou": {"elo": 1333.4689206543853, "gxe": 69.2, "rpr": 1662.5279074514037, "rprd": 126.03695082592282, "w": 6, "l": 3, "coil": null}, "gen5randombattle": {"elo": 1376.1798514915, "gxe": 77.4, "rpr": 1761.2924792888, "rprd": 178.68393657328, "w": 0, "l": 0, "coil": null}, "gen5ubers": {"elo": 1310.2613295859, "gxe": 67.6, "rpr": 1678.0185222685, "rprd": 274.69595128556, "w": 102, "l": 52, "coil": null}, "gen6firstbloodrandombattle": {"elo": 1344.1650749920466, "gxe": 58.8, "rpr": 1567.158893062414, "rprd": 30.628194412205907, "w": 122, "l": 106, "coil": null}, "gen6nu": {"elo": 1107.4008191474, "gxe": 57.3, "rpr": 1564.9872464063, "rprd": 207.31600276996, "w": 6, "l": 5, "coil": null}, "gen6ou": {"elo": 1505.096840288224, "gxe": 81.3, "rpr": 1789.3520236596678, "rprd": 106.02198959990008, "w": 149, "l": 81, "coil": null}, "gen6randombattle": {"elo": 1348.7019957435, "gxe": 77.4, "rpr": 1754.2826047923, "rprd": 153.82586519735, "w": 0, "l": 0, "coil": null}, "gen6ubers": {"elo": 1327.4468100685, "gxe": 80.9, "rpr": 1839.9511821719, "rprd": 258.48425764291, "w": 16, "l": 0, "coil": null}, "gen71v1": {"elo": 1499.9179814849, "gxe": 69.7, "rpr": 1718.4616398653, "rprd": 331.08818758446, "w": 1047, "l": 803, "coil": null}, "gen7anythinggoes": {"elo": 1123.5668722946, "gxe": 59.5, "rpr": 1577.1685845177, "rprd": 130, "w": 0, "l": 0, "coil": null}, "gen7battlefactory": {"elo": 1436.5903044616, "gxe": 77.7, "rpr": 1747.8441127902, "rprd": 118.6788537045, "w": 0, "l": 0, "coil": null}, "gen7bssfactory": {"elo": 1074, "gxe": 58.6, "rpr": 1569.1301595792, "rprd": 117.10494843352, "w": 0, "l": 0, "coil": null}, "gen7cap": {"elo": 1082.4675427202, "gxe": 54, "rpr": 1531.7898356054, "rprd": 127.56100710873, "w": 0, "l": 0, "coil": null}, "gen7challengecup1v1": {"elo": 1307.1964913589, "gxe": 58, "rpr": 1561.1262578131, "rprd": 40.056997089746, "w": 0, "l": 0, "coil": null}, "gen7followtheleader": {"elo": 1208.1671561136, "gxe": 66.5, "rpr": 1651.1529745613, "rprd": 210.47039513907, "w": 0, "l": 0, "coil": null}, "gen7lc": {"elo": 1341.9855632673, "gxe": 66.3, "rpr": 1631.351018378, "rprd": 92.447249604067, "w": 0, "l": 0, "coil": null}, "gen7letsgocup": {"elo": 1369.4261297619, "gxe": 57.7, "rpr": 1570.7902844204, "rprd": 232.64371021806, "w": 0, "l": 0, "coil": null}, "gen7letsgorandombattle": {"elo": 1166.5591948342, "gxe": 63, "rpr": 1602.7917928113, "rprd": 82.880380238861, "w": 0, "l": 0, "coil": null}, "gen7metronomebattle": {"elo": 1406.838040737, "gxe": 70, "rpr": 1671.5586410812, "rprd": 136.62474338604, "w": 0, "l": 0, "coil": null}, "gen7monotypebattlefactory": {"elo": 1116.0827361593, "gxe": 62.7, "rpr": 1602.964244809, "rprd": 112.47096780951, "w": 3, "l": 0, "coil": null}, "gen7monotyperandombattle": {"elo": 1499.3874078319, "gxe": 69.5, "rpr": 1661.2131014644, "rprd": 102.51979553264, "w": 0, "l": 0, "coil": null}, "gen7nu": {"elo": 1499.4396090944, "gxe": 74.4, "rpr": 1779.9655708974, "rprd": 333.8852163245, "w": 331, "l": 215, "coil": null}, "gen7ou": {"elo": 1452.1935265704658, "gxe": 67.5, "rpr": 1644.3458998718402, "rprd": 108.83894824785968, "w": 3451, "l": 3062, "coil": null}, "gen7oublitz": {"elo": 1130.8975814231, "gxe": 50.2, "rpr": 1501.3801274963, "rprd": 84.654213304233, "w": 0, "l": 0, "coil": null}, "gen7pickyourteamrandombattle": {"elo": 1040, "gxe": 53.4, "rpr": 1526.9048044832, "rprd": 123.3020122189, "w": 1, "l": 0, "coil": null}, "gen7pu": {"elo": 1223.6545100798, "gxe": 64.7, "rpr": 1619.5825061364, "rprd": 107.12926414681, "w": 4, "l": 3, "coil": null}, "gen7randombattle": {"elo": 1499.7898785671, "gxe": 77.1, "rpr": 1771.3339063509, "rprd": 220.20168665265, "w": 0, "l": 0, "coil": null}, "gen7ru": {"elo": 1080.0030289054, "gxe": 60.2, "rpr": 1582.925728901, "rprd": 130, "w": 0, "l": 0, "coil": null}, "gen7superstaffbrosbrawl": {"elo": 1157.8628532922, "gxe": 71.6, "rpr": 1686.4737611199, "rprd": 130, "w": 1, "l": 0, "coil": null}, "gen7ubers": {"elo": 1162.83187103, "gxe": 50.7, "rpr": 1506.1971809155, "rprd": 228.69659522627, "w": 0, "l": 0, "coil": null}, "gen7uu": {"elo": 1097.1674011658, "gxe": 45.5, "rpr": 1464.0252629519, "rprd": 109.7383409499, "w": 0, "l": 0, "coil": null}, "gen7vgc2017": {"elo": 1345.3588831816, "gxe": 58, "rpr": 1562.9365503442, "rprd": 101.86387892502, "w": 0, "l": 0, "coil": null}, "gen7vgc2018": {"elo": 1052.655435788, "gxe": 53.2, "rpr": 1525.3166738655, "rprd": 123.3095016293, "w": 0, "l": 0, "coil": null}, "gen7vgc2019ultraseries": {"elo": 1114.5925695134, "gxe": 45.7, "rpr": 1466.3208155159, "rprd": 85.230334023375, "w": 0, "l": 0, "coil": null}, "gen7zu": {"elo": 1479.0292547688, "gxe": 75.2, "rpr": 1790.1403846508, "rprd": 329.40209574555, "w": 458, "l": 215, "coil": null}, "gen81v1": {"elo": 1467.8818409409, "gxe": 61, "rpr": 1599.9547255771, "rprd": 218.41786531027, "w": 39, "l": 22, "coil": null}, "gen8battlestadiumdoubles": {"elo": 1450.1306937136, "gxe": 62.7, "rpr": 1597.5908623466, "rprd": 30.500156871342, "w": 385, "l": 329, "coil": null}, "gen8bdspbattlefestivaldoubles": {"elo": 1482.704885819, "gxe": 62.7, "rpr": 1611.0065503903, "rprd": 186.80471961891, "w": 105, "l": 82, "coil": null}, "gen8bdspnu": {"elo": 1226.646150278, "gxe": 66.5, "rpr": 1643.6861600156, "rprd": 166.98218521481, "w": 12, "l": 3, "coil": null}, "gen8bdspou": {"elo": 1499.1533978478, "gxe": 75.1, "rpr": 1741.7239324018, "rprd": 204.8846213405, "w": 322, "l": 181, "coil": null}, "gen8bdsprandombattle": {"elo": 1499.1234596584, "gxe": 81, "rpr": 1790.5215774203, "rprd": 126.92362574241, "w": 26, "l": 4, "coil": null}, "gen8bdspru": {"elo": 1405.015251575, "gxe": 71.6, "rpr": 1692.006343937,