{"username": "TheGoldenGoomy", "userid": "thegoldengoomy", "registertime": 1395964800, "group": 1, "ratings": {"gen7ou": {"elo": 1288.4229986157, "gxe": 64.2, "rpr": 1611.8020404969, "rprd": 69.551501868472, "w": 15, "l": 5, "coil": null}, "gen7pu": {"elo": 1087.5160367418, "gxe": 51.8, "rpr": 1514.1285614782, "rprd": 102.50563610153, "w": 3, "l": 2, "coil": null}, "gen7randombattle": {"elo": 1499.5948457144, "gxe": 78.3, "rpr": 1766.0074541407, "rprd": 159.1456212628, "w": 174, "l": 126, "coil": null}, "gen8monotype": {"elo": 1097.7915464873, "gxe": 49.6, "rpr": 1496.8880542195, "rprd": 86.902657611729, "w": 5, "l": 5, "coil": null}, "gen8nationaldexag": {"elo": 1499.1581202014, "gxe": 74.9, "rpr": 1741.2476606422, "rprd": 208.13596512621, "w": 203, "l": 142, "coil": null}, "gen8ou": {"elo": 1127.3370708738, "gxe": 55, "rpr": 1538.933380855, "rprd": 88.869749902184, "w": 6, "l": 3, "coil": null}, "gen8pu": {"elo": 1104.7563557527, "gxe": 52.2, "rpr": 1517.4705246266, "rprd": 95.067877136502, "w": 4, "l": 3, "coil": null}, "gen8randombattle": {"elo": 1387.5949503121, "gxe": 69.1, "rpr": 1682.3163169496, "rprd": 231.3704470794, "w": 238, "l": 182, "coil": null}, "gen8uu": {"elo": 1345.7224682357, "gxe": 63, "rpr": 1618.1628838772, "rprd": 215.36714035934, "w": 43, "l": 30, "coil": null}, "gen9ou": {"elo": 1150.101265850244, "gxe": 48.1, "rpr": 1485.8362192955794, "rprd": 60.032041209016704, "w": 17, "l": 13, "coil": null}, "gen9randombattle": {"elo": 2168.0558578977, "gxe": 87.4, "rpr": 1864.5857730169, "rprd": 29.119498716143, "w": 6906, "l": 6606, "coil": null}, "gen9ru": {"elo": 1029.0405465195088, "gxe": 43.2, "rpr": 1445.5795778999482, "rprd": 111.78215098435611, "w": 1, "l": 2, "coil": 342.8786272251311}, "nu": {"elo": 1173.5764557803, "gxe": 59.5, "rpr": 1572.8666223224, "rprd": 43.594929662795, "w": 40, "l": 33, "coil": null}, "ou": {"elo": 1399.6467345838, "gxe": 68.2, "rpr": 1654.3304505199, "rprd": 138.15117085562, "w": 40, "l": 22, "coil": null}, "pu": {"elo": 1114.2836067934, "gxe": 55.8, "rpr": 1545.1423709926, "rprd": 82.131284729747, "w": 9, "l": 6, "coil": null}, "ru": {"elo": 1153.119750396, "gxe": 64.5, "rpr": 1616.5043914957, "rprd": 98.505968276635, "w": 7, "l": 2, "coil": null}, "ubers": {"elo": 1269.7294652976, "gxe": 69.7, "rpr": 1659.970436329, "rprd": 67.412498544386, "w": 18, "l": 6, "coil": null}, "uu": {"elo": 1270.2779778254, "gxe": 60.1, "rpr": 1577.5346748362, "rprd": 52.773592926014, "w": 39, "l": 33, "coil": null}}}