{"username": "TheLudicrousLuv", "userid": "theludicrousluv", "registertime": 1706572800, "group": 1, "ratings": {"gen1pu": {"elo": 1027.676984267058, "gxe": 50, "rpr": 1500, "rprd": 116.77753930629355, "w": 1, "l": 1, "coil": null}, "gen3ou": {"elo": 1248.0720203081414, "gxe": 64.4, "rpr": 1614.3237118622728, "rprd": 77.3736573313352, "w": 11, "l": 2, "coil": null}, "gen6ou": {"elo": 1197.8800564127841, "gxe": 58.8, "rpr": 1567.816544878074, "rprd": 60.01561120558076, "w": 19, "l": 13, "coil": null}, "gen7purehackmons": {"elo": 1111.220188265961, "gxe": 55.1, "rpr": 1539.2762202353497, "rprd": 82.69325670156263, "w": 7, "l": 5, "coil": null}, "gen9350cup": {"elo": 1061.0856335614706, "gxe": 42.4, "rpr": 1439.5601007355554, "rprd": 104.13817103764957, "w": 1, "l": 4, "coil": null}, "gen9almostanyability": {"elo": 1191.69929403225, "gxe": 60.9, "rpr": 1585.9767868893723, "rprd": 87.5027118730831, "w": 8, "l": 2, "coil": null}, "gen9alphabetcup": {"elo": 1102.2070165508, "gxe": 43.8, "rpr": 1449.7020091345, "rprd": 126.5785102879, "w": 6, "l": 9, "coil": null}, "gen9biomechmons": {"elo": 1114.5428137625, "gxe": 49.8, "rpr": 1498.1581296125, "rprd": 97.588409765576, "w": 9, "l": 10, "coil": null}, "gen9camomons": {"elo": 1193.1506752123, "gxe": 60.5, "rpr": 1584.5491637388, "rprd": 114.37063675913, "w": 12, "l": 6, "coil": null}, "gen9cap": {"elo": 1240.9239251534, "gxe": 67.8, "rpr": 1646.1272136675, "rprd": 100.12597648508, "w": 27, "l": 12, "coil": null}, "gen9categoryswap": {"elo": 1033.5131618878404, "gxe": 42.8, "rpr": 1443.7986907201857, "rprd": 81.7257612277393, "w": 6, "l": 10, "coil": null}, "gen9championsou": {"elo": 1106.4346510388625, "gxe": 44.4, "rpr": 1456.4903900769489, "rprd": 69.38282099073353, "w": 13, "l": 16, "coil": null}, "gen9computergeneratedteams": {"elo": 1074.3889716305373, "gxe": 58.9, "rpr": 1570.5805166541986, "rprd": 106.95097349618943, "w": 3, "l": 1, "coil": null}, "gen9convergence": {"elo": 1071.9793254073, "gxe": 48.6, "rpr": 1488.8786636149, "rprd": 123.64504447551, "w": 7, "l": 7, "coil": null}, "gen9donotuserandombattle": {"elo": 1058.5501986144, "gxe": 55, "rpr": 1540.1606143388, "rprd": 125.19513328306, "w": 1, "l": 0, "coil": null}, "gen9doublesou": {"elo": 1317.778621118958, "gxe": 64.9, "rpr": 1617.5128100089273, "rprd": 67.38811171736461, "w": 16, "l": 6, "coil": null}, "gen9flipped": {"elo": 1125.1624748907, "gxe": 54, "rpr": 1533.9378123415, "rprd": 183.66236927328, "w": 21, "l": 15, "coil": null}, "gen9fortemons": {"elo": 1205.9104585897, "gxe": 66.8, "rpr": 1636.0621704984, "rprd": 87.70136377483, "w": 8, "l": 2, "coil": null}, "gen9franticfusions": {"elo": 1103.0975445884, "gxe": 54.1, "rpr": 1532.7966489929, "rprd": 114.92720413348, "w": 27, "l": 21, "coil": null}, "gen9fullpotential": {"elo": 1040, "gxe": 45.8, "rpr": 1466.910821638751, "rprd": 111.51861011315509, "w": 1, "l": 2, "coil": null}, "gen9godlygift": {"elo": 1094.8009620518235, "gxe": 50.9, "rpr": 1507.0513919004438, "rprd": 130, "w": 3, "l": 2, "coil": null}, "gen9inverse": {"elo": 1051.1252034562, "gxe": 40.5, "rpr": 1426.7163547716, "rprd": 60.374688240163, "w": 12, "l": 19, "coil": null}, "gen9legendszaou": {"elo": 1174.257972956364, "gxe": 54, "rpr": 1530.9024331033274, "rprd": 76.92307952578274, "w": 21, "l": 15, "coil": null}, "gen9mixandmega": {"elo": 1412.1189323461924, "gxe": 77.8, "rpr": 1751.313805602084, "rprd": 124.63604674767389, "w": 122, "l": 72, "coil": null}, "gen9monotype": {"elo": 1040, "gxe": 55, "rpr": 1540.1606143390134, "rprd": 122.85830807679145, "w": 1, "l": 0, "coil": 550}, "gen9natdexcamovechaos": {"elo": 1128.0937386595, "gxe": 50.6, "rpr": 1504.4068582423, "rprd": 90.731830203253, "w": 5, "l": 4, "coil": null}, "gen9nationaldex": {"elo": 1407.5256474001026, "gxe": 62.2, "rpr": 1595.4090342478848, "rprd": 67.67804600091911, "w": 52, "l": 36, "coil": null}, "gen9nationaldexbh": {"elo": 1147.8126048543315, "gxe": 56.8, "rpr": 1552.74404389026, "rprd": 87.04850621710197, "w": 6, "l": 5, "coil": null}, "gen9nationaldexubers": {"elo": 1174.1735784027815, "gxe": 49.9, "rpr": 1499.5133212464746, "rprd": 75.80534660765984, "w": 35, "l": 28, "coil": null}, "gen9nationaldexubersuu": {"elo": 1000, "gxe": 41.3, "rpr": 1430.5798220364888, "rprd": 115.60492406116278, "w": 0, "l": 2, "coil": null}, "gen9nationaldexuu": {"elo": 1096.8241567998298, "gxe": 58.7, "rpr": 1568.8321425331808, "rprd": 106.08835163721201, "w": 3, "l": 1, "coil": null}, "gen9ou": {"elo": 1189.6109730921396, "gxe": 53.7, "rpr": 1529.5667699861965, "rprd": 114.29132573694098, "w": 12, "l": 6, "coil": null}, "gen9passiveaggressive": {"elo": 1041.6708011407, "gxe": 56.3, "rpr": 1547.7565816509, "rprd": 48.697685842902, "w": 33, "l": 25, "coil": null}, "gen9pokebilities": {"elo": 1222.0449204448, "gxe": 65, "rpr": 1617.3658582253, "rprd": 50.469749123691, "w": 38, "l": 19, "coil": null}, "gen9pokebilitiesaaa": {"elo": 1399.6346527703, "gxe": 71.6, "rpr": 1674.7770279267, "rprd": 30.612469480119, "w": 290, "l": 148, "coil": null}, "gen9pokebilitiesbh": {"elo": 1000, "gxe": 42.9, "rpr": 1442.8534418971617, "rprd": 122.67168722156684, "w": 0, "l": 1, "coil": null}, "gen9pu": {"elo": 1076.6857679886882, "gxe": 48.8, "rpr": 1490.7765934529305, "rprd": 116.92682499723774, "w": 1, "l": 1, "coil": 172.5340546095176}, "gen9randombattle": {"elo": 1933.0056199351625, "gxe": 79.5, "rpr": 1756.1673412955154, "rprd": 30.51588894937505, "w": 3927, "l": 3770, "coil": null}, "gen9randombattlehyperblitzautochoose": {"elo": 1081.1490900412828, "gxe": 59, "rpr": 1572.567125829214, "rprd": 116.77753930629355, "w": 2, "l": 0, "coil": null}, "gen9randombattlesharedpowerb12p6": {"elo": 1197.970957585767, "gxe": 54.1, "rpr": 1531.0354343648921, "rprd": 42.038758962252686, "w": 46, "l": 38, "coil": null}, "gen9randomdoublesbattle": {"elo": 1616.5170349500713, "gxe": 71.1, "rpr": 1671.8273783787488, "rprd": 60.99620373010231, "w": 313, "l": 275, "coil": null}, "gen9relayrace": {"elo": 1084.8442752028, "gxe": 52.6, "rpr": 1520.889254365, "rprd": 109.96878631956, "w": 2, "l": 2, "coil": null}, "gen9revelationmons": {"elo": 1098.5454815017306, "gxe": 54.7, "rpr": 1537.3422682312787, "rprd": 116.94693907957793, "w": 6, "l": 4, "coil": null}, "gen9sharedpower": {"elo": 1055.1180522558693, "gxe": 49.5, "rpr": 1496.0844953510755, "rprd": 115.29200247098993, "w": 1, "l": 1, "coil": null}, "gen9stabmons": {"elo": 1089.462966030554, "gxe": 54.3, "rpr": 1533.8444443724088, "rprd": 104.31940483964719, "w": 3, "l": 2, "coil": null}, "gen9superstaffbrosultimate": {"elo": 1089.8086347560609, "gxe": 53.7, "rpr": 1528.6320980808848, "rprd": 94.99959146704253, "w": 4, "l": 3, "coil": null}, "gen9teraoverride": {"elo": 1020.962200954245, "gxe": 39.4, "rpr": 1415.5944921690873, "rprd": 102.83219891021805, "w": 1, "l": 4, "coil": null}, "gen9tiershift": {"elo": 1083.9775855316, "gxe": 49, "rpr": 1492.3131333031, "rprd": 119.42308807646, "w": 5, "l": 5, "coil": null}, "gen9twisteddimension": {"elo": 1194.9337627358, "gxe": 59.9, "rpr": 1577.2914653222, "rprd": 83.851991323879, "w": 24, "l": 16, "coil": null}, "gen9typesplit": {"elo": 1269.6840385775, "gxe": 65.4, "rpr": 1620.2215598873, "rprd": 34.422587173645, "w": 144, "l": 83, "coil": null}, "gen9ubersuu": {"elo": 1229.30845723518, "gxe": 75.7, "rpr": 1723.9881087394526, "rprd": 107.5838522674011, "w": 8, "l": 0, "coil": null}, "gen9ultramixandmega": {"elo": 1142.9558845667, "gxe": 55.9, "rpr": 1545.5342185442, "rprd": 81.570066915591, "w": 10, "l": 7, "coil": null}, "gen9uu": {"elo": 1311.3758423322408, "gxe": 64.2, "rpr": 1612.030882105368, "rprd": 74.90972361680114, "w": 37, "l": 28, "coil": null}, "gen9vgc2024regg": {"elo": 1000, "gxe": 45, "rpr": 1459.8393856609866, "rprd": 122.85830807679145, "w": 0, "l": 1, "coil": null}}}