{"username": "TheLastOne", "userid": "thelastone", "registertime": 1392681600, "group": 1, "ratings": {"anythinggoes": {"elo": 1373.3788475851, "gxe": 74.7, "rpr": 1708.0285702704, "rprd": 70.16799365057, "w": 0, "l": 0, "coil": null}, "battlefactory": {"elo": 1285.9886467375, "gxe": 72.6, "rpr": 1685.9712384568, "rprd": 64.376931087427, "w": 0, "l": 0, "coil": null}, "battlespotsingles": {"elo": 1077.2289659675, "gxe": 59, "rpr": 1572.5671258289, "rprd": 116.77753930647, "w": 0, "l": 0, "coil": null}, "doublesou": {"elo": 1499.7111087941, "gxe": 78.4, "rpr": 1875.197485999, "rprd": 401.96914832739, "w": 182, "l": 67, "coil": null}, "gen7doublesou": {"elo": 1499.1706162184, "gxe": 76.7, "rpr": 1754.0238511228, "rprd": 181.00532113538, "w": 0, "l": 0, "coil": null}, "gen7nu": {"elo": 1054.7003476782, "gxe": 53.4, "rpr": 1527.2977170631, "rprd": 110.25607215301, "w": 0, "l": 0, "coil": null}, "gen7randombattle": {"elo": 1373.9088452827175, "gxe": 74.5, "rpr": 1714.28353435507, "rprd": 123.57523409758545, "w": 1, "l": 1, "coil": null}, "gen7randomdoublesbattle": {"elo": 1499.5195912941, "gxe": 78.9, "rpr": 1767.9852178014, "rprd": 139.95027062575, "w": 399, "l": 261, "coil": null}, "gen8bdsprandombattle": {"elo": 1051.0006632682, "gxe": 49.6, "rpr": 1497.1077136668, "rprd": 106.29201831813, "w": 2, "l": 2, "coil": null}, "gen8monotype": {"elo": 1000, "gxe": 45, "rpr": 1459.8393856612, "rprd": 122.8583080769, "w": 0, "l": 1, "coil": null}, "gen8monotyperandombattle": {"elo": 1013.2553968791, "gxe": 45.8, "rpr": 1466.9108216389, "rprd": 111.51861011339, "w": 1, "l": 2, "coil": null}, "gen8randombattle": {"elo": 1399.0869737006, "gxe": 83.5, "rpr": 1857.4164360924, "rprd": 210.45808655781, "w": 3597, "l": 3040, "coil": null}, "gen8randomdoublesbattle": {"elo": 1062.6320373916, "gxe": 43.6, "rpr": 1448.6480064038, "rprd": 119.72417875603, "w": 4, "l": 5, "coil": null}, "gen9randombattle": {"elo": 1960.5476499588942, "gxe": 84.2, "rpr": 1816.10162143528, "rprd": 31.318491433225024, "w": 3935, "l": 3513, "coil": null}, "gen9randomdoublesbattle": {"elo": 1822.7028947687, "gxe": 81.1, "rpr": 1776.5860289235, "rprd": 44.950123811584, "w": 562, "l": 430, "coil": null}, "gen9uu": {"elo": 1097.6746943077712, "gxe": 60.7, "rpr": 1586.192859617887, "rprd": 116.60879022180877, "w": 2, "l": 0, "coil": null}, "lc": {"elo": 1349.9823959003, "gxe": 78.1, "rpr": 1745.4182198475, "rprd": 78.352376028901, "w": 13, "l": 1, "coil": null}, "metagamiate": {"elo": 1220.8752403987, "gxe": 66.7, "rpr": 1677.1021367984, "rprd": 311.15106278822, "w": 0, "l": 0, "coil": null}, "nu": {"elo": 1117.4302658268, "gxe": 63.5, "rpr": 1609.2369739008, "rprd": 110.81897105088, "w": 3, "l": 0, "coil": null}, "ou": {"elo": 1203.5521075196, "gxe": 60.4, "rpr": 1581.3480646909, "rprd": 83.726078379822, "w": 11, "l": 4, "coil": null}, "pu": {"elo": 1352.9262554984, "gxe": 77.2, "rpr": 1735.2473799795, "rprd": 80.208453268234, "w": 12, "l": 1, "coil": null}, "randomdoublesbattle": {"elo": 1342.3980952388, "gxe": 77, "rpr": 1731.3472127735, "rprd": 68.928135367707, "w": 432, "l": 244, "coil": null}, "randomtriplesbattle": {"elo": 1461.3008211569, "gxe": 76.5, "rpr": 1728.2346076509, "rprd": 84.419306284485, "w": 273, "l": 157, "coil": null}, "ru": {"elo": 1146.7556102109, "gxe": 65.8, "rpr": 1628.3173439519, "rprd": 105.26019837919, "w": 4, "l": 0, "coil": null}, "ubers": {"elo": 1151.8269023484, "gxe": 61.3, "rpr": 1589.9073665774, "rprd": 100.25428050983, "w": 5, "l": 1, "coil": null}, "uu": {"elo": 1097.2915032726, "gxe": 57.2, "rpr": 1557.0773623878, "rprd": 106.69059089352, "w": 3, "l": 1, "coil": null}}}