{"username": "therealzenshi", "userid": "therealzenshi", "registertime": 0, "group": 0, "ratings": {"gen1randombattle": {"elo": 1000, "gxe": 46.7, "rpr": 1473.303737914906, "rprd": 123.19917615531322, "w": 0, "l": 1, "coil": null}, "gen5pokebilitiesrandombattle": {"elo": 1040, "gxe": 55, "rpr": 1540.1606143390134, "rprd": 122.85830807679145, "w": 1, "l": 0, "coil": null}, "gen8bssfactory": {"elo": 1040, "gxe": 55, "rpr": 1540.1606143388, "rprd": 122.8583080769, "w": 1, "l": 0, "coil": null}, "gen8hackmonscup": {"elo": 1113.426446826617, "gxe": 51.2, "rpr": 1509.7012309214822, "rprd": 104.76899586141012, "w": 11, "l": 12, "coil": null}, "gen8monotyperandombattle": {"elo": 1082.4876698455, "gxe": 42, "rpr": 1437.4359834282, "rprd": 89.930986715901, "w": 3, "l": 6, "coil": null}, "gen8randombattle": {"elo": 1166.7022370054, "gxe": 51.8, "rpr": 1514.0540354155, "rprd": 77.569069444576, "w": 20, "l": 17, "coil": null}, "gen8randombattlemayhem": {"elo": 1160.157161099, "gxe": 53, "rpr": 1523.4497748087, "rprd": 82.047581603642, "w": 9, "l": 8, "coil": null}, "gen9hackmonscup": {"elo": 1115.4794284089164, "gxe": 59.1, "rpr": 1573.8465827326493, "rprd": 122.04364599187737, "w": 3, "l": 1, "coil": null}, "gen9monotyperandombattle": {"elo": 1000, "gxe": 43.8, "rpr": 1449.9633674732, "rprd": 122.99488065451, "w": 0, "l": 1, "coil": null}, "gen9randombattle": {"elo": 1259.4396445692844, "gxe": 51.5, "rpr": 1511.521748459013, "rprd": 28.492962228948286, "w": 1571, "l": 1670, "coil": null}, "gen9randombattlemayhem": {"elo": 1034.5746491307677, "gxe": 46.6, "rpr": 1473.2041224805796, "rprd": 115.38211436547977, "w": 1, "l": 2, "coil": null}, "gen9randomroulette": {"elo": 1049.4258897551204, "gxe": 55.1, "rpr": 1540.9232044818011, "rprd": 121.82099327410702, "w": 1, "l": 0, "coil": null}, "gen9superstaffbrosultimate": {"elo": 1000, "gxe": 44.9, "rpr": 1458.9778818499922, "rprd": 122.14402484361209, "w": 0, "l": 1, "coil": null}}}