{"username": "theweifv", "userid": "theweifv", "registertime": 0, "group": 0, "ratings": {"gen9randombattle": {"elo": 1163.5667497744005, "gxe": 63.9, "rpr": 1611.071508428355, "rprd": 95.3855627541751, "w": 6, "l": 1, "coil": null}}}