{"username": "The_ZirR", "userid": "thezirr", "registertime": 1771113600, "group": 1, "ratings": {"gen9monotype": {"elo": 1215.8047370086113, "gxe": 55.4, "rpr": 1540.9563567178195, "rprd": 56.590693115371614, "w": 27, "l": 19, "coil": 2150.2130600935525}, "gen9randombattle": {"elo": 1439.755163747139, "gxe": 59, "rpr": 1568.4517335686237, "rprd": 29.13885014611412, "w": 389, "l": 379, "coil": null}}}