{"username": "Third Mo0n", "userid": "thirdmo0n", "registertime": 1660003200, "group": 1, "ratings": {"gen1randombattle": {"elo": 1058.4817935946, "gxe": 56.8, "rpr": 1554.6388755382, "rprd": 123.13078612055, "w": 1, "l": 0, "coil": null}, "gen4randombattle": {"elo": 1132.28875536, "gxe": 55.2, "rpr": 1540.8331333824, "rprd": 89.622644460622, "w": 8, "l": 4, "coil": null}, "gen7pickyourteamrandombattle": {"elo": 1000, "gxe": 41, "rpr": 1427.9081811542, "rprd": 116.05622244893, "w": 0, "l": 2, "coil": null}, "gen7randombattle": {"elo": 1484.2758766745476, "gxe": 67.1, "rpr": 1636.160089489827, "rprd": 65.77162489220548, "w": 313, "l": 287, "coil": null}, "gen8anythinggoes": {"elo": 1208.2763055484, "gxe": 53.4, "rpr": 1525.5698517765, "rprd": 52.931440859472, "w": 47, "l": 41, "coil": null}, "gen8joltemonsrandombattle": {"elo": 1048.0833178196, "gxe": 55.2, "rpr": 1541.695338116, "rprd": 122.66975464994, "w": 1, "l": 0, "coil": null}, "gen8monotyperandombattle": {"elo": 1190.7194581088, "gxe": 57.6, "rpr": 1558.3778346047, "rprd": 48.232034657252, "w": 42, "l": 37, "coil": null}, "gen8randombattle": {"elo": 1398.7444430386179, "gxe": 63.9, "rpr": 1612.700698459951, "rprd": 105.69698285793424, "w": 62, "l": 46, "coil": null}, "gen8randombattlemayhem": {"elo": 1132.4837979943, "gxe": 49.1, "rpr": 1493.1024031703, "rprd": 82.390728375661, "w": 8, "l": 9, "coil": null}, "gen8randomdoublesbattle": {"elo": 1161.8381012430127, "gxe": 67.3, "rpr": 1645.0233916157015, "rprd": 130, "w": 6, "l": 1, "coil": null}, "gen91v1": {"elo": 1000, "gxe": 38.9, "rpr": 1410.186802908, "rprd": 115.84926975664, "w": 0, "l": 2, "coil": null}, "gen92v2doubles": {"elo": 1087.9082913609, "gxe": 46.9, "rpr": 1475.3650182952, "rprd": 101.67934671578, "w": 2, "l": 3, "coil": null}, "gen9almostanyability": {"elo": 1000, "gxe": 45, "rpr": 1459.8393856609866, "rprd": 122.85830807679145, "w": 0, "l": 1, "coil": null}, "gen9anythinggoes": {"elo": 1165.9516086845408, "gxe": 47.5, "rpr": 1480.7751836455188, "rprd": 66.64680689148142, "w": 133, "l": 126, "coil": null}, "gen9monotyperandombattle": {"elo": 1271.21799724028, "gxe": 59.7, "rpr": 1575.0247730736016, "rprd": 57.1918049351556, "w": 37, "l": 28, "coil": null}, "gen9nationaldex": {"elo": 1029.9178021208163, "gxe": 40.6, "rpr": 1427.730479924075, "rprd": 41.94271876729988, "w": 249, "l": 261, "coil": null}, "gen9nationaldexdoubles": {"elo": 1015.0371466260399, "gxe": 44.4, "rpr": 1455.6856876609572, "rprd": 113.1461881927426, "w": 1, "l": 2, "coil": null}, "gen9randombattle": {"elo": 2022.3202956589482, "gxe": 80.6, "rpr": 1768.1017789864757, "rprd": 25.85388949034933, "w": 1678, "l": 1568, "coil": null}, "gen9randombattlemayhem": {"elo": 1000, "gxe": 40, "rpr": 1419.4779052861552, "rprd": 116.34980429363577, "w": 0, "l": 2, "coil": null}, "gen9randomdoublesbattle": {"elo": 1212.0781688103928, "gxe": 52, "rpr": 1515.9010710949588, "rprd": 104.86743689840739, "w": 28, "l": 22, "coil": null}, "gen9vgc2023series1": {"elo": 1032.676931687, "gxe": 24.5, "rpr": 1283.5908629358, "rprd": 76.721453159439, "w": 2, "l": 13, "coil": null}}}