{"username": "throwaway42795", "userid": "throwaway42795", "registertime": 1672444800, "group": 1, "ratings": {"gen3randombattle": {"elo": 1122.981467602121, "gxe": 51.7, "rpr": 1513.654471783132, "rprd": 128.41225461983905, "w": 9, "l": 7, "coil": null}, "gen4randombattle": {"elo": 1073.8053844055, "gxe": 51.8, "rpr": 1513.9776819519, "rprd": 111.31319897271, "w": 2, "l": 1, "coil": null}, "gen5randombattle": {"elo": 1072.7699799554, "gxe": 59, "rpr": 1572.5671258289, "rprd": 116.77753930647, "w": 2, "l": 0, "coil": null}, "gen6randombattle": {"elo": 1114.5821318985, "gxe": 62.3, "rpr": 1601.2120570106, "rprd": 130, "w": 4, "l": 1, "coil": null}, "gen7randombattle": {"elo": 1391.1165440592, "gxe": 59.3, "rpr": 1572.7215578256, "rprd": 72.765566160647, "w": 120, "l": 105, "coil": null}, "gen8almostanyability": {"elo": 1057.1489102227, "gxe": 53.9, "rpr": 1531.0405048944, "rprd": 122.67063081576, "w": 1, "l": 0, "coil": null}, "gen8anythinggoes": {"elo": 1409.2426202964, "gxe": 65.1, "rpr": 1619.6405241591, "rprd": 65.368552943865, "w": 31, "l": 30, "coil": null}, "gen8battlefactory": {"elo": 1049.8873343749, "gxe": 55, "rpr": 1540.2308815734, "rprd": 122.4269409736, "w": 1, "l": 0, "coil": null}, "gen8bssfactory": {"elo": 1070.1028089042, "gxe": 59, "rpr": 1572.5671258289, "rprd": 116.77753930647, "w": 2, "l": 0, "coil": null}, "gen8challengecup1v1": {"elo": 1059.6259720349, "gxe": 57, "rpr": 1555.9985512708, "rprd": 123.07386832687, "w": 1, "l": 0, "coil": null}, "gen8hackmonscup": {"elo": 1000, "gxe": 45, "rpr": 1459.8393856612, "rprd": 122.8583080769, "w": 0, "l": 1, "coil": null}, "gen8joltemonsrandombattle": {"elo": 1026.0450821351, "gxe": 50.4, "rpr": 1502.8199805565, "rprd": 119.81056660243, "w": 1, "l": 1, "coil": null}, "gen8monotyperandombattle": {"elo": 1128.2268954594, "gxe": 52.9, "rpr": 1523.0957023583, "rprd": 102.36748887127, "w": 7, "l": 6, "coil": null}, "gen8randombattle": {"elo": 1426.97985641, "gxe": 73.1, "rpr": 1710.1669226371, "rprd": 170.38111877117, "w": 1572, "l": 1531, "coil": null}, "gen8randombattleblitz": {"elo": 1046.4640697578, "gxe": 55.1, "rpr": 1540.7190380572, "rprd": 121.82015949279, "w": 1, "l": 0, "coil": null}, "gen8randombattlemayhem": {"elo": 1051.7928322699, "gxe": 55.2, "rpr": 1541.549644357, "rprd": 121.99967750183, "w": 1, "l": 0, "coil": null}, "gen8randomdoublesbattle": {"elo": 1250.0196723349, "gxe": 71.1, "rpr": 1678.0476783282, "rprd": 110.86656226776, "w": 10, "l": 5, "coil": null}, "gen8superstaffbros4": {"elo": 1047.1332604208, "gxe": 55, "rpr": 1540.1606143388, "rprd": 122.8583080769, "w": 1, "l": 0, "coil": null}, "gen8vgc2021series10": {"elo": 1000, "gxe": 18.8, "rpr": 1219.4107637751, "rprd": 66.900319910614, "w": 3, "l": 27, "coil": null}, "gen8vgc2021series11": {"elo": 1045.1431889234, "gxe": 33.6, "rpr": 1366.0632561105, "rprd": 100.90756624448, "w": 1, "l": 6, "coil": null}, "gen8vgc2022": {"elo": 1150.9228460573, "gxe": 40.6, "rpr": 1415.1875683286, "rprd": 217.24979866412, "w": 38, "l": 50, "coil": null}, "gen9brokencup": {"elo": 1040, "gxe": 55, "rpr": 1540.1606143390134, "rprd": 122.85830807679145, "w": 1, "l": 0, "coil": null}, "gen9fortemons": {"elo": 1076.6560097523497, "gxe": 53.6, "rpr": 1528.554574646569, "rprd": 110.48973309820539, "w": 2, "l": 1, "coil": null}, "gen9hackmonscup": {"elo": 1040, "gxe": 55, "rpr": 1540.2552253559393, "rprd": 123.00293872866764, "w": 1, "l": 0, "coil": null}, "gen9monotyperandombattle": {"elo": 1080.517537773581, "gxe": 59.6, "rpr": 1577.9318904901245, "rprd": 123.52199559312339, "w": 2, "l": 0, "coil": null}, "gen9ou": {"elo": 1135.0124258078, "gxe": 48.6, "rpr": 1489.3334774284, "rprd": 87.643538907725, "w": 6, "l": 5, "coil": null}, "gen9randombattle": {"elo": 1982.0812956772645, "gxe": 83.4, "rpr": 1805.6456415447378, "rprd": 35.262612039655394, "w": 5761, "l": 5417, "coil": null}, "gen9randombattlemayhem": {"elo": 1000, "gxe": 44, "rpr": 1452.1383448481197, "rprd": 122.3489158481984, "w": 0, "l": 1, "coil": null}, "gen9superstaffbrosultimate": {"elo": 1000, "gxe": 45, "rpr": 1459.8393856609866, "rprd": 122.85830807679145, "w": 0, "l": 1, "coil": null}, "gen9vgc2023series2": {"elo": 1262.4828039405, "gxe": 62.4, "rpr": 1597.2860223471, "rprd": 71.684888862114, "w": 12, "l": 6, "coil": null}}}