{"username": "Thugballs", "userid": "thugballs", "registertime": 1769644800, "group": 1, "ratings": {"anythinggoes": {"elo": 1106.0109860843, "gxe": 56.1, "rpr": 1548.1757910223, "rprd": 106.40181719498, "w": 3, "l": 1, "coil": null}, "gen3ou": {"elo": 1000, "gxe": 45, "rpr": 1459.8393856609866, "rprd": 122.85830807679145, "w": 0, "l": 1, "coil": null}, "gen9championsou": {"elo": 1000, "gxe": 44.7, "rpr": 1457.879546661085, "rprd": 121.88581442500059, "w": 0, "l": 1, "coil": null}, "gen9nationaldex": {"elo": 1051.4615483900495, "gxe": 32.2, "rpr": 1357.7296617965496, "rprd": 63.27971092252006, "w": 67, "l": 96, "coil": null}, "gen9nationaldexmonotype": {"elo": 1000, "gxe": 45, "rpr": 1459.8393856609866, "rprd": 122.85830807679145, "w": 0, "l": 1, "coil": null}, "gen9randombattle": {"elo": 1388.1645737350875, "gxe": 57.7, "rpr": 1559.3320373329211, "rprd": 51.229484680030325, "w": 76, "l": 63, "coil": null}}}