{"username": "Thunderbird227", "userid": "thunderbird227", "registertime": 1463011200, "group": 1, "ratings": {"1v1": {"elo": 1000, "gxe": 44.6, "rpr": 1456.8039305259, "rprd": 122.11984231223, "w": 0, "l": 1, "coil": null}, "anythinggoes": {"elo": 1374.1120494427, "gxe": 60.2, "rpr": 1579.1260022132, "rprd": 58.14376728651, "w": 55, "l": 41, "coil": null}, "gen3randombattle": {"elo": 1000, "gxe": 45, "rpr": 1459.8393856612, "rprd": 122.8583080769, "w": 0, "l": 1, "coil": null}, "gen4randombattle": {"elo": 1086.1170254436, "gxe": 64.2, "rpr": 1617.1060098987, "rprd": 130, "w": 2, "l": 0, "coil": null}, "gen5pokebilitiesrandombattle": {"elo": 1063.3606105831686, "gxe": 56.5, "rpr": 1552.000458323186, "rprd": 122.3968244775952, "w": 1, "l": 0, "coil": null}, "gen5randombattle": {"elo": 1000, "gxe": 37, "rpr": 1393.2615330039, "rprd": 130, "w": 0, "l": 0, "coil": null}, "gen6randombattle": {"elo": 1025.3640080193, "gxe": 44.6, "rpr": 1457.2608173686, "rprd": 111.38353223183, "w": 1, "l": 2, "coil": null}, "gen71v1": {"elo": 1000, "gxe": 34.4, "rpr": 1373.036127539, "rprd": 106.39878559642, "w": 0, "l": 4, "coil": null}, "gen7anythinggoes": {"elo": 1052.8004706339, "gxe": 51.2, "rpr": 1509.2855514961, "rprd": 130, "w": 2, "l": 1, "coil": null}, "gen7battlefactory": {"elo": 1042.8297948153, "gxe": 39.5, "rpr": 1414.4067106448, "rprd": 130, "w": 5, "l": 8, "coil": null}, "gen7bssfactory": {"elo": 1052.6376009433, "gxe": 56, "rpr": 1547.9579431211, "rprd": 122.65690868638, "w": 1, "l": 0, "coil": null}, "gen7challengecup1v1": {"elo": 1089.4170024743, "gxe": 54.2, "rpr": 1532.9502101204, "rprd": 113.24534388607, "w": 2, "l": 1, "coil": null}, "gen7hackmonscup": {"elo": 1103.8848581621, "gxe": 62.5, "rpr": 1600.6921631484, "rprd": 112.72527852382, "w": 3, "l": 0, "coil": null}, "gen7letsgorandombattle": {"elo": 1049.1354301436, "gxe": 54.1, "rpr": 1532.6637073378, "rprd": 122.30230068356, "w": 1, "l": 0, "coil": null}, "gen7monotyperandombattle": {"elo": 1062.8920967818, "gxe": 43.9, "rpr": 1452.1085435704, "rprd": 95.153377257742, "w": 3, "l": 5, "coil": null}, "gen7ou": {"elo": 1041.3176329431, "gxe": 55, "rpr": 1540.1606143388, "rprd": 122.8583080769, "w": 1, "l": 0, "coil": null}, "gen7randombattle": {"elo": 1445.453596894, "gxe": 65.1, "rpr": 1622.8401678726, "rprd": 103.75535514136, "w": 1039, "l": 1016, "coil": null}, "gen7randomdoublesbattle": {"elo": 1077.9622520008, "gxe": 48, "rpr": 1483.6929102255, "rprd": 129.61342270786, "w": 4, "l": 3, "coil": null}, "gen7superstaffbrosbrawl": {"elo": 1000, "gxe": 46.4, "rpr": 1471.3789946207, "rprd": 122.73310655862, "w": 0, "l": 1, "coil": null}, "gen81v1": {"elo": 1062.2713937193, "gxe": 42.2, "rpr": 1429.275699578, "rprd": 228.34582772422, "w": 4, "l": 6, "coil": null}, "gen8battlefactory": {"elo": 1000, "gxe": 44.9, "rpr": 1459.2460948575, "rprd": 122.17362972083, "w": 0, "l": 1, "coil": null}, "gen8bssfactory": {"elo": 1000, "gxe": 45, "rpr": 1459.8393856612, "rprd": 122.8583080769, "w": 0, "l": 1, "coil": null}, "gen8monotyperandombattle": {"elo": 1044.6657263547, "gxe": 44.7, "rpr": 1457.1257276273, "rprd": 129.26216112601, "w": 2, "l": 2, "coil": null}, "gen8ou": {"elo": 1141.6782713252, "gxe": 55.5, "rpr": 1543.5710048409, "rprd": 110.98518213751, "w": 0, "l": 0, "coil": null}, "gen8randombattle": {"elo": 1399.5071234579, "gxe": 70.5, "rpr": 1692.2004578262, "rprd": 210.36589064631, "w": 3581, "l": 3486, "coil": null}, "gen9randombattle": {"elo": 1970.5175659307724, "gxe": 81.7, "rpr": 1782.9529940256464, "rprd": 33.215689168037436, "w": 2299, "l": 2113, "coil": null}, "ou": {"elo": 1000, "gxe": 30.6, "rpr": 1337.1359015831, "rprd": 117.5154586947, "w": 0, "l": 0, "coil": null}, "ubers": {"elo": 1087.0562968192, "gxe": 51.7, "rpr": 1513.6976827816, "rprd": 112.24064366077, "w": 2, "l": 1, "coil": null}}}