{"username": "thunderstorm2005", "userid": "thunderstorm2005", "registertime": 1606003200, "group": 1, "ratings": {"gen6randombattle": {"elo": 1133.9826542884, "gxe": 54.8, "rpr": 1536.9407932552, "rprd": 59.411496100957, "w": 20, "l": 17, "coil": null}, "gen7randombattle": {"elo": 1005.7863320209, "gxe": 34.6, "rpr": 1375.1018240708, "rprd": 98.879026285392, "w": 1, "l": 5, "coil": null}, "gen8challengecup1v1": {"elo": 1033.4297899853, "gxe": 46.1, "rpr": 1468.5606490699, "rprd": 117.52632911718, "w": 1, "l": 1, "coil": null}, "gen8nationaldexag": {"elo": 1082.8317617852, "gxe": 50.3, "rpr": 1502.6160978784, "rprd": 112.33277405827, "w": 2, "l": 1, "coil": null}, "gen8randombattle": {"elo": 1281.6400677455, "gxe": 54.8, "rpr": 1536.1287007366, "rprd": 31.372004935536, "w": 670, "l": 707, "coil": null}, "gen8randomdoublesbattle": {"elo": 1070.4616230609, "gxe": 49, "rpr": 1491.9317680648, "rprd": 105.51691602198, "w": 2, "l": 2, "coil": null}, "gen9anythinggoes": {"elo": 1000, "gxe": 43.8, "rpr": 1450.0150595095192, "rprd": 122.03813406690463, "w": 0, "l": 1, "coil": null}, "gen9championsvgc2026regma": {"elo": 1133.932263156584, "gxe": 57.2, "rpr": 1556.3306138333567, "rprd": 94.72753884407527, "w": 5, "l": 2, "coil": null}, "gen9ou": {"elo": 1016.2633155287, "gxe": 41.8, "rpr": 1437.5906067006, "rprd": 39.557065495851, "w": 88, "l": 107, "coil": null}, "gen9randombattle": {"elo": 1568.7164710760687, "gxe": 70.7, "rpr": 1665.9229854901912, "rprd": 25, "w": 8297, "l": 8204, "coil": null}}}