{"username": "thzeroo", "userid": "thzeroo", "registertime": 0, "group": 0, "ratings": {"gen91v1": {"elo": 1000, "gxe": 42.9, "rpr": 1442.9274535405357, "rprd": 115.85205426052359, "w": 0, "l": 2, "coil": null}, "gen9championsrandombattle": {"elo": 1000, "gxe": 45, "rpr": 1459.8393856609866, "rprd": 122.85830807679145, "w": 0, "l": 1, "coil": null}, "gen9randombattle": {"elo": 1015.6207647828592, "gxe": 28.5, "rpr": 1324.4115661566289, "rprd": 58.27401201903864, "w": 10, "l": 27, "coil": null}}}