{"username": "Tidpig123", "userid": "tidpig123", "registertime": 1621123200, "group": 1, "ratings": {"gen1randombattle": {"elo": 1016.0118578288, "gxe": 43.6, "rpr": 1448.8923265375, "rprd": 116.35470005719, "w": 1, "l": 2, "coil": null}, "gen5randombattle": {"elo": 1000, "gxe": 44.9, "rpr": 1459.1181359734, "rprd": 122.69569763477, "w": 0, "l": 1, "coil": null}, "gen6randombattle": {"elo": 1026.9034389246, "gxe": 50, "rpr": 1500, "rprd": 116.77753930647, "w": 1, "l": 1, "coil": null}, "gen7anythinggoes": {"elo": 1053.0770442704, "gxe": 54.3, "rpr": 1534.5165370627, "rprd": 122.21060508919, "w": 1, "l": 0, "coil": null}, "gen7randombattle": {"elo": 1077.7061158147, "gxe": 57.7, "rpr": 1561.5245876083, "rprd": 116.14242248507, "w": 2, "l": 0, "coil": null}, "gen8anythinggoes": {"elo": 1024.4842131053, "gxe": 43.3, "rpr": 1446.869885597, "rprd": 103.1971910936, "w": 2, "l": 3, "coil": null}, "gen8ou": {"elo": 1000, "gxe": 45, "rpr": 1459.8393856612, "rprd": 122.8583080769, "w": 0, "l": 1, "coil": null}, "gen8randombattle": {"elo": 1149.5345817359, "gxe": 47.2, "rpr": 1478.2950083459, "rprd": 88.546495981174, "w": 39, "l": 55, "coil": null}, "gen8randombattlenodmax": {"elo": 1000, "gxe": 43.7, "rpr": 1449.1439983644, "rprd": 122.09889225531, "w": 0, "l": 1, "coil": null}, "gen9randombattle": {"elo": 1284.5821262775078, "gxe": 51.2, "rpr": 1508.9759037854772, "rprd": 47.23663627755655, "w": 35, "l": 28, "coil": null}}}