{"username": "tittersworth", "userid": "tittersworth", "registertime": 1780531200, "group": 1, "ratings": {"gen9randombattle": {"elo": 1131.1570766137195, "gxe": 38.8, "rpr": 1414.2268680712411, "rprd": 29.149399344586808, "w": 363, "l": 676, "coil": null}}}