{"username": "tlacoyos", "userid": "tlacoyos", "registertime": 0, "group": 0, "ratings": {"gen6randombattle": {"elo": 1000, "gxe": 45, "rpr": 1459.8393856612, "rprd": 122.8583080769, "w": 0, "l": 1, "coil": null}, "gen7randombattle": {"elo": 1067.2283496954, "gxe": 38.4, "rpr": 1409.1517503891, "rprd": 69.501181703404, "w": 7, "l": 13, "coil": null}, "gen7randomdoublesbattle": {"elo": 1048.1489453351, "gxe": 55.5, "rpr": 1544.0060920185, "rprd": 122.50637096755, "w": 1, "l": 0, "coil": null}, "gen9randombattle": {"elo": 1135.61257256303, "gxe": 57.1, "rpr": 1555.6373594718232, "rprd": 83.66785012413425, "w": 8, "l": 4, "coil": null}}}