{"username": "Tobititz", "userid": "tobititz", "registertime": 1631577600, "group": 1, "ratings": {"gen1randombattle": {"elo": 1113.726780692, "gxe": 51.1, "rpr": 1508.5723915613, "rprd": 106.89566690128, "w": 36, "l": 31, "coil": null}, "gen2randombattle": {"elo": 1309.801919629, "gxe": 71.2, "rpr": 1677.8629710761, "rprd": 101.80240861415, "w": 50, "l": 36, "coil": null}, "gen3randombattle": {"elo": 1279.5853227241, "gxe": 64.2, "rpr": 1612.5169636822, "rprd": 76.974537290152, "w": 112, "l": 95, "coil": null}, "gen4randombattle": {"elo": 1437.7773472652, "gxe": 71.9, "rpr": 1684.2134574831, "rprd": 100.20098058606, "w": 201, "l": 174, "coil": null}, "gen5randombattle": {"elo": 1499.4024990859, "gxe": 84.1, "rpr": 1828.4016490853, "rprd": 108.64974027794, "w": 634, "l": 502, "coil": null}, "gen6randombattle": {"elo": 1533.5508827356932, "gxe": 83.1, "rpr": 1811.7489767990342, "rprd": 100.69042787207374, "w": 5536, "l": 3784, "coil": null}, "gen7battlefactory": {"elo": 1148.8038235493, "gxe": 58, "rpr": 1564.502541997, "rprd": 126.87138606283, "w": 13, "l": 10, "coil": null}, "gen7monotypebattlefactory": {"elo": 1286.6007780735, "gxe": 72.4, "rpr": 1681.8590051702, "rprd": 31.5874434617, "w": 269, "l": 175, "coil": null}, "gen7superstaffbrosbrawl": {"elo": 1024, "gxe": 44.7, "rpr": 1456.8554946722, "rprd": 130, "w": 1, "l": 2, "coil": null}, "gen8bssfactory": {"elo": 1048.3397247466, "gxe": 43.2, "rpr": 1445.9745287564, "rprd": 106.17701410387, "w": 1, "l": 3, "coil": null}, "gen8cap1v1": {"elo": 1198.7910201143, "gxe": 67, "rpr": 1676.1181989626, "rprd": 296.99156551095, "w": 27, "l": 11, "coil": null}, "gen8challengecup1v1": {"elo": 1237.3575733813, "gxe": 59.6, "rpr": 1573.830133447, "rprd": 42.552976299876, "w": 154, "l": 121, "coil": null}, "gen8hackmonscup": {"elo": 1053.300577183, "gxe": 54.9, "rpr": 1539.3860513606, "rprd": 121.85811966025, "w": 1, "l": 0, "coil": null}, "gen8monotyperandombattle": {"elo": 1338.1811944546, "gxe": 57.8, "rpr": 1559.4777488738, "rprd": 46.611152862078, "w": 68, "l": 59, "coil": null}, "gen8randombattle": {"elo": 1367.6216111925, "gxe": 66.1, "rpr": 1631.81321134, "rprd": 110.64791099529, "w": 34, "l": 21, "coil": null}, "gen8randomdoublesbattle": {"elo": 1052.2201210023, "gxe": 48.2, "rpr": 1486.0324017153, "rprd": 115.78695524945, "w": 1, "l": 1, "coil": null}, "gen8superstaffbros4": {"elo": 1050.9765834781747, "gxe": 47.1, "rpr": 1476.693180547879, "rprd": 130, "w": 2, "l": 1, "coil": null}, "gen9challengecup1v1": {"elo": 1137.3824679501463, "gxe": 44.3, "rpr": 1455.7849056719929, "rprd": 80.31213546368237, "w": 406, "l": 314, "coil": null}, "gen9challengecup2v2": {"elo": 1448.922582763, "gxe": 61.1, "rpr": 1597.6373285193, "rprd": 193.87964067557, "w": 219, "l": 145, "coil": null}, "gen9computergeneratedteams": {"elo": 1045.8906678777, "gxe": 55.7, "rpr": 1545.4236637776, "rprd": 122.43176589774, "w": 1, "l": 0, "coil": null}, "gen9hackmonscup": {"elo": 1180.203001904468, "gxe": 57.6, "rpr": 1560.9037438427224, "rprd": 111.96974905730526, "w": 19, "l": 16, "coil": null}, "gen9randombattle": {"elo": 2152.3447989747897, "gxe": 84.5, "rpr": 1819.973176288887, "rprd": 27.374458384793016, "w": 5736, "l": 5368, "coil": null}, "gen9randombattleblitz": {"elo": 1000, "gxe": 45, "rpr": 1459.8393856612, "rprd": 122.8583080769, "w": 0, "l": 1, "coil": null}, "gen9randomdoublesbattle": {"elo": 1628.7162455794078, "gxe": 71.7, "rpr": 1677.3710363692317, "rprd": 63.07519603543196, "w": 359, "l": 312, "coil": null}}}