{"username": "TofuMeats", "userid": "tofumeats", "registertime": 1734825600, "group": 1, "ratings": {"gen5pokebilitiesrandombattle": {"elo": 1040, "gxe": 55, "rpr": 1540.1606143390134, "rprd": 122.85830807679145, "w": 1, "l": 0, "coil": null}, "gen7randombattle": {"elo": 1569.5526212223, "gxe": 83.3, "rpr": 1809.4078642635, "rprd": 76.849932427973, "w": 292, "l": 236, "coil": null}, "gen8ou": {"elo": 1289.4160744771132, "gxe": 63.5, "rpr": 1605.958581197008, "rprd": 67.8244502323962, "w": 33, "l": 20, "coil": null}, "gen91v1factory": {"elo": 1422.5635228506, "gxe": 54.6, "rpr": 1535.8271196311, "rprd": 87.833123218104, "w": 166, "l": 152, "coil": null}, "gen9b6p4randomdoublesbattlebo3": {"elo": 1000, "gxe": 38.6, "rpr": 1408.9172003415383, "rprd": 98.38252731403664, "w": 1, "l": 5, "coil": null}, "gen9battlefactory": {"elo": 1287.2874050434, "gxe": 67.6, "rpr": 1644.2644394207, "rprd": 98.914232008008, "w": 57, "l": 27, "coil": null}, "gen9bssfactorybo3": {"elo": 1096.523248012557, "gxe": 59.7, "rpr": 1576.8734185883027, "rprd": 94.61980825371205, "w": 5, "l": 3, "coil": null}, "gen9challengecup1v1": {"elo": 1181.3002595391308, "gxe": 54.6, "rpr": 1535.8842716559252, "rprd": 87.02411906918479, "w": 8, "l": 4, "coil": null}, "gen9championsbssregma": {"elo": 1163.4088282304153, "gxe": 52.5, "rpr": 1518.8870253692003, "rprd": 49.06283627230502, "w": 25, "l": 23, "coil": null}, "gen9championsbssregmb": {"elo": 1192.6956711787, "gxe": 67.7, "rpr": 1644.0226180985, "rprd": 92.61709805109, "w": 7, "l": 1, "coil": null}, "gen9championsrandombattle": {"elo": 1125.5344846878081, "gxe": 49.8, "rpr": 1498.2956247598945, "rprd": 53.89024423586887, "w": 20, "l": 20, "coil": null}, "gen9doublesuu": {"elo": 1125.2539047094476, "gxe": 54.3, "rpr": 1533.3638625590334, "rprd": 96.13843015903352, "w": 5, "l": 3, "coil": null}, "gen9forceofthefallenrandomroulette": {"elo": 1105.9559232654444, "gxe": 55.5, "rpr": 1543.0375783743348, "rprd": 95.43572319015523, "w": 4, "l": 3, "coil": null}, "gen9hackmonscup": {"elo": 1074.6970135397753, "gxe": 51.5, "rpr": 1511.5483278167162, "rprd": 113.60253475845707, "w": 2, "l": 1, "coil": null}, "gen9legendszaou": {"elo": 1380.349341848153, "gxe": 55.7, "rpr": 1542.9161076987139, "rprd": 32.93400232967449, "w": 104, "l": 91, "coil": null}, "gen9monkeyspawrandombattle": {"elo": 1042.5485014601836, "gxe": 45.6, "rpr": 1465.2366499846191, "rprd": 111.31257608543262, "w": 1, "l": 2, "coil": null}, "gen9nationaldex": {"elo": 1479.3036600611533, "gxe": 62.7, "rpr": 1599.8797103377178, "rprd": 72.13816297547095, "w": 124, "l": 103, "coil": null}, "gen9nationaldexmonotype": {"elo": 1121.2340611746279, "gxe": 59.3, "rpr": 1574.75019498415, "rprd": 114.98499835311146, "w": 3, "l": 1, "coil": null}, "gen9nu": {"elo": 1059.6726177644496, "gxe": 56.2, "rpr": 1549.771384194089, "rprd": 122.28367513445048, "w": 1, "l": 0, "coil": 17.5625}, "gen9ou": {"elo": 1477.9710528899186, "gxe": 69.9, "rpr": 1660.01825835264, "rprd": 54.34269768654016, "w": 39, "l": 18, "coil": null}, "gen9partnersincrimerandombattle6moves": {"elo": 1100.7135398198136, "gxe": 53.8, "rpr": 1529.1745028124928, "rprd": 75.92585678981774, "w": 10, "l": 8, "coil": null}, "gen9pickyourteamrandombattle": {"elo": 1066.1309116704692, "gxe": 57.7, "rpr": 1561.8926819719875, "rprd": 123.24816375147782, "w": 1, "l": 0, "coil": null}, "gen9pu": {"elo": 1158.4054605642966, "gxe": 59.9, "rpr": 1575.964983336245, "rprd": 48.44401922967461, "w": 35, "l": 26, "coil": 2212.8011475328394}, "gen9randombattle": {"elo": 2068.5223457817656, "gxe": 84.8, "rpr": 1824.1096618259946, "rprd": 27.796872148367683, "w": 473, "l": 435, "coil": null}, "gen9randombattleblitz": {"elo": 1187.8131142313512, "gxe": 54.4, "rpr": 1534.557301077673, "rprd": 88.2748038849074, "w": 22, "l": 15, "coil": null}, "gen9randombattlehyperblitzautochoose": {"elo": 1132.6009705032, "gxe": 63.4, "rpr": 1607.5528345793, "rprd": 99.361714373527, "w": 5, "l": 1, "coil": null}, "gen9randombattlesharedpowerb12p6": {"elo": 1452.2209503261151, "gxe": 66.1, "rpr": 1626.7629370639693, "rprd": 43.0544877882689, "w": 211, "l": 167, "coil": null}, "gen9randomdoublesbattle": {"elo": 1230.717163606311, "gxe": 60.1, "rpr": 1579.7757600348168, "rprd": 98.71138497080531, "w": 13, "l": 7, "coil": null}, "gen9randomroulette": {"elo": 1022.1660277196066, "gxe": 49.5, "rpr": 1495.6710589773245, "rprd": 122.93275504687341, "w": 1, "l": 1, "coil": null}, "gen9tiershift": {"elo": 1180.2945727299, "gxe": 53.9, "rpr": 1530.768679473, "rprd": 100.73326634121, "w": 14, "l": 9, "coil": null}, "gen9ultramixandmega": {"elo": 1040, "gxe": 41.8, "rpr": 1435.0701908767, "rprd": 106.56311158384, "w": 1, "l": 3, "coil": null}, "gen9uu": {"elo": 1439.8984774387275, "gxe": 70.3, "rpr": 1667.9320705118485, "rprd": 95.15385089183756, "w": 68, "l": 44, "coil": null}, "gen9vgc2026regf": {"elo": 1089.7776123315728, "gxe": 42.9, "rpr": 1445.338548292548, "rprd": 62.090514914731756, "w": 14, "l": 15, "coil": null}, "gen9vgc2026regi": {"elo": 1145.1501797711094, "gxe": 52, "rpr": 1515.5245717754233, "rprd": 57.8959101553466, "w": 17, "l": 15, "coil": null}}}