{"username": "tonhua", "userid": "tonhua", "registertime": 1520812800, "group": 1, "ratings": {"gen71v1": {"elo": 1285.1563948972, "gxe": 62.6, "rpr": 1598.8214212022, "rprd": 67.135012472509, "w": 15, "l": 6, "coil": null}, "gen7anythinggoes": {"elo": 1000, "gxe": 37.9, "rpr": 1401.6724573074, "rprd": 119.4041671742, "w": 0, "l": 2, "coil": null}, "gen7battlefactory": {"elo": 1102.9588695012, "gxe": 62, "rpr": 1597.0558448911, "rprd": 110.88680961843, "w": 3, "l": 0, "coil": null}, "gen7challengecup1v1": {"elo": 1060.0928068048, "gxe": 56, "rpr": 1548.5241247711, "rprd": 122.11976249931, "w": 1, "l": 0, "coil": null}, "gen7ou": {"elo": 1366.020831922, "gxe": 59.7, "rpr": 1573.8926692596, "rprd": 25, "w": 687, "l": 668, "coil": null}, "gen7oublitz": {"elo": 1050.7236726755, "gxe": 47.1, "rpr": 1477.5203190972, "rprd": 93.436901814772, "w": 4, "l": 4, "coil": null}, "gen7randombattle": {"elo": 1336.2957672779, "gxe": 64.4, "rpr": 1613.7656591568, "rprd": 69.586399973507, "w": 336, "l": 306, "coil": null}, "gen7ubers": {"elo": 1037.2825365894, "gxe": 41.6, "rpr": 1432.1238857123, "rprd": 122.8429254387, "w": 2, "l": 3, "coil": null}, "gen7uu": {"elo": 1430.9759121369, "gxe": 66.5, "rpr": 1651.783292394, "rprd": 212.73379882858, "w": 159, "l": 146, "coil": null}, "gen8randombattle": {"elo": 1411.8723324238, "gxe": 77.3, "rpr": 1760.3301977905, "rprd": 179.1695452632, "w": 434, "l": 369, "coil": null}, "gen9randombattle": {"elo": 1886.8339373078704, "gxe": 80.9, "rpr": 1772.793491339131, "rprd": 33.60810703889181, "w": 3529, "l": 3316, "coil": null}, "gen9randombattleblitz": {"elo": 1042.0945988896644, "gxe": 53.9, "rpr": 1531.1921506744116, "rprd": 123.0331376878866, "w": 1, "l": 0, "coil": null}, "gen9randomdoublesbattle": {"elo": 1761.5411625012932, "gxe": 76.7, "rpr": 1724.7948087162968, "rprd": 29.94664559221478, "w": 279, "l": 219, "coil": null}}}