{"username": "totuga", "userid": "totuga", "registertime": 1779840000, "group": 1, "ratings": {"gen1randombattle": {"elo": 1000, "gxe": 41, "rpr": 1427.4328741711, "rprd": 116.77753930647, "w": 0, "l": 2, "coil": null}, "gen6randombattle": {"elo": 1000, "gxe": 45, "rpr": 1459.8393856612, "rprd": 122.8583080769, "w": 0, "l": 1, "coil": null}, "gen7randombattle": {"elo": 1059.7102000541, "gxe": 41.9, "rpr": 1434.2700506924, "rprd": 130, "w": 3, "l": 2, "coil": null}, "gen9anythinggoes": {"elo": 1000, "gxe": 45, "rpr": 1459.8393856609866, "rprd": 122.85830807679145, "w": 0, "l": 1, "coil": null}, "gen9randombattle": {"elo": 1368.137817282419, "gxe": 55.3, "rpr": 1540.338062666051, "rprd": 37.110141996650775, "w": 67, "l": 57, "coil": null}, "gen9uu": {"elo": 1000, "gxe": 45, "rpr": 1460.3316507886066, "rprd": 122.17762105344863, "w": 0, "l": 1, "coil": null}}}