{"username": "touchgrasssmurf0", "userid": "touchgrasssmurf0", "registertime": 1781308800, "group": 1, "ratings": {"gen9randombattle": {"elo": 1152.8453335781796, "gxe": 60.7, "rpr": 1583.9807176295885, "rprd": 77.90163898599488, "w": 10, "l": 4, "coil": null}}}