{"username": "Toxikmilk", "userid": "toxikmilk", "registertime": 1556150400, "group": 1, "ratings": {"gen4ou": {"elo": 1318.3501309631522, "gxe": 42, "rpr": 1436.9520556507978, "rprd": 89.72269537784663, "w": 246, "l": 218, "coil": null}, "gen5ou": {"elo": 1258.0470940065, "gxe": 61.2, "rpr": 1587.6657581404, "rprd": 73.623602897385, "w": 111, "l": 86, "coil": null}, "gen6ou": {"elo": 1499.4339713762, "gxe": 66.3, "rpr": 1645.601328371, "rprd": 192.65738979224, "w": 310, "l": 254, "coil": null}, "gen7anythinggoes": {"elo": 1067.4649849309, "gxe": 40.1, "rpr": 1409.3772118052, "rprd": 230.46058018154, "w": 0, "l": 0, "coil": null}, "gen7cap": {"elo": 1000, "gxe": 45, "rpr": 1459.8393856612, "rprd": 122.8583080769, "w": 0, "l": 0, "coil": null}, "gen7doublesuu": {"elo": 1064.7690384712, "gxe": 49.1, "rpr": 1492.9979608795, "rprd": 106.65337786869, "w": 2, "l": 2, "coil": null}, "gen7lc": {"elo": 1000, "gxe": 46.5, "rpr": 1471.8186048421, "rprd": 123.07431033137, "w": 0, "l": 0, "coil": null}, "gen7nu": {"elo": 1116.9629509696, "gxe": 42.7, "rpr": 1444.6140768827, "rprd": 36.235022744683, "w": 0, "l": 0, "coil": null}, "gen7ou": {"elo": 1499.940846693, "gxe": 58.8, "rpr": 1569.823229325, "rprd": 102.58541379401, "w": 230, "l": 207, "coil": null}, "gen7oublitz": {"elo": 1067.0605498297, "gxe": 51.4, "rpr": 1510.8141453436, "rprd": 115.65367090665, "w": 0, "l": 1, "coil": null}, "gen7pu": {"elo": 1006.8198255392, "gxe": 39.7, "rpr": 1417.7741218126, "rprd": 108.60114776295, "w": 1, "l": 3, "coil": null}, "gen7ru": {"elo": 1135.4061102536, "gxe": 45, "rpr": 1454.8019039299, "rprd": 228.17000434294, "w": 3, "l": 2, "coil": null}, "gen7ubers": {"elo": 1308.5939803269, "gxe": 60.7, "rpr": 1597.6320214971, "rprd": 219.63099359719, "w": 138, "l": 128, "coil": null}, "gen7uu": {"elo": 1126.8315754664, "gxe": 45.9, "rpr": 1462.8065334555, "rprd": 220.65554088848, "w": 2, "l": 0, "coil": null}, "gen8randombattle": {"elo": 1432.1296744003, "gxe": 74.3, "rpr": 1723.4353705092, "rprd": 171.68145695365, "w": 575, "l": 516, "coil": null}, "gen9ou": {"elo": 1086.598844287429, "gxe": 49.4, "rpr": 1495.4832300443206, "rprd": 105.58747967453871, "w": 5, "l": 4, "coil": null}, "gen9randombattle": {"elo": 1678.0268398474882, "gxe": 76.7, "rpr": 1724.4474857632727, "rprd": 28.526010102089057, "w": 973, "l": 835, "coil": null}}}