{"username": "TransGirlFromHell", "userid": "transgirlfromhell", "registertime": 1636156800, "group": 1, "ratings": {"gen1randombattle": {"elo": 1076.5591381371685, "gxe": 48.5, "rpr": 1488.6882009067176, "rprd": 91.48613619126505, "w": 6, "l": 7, "coil": null}, "gen3randombattle": {"elo": 1125.7679403751556, "gxe": 55.5, "rpr": 1544.4788798215702, "rprd": 123.03198364160835, "w": 4, "l": 2, "coil": null}, "gen4randombattle": {"elo": 1067.4118077117, "gxe": 48.6, "rpr": 1489.35557077, "rprd": 103.77490300736, "w": 5, "l": 5, "coil": null}, "gen5randombattle": {"elo": 1000, "gxe": 42.5, "rpr": 1439.4026857945, "rprd": 123.48200131436, "w": 0, "l": 1, "coil": null}, "gen7randombattle": {"elo": 1000, "gxe": 39.2, "rpr": 1411.3393409847, "rprd": 130, "w": 0, "l": 2, "coil": null}, "gen8bdsprandombattle": {"elo": 1040, "gxe": 55, "rpr": 1540.1606143388, "rprd": 122.8583080769, "w": 1, "l": 0, "coil": null}, "gen8challengecup1v1": {"elo": 1069.7042852683, "gxe": 42.4, "rpr": 1441.2361220545, "rprd": 80.33690442491, "w": 5, "l": 8, "coil": null}, "gen8doublesou": {"elo": 1000, "gxe": 44.4, "rpr": 1454.8639065402, "rprd": 121.8529531339, "w": 0, "l": 1, "coil": null}, "gen8hackmonscup": {"elo": 1000, "gxe": 45, "rpr": 1459.8393856612, "rprd": 122.8583080769, "w": 0, "l": 1, "coil": null}, "gen8monotyperandombattle": {"elo": 1097.9959404423, "gxe": 48, "rpr": 1483.6623904518, "rprd": 121.62746362047, "w": 11, "l": 9, "coil": null}, "gen8ou": {"elo": 1133.042018451, "gxe": 47.5, "rpr": 1480.6247112048, "rprd": 69.609191291192, "w": 24, "l": 20, "coil": null}, "gen8randombattle": {"elo": 1347.8186549652, "gxe": 56.3, "rpr": 1548.024103, "rprd": 25, "w": 1941, "l": 1975, "coil": null}, "gen8randombattleblitz": {"elo": 1050.5936825885, "gxe": 47.4, "rpr": 1479.9062653263, "rprd": 85.562036526718, "w": 6, "l": 7, "coil": null}, "gen8randombattlemayhem": {"elo": 1000, "gxe": 45.6, "rpr": 1464.5285659494, "rprd": 122.12854001204, "w": 0, "l": 1, "coil": null}, "gen8randomdoublesbattle": {"elo": 1076.2371901164, "gxe": 42.9, "rpr": 1434.8941500878, "rprd": 228.96026457882, "w": 12, "l": 15, "coil": null}, "gen8vgc2021series11": {"elo": 1052.9089537003, "gxe": 45.4, "rpr": 1463.4313527823, "rprd": 102.0079016622, "w": 2, "l": 3, "coil": null}, "gen91v1": {"elo": 1205.922590520249, "gxe": 55.3, "rpr": 1541.6029537511772, "rprd": 91.43619251377831, "w": 31, "l": 31, "coil": null}, "gen91v1factory": {"elo": 1113.858757565912, "gxe": 45.4, "rpr": 1464.5359754246401, "rprd": 78.01199205757129, "w": 123, "l": 132, "coil": null}, "gen9350cup": {"elo": 1102.6107111842, "gxe": 51.9, "rpr": 1517.0353513479, "rprd": 225.86346431012, "w": 4, "l": 3, "coil": null}, "gen9almostanyability": {"elo": 1080.7422311527298, "gxe": 38.7, "rpr": 1409.085879816654, "rprd": 109.78361184418983, "w": 5, "l": 11, "coil": null}, "gen9alphabetcup": {"elo": 1000, "gxe": 44.5, "rpr": 1455.6443012660334, "rprd": 122.81647352307371, "w": 0, "l": 1, "coil": null}, "gen9battlefactory": {"elo": 1129.5778852697, "gxe": 55.6, "rpr": 1545.7227799443, "rprd": 136.95949723355, "w": 13, "l": 10, "coil": null}, "gen9championsrandombattle": {"elo": 1000, "gxe": 45, "rpr": 1459.8393856609866, "rprd": 122.85830807679145, "w": 0, "l": 1, "coil": null}, "gen9computergeneratedteams": {"elo": 1040, "gxe": 55, "rpr": 1540.1606143390134, "rprd": 122.85830807679145, "w": 1, "l": 0, "coil": null}, "gen9fortemons": {"elo": 1170.0493442224, "gxe": 45.2, "rpr": 1459.3959908726, "rprd": 175.42121964079, "w": 25, "l": 29, "coil": null}, "gen9linked": {"elo": 1124.086629571068, "gxe": 57.6, "rpr": 1559.6234888459933, "rprd": 96.99914541777268, "w": 4, "l": 2, "coil": null}, "gen9monotype": {"elo": 1083.675279608447, "gxe": 53.6, "rpr": 1528.2331368215896, "rprd": 111.10306471101704, "w": 2, "l": 1, "coil": 1350.6353654873042}, "gen9nationaldexmonotype": {"elo": 1069.3707654055354, "gxe": 44.7, "rpr": 1457.888084207382, "rprd": 103.04172232229827, "w": 2, "l": 3, "coil": null}, "gen9ou": {"elo": 1151.3211789166598, "gxe": 39.2, "rpr": 1413.51443790773, "rprd": 111.5070721096203, "w": 235, "l": 279, "coil": null}, "gen9pokebilities": {"elo": 1000, "gxe": 29.3, "rpr": 1325.0946294824944, "rprd": 116.83941239494493, "w": 1, "l": 5, "coil": null}, "gen9randombattle": {"elo": 1616.7385512680844, "gxe": 74.6, "rpr": 1703.375765270667, "rprd": 25, "w": 5406, "l": 5318, "coil": null}, "gen9randombattleblitz": {"elo": 1203.967458027313, "gxe": 59.4, "rpr": 1573.5184611238515, "rprd": 87.86477812202922, "w": 19, "l": 13, "coil": null}, "gen9randomroulette": {"elo": 1120.0056437492283, "gxe": 59.3, "rpr": 1573.8901586143716, "rprd": 103.40911518134453, "w": 4, "l": 1, "coil": null}, "gen9ru": {"elo": 1043.5976234085263, "gxe": 45.1, "rpr": 1461.7180553380917, "rprd": 102.09501735074065, "w": 2, "l": 3, "coil": 683.5881714961896}, "gen9sharedpower": {"elo": 1166.2335593258, "gxe": 49.1, "rpr": 1492.8304376449, "rprd": 120.38351955655, "w": 196, "l": 191, "coil": null}, "gen9stabmons": {"elo": 1044.5629697818483, "gxe": 47.9, "rpr": 1483.2181617610354, "rprd": 105.15900276984028, "w": 2, "l": 2, "coil": null}, "gen9thelosersgame": {"elo": 1045.300016796451, "gxe": 53, "rpr": 1524.1971449229156, "rprd": 123.5724906511962, "w": 1, "l": 0, "coil": null}, "gen9trademarked": {"elo": 1027.1283430244594, "gxe": 53.7, "rpr": 1527.6422286825932, "rprd": 32.96734562269801, "w": 65, "l": 56, "coil": null}, "gen9uu": {"elo": 1040, "gxe": 42.2, "rpr": 1438.4985944523, "rprd": 105.88080338169, "w": 1, "l": 3, "coil": null}}}