{"username": "Trenotnse", "userid": "trenotnse", "registertime": 1645056000, "group": 1, "ratings": {"gen4randombattle": {"elo": 1046.928627863804, "gxe": 51.2, "rpr": 1509.674844278089, "rprd": 116.70747177523339, "w": 1, "l": 1, "coil": null}, "gen8monotyperandombattle": {"elo": 1183.6601896613, "gxe": 68.6, "rpr": 1652.8768726993, "rprd": 101.41716611044, "w": 6, "l": 0, "coil": null}, "gen8randombattle": {"elo": 1416.3583501258, "gxe": 74.7, "rpr": 1728.8904750352, "rprd": 174.95437321508, "w": 797, "l": 690, "coil": null}, "gen8randomdoublesbattle": {"elo": 1041.7288766282, "gxe": 54.1, "rpr": 1532.6948588561, "rprd": 123.08438079513, "w": 1, "l": 0, "coil": null}, "gen9babyrandombattle": {"elo": 1054.5625190766111, "gxe": 55.9, "rpr": 1547.6881057622677, "rprd": 121.92279378204447, "w": 1, "l": 0, "coil": null}, "gen9championsbssregma": {"elo": 1058.994204028814, "gxe": 55.4, "rpr": 1543.1779039472221, "rprd": 121.84460118915388, "w": 1, "l": 0, "coil": null}, "gen9championsou": {"elo": 1000, "gxe": 45.2, "rpr": 1461.6243170985003, "rprd": 121.97637994560509, "w": 0, "l": 1, "coil": null}, "gen9championsvgc2026regma": {"elo": 1121.3113855240285, "gxe": 31, "rpr": 1347.363229639378, "rprd": 56.050765749758554, "w": 13, "l": 27, "coil": null}, "gen9championsvgc2026regmb": {"elo": 1041.0278634146277, "gxe": 35.7, "rpr": 1388.5142697020908, "rprd": 33.63069588024952, "w": 47, "l": 79, "coil": null}, "gen9randombattle": {"elo": 2096.1674570965065, "gxe": 82.4, "rpr": 1791.8000692575545, "rprd": 29.200095210522058, "w": 1961, "l": 1798, "coil": null}, "gen9randombattleblitz": {"elo": 1076.7850969522076, "gxe": 57.6, "rpr": 1561.258186037078, "rprd": 123.042532011299, "w": 2, "l": 0, "coil": null}}}