{"username": "Trikinho2014", "userid": "trikinho2014", "registertime": 1780617600, "group": 1, "ratings": {"gen1randombattle": {"elo": 1000, "gxe": 45, "rpr": 1459.8393856609866, "rprd": 122.85830807679145, "w": 0, "l": 1, "coil": null}, "gen5randombattle": {"elo": 1040, "gxe": 55, "rpr": 1540.1606143390134, "rprd": 122.85830807679145, "w": 1, "l": 0, "coil": null}, "gen6randombattle": {"elo": 1000, "gxe": 42, "rpr": 1435.846279255002, "rprd": 116.11169550823193, "w": 0, "l": 2, "coil": null}, "gen9doublesubers": {"elo": 1199.529591173003, "gxe": 52.3, "rpr": 1517.7619975116345, "rprd": 65.52178524293987, "w": 18, "l": 14, "coil": null}, "gen9randombattle": {"elo": 1405.6312535643306, "gxe": 55.8, "rpr": 1544.2833893069899, "rprd": 32.60734776320666, "w": 112, "l": 99, "coil": null}, "gen9randombattleblitz": {"elo": 1000, "gxe": 43.1, "rpr": 1444.8547706021695, "rprd": 122.40214994616316, "w": 0, "l": 1, "coil": null}, "gen9randomdoublesbattle": {"elo": 1091.1249625287217, "gxe": 49.3, "rpr": 1494.7940228384557, "rprd": 105.25595700568685, "w": 4, "l": 4, "coil": null}}}