{"username": "TrivagoGuy", "userid": "trivagoguy", "registertime": 1541548800, "group": 1, "ratings": {"digimondigimonshowdownsingles": {"elo": 1000, "gxe": 45, "rpr": 1459.8393856612, "rprd": 122.8583080769, "w": 0, "l": 1, "coil": null}, "digimondigimonxpokemon": {"elo": 1040, "gxe": 55, "rpr": 1540.1606143388, "rprd": 122.8583080769, "w": 1, "l": 0, "coil": null}, "gen3ou": {"elo": 1040, "gxe": 50, "rpr": 1500, "rprd": 116.77753930647, "w": 1, "l": 1, "coil": null}, "gen3randombattle": {"elo": 1040, "gxe": 55, "rpr": 1540.1606143388, "rprd": 122.8583080769, "w": 1, "l": 0, "coil": null}, "gen4ou": {"elo": 1317.6017422177, "gxe": 61, "rpr": 1585.1042706423, "rprd": 59.689993445677, "w": 40, "l": 31, "coil": null}, "gen71v1": {"elo": 1000, "gxe": 45, "rpr": 1459.8393856612, "rprd": 122.8583080769, "w": 0, "l": 1, "coil": null}, "gen7anythinggoes": {"elo": 1319.3841409566, "gxe": 52.5, "rpr": 1522.6343007073, "rprd": 221.30985659627, "w": 268, "l": 267, "coil": null}, "gen7balancedhackmons": {"elo": 1097.8915617978, "gxe": 36.4, "rpr": 1390.0568779202, "rprd": 107.01779905947, "w": 10, "l": 14, "coil": null}, "gen7battlefactory": {"elo": 1040.5304096015, "gxe": 51.7, "rpr": 1513.7904104559, "rprd": 125.57915912143, "w": 1, "l": 0, "coil": null}, "gen7cap": {"elo": 1000, "gxe": 42.8, "rpr": 1442.3773213072, "rprd": 123.0052707867, "w": 0, "l": 1, "coil": null}, "gen7doublesou": {"elo": 1087.3429520069, "gxe": 42.7, "rpr": 1434.2258278829, "rprd": 223.84766854597, "w": 17, "l": 20, "coil": null}, "gen7doublesubers": {"elo": 1139.2505104871, "gxe": 63.2, "rpr": 1605.6552176884, "rprd": 95.47511503857, "w": 6, "l": 1, "coil": null}, "gen7hackmonscup": {"elo": 1077.382292737, "gxe": 45.3, "rpr": 1462.7257443298, "rprd": 102.09183576961, "w": 2, "l": 3, "coil": null}, "gen7letsgorandombattle": {"elo": 1133.7240905869, "gxe": 61.2, "rpr": 1590.3291119096, "rprd": 115.18816252717, "w": 15, "l": 8, "coil": null}, "gen7monotyperandombattle": {"elo": 1000, "gxe": 40.4, "rpr": 1422.8366401224, "rprd": 116.02434832933, "w": 0, "l": 2, "coil": null}, "gen7nu": {"elo": 1052.4588856723, "gxe": 43.2, "rpr": 1445.6579053403, "rprd": 110.8661927218, "w": 1, "l": 2, "coil": null}, "gen7ou": {"elo": 1381.2026563748, "gxe": 54.2, "rpr": 1533.8858585482, "rprd": 130, "w": 124, "l": 120, "coil": null}, "gen7oublitz": {"elo": 1000, "gxe": 44.7, "rpr": 1457.8197667795, "rprd": 122.15107658945, "w": 0, "l": 1, "coil": null}, "gen7randombattle": {"elo": 1406.3815008314, "gxe": 72.1, "rpr": 1691.2145385412, "rprd": 130, "w": 114, "l": 101, "coil": null}, "gen7randomdoublesbattle": {"elo": 1258.5322201792, "gxe": 66, "rpr": 1629.4123278752, "rprd": 96.133254488495, "w": 23, "l": 15, "coil": null}, "gen7superstaffbrosbrawl": {"elo": 1065.6459207059, "gxe": 56, "rpr": 1547.4248417133, "rprd": 109.96747029769, "w": 2, "l": 1, "coil": null}, "gen7ubers": {"elo": 1166.5935256826, "gxe": 54.6, "rpr": 1541.2731192777, "rprd": 223.04099385026, "w": 13, "l": 9, "coil": null}, "gen8battlefactory": {"elo": 1047.4620052925, "gxe": 53.8, "rpr": 1530.0859633113, "rprd": 102.51509602998, "w": 3, "l": 2, "coil": null}, "gen8bdspou": {"elo": 1202.7890661032, "gxe": 47.9, "rpr": 1481.3279091377, "rprd": 215.09451975392, "w": 52, "l": 48, "coil": null}, "gen8bdsprandombattle": {"elo": 1066.2716707553, "gxe": 49.9, "rpr": 1499.0809493522, "rprd": 94.039092698439, "w": 4, "l": 4, "coil": null}, "gen8bssfactory": {"elo": 1055.6050861779, "gxe": 54.7, "rpr": 1537.7105600944, "rprd": 122.0793121857, "w": 1, "l": 0, "coil": null}, "gen8cap1v1": {"elo": 1053.4037733854, "gxe": 55, "rpr": 1540.1606143388, "rprd": 122.8583080769, "w": 1, "l": 0, "coil": null}, "gen8challengecup1v1": {"elo": 1043.7854860886, "gxe": 54.1, "rpr": 1533.0192043134, "rprd": 122.19572517322, "w": 1, "l": 0, "coil": null}, "gen8hackmonscup": {"elo": 1211.8923406794, "gxe": 63.5, "rpr": 1608.5723401678, "rprd": 104.62196525544, "w": 14, "l": 8, "coil": null}, "gen8monotyperandombattle": {"elo": 1129.7760840793, "gxe": 56, "rpr": 1548.8165549506, "rprd": 130, "w": 7, "l": 5, "coil": null}, "gen8natdexagwitheternamax": {"elo": 1070.8095027556, "gxe": 54, "rpr": 1533.0891783611, "rprd": 150.34194947348, "w": 2, "l": 1, "coil": null}, "gen8nationaldexag": {"elo": 1499.4319133552, "gxe": 67.4, "rpr": 1639.8927029324, "rprd": 80.099659678046, "w": 138, "l": 114, "coil": null}, "gen8nationaldexbeta": {"elo": 1161.5668117769, "gxe": 52.8, "rpr": 1521.457654697, "rprd": 42.002840000509, "w": 44, "l": 42, "coil": null}, "gen8nationaldexnostall": {"elo": 1040, "gxe": 55, "rpr": 1540.1606143388, "rprd": 122.8583080769, "w": 1, "l": 0, "coil": null}, "gen8ou": {"elo": 1405.1404571721, "gxe": 59.5, "rpr": 1585.6417153201, "rprd": 215.20717191654, "w": 927, "l": 905, "coil": null}, "gen8oublitz": {"elo": 1230.8673713333, "gxe": 77.7, "rpr": 1749.3422324021, "rprd": 122.59687409588, "w": 9, "l": 1, "coil": null}, "gen8pokebilities": {"elo": 1067.1170841436, "gxe": 43.4, "rpr": 1447.7868747202, "rprd": 99.550946367845, "w": 2, "l": 4, "coil": null}, "gen8randombattle": {"elo": 1399.3519739326, "gxe": 68.7, "rpr": 1674.9257672531, "rprd": 215.33987905237, "w": 398, "l": 333, "coil": null}, "gen8randombattleblitz": {"elo": 1000, "gxe": 44.2, "rpr": 1453.7875921948, "rprd": 122.18682340418, "w": 0, "l": 1, "coil": null}, "gen8randomdoublesbattle": {"elo": 1286.6407103836, "gxe": 71.8, "rpr": 1688.0055973916, "rprd": 130, "w": 17, "l": 7, "coil": null}, "gen8sketchmons": {"elo": 1097.6623163617, "gxe": 47.4, "rpr": 1480.484922952, "rprd": 55.323354075896, "w": 19, "l": 21, "coil": null}, "gen8spikemuthcup": {"elo": 1044.7180785511, "gxe": 55, "rpr": 1540.1606143388, "rprd": 124.83846889309, "w": 1, "l": 0, "coil": null}, "gen8uu": {"elo": 1112.8349505983, "gxe": 49.1, "rpr": 1492.4772606269, "rprd": 117.98604323033, "w": 30, "l": 29, "coil": null}, "gen8vgc2020": {"elo": 1290.2168841516, "gxe": 46.6, "rpr": 1474.2329786271, "rprd": 43.083858979481, "w": 79, "l": 73, "coil": null}, "gen8vgc2021": {"elo": 1168.3688941568, "gxe": 47.4, "rpr": 1480.1838401756, "rprd": 61.102525750395, "w": 38, "l": 36, "coil": null}, "gen8vgc2021series11": {"elo": 1054.4217992515, "gxe": 47.2, "rpr": 1477.7642940316, "rprd": 116.28495730483, "w": 1, "l": 1, "coil": null}, "gen8vgc2022": {"elo": 1020.1849365646, "gxe": 34.4, "rpr": 1352.8387660479, "rprd": 231.73017302515, "w": 18, "l": 31, "coil": null}, "gen9battlefactory": {"elo": 1122.3942438866, "gxe": 45.2, "rpr": 1460.7521446268, "rprd": 138.67104587001, "w": 14, "l": 20, "coil": null}, "gen9championsvgc2026regma": {"elo": 1007.0732153624767, "gxe": 37.1, "rpr": 1399.3137228973385, "rprd": 57.34119420299031, "w": 12, "l": 23, "coil": null}, "gen9champoinsou": {"elo": 1000, "gxe": 45, "rpr": 1459.8393856609866, "rprd": 122.85830807679145, "w": 0, "l": 1, "coil": null}, "gen9legendszaou": {"elo": 1142.0038269841348, "gxe": 51.5, "rpr": 1511.3962318597237, "rprd": 37.1443640070497, "w": 94, "l": 100, "coil": null}, "gen9livepatchbattlesver100": {"elo": 1162.962475073, "gxe": 68.1, "rpr": 1651.1460497871, "rprd": 117.90479258652, "w": 5, "l": 0, "coil": null}, "gen9monotyperandombattle": {"elo": 1045.62714078794, "gxe": 55.1, "rpr": 1540.796567423273, "rprd": 122.39580365493146, "w": 1, "l": 0, "coil": null}, "gen9nationaldex": {"elo": 1542.866415383723, "gxe": 69.6, "rpr": 1656.8062815581327, "rprd": 32.367803733853584, "w": 1351, "l": 1304, "coil": null}, "gen9nationaldexag": {"elo": 1175.7868574457, "gxe": 66.2, "rpr": 1631.7030914044, "rprd": 97.673040236999, "w": 6, "l": 0, "coil": null}, "gen9nationaldexubers": {"elo": 1407.5598914858901, "gxe": 63.8, "rpr": 1610.2188151946812, "rprd": 87.63346563601792, "w": 69, "l": 53, "coil": null}, "gen9ou": {"elo": 1427.171355851567, "gxe": 61.8, "rpr": 1591.3265271164596, "rprd": 55.40971658915751, "w": 1254, "l": 1257, "coil": null}, "gen9randombattle": {"elo": 1695.474048427493, "gxe": 74.8, "rpr": 1704.9990783328071, "rprd": 32.105433106122256, "w": 1970, "l": 1822,