{"username": "TrustyGhost_07", "userid": "trustyghost07", "registertime": 1776470400, "group": 1, "ratings": {"gen7ou": {"elo": 1045.584139150256, "gxe": 50.7, "rpr": 1505.2892389756562, "rprd": 116.4466098964879, "w": 1, "l": 1, "coil": null}, "gen9megainvasionrandombattle": {"elo": 1070.102808904164, "gxe": 59, "rpr": 1572.567125829214, "rprd": 116.77753930629355, "w": 2, "l": 0, "coil": null}, "gen9randombattle": {"elo": 1118.2351793443925, "gxe": 46.9, "rpr": 1475.6330912475755, "rprd": 82.04602517453027, "w": 8, "l": 8, "coil": null}}}