{"username": "tttttttttyyygggg", "userid": "tttttttttyyygggg", "registertime": 1733097600, "group": 1, "ratings": {"gen1randombattle": {"elo": 1087.7641050994066, "gxe": 59.4, "rpr": 1575.8784492170053, "rprd": 116.44767865218061, "w": 2, "l": 0, "coil": null}, "gen2randombattle": {"elo": 1051.2087147269344, "gxe": 55, "rpr": 1540.1606143390134, "rprd": 122.85830807679145, "w": 1, "l": 0, "coil": null}, "gen3ou": {"elo": 1167.4913563966857, "gxe": 59.2, "rpr": 1572.0276039573455, "rprd": 83.82396584465727, "w": 0, "l": 0, "coil": null}, "gen3randombattle": {"elo": 1077.1876796040146, "gxe": 50.7, "rpr": 1505.7175239133192, "rprd": 101.2136220586126, "w": 4, "l": 4, "coil": null}, "gen4randombattle": {"elo": 1157.358927618967, "gxe": 57.1, "rpr": 1555.298812087251, "rprd": 84.4918405054913, "w": 8, "l": 5, "coil": null}, "gen5randombattle": {"elo": 1052.9757672805167, "gxe": 45.3, "rpr": 1463.631292086636, "rprd": 84.91445638134839, "w": 7, "l": 8, "coil": null}, "gen6ou": {"elo": 1098.8208727869392, "gxe": 46.1, "rpr": 1469.6295081038118, "rprd": 72.55323610447003, "w": 16, "l": 18, "coil": null}, "gen6randombattle": {"elo": 1027.481542045342, "gxe": 40.1, "rpr": 1420.7930494388324, "rprd": 103.53074862891216, "w": 2, "l": 4, "coil": null}, "gen7randombattle": {"elo": 1044.0044563471445, "gxe": 41.1, "rpr": 1428.748977846283, "rprd": 107.25259053968702, "w": 1, "l": 3, "coil": null}, "gen7randombattleapexabilities": {"elo": 1000, "gxe": 45, "rpr": 1459.8393856609866, "rprd": 122.85830807679145, "w": 0, "l": 1, "coil": null}, "gen8randombattle": {"elo": 1272.7566985466901, "gxe": 58.2, "rpr": 1562.5836278685465, "rprd": 47.07549124199628, "w": 34, "l": 28, "coil": null}, "gen9b6p4randomdoublesbattlebo3": {"elo": 1045.5032228167177, "gxe": 50, "rpr": 1500.0737369071883, "rprd": 107.05899313787486, "w": 2, "l": 2, "coil": null}, "gen9battlefactory": {"elo": 1041.1514577749, "gxe": 31, "rpr": 1335.1397672947, "rprd": 151.503585326, "w": 5, "l": 16, "coil": null}, "gen9bssfactory": {"elo": 1047.7828406636884, "gxe": 55.8, "rpr": 1546.838081591634, "rprd": 122.03295581520874, "w": 1, "l": 0, "coil": null}, "gen9doublesou": {"elo": 1533.2035566909, "gxe": 75.8, "rpr": 1718.3538029349, "rprd": 67.864614020177, "w": 75, "l": 39, "coil": null}, "gen9draftfactory": {"elo": 1000, "gxe": 46.8, "rpr": 1474.0125171775721, "rprd": 123.08193104266756, "w": 0, "l": 1, "coil": null}, "gen9monotyperandombattle": {"elo": 1029.2076768591878, "gxe": 44.5, "rpr": 1456.131279054602, "rprd": 111.40296929241022, "w": 1, "l": 2, "coil": null}, "gen9ou": {"elo": 1204.9993193344558, "gxe": 44.4, "rpr": 1456.7803379707873, "rprd": 76.09382420925125, "w": 55, "l": 53, "coil": null}, "gen9pickyourteamrandombattle": {"elo": 1000, "gxe": 43.9, "rpr": 1450.7248971871682, "rprd": 122.43539485827532, "w": 0, "l": 1, "coil": null}, "gen9randombattle": {"elo": 1783.8401736987946, "gxe": 75.6, "rpr": 1713.2835294608299, "rprd": 25, "w": 731, "l": 671, "coil": null}, "gen9randombattlemayhem": {"elo": 1000, "gxe": 45.5, "rpr": 1463.7958370335268, "rprd": 121.99098854144152, "w": 0, "l": 1, "coil": null}, "gen9randomdoublesbattle": {"elo": 1050.3480313310945, "gxe": 30.4, "rpr": 1336.9753190628455, "rprd": 107.49104269801241, "w": 1, "l": 6, "coil": null}, "gen9randomroulette": {"elo": 1000, "gxe": 45.7, "rpr": 1465.8696429551046, "rprd": 122.34754412295067, "w": 0, "l": 1, "coil": null}, "gen9ubers": {"elo": 1281.303936109724, "gxe": 73.4, "rpr": 1696.233744628741, "rprd": 83.02988823907609, "w": 13, "l": 2, "coil": null}, "gen9uu": {"elo": 1000, "gxe": 45.2, "rpr": 1461.1053634815319, "rprd": 123.9863564020215, "w": 0, "l": 1, "coil": null}, "gen9vgc2024regh": {"elo": 1400.6015004758867, "gxe": 51.5, "rpr": 1511.0418243912645, "rprd": 27.484339016850974, "w": 207, "l": 195, "coil": null}, "gen9vgc2024reghbo3": {"elo": 1118.3759372652132, "gxe": 46.2, "rpr": 1471.2341306229785, "rprd": 60.32675571371235, "w": 15, "l": 15, "coil": null}, "gen9vgc2025regg": {"elo": 1499.1632187778, "gxe": 61.7, "rpr": 1591.3312332876, "rprd": 69.115566780517, "w": 545, "l": 514, "coil": null}, "gen9vgc2025reggbo3": {"elo": 1309.4304251489675, "gxe": 59.8, "rpr": 1574.9051924233688, "rprd": 25, "w": 258, "l": 238, "coil": null}, "gen9vgc2026regfbo3": {"elo": 1105.2467648251395, "gxe": 58.9, "rpr": 1571.414221042522, "rprd": 112.06903697539191, "w": 3, "l": 0, "coil": null}}}