{"username": "tuabuelo06", "userid": "tuabuelo06", "registertime": 0, "group": 0, "ratings": {"gen9monotype": {"elo": 1499.7736751377, "gxe": 66.5, "rpr": 1634.3469012119, "rprd": 100.13553990282, "w": 165, "l": 135, "coil": 2647.736546414589}, "gen9ou": {"elo": 1077.3713148822715, "gxe": 30.3, "rpr": 1336.9080136357463, "rprd": 97.65707469822215, "w": 55, "l": 55, "coil": null}, "gen9randombattle": {"elo": 1699.1633013726332, "gxe": 76.9, "rpr": 1726.5770144840785, "rprd": 27.680364519604368, "w": 2183, "l": 2112, "coil": null}}}