{"username": "tuankiet091002", "userid": "tuankiet091002", "registertime": 1590624000, "group": 1, "ratings": {"gen8randombattle": {"elo": 1399.7950657035, "gxe": 67.2, "rpr": 1658.718081872, "rprd": 210.38441432536, "w": 642, "l": 569, "coil": null}, "gen9randombattle": {"elo": 1836.962695251818, "gxe": 80.7, "rpr": 1770.2497063463534, "rprd": 39.16200469755718, "w": 1244, "l": 1029, "coil": null}}}