{"username": "TukiVN", "userid": "tukivn", "registertime": 1741046400, "group": 1, "ratings": {"gen9championsvgc2026regma": {"elo": 1015.9584637425058, "gxe": 36.8, "rpr": 1395.2911304427953, "rprd": 81.96685241661756, "w": 4, "l": 8, "coil": null}, "gen9randombattle": {"elo": 1940.8505164529367, "gxe": 81.9, "rpr": 1784.4026078581353, "rprd": 33.09740378080152, "w": 666, "l": 566, "coil": null}}}