{"username": "tukkirekka", "userid": "tukkirekka", "registertime": 1780185600, "group": 1, "ratings": {"gen9randombattle": {"elo": 2019.9527077084713, "gxe": 80.1, "rpr": 1762.5803056183802, "rprd": 28.585303636672975, "w": 137, "l": 90, "coil": null}}}