{"username": "turks and jerks", "userid": "turksandjerks", "registertime": 1764115200, "group": 1, "ratings": {"gen4randombattle": {"elo": 1447.3976730905729, "gxe": 77.9, "rpr": 1740.4022399845335, "rprd": 58.846772882501455, "w": 24, "l": 7, "coil": null}, "gen5randombattle": {"elo": 1402.0013556655956, "gxe": 77.3, "rpr": 1734.8144194411284, "rprd": 69.10759320298152, "w": 24, "l": 7, "coil": null}, "gen6randombattle": {"elo": 1469.7936540543403, "gxe": 74.2, "rpr": 1701.2381572089605, "rprd": 52.435891468878665, "w": 29, "l": 12, "coil": null}, "gen7randombattle": {"elo": 1040, "gxe": 55, "rpr": 1540.1606143390134, "rprd": 122.85830807679145, "w": 1, "l": 0, "coil": null}, "gen91v1factory": {"elo": 1055.3608359867023, "gxe": 47.7, "rpr": 1482.4030648067958, "rprd": 81.3247756183633, "w": 6, "l": 7, "coil": null}, "gen9babyrandombattle": {"elo": 1046.9851297809096, "gxe": 55, "rpr": 1540.1606143390134, "rprd": 122.85830807679145, "w": 1, "l": 0, "coil": null}, "gen9battlefactory": {"elo": 1000, "gxe": 45, "rpr": 1459.8393856609866, "rprd": 122.85830807679145, "w": 0, "l": 1, "coil": null}, "gen9chatbats": {"elo": 1000, "gxe": 45, "rpr": 1459.8393856609866, "rprd": 122.85830807679145, "w": 0, "l": 1, "coil": null}, "gen9forceofthefallenrandomroulette": {"elo": 1178.6411831848973, "gxe": 63.6, "rpr": 1606.9765740977293, "rprd": 69.55575592819342, "w": 15, "l": 8, "coil": null}, "gen9godlygiftrandombattle": {"elo": 1112.986266788225, "gxe": 61.9, "rpr": 1596.47926447307, "rprd": 116.35060535214284, "w": 3, "l": 0, "coil": null}, "gen9lc": {"elo": 1094.462575736949, "gxe": 57.3, "rpr": 1557.9994792030911, "rprd": 110.47321578586137, "w": 2, "l": 1, "coil": null}, "gen9livepatchbattlesver100": {"elo": 1051.6398623188556, "gxe": 55, "rpr": 1540.1606143390134, "rprd": 122.85830807679145, "w": 1, "l": 0, "coil": null}, "gen9megainvasionrandombattle": {"elo": 1227.1635743381, "gxe": 67.1, "rpr": 1637.3115536998, "rprd": 77.733785452844, "w": 11, "l": 4, "coil": null}, "gen9monotyperandombattle": {"elo": 1113.874716304669, "gxe": 55.9, "rpr": 1546.446409335148, "rprd": 93.60013194209132, "w": 6, "l": 3, "coil": null}, "gen9nationaldex": {"elo": 1171.2035911033006, "gxe": 65.9, "rpr": 1629.7096056221205, "rprd": 103.43857981944912, "w": 5, "l": 0, "coil": null}, "gen9nu": {"elo": 1499.8912363919, "gxe": 84.5, "rpr": 1829.6811833051, "rprd": 88.330455874607, "w": 50, "l": 12, "coil": 3125.5715324534544}, "gen9ou": {"elo": 1340.8805261143875, "gxe": 63.5, "rpr": 1605.6823578212595, "rprd": 66.86258249387987, "w": 21, "l": 9, "coil": null}, "gen9pu": {"elo": 1509.9425210009, "gxe": 80.8, "rpr": 1774.2231823084, "rprd": 63.662043268335, "w": 111, "l": 45, "coil": 3133.0230921333746}, "gen9randombattle": {"elo": 2059.027445971392, "gxe": 84.1, "rpr": 1814.3578500644865, "rprd": 30.380068062234983, "w": 673, "l": 577, "coil": null}, "gen9randombattlesharedpowerb12p6": {"elo": 1042.6191211228718, "gxe": 54, "rpr": 1531.8977716686518, "rprd": 122.34239858697494, "w": 1, "l": 0, "coil": null}, "gen9randomdoublesbattle": {"elo": 1734.1957641383751, "gxe": 76.6, "rpr": 1723.9751446575835, "rprd": 41.36904185787651, "w": 58, "l": 25, "coil": null}, "gen9randomroulette": {"elo": 1042.5485014601836, "gxe": 55, "rpr": 1540.1606143390134, "rprd": 122.85830807679145, "w": 1, "l": 0, "coil": null}, "gen9ru": {"elo": 1481.5494242814, "gxe": 81.9, "rpr": 1793.1019188241, "rprd": 90.460588598226, "w": 45, "l": 8, "coil": 2989.408151484834}, "gen9uu": {"elo": 1499.5613658993, "gxe": 85.6, "rpr": 1844.4314301166, "rprd": 83.717258790486, "w": 45, "l": 7, "coil": null}, "gen9zu": {"elo": 1390.3031879121, "gxe": 80.8, "rpr": 1781.2310784375, "rprd": 100.09814273473, "w": 22, "l": 3, "coil": 2892.721029239207}}}