{"username": "Tutudile", "userid": "tutudile", "registertime": 1585872000, "group": 1, "ratings": {"gen1randombattle": {"elo": 1356.6723285192, "gxe": 71.8, "rpr": 1677.3659297075, "rprd": 42.967718621344, "w": 260, "l": 217, "coil": null}, "gen2randombattle": {"elo": 1245.4478470457, "gxe": 66, "rpr": 1649.1017829435, "rprd": 224.81080110499, "w": 14, "l": 5, "coil": null}, "gen3randombattle": {"elo": 1352.7478499346, "gxe": 68.1, "rpr": 1645.3750772534, "rprd": 67.115349613524, "w": 16, "l": 6, "coil": null}, "gen4randombattle": {"elo": 1499.4690276536, "gxe": 75.8, "rpr": 1737.1375402004, "rprd": 162.23780399755, "w": 69, "l": 33, "coil": null}, "gen5randombattle": {"elo": 1454.2444017795, "gxe": 74.4, "rpr": 1717.7244937615, "rprd": 145.08920771774, "w": 495, "l": 273, "coil": null}, "gen6randombattle": {"elo": 1078.8803913269, "gxe": 46.1, "rpr": 1469.2202471126, "rprd": 99.586743456472, "w": 0, "l": 0, "coil": null}, "gen7battlefactory": {"elo": 1107.7954603459, "gxe": 56.4, "rpr": 1551.1920318566, "rprd": 109.46816275359, "w": 3, "l": 1, "coil": null}, "gen7ou": {"elo": 1000, "gxe": 45, "rpr": 1459.8393856612, "rprd": 122.8583080769, "w": 0, "l": 0, "coil": null}, "gen7randombattle": {"elo": 1000, "gxe": 31.9, "rpr": 1351.4259749066, "rprd": 98.95629340779, "w": 0, "l": 0, "coil": null}, "gen7randomdoublesbattle": {"elo": 1000, "gxe": 45, "rpr": 1459.8393856612, "rprd": 122.8583080769, "w": 0, "l": 0, "coil": null}, "gen7superstaffbrosbrawl": {"elo": 1136.5826742278, "gxe": 61.1, "rpr": 1587.9721372834, "rprd": 90.133157912132, "w": 6, "l": 3, "coil": null}, "gen8bssfactory": {"elo": 1056.3011380025, "gxe": 56.5, "rpr": 1552.4325391429, "rprd": 123.57047866047, "w": 1, "l": 0, "coil": null}, "gen8monotyperandombattle": {"elo": 1103.9118813393, "gxe": 56.4, "rpr": 1551.0646599541, "rprd": 106.28545839293, "w": 3, "l": 0, "coil": null}, "gen8nfe": {"elo": 1065.5814818797, "gxe": 48.1, "rpr": 1485.3850472024, "rprd": 100.3752652693, "w": 3, "l": 3, "coil": null}, "gen8randombattle": {"elo": 1436.3859856637, "gxe": 76.3, "rpr": 1745.8069419175, "rprd": 169.85247426428, "w": 2964, "l": 2690, "coil": null}, "gen8randombattleblitz": {"elo": 1052.3619329129, "gxe": 54.9, "rpr": 1539.4581260478, "rprd": 121.95972695775, "w": 1, "l": 0, "coil": null}, "gen8randomdoublesbattle": {"elo": 1415.2384844895, "gxe": 64.4, "rpr": 1630.6073142906, "rprd": 208.37463863286, "w": 49, "l": 34, "coil": null}, "gen8superstaffbros4": {"elo": 1107.8771230474, "gxe": 61.2, "rpr": 1590.047664446, "rprd": 111.27891659278, "w": 3, "l": 0, "coil": null}, "gen9randombattle": {"elo": 1881.3772689280715, "gxe": 80.7, "rpr": 1769.1211427808616, "rprd": 26.29905323300997, "w": 2267, "l": 2072, "coil": null}, "gen9randomdoublesbattle": {"elo": 1046.9746694374262, "gxe": 55, "rpr": 1540.1606143390134, "rprd": 122.85830807679145, "w": 1, "l": 0, "coil": null}, "ou": {"elo": 1000, "gxe": 45, "rpr": 1459.8393856612, "rprd": 122.8583080769, "w": 0, "l": 0, "coil": null}}}