{"username": "tyqsydgwxnehj", "userid": "tyqsydgwxnehj", "registertime": 0, "group": 0, "ratings": {"gen9randombattle": {"elo": 1091.1385783884944, "gxe": 45.6, "rpr": 1465.6241467715702, "rprd": 85.27168562654266, "w": 5, "l": 6, "coil": null}}}