{"username": "ubstudent", "userid": "ubstudent", "registertime": 1693785600, "group": 1, "ratings": {"gen1randombattle": {"elo": 1099.2720464217757, "gxe": 51.1, "rpr": 1508.9075217212824, "rprd": 85.17836886826794, "w": 9, "l": 11, "coil": null}, "gen3ou": {"elo": 1198.3562731553452, "gxe": 43.6, "rpr": 1450.056782634331, "rprd": 97.25988162709228, "w": 72, "l": 86, "coil": null}, "gen3randombattle": {"elo": 1389.0646588917405, "gxe": 74, "rpr": 1698.9732416061074, "rprd": 53.69111775687676, "w": 26, "l": 14, "coil": null}, "gen6firstbloodrandombattle": {"elo": 1032.6759702665431, "gxe": 41.2, "rpr": 1431.603687147806, "rprd": 78.30824753674898, "w": 5, "l": 9, "coil": null}, "gen6ou": {"elo": 1107.1421774668875, "gxe": 58.2, "rpr": 1565.1792800135481, "rprd": 103.22530276725513, "w": 4, "l": 1, "coil": null}, "gen7ou": {"elo": 1400.909949310816, "gxe": 68.8, "rpr": 1650.2027477476274, "rprd": 54.656990175101626, "w": 32, "l": 13, "coil": null}, "gen7randombattle": {"elo": 1566.1483662659114, "gxe": 73.8, "rpr": 1695.7457936320486, "rprd": 28.965901889620856, "w": 337, "l": 280, "coil": null}, "gen8randombattle": {"elo": 1379.8855756616, "gxe": 68.2, "rpr": 1661.2928647927, "rprd": 176.47276166614, "w": 49, "l": 32, "coil": null}, "gen9babyrandombattle": {"elo": 1000, "gxe": 45, "rpr": 1459.8393856609866, "rprd": 122.85830807679145, "w": 0, "l": 1, "coil": null}, "gen9championsrandombattle": {"elo": 1090.0071135054523, "gxe": 56.7, "rpr": 1552.9391491047058, "rprd": 98.78203016892259, "w": 4, "l": 2, "coil": null}, "gen9championsvgc2026regma": {"elo": 1339.7082486753034, "gxe": 58.3, "rpr": 1563.3760951674485, "rprd": 25, "w": 362, "l": 351, "coil": null}, "gen9monkeyspawrandombattle": {"elo": 1040, "gxe": 55, "rpr": 1540.1606143390134, "rprd": 122.85830807679145, "w": 1, "l": 0, "coil": null}, "gen9ou": {"elo": 1381.4129655991126, "gxe": 57.8, "rpr": 1559.3270226686388, "rprd": 29.112496415382846, "w": 520, "l": 500, "coil": null}, "gen9randombattle": {"elo": 1878.0315085393534, "gxe": 81.4, "rpr": 1778.0416716242921, "rprd": 29.8199931137166, "w": 3106, "l": 2960, "coil": null}, "gen9randombattleblitz": {"elo": 1118.3348843696267, "gxe": 58.6, "rpr": 1567.8649831215523, "rprd": 92.34558471867781, "w": 6, "l": 2, "coil": null}}}