{"username": "Ubuwewe", "userid": "ubuwewe", "registertime": 1776124800, "group": 1, "ratings": {"gen7randombattle": {"elo": 1182.3787115049, "gxe": 64.2, "rpr": 1614.1139195903, "rprd": 93.319132766618, "w": 9, "l": 3, "coil": null}, "gen9championsrandombattle": {"elo": 1050.2033261246174, "gxe": 45.9, "rpr": 1467.2000571465444, "rprd": 110.81863470651598, "w": 1, "l": 2, "coil": null}, "gen9randombattle": {"elo": 1606.7781062034962, "gxe": 66.3, "rpr": 1627.4890993514841, "rprd": 26.343503233660403, "w": 459, "l": 428, "coil": null}}}