{"username": "Uhdb", "userid": "uhdb", "registertime": 1777939200, "group": 1, "ratings": {"gen1randombattle": {"elo": 1000, "gxe": 45, "rpr": 1459.8393856612, "rprd": 122.8583080769, "w": 0, "l": 1, "coil": null}, "gen7balancedhackmons": {"elo": 1000, "gxe": 40.8, "rpr": 1426.2978117267, "rprd": 107.36177943754, "w": 1, "l": 3, "coil": null}, "gen7randombattle": {"elo": 1264.3461720237678, "gxe": 73.3, "rpr": 1697.6471517879143, "rprd": 97.3634574986725, "w": 11, "l": 1, "coil": null}, "gen8nationaldexag": {"elo": 1042.0360360366, "gxe": 42.9, "rpr": 1443.613170431, "rprd": 111.16160316289, "w": 1, "l": 2, "coil": null}, "gen8randombattle": {"elo": 1000, "gxe": 35.7, "rpr": 1381.7838388304, "rprd": 130, "w": 0, "l": 2, "coil": null}, "gen9ou": {"elo": 1028.6702799372076, "gxe": 31.3, "rpr": 1346.2805071378393, "rprd": 100.96414005440843, "w": 1, "l": 5, "coil": null}, "gen9randombattle": {"elo": 2058.6193097068463, "gxe": 81.4, "rpr": 1778.074852249955, "rprd": 31.3549377995353, "w": 669, "l": 601, "coil": null}, "gen9randomroulette": {"elo": 1045.2277870627495, "gxe": 55, "rpr": 1540.1606143390134, "rprd": 122.85830807679145, "w": 1, "l": 0, "coil": null}}}