{"username": "uityfyutyfig", "userid": "uityfyutyfig", "registertime": 0, "group": 0, "ratings": {"gen9randombattle": {"elo": 1053.7965013966295, "gxe": 52.6, "rpr": 1520.6503246530378, "rprd": 110.78923572139611, "w": 2, "l": 1, "coil": null}}}