{"username": "ujojds", "userid": "ujojds", "registertime": 1498089600, "group": 1, "ratings": {"gen1ou": {"elo": 1061.1868371695, "gxe": 44.4, "rpr": 1456.362015124, "rprd": 92.76158792538, "w": 3, "l": 5, "coil": null}, "gen1randombattle": {"elo": 1040, "gxe": 55, "rpr": 1540.1606143388, "rprd": 122.8583080769, "w": 1, "l": 0, "coil": null}, "gen2randombattle": {"elo": 1049.3854837198, "gxe": 56, "rpr": 1547.9498429149, "rprd": 122.87065085536, "w": 1, "l": 0, "coil": null}, "gen4randombattle": {"elo": 1049.245166547, "gxe": 56.3, "rpr": 1550.8178081048, "rprd": 122.09248874567, "w": 1, "l": 0, "coil": null}, "gen6randombattle": {"elo": 1040, "gxe": 51.9, "rpr": 1515.3604011592, "rprd": 117.26308057362, "w": 1, "l": 1, "coil": null}, "gen71v1": {"elo": 1198.3352323859, "gxe": 44, "rpr": 1454.1221116867, "rprd": 40.014286346419, "w": 42, "l": 41, "coil": null}, "gen7anythinggoes": {"elo": 1231.806698742, "gxe": 45.5, "rpr": 1464.9567891081, "rprd": 102.96265739765, "w": 59, "l": 56, "coil": null}, "gen7balancedhackmons": {"elo": 1044.803207908, "gxe": 39.4, "rpr": 1415.4026441323, "rprd": 106.99311246974, "w": 8, "l": 10, "coil": null}, "gen7battlefactory": {"elo": 1047.814307628, "gxe": 34.4, "rpr": 1370.3804000199, "rprd": 127.46837768265, "w": 3, "l": 8, "coil": null}, "gen7bssfactory": {"elo": 1000, "gxe": 40.2, "rpr": 1420.8537011229, "rprd": 117.65638094855, "w": 0, "l": 2, "coil": null}, "gen7cap": {"elo": 1062.4209015068, "gxe": 48, "rpr": 1484.2694687039, "rprd": 107.9503522063, "w": 4, "l": 6, "coil": null}, "gen7doublesou": {"elo": 1463.9916534193, "gxe": 66.5, "rpr": 1653.3459749593, "rprd": 217.76241306157, "w": 37, "l": 24, "coil": null}, "gen7doublesuu": {"elo": 1031.546955527, "gxe": 49.9, "rpr": 1499.3275371252, "rprd": 117.77270146895, "w": 1, "l": 1, "coil": null}, "gen7fortemons": {"elo": 1000, "gxe": 41, "rpr": 1427.4328741711, "rprd": 116.77753930647, "w": 0, "l": 2, "coil": null}, "gen7lc": {"elo": 1000, "gxe": 20.4, "rpr": 1230.4690165436, "rprd": 112.68842646443, "w": 4, "l": 18, "coil": null}, "gen7metronomebattle": {"elo": 1109.8779361754, "gxe": 37.3, "rpr": 1400.7924218315, "rprd": 57.046714925786, "w": 13, "l": 26, "coil": null}, "gen7mixandmega": {"elo": 1112.7847241939, "gxe": 37.1, "rpr": 1399.2369713504, "rprd": 64.051763846854, "w": 9, "l": 17, "coil": null}, "gen7monotype": {"elo": 1301.5526117057, "gxe": 55.2, "rpr": 1546.6183944885, "rprd": 216.45493070667, "w": 47, "l": 47, "coil": null}, "gen7nu": {"elo": 1186.9990649846, "gxe": 42.5, "rpr": 1439.738743147, "rprd": 121.45789448858, "w": 40, "l": 51, "coil": null}, "gen7ou": {"elo": 1228.2930998401, "gxe": 48.9, "rpr": 1491.1194733861, "rprd": 130, "w": 279, "l": 280, "coil": null}, "gen7pu": {"elo": 1095.9398369866, "gxe": 41.1, "rpr": 1429.3550375058, "rprd": 104.83792939083, "w": 56, "l": 56, "coil": null}, "gen7randombattle": {"elo": 1506.3254869843652, "gxe": 71.8, "rpr": 1684.6024627744596, "rprd": 110.96901188107582, "w": 523, "l": 500, "coil": null}, "gen7randomdoublesbattle": {"elo": 1124.7689537249, "gxe": 50.2, "rpr": 1501.5586514343, "rprd": 71.996514253631, "w": 14, "l": 12, "coil": null}, "gen7ru": {"elo": 1096.2360172088, "gxe": 42.1, "rpr": 1429.1323809314, "rprd": 218.44156862147, "w": 36, "l": 53, "coil": null}, "gen7sketchmons": {"elo": 1162.1854704281, "gxe": 56.7, "rpr": 1552.4996552907, "rprd": 86.296827347057, "w": 6, "l": 4, "coil": null}, "gen7superstaffbrosbrawl": {"elo": 1000, "gxe": 45, "rpr": 1459.8393856612, "rprd": 122.8583080769, "w": 0, "l": 1, "coil": null}, "gen7ubers": {"elo": 1199.3370458653, "gxe": 53.8, "rpr": 1533.6109484921, "rprd": 217.30996922301, "w": 63, "l": 74, "coil": null}, "gen7uu": {"elo": 1131.6034944296, "gxe": 43.7, "rpr": 1450.27431197, "rprd": 105.98388163268, "w": 79, "l": 89, "coil": null}, "gen7zu": {"elo": 1046.2923406944, "gxe": 45.8, "rpr": 1467.0153576333, "rprd": 110.86917923896, "w": 1, "l": 2, "coil": null}, "gen8monotype": {"elo": 1276.973434935, "gxe": 59.3, "rpr": 1571.4453621622, "rprd": 53.623525590652, "w": 28, "l": 18, "coil": null}, "gen8monotyperandombattle": {"elo": 1083.7914403514, "gxe": 51.9, "rpr": 1514.9586916596, "rprd": 88.852291764048, "w": 5, "l": 4, "coil": null}, "gen8ou": {"elo": 1122.4309597935, "gxe": 33.6, "rpr": 1367.4169717868, "rprd": 91.102498947215, "w": 164, "l": 162, "coil": null}, "gen8oublitz": {"elo": 1000, "gxe": 45, "rpr": 1459.8393856612, "rprd": 122.8583080769, "w": 0, "l": 1, "coil": null}, "gen8pu": {"elo": 1078.8822925003, "gxe": 51, "rpr": 1507.6896459691, "rprd": 90.327527856465, "w": 5, "l": 4, "coil": null}, "gen8randombattle": {"elo": 1406.394005011, "gxe": 62.2, "rpr": 1607.5128436893, "rprd": 190.62555807082, "w": 472, "l": 419, "coil": null}, "gen8ru": {"elo": 1147.4406806718, "gxe": 52.5, "rpr": 1522.778619746, "rprd": 222.83409327342, "w": 11, "l": 9, "coil": null}, "gen8uu": {"elo": 1180.413331216, "gxe": 57.9, "rpr": 1568.8530266212, "rprd": 193.7673624865, "w": 48, "l": 42, "coil": null}, "gen9ou": {"elo": 1365.2859473477322, "gxe": 56.9, "rpr": 1553.242776065275, "rprd": 78.90185901349594, "w": 130, "l": 114, "coil": null}, "gen9randombattle": {"elo": 1888.2253450718447, "gxe": 78.2, "rpr": 1741.8402582931515, "rprd": 35.147386244216236, "w": 1389, "l": 1255, "coil": null}, "gen9uu": {"elo": 1055.3387061923, "gxe": 55.1, "rpr": 1540.9340139955, "rprd": 121.97924663469, "w": 1, "l": 0, "coil": null}}}