{"username": "ukilez012", "userid": "ukilez012", "registertime": 1755043200, "group": 1, "ratings": {"gen9bssfactorybo3": {"elo": 1040, "gxe": 55, "rpr": 1540.1606143390134, "rprd": 122.85830807679145, "w": 1, "l": 0, "coil": null}, "gen9championsrandombattle": {"elo": 1045.188774694151, "gxe": 55, "rpr": 1540.1606143390134, "rprd": 122.85830807679145, "w": 1, "l": 0, "coil": null}, "gen9randombattle": {"elo": 2099.4560793762294, "gxe": 85.7, "rpr": 1837.8988626924765, "rprd": 36.23392115204943, "w": 757, "l": 626, "coil": null}, "gen9randombattleblitz": {"elo": 1044.6249922938398, "gxe": 45.9, "rpr": 1467.3218789172317, "rprd": 117.62345115231608, "w": 1, "l": 1, "coil": null}, "gen9randomdoublesbattle": {"elo": 1350.518864348889, "gxe": 65.5, "rpr": 1622.2163685559924, "rprd": 62.197473972825414, "w": 23, "l": 10, "coil": null}}}