{"username": "ultipokemast", "userid": "ultipokemast", "registertime": 1479427200, "group": 1, "ratings": {"gen1randombattle": {"elo": 1081.213213389, "gxe": 56.8, "rpr": 1555.1434614926, "rprd": 130, "w": 5, "l": 3, "coil": null}, "gen3randombattle": {"elo": 1048.5255949649, "gxe": 56.3, "rpr": 1550.2690338439, "rprd": 122.49305000847, "w": 1, "l": 0, "coil": null}, "gen5randombattle": {"elo": 1040, "gxe": 55, "rpr": 1540.1606143388, "rprd": 122.8583080769, "w": 1, "l": 0, "coil": null}, "gen6randombattle": {"elo": 1131.2133156131, "gxe": 48.1, "rpr": 1484.4214221926, "rprd": 130, "w": 5, "l": 1, "coil": null}, "gen7randombattle": {"elo": 1466.9030908363, "gxe": 69.9, "rpr": 1669.0032553888, "rprd": 130, "w": 529, "l": 479, "coil": null}, "gen7randomdoublesbattle": {"elo": 1478.459203196, "gxe": 71.5, "rpr": 1682.275429033, "rprd": 116.80646992436, "w": 224, "l": 201, "coil": null}, "gen8bdsprandombattle": {"elo": 1090.6415642177, "gxe": 53.7, "rpr": 1529.119978595, "rprd": 106.51970828093, "w": 3, "l": 1, "coil": null}, "gen8metronomebattle": {"elo": 1116.4569379209, "gxe": 47.5, "rpr": 1480.5668753468, "rprd": 72.471160930695, "w": 9, "l": 9, "coil": null}, "gen8randombattle": {"elo": 1399.0641713117, "gxe": 63.4, "rpr": 1621.1327721881, "rprd": 210.55421136214, "w": 960, "l": 864, "coil": null}, "gen8randomdoublesbattle": {"elo": 1324.3334329599, "gxe": 44.5, "rpr": 1455.776444767, "rprd": 123.52457878532, "w": 48, "l": 41, "coil": null}, "gen9championsrandombattle": {"elo": 1069.8084776704927, "gxe": 45.2, "rpr": 1462.232897861168, "rprd": 102.7776552584467, "w": 2, "l": 3, "coil": null}, "gen9monkeyspawrandombattle": {"elo": 1000, "gxe": 41, "rpr": 1427.432874170786, "rprd": 116.77753930629355, "w": 0, "l": 2, "coil": null}, "gen9ou": {"elo": 1067.1735576352944, "gxe": 46.3, "rpr": 1471.0676704338985, "rprd": 105.68113545230872, "w": 2, "l": 2, "coil": null}, "gen9randombattle": {"elo": 2067.4183820389812, "gxe": 85.3, "rpr": 1831.813522536932, "rprd": 31.833078792137968, "w": 3444, "l": 3188, "coil": null}, "gen9randombattleblitz": {"elo": 1225.9348404663663, "gxe": 56, "rpr": 1546.2058216031237, "rprd": 72.03195798629743, "w": 14, "l": 9, "coil": null}, "gen9randomdoublesbattle": {"elo": 1237.0651451769504, "gxe": 59.8, "rpr": 1576.9778765433089, "rprd": 92.27394143686018, "w": 14, "l": 8, "coil": null}, "gen9randomroulette": {"elo": 1000, "gxe": 41.9, "rpr": 1434.7126535064378, "rprd": 116.91968173566399, "w": 0, "l": 2, "coil": null}}}