{"username": "Um_Banana", "userid": "umbanana", "registertime": 1531094400, "group": 1, "ratings": {"gen1randombattle": {"elo": 1000, "gxe": 45, "rpr": 1459.8393856612, "rprd": 122.8583080769, "w": 0, "l": 1, "coil": null}, "gen6randombattle": {"elo": 1158.8891046323, "gxe": 65.3, "rpr": 1622.1172374644, "rprd": 82.923069590871, "w": 10, "l": 3, "coil": null}, "gen7battlefactory": {"elo": 1110.3207808061, "gxe": 57.2, "rpr": 1556.8882747688, "rprd": 107.43945021402, "w": 6, "l": 3, "coil": null}, "gen7monotype": {"elo": 1232.3399270494, "gxe": 58.1, "rpr": 1573.1772187863, "rprd": 219.93080957994, "w": 20, "l": 11, "coil": null}, "gen7ou": {"elo": 1290.5463341264, "gxe": 50.5, "rpr": 1504.1553627372, "rprd": 68.356024895393, "w": 219, "l": 228, "coil": null}, "gen7oublitz": {"elo": 1000, "gxe": 45, "rpr": 1459.8393856612, "rprd": 122.8583080769, "w": 0, "l": 1, "coil": null}, "gen7randombattle": {"elo": 1099.2287005389, "gxe": 43, "rpr": 1445.1985510536, "rprd": 91.304296498194, "w": 202, "l": 207, "coil": null}, "gen7randomdoublesbattle": {"elo": 1045.7640629813, "gxe": 55, "rpr": 1540.4175762214, "rprd": 121.9952149554, "w": 1, "l": 0, "coil": null}, "gen7ubers": {"elo": 1295.545097911, "gxe": 58.6, "rpr": 1578.2480600484, "rprd": 222.30900698348, "w": 35, "l": 27, "coil": null}, "gen7uu": {"elo": 1041.5410389206, "gxe": 43.2, "rpr": 1438.5226511074, "rprd": 226.38078424007, "w": 8, "l": 11, "coil": null}, "gen8anythinggoes": {"elo": 1357.8701379656, "gxe": 60.6, "rpr": 1584.1210144145, "rprd": 100.89845267305, "w": 37, "l": 27, "coil": null}, "gen8doublesubers": {"elo": 1103.8865853169, "gxe": 61.7, "rpr": 1594.1661685207, "rprd": 110.9592035392, "w": 3, "l": 0, "coil": null}, "gen8monotype": {"elo": 1145.8596368145, "gxe": 62.4, "rpr": 1598.8501993999, "rprd": 98.443511925637, "w": 5, "l": 1, "coil": null}, "gen8monotyperandombattle": {"elo": 1042.9414754222, "gxe": 36.6, "rpr": 1390.9140105155, "rprd": 114.1409970872, "w": 11, "l": 16, "coil": null}, "gen8nationaldexag": {"elo": 1126.0778323441, "gxe": 38.7, "rpr": 1411.9365717168, "rprd": 61.052518568207, "w": 14, "l": 16, "coil": null}, "gen8nationaldexmonotype": {"elo": 1273.3255702182, "gxe": 58.1, "rpr": 1562.0340766625, "rprd": 56.014526057859, "w": 53, "l": 41, "coil": null}, "gen8nationaldexuu": {"elo": 1166.4561059323, "gxe": 50.9, "rpr": 1507.669603424, "rprd": 216.56482895436, "w": 42, "l": 47, "coil": null}, "gen8ou": {"elo": 1355.2783378931, "gxe": 57.6, "rpr": 1558.3127379487, "rprd": 63.444991663937, "w": 91, "l": 81, "coil": null}, "gen8pu": {"elo": 1142.7738178167, "gxe": 55, "rpr": 1538.2600978509, "rprd": 61.348616994363, "w": 37, "l": 32, "coil": null}, "gen8randombattle": {"elo": 1399.9239439749, "gxe": 61.3, "rpr": 1601.1238468581, "rprd": 209.25552949197, "w": 306, "l": 304, "coil": null}, "gen8randomdoublesbattle": {"elo": 1074.2738302462, "gxe": 56, "rpr": 1548.3120221241, "rprd": 117.58887629871, "w": 2, "l": 0, "coil": null}, "gen8ru": {"elo": 1215.4901821822, "gxe": 56.5, "rpr": 1558.3346078135, "rprd": 218.43549414271, "w": 55, "l": 51, "coil": null}, "gen8superstaffbros4": {"elo": 1040.9768436764, "gxe": 53.9, "rpr": 1531.1732345406, "rprd": 122.90190353826, "w": 1, "l": 0, "coil": null}, "gen8ubers": {"elo": 1349.565288482, "gxe": 58.1, "rpr": 1565.7538695395, "rprd": 123.8063671724, "w": 72, "l": 50, "coil": null}, "gen8uu": {"elo": 1093.7817081861, "gxe": 48.1, "rpr": 1483.4484979621, "rprd": 214.93903502773, "w": 70, "l": 71, "coil": null}, "gen9nationaldex": {"elo": 1095.4801383506606, "gxe": 41.8, "rpr": 1434.8520013580896, "rprd": 100.92067098508721, "w": 3, "l": 3, "coil": null}, "gen9ou": {"elo": 1287.6649482182402, "gxe": 58.2, "rpr": 1566.0631565522297, "rprd": 121.88103860244435, "w": 41, "l": 34, "coil": null}, "gen9randombattle": {"elo": 1238.1856759122352, "gxe": 52, "rpr": 1515.0694515030602, "rprd": 49.80614145708394, "w": 290, "l": 246, "coil": null}, "gen9randombattleblitz": {"elo": 1110.7978850188304, "gxe": 40, "rpr": 1422.743240150167, "rprd": 55.219199821079336, "w": 112, "l": 117, "coil": null}}}