{"username": "Umm Haha", "userid": "ummhaha", "registertime": 1633305600, "group": 1, "ratings": {"gen7randombattle": {"elo": 1411.8943990715834, "gxe": 66.4, "rpr": 1631.5522736355733, "rprd": 82.90954134168311, "w": 59, "l": 47, "coil": null}, "gen8anythinggoes": {"elo": 1074.0487987406, "gxe": 56.8, "rpr": 1554.8153975647, "rprd": 117.88971112223, "w": 2, "l": 0, "coil": null}, "gen8nationaldexag": {"elo": 1343.9812308161, "gxe": 52.1, "rpr": 1516.2751738772, "rprd": 53.725886559006, "w": 81, "l": 72, "coil": null}, "gen8ou": {"elo": 1150.7815011022, "gxe": 52.9, "rpr": 1521.9625481826, "rprd": 67.781278545394, "w": 14, "l": 9, "coil": null}, "gen8randombattle": {"elo": 1399.249598004, "gxe": 62.1, "rpr": 1608.7464465922, "rprd": 210.84598027295, "w": 953, "l": 926, "coil": null}, "gen9ou": {"elo": 1187.7363660909, "gxe": 49.9, "rpr": 1499.0626665405, "rprd": 39.055780637655, "w": 50, "l": 47, "coil": null}, "gen9paldeaprologue": {"elo": 1000, "gxe": 45, "rpr": 1459.8393856612, "rprd": 122.8583080769, "w": 0, "l": 1, "coil": null}, "gen9randombattle": {"elo": 1977.8885669055257, "gxe": 78.3, "rpr": 1741.5643780156452, "rprd": 30.15953126695201, "w": 5063, "l": 4827, "coil": null}, "gen9randomdoublesbattle": {"elo": 1000, "gxe": 38.3, "rpr": 1404.4507392167523, "rprd": 130, "w": 0, "l": 2, "coil": null}, "gen9vgc2023regulationc": {"elo": 1141.965046440239, "gxe": 47.1, "rpr": 1478.4701535670927, "rprd": 29.1419842210303, "w": 405, "l": 425, "coil": null}, "gen9vgc2023regulationd": {"elo": 1397.4859088120963, "gxe": 50.6, "rpr": 1504.577972836936, "rprd": 31.728654230102983, "w": 441, "l": 438, "coil": null}, "gen9vgc2023regulatione": {"elo": 1307.670919596847, "gxe": 54.6, "rpr": 1534.8839684064387, "rprd": 41.91910013678388, "w": 114, "l": 109, "coil": null}, "gen9vgc2023regulationebo3": {"elo": 1193.2095652391574, "gxe": 51.8, "rpr": 1514.112387044376, "rprd": 61.972375770461646, "w": 36, "l": 34, "coil": null}, "gen9vgc2023series1": {"elo": 1219.842358737, "gxe": 44, "rpr": 1454.6600953652, "rprd": 31.437486215417, "w": 62, "l": 64, "coil": null}, "gen9vgc2023series2": {"elo": 1260.3460240582, "gxe": 53.3, "rpr": 1525.1489714255, "rprd": 25.51224639061, "w": 238, "l": 233, "coil": null}, "gen9vgc2024regf": {"elo": 1242.0372841148048, "gxe": 52.5, "rpr": 1518.8858970676797, "rprd": 49.52581235446948, "w": 79, "l": 67, "coil": null}, "gen9vgc2024regfbo3": {"elo": 1049.066167600064, "gxe": 54.3, "rpr": 1534.7975577996135, "rprd": 122.3136224486216, "w": 1, "l": 0, "coil": null}, "gen9vgc2024regg": {"elo": 1321.5377461223718, "gxe": 52.7, "rpr": 1520.6344857174959, "rprd": 58.08027065276156, "w": 55, "l": 51, "coil": null}, "gen9vgc2024regh": {"elo": 1156.6059762769564, "gxe": 49.9, "rpr": 1499.1461746884888, "rprd": 75.89125769042496, "w": 8, "l": 8, "coil": null}, "gen9vgc2025regg": {"elo": 1082.6597492420738, "gxe": 45, "rpr": 1461.7024832622885, "rprd": 64.14876752507122, "w": 33, "l": 31, "coil": null}, "gen9vgc2025reggbo3": {"elo": 1088.7451935766192, "gxe": 58.7, "rpr": 1570.0847530750918, "rprd": 116.06330825679437, "w": 2, "l": 0, "coil": null}, "gen9vgc2025regj": {"elo": 1156.3794991159755, "gxe": 63.7, "rpr": 1610.8197445373255, "rprd": 108.30093871510145, "w": 6, "l": 1, "coil": null}}}