{"username": "UziBoii", "userid": "uziboii", "registertime": 1640044800, "group": 1, "ratings": {"gen4randombattle": {"elo": 1076.7497520848, "gxe": 53.5, "rpr": 1527.4735039881, "rprd": 111.2045144031, "w": 2, "l": 1, "coil": null}, "gen5randombattle": {"elo": 1040.0962315381, "gxe": 44.5, "rpr": 1458.0210943574, "rprd": 65.352926232205, "w": 10, "l": 14, "coil": null}, "gen6firstbloodrandombattle": {"elo": 1054.536284787383, "gxe": 50, "rpr": 1500, "rprd": 106.91164920533053, "w": 2, "l": 2, "coil": null}, "gen6randombattle": {"elo": 1273.0919748345, "gxe": 55.8, "rpr": 1543.8308684061, "rprd": 34.473781379668, "w": 404, "l": 398, "coil": null}, "gen7battlefactory": {"elo": 1000, "gxe": 40.5, "rpr": 1422.4051167791, "rprd": 130, "w": 0, "l": 2, "coil": null}, "gen7monotypebattlefactory": {"elo": 1049.9309590233, "gxe": 55, "rpr": 1540.1606143388, "rprd": 122.8583080769, "w": 1, "l": 0, "coil": null}, "gen7randombattle": {"elo": 1093.5359013599, "gxe": 55.5, "rpr": 1542.8987190658, "rprd": 98.753070463742, "w": 4, "l": 2, "coil": null}, "gen8bdsprandombattle": {"elo": 1171.1685541635, "gxe": 50.6, "rpr": 1504.5680792763, "rprd": 48.902169806274, "w": 31, "l": 29, "coil": null}, "gen8monotyperandombattle": {"elo": 1174.858419484, "gxe": 52.2, "rpr": 1516.741307971, "rprd": 68.340829902448, "w": 23, "l": 17, "coil": null}, "gen8randombattle": {"elo": 1328.873802987013, "gxe": 51.3, "rpr": 1510.0114342040795, "rprd": 100.12700758704243, "w": 1822, "l": 1847, "coil": null}, "gen8randomdoublesbattle": {"elo": 1078.7216356779, "gxe": 50.8, "rpr": 1506.4085240699, "rprd": 100.61888465389, "w": 8, "l": 7, "coil": null}, "gen9babyrandombattle": {"elo": 1045.3897512380738, "gxe": 55.8, "rpr": 1546.3708886918137, "rprd": 122.93298200953745, "w": 1, "l": 0, "coil": null}, "gen9brokencup": {"elo": 1072.3983233499694, "gxe": 53.8, "rpr": 1530.3885214861828, "rprd": 110.02046468546114, "w": 2, "l": 1, "coil": null}, "gen9hackmonscup": {"elo": 1000, "gxe": 27.2, "rpr": 1305.1297382894443, "rprd": 111.78540508629817, "w": 4, "l": 12, "coil": null}, "gen9monotyperandombattle": {"elo": 1185.9115612713251, "gxe": 57.2, "rpr": 1557.6771476954093, "rprd": 117.07639922582133, "w": 31, "l": 23, "coil": null}, "gen9pokebilities": {"elo": 1000, "gxe": 38.1, "rpr": 1404.130079388203, "rprd": 111.74641809079064, "w": 0, "l": 3, "coil": null}, "gen9randombattle": {"elo": 1399.5436125381873, "gxe": 62.7, "rpr": 1597.8600690065798, "rprd": 31.103502032951244, "w": 6034, "l": 6008, "coil": null}, "gen9randomdoublesbattle": {"elo": 1152.5547944958948, "gxe": 66.1, "rpr": 1631.9469645680545, "rprd": 106.98573736190203, "w": 5, "l": 0, "coil": null}}}