{"username": "Vanillavanilla", "userid": "vanillavanilla", "registertime": 1535068800, "group": 1, "ratings": {"gen7randombattle": {"elo": 1109.1681914457, "gxe": 47.1, "rpr": 1478.3209352735, "rprd": 35.512701184226, "w": 1261, "l": 1382, "coil": null}, "gen8randombattle": {"elo": 1078.3132717346, "gxe": 41.5, "rpr": 1435.1036779684, "rprd": 40.366018512767, "w": 740, "l": 842, "coil": null}, "gen8vgc2020": {"elo": 1015.9607113582, "gxe": 42.8, "rpr": 1442.9504534452, "rprd": 105.73569567599, "w": 1, "l": 3, "coil": null}, "gen9randombattle": {"elo": 1486.5366353640934, "gxe": 63.6, "rpr": 1605.2747821073706, "rprd": 25.80552203604143, "w": 1424, "l": 1514, "coil": null}, "gen9randombattleblitz": {"elo": 1071.3124413732, "gxe": 46.5, "rpr": 1472.8857411762, "rprd": 90.687584297325, "w": 4, "l": 5, "coil": null}}}