{"username": "vBasket", "userid": "vbasket", "registertime": 1533168000, "group": 1, "ratings": {"gen71v1": {"elo": 1124.6131447767, "gxe": 53.5, "rpr": 1526.7631368453, "rprd": 53.451011278599, "w": 0, "l": 0, "coil": null}, "gen7battlefactory": {"elo": 1040, "gxe": 55, "rpr": 1540.1606143388, "rprd": 122.8583080769, "w": 1, "l": 0, "coil": null}, "gen7bssfactory": {"elo": 1000, "gxe": 46.7, "rpr": 1473.6914326969, "rprd": 123.24935827859, "w": 0, "l": 1, "coil": null}, "gen7challengecup1v1": {"elo": 1046.8587644131, "gxe": 54, "rpr": 1531.8170445078, "rprd": 122.30349242547, "w": 1, "l": 0, "coil": null}, "gen7doublesou": {"elo": 1152.7165632182, "gxe": 52.9, "rpr": 1526.2750255342, "rprd": 218.12557844344, "w": 24, "l": 21, "coil": null}, "gen7hackmonscup": {"elo": 1049.103538494, "gxe": 55.5, "rpr": 1543.7647342919, "rprd": 122.8356247699, "w": 1, "l": 0, "coil": null}, "gen7lc": {"elo": 1022.1660277196, "gxe": 50, "rpr": 1500, "rprd": 116.77753930647, "w": 1, "l": 1, "coil": null}, "gen7megamons": {"elo": 1000, "gxe": 40.8, "rpr": 1426.1116969613, "rprd": 116.00163763986, "w": 0, "l": 2, "coil": null}, "gen7metronomebattle": {"elo": 1000, "gxe": 45, "rpr": 1459.8393856612, "rprd": 122.8583080769, "w": 0, "l": 1, "coil": null}, "gen7monotype": {"elo": 1353.5479819315, "gxe": 64.4, "rpr": 1633.7847692601, "rprd": 228.96500855595, "w": 36, "l": 23, "coil": null}, "gen7nfe": {"elo": 1030.6054590882, "gxe": 45.5, "rpr": 1464.4293406325, "rprd": 110.92162459881, "w": 1, "l": 2, "coil": null}, "gen7nu": {"elo": 1000, "gxe": 40.5, "rpr": 1423.6030056894, "rprd": 116.74639213867, "w": 0, "l": 2, "coil": null}, "gen7ou": {"elo": 1380.4341104284, "gxe": 57.7, "rpr": 1559.073885209, "rprd": 63.258728429154, "w": 123, "l": 107, "coil": null}, "gen7pu": {"elo": 1014.2145849622, "gxe": 41.3, "rpr": 1430.4725979125, "rprd": 106.48692856611, "w": 1, "l": 3, "coil": null}, "gen7randombattle": {"elo": 1465.2168193456, "gxe": 72, "rpr": 1681.0416264773, "rprd": 65.83505503342, "w": 71, "l": 44, "coil": null}, "gen7randomdoublesbattle": {"elo": 1465.3446582811, "gxe": 68.3, "rpr": 1645.3535585059, "rprd": 34.974343466174, "w": 81, "l": 59, "coil": null}, "gen7ru": {"elo": 1185.3962365587, "gxe": 57.3, "rpr": 1565.7508546292, "rprd": 215.90204227674, "w": 61, "l": 46, "coil": null}, "gen7tiershift": {"elo": 1000, "gxe": 45, "rpr": 1459.8393856612, "rprd": 122.8583080769, "w": 0, "l": 1, "coil": null}, "gen7ubers": {"elo": 1327.2642493034, "gxe": 67.4, "rpr": 1643.7781403449, "rprd": 114.12214644772, "w": 46, "l": 29, "coil": null}, "gen7uu": {"elo": 1000, "gxe": 37.7, "rpr": 1400.7324649166, "rprd": 111.51861011339, "w": 0, "l": 3, "coil": null}, "gen8challengecup1v1": {"elo": 1085.5586866581, "gxe": 59.3, "rpr": 1574.684544051, "rprd": 120.50495014702, "w": 2, "l": 0, "coil": null}, "gen8hackmonscup": {"elo": 1075.4279301097, "gxe": 57.5, "rpr": 1559.9870914846, "rprd": 121.05575903063, "w": 2, "l": 0, "coil": null}, "gen8monotyperandombattle": {"elo": 1303.7840778961, "gxe": 53.6, "rpr": 1527.6802171302, "rprd": 63.208544713534, "w": 54, "l": 56, "coil": null}, "gen8ou": {"elo": 1312.5274700847, "gxe": 63.9, "rpr": 1609.0523622543, "rprd": 57.723009751128, "w": 21, "l": 10, "coil": null}, "gen8pu": {"elo": 1000, "gxe": 39, "rpr": 1411.3863260728, "rprd": 116.89757288881, "w": 0, "l": 0, "coil": null}, "gen8randombattle": {"elo": 1424.4717272276, "gxe": 79.1, "rpr": 1764.2970067546, "rprd": 118.79234316408, "w": 241, "l": 179, "coil": null}, "gen8randomdoublesbattle": {"elo": 1040, "gxe": 55, "rpr": 1540.1606143388, "rprd": 122.8583080769, "w": 1, "l": 0, "coil": null}, "gen8vgc2020": {"elo": 1147.553193061, "gxe": 57.2, "rpr": 1556.1200351246, "rprd": 90.841113308322, "w": 0, "l": 0, "coil": null}, "gen9donotuserandombattle": {"elo": 1085.3903477421, "gxe": 57.7, "rpr": 1561.6818268412, "rprd": 109.78978419816, "w": 3, "l": 1, "coil": null}, "gen9monotyperandombattle": {"elo": 1135.485871856, "gxe": 57.1, "rpr": 1554.9269944997, "rprd": 69.779403264784, "w": 12, "l": 8, "coil": null}, "gen9randombattle": {"elo": 1828.1521450203797, "gxe": 79.6, "rpr": 1757.3380417412784, "rprd": 32.89288109943339, "w": 3955, "l": 3611, "coil": null}, "gen9randombattleblitz": {"elo": 1052.1467884142303, "gxe": 48.1, "rpr": 1484.7026285700676, "rprd": 116.91640210411074, "w": 1, "l": 1, "coil": null}, "gen9randombattlemayhem": {"elo": 1000, "gxe": 45.8, "rpr": 1466.0547882829, "rprd": 122.12187582768, "w": 0, "l": 1, "coil": null}}}