{"username": "Vegeta's Hairlinee", "userid": "vegetashairlinee", "registertime": 1765843200, "group": 1, "ratings": {"gen4ou": {"elo": 1141.7297967014833, "gxe": 63, "rpr": 1605.147867892117, "rprd": 109.43718812605948, "w": 4, "l": 0, "coil": null}, "gen9ou": {"elo": 1044.6490019600915, "gxe": 53.1, "rpr": 1524.9594612156166, "rprd": 123.21070108095283, "w": 1, "l": 0, "coil": null}, "gen9randombattle": {"elo": 2128.1519152620217, "gxe": 85.5, "rpr": 1834.952094318514, "rprd": 27.58352337890801, "w": 415, "l": 313, "coil": null}}}