{"username": "VenusWarrior", "userid": "venuswarrior", "registertime": 1778371200, "group": 1, "ratings": {"gen9championsou": {"elo": 1031.5898745532281, "gxe": 48.2, "rpr": 1485.41141022593, "rprd": 115.77015649363862, "w": 1, "l": 1, "coil": null}, "gen9championsvgc2026regma": {"elo": 1350.1633608734896, "gxe": 51.4, "rpr": 1510.3473388361492, "rprd": 38.93836181759497, "w": 88, "l": 88, "coil": null}, "gen9championsvgc2026regmabo3": {"elo": 1044.704457673886, "gxe": 47.6, "rpr": 1481.138242489627, "rprd": 117.85592884135065, "w": 1, "l": 1, "coil": null}, "gen9championsvgc2026regmb": {"elo": 1214.7319457628678, "gxe": 68, "rpr": 1646.2405960731955, "rprd": 83.47307343511677, "w": 10, "l": 2, "coil": null}, "gen9randombattle": {"elo": 1456.6723564898905, "gxe": 60.7, "rpr": 1581.9833105156576, "rprd": 28.71400399286788, "w": 173, "l": 156, "coil": null}, "gen9randombattleblitz": {"elo": 1149.8153695444114, "gxe": 67, "rpr": 1639.6931510166391, "rprd": 106.36921389414533, "w": 5, "l": 0, "coil": null}, "gen9randomdoublesbattle": {"elo": 1473.9563133957877, "gxe": 61, "rpr": 1584.8781643539874, "rprd": 34.8416656583506, "w": 96, "l": 79, "coil": null}}}