{"username": "Vetliem", "userid": "vetliem", "registertime": 1755993600, "group": 1, "ratings": {"gen7randombattle": {"elo": 1046.8590421308008, "gxe": 53.9, "rpr": 1531.2420608642897, "rprd": 122.5068639892455, "w": 1, "l": 0, "coil": null}, "gen8randombattle": {"elo": 1040.2832966772626, "gxe": 52.2, "rpr": 1517.9665706962985, "rprd": 124.95243223391186, "w": 1, "l": 0, "coil": null}, "gen9randombattle": {"elo": 1171.4324072672075, "gxe": 47.2, "rpr": 1479.0124344111086, "rprd": 33.61700061016698, "w": 230, "l": 262, "coil": null}, "gen9randomdoublesbattle": {"elo": 1000, "gxe": 43.7, "rpr": 1449.4045378060594, "rprd": 122.0930173390547, "w": 0, "l": 1, "coil": null}}}