{"username": "Vic_15", "userid": "vic15", "registertime": 1463702400, "group": 1, "ratings": {"anythinggoes": {"elo": 1030.290675749, "gxe": 49.9, "rpr": 1499.3619170583, "rprd": 116.73016026449, "w": 1, "l": 1, "coil": null}, "gen7randombattle": {"elo": 1499.3533594555, "gxe": 79.9, "rpr": 1808.8634805007, "rprd": 219.85284617808, "w": 6867, "l": 6473, "coil": null}, "gen8randombattle": {"elo": 1399.1745900774, "gxe": 79.6, "rpr": 1800.7563659862, "rprd": 210.48214885909, "w": 5502, "l": 5047, "coil": null}, "gen9randombattle": {"elo": 1903.6035459116436, "gxe": 84.3, "rpr": 1819.4039351872325, "rprd": 46.542762910872256, "w": 5821, "l": 5350, "coil": null}, "ou": {"elo": 1279.1237462844, "gxe": 48.5, "rpr": 1489.0546359156, "rprd": 28.656543973697, "w": 85, "l": 79, "coil": null}, "randomdoublesbattle": {"elo": 1048.7827081743, "gxe": 55.1, "rpr": 1541.0101804711, "rprd": 121.90296100153, "w": 1, "l": 0, "coil": null}}}