{"username": "victor5486", "userid": "victor5486", "registertime": 1746144000, "group": 1, "ratings": {"gen9anythinggoes": {"elo": 1289.127775199064, "gxe": 54.8, "rpr": 1536.4779913807756, "rprd": 57.06553154548925, "w": 62, "l": 60, "coil": null}, "gen9megainvasionrandombattle": {"elo": 1000, "gxe": 45, "rpr": 1459.8393856609866, "rprd": 122.85830807679145, "w": 0, "l": 1, "coil": null}, "gen9randombattle": {"elo": 1131.9623616564445, "gxe": 36.4, "rpr": 1393.9888085427697, "rprd": 48.23263921820403, "w": 27, "l": 39, "coil": null}, "gen9randomdoublesbattle": {"elo": 1009.789738214666, "gxe": 44.1, "rpr": 1453.0158200732114, "rprd": 113.55158950911739, "w": 1, "l": 2, "coil": null}, "gen9ubersuu": {"elo": 1000, "gxe": 45, "rpr": 1459.8393856609866, "rprd": 122.85830807679145, "w": 0, "l": 1, "coil": null}}}