{"username": "Video Gramer", "userid": "videogramer", "registertime": 1627084800, "group": 1, "ratings": {"gen1randombattle": {"elo": 1075.5292259866, "gxe": 50, "rpr": 1499.7385175432, "rprd": 92.704795416094, "w": 4, "l": 4, "coil": null}, "gen8anythinggoes": {"elo": 1493.4538504044, "gxe": 75.7, "rpr": 1715.8622356915, "rprd": 45.653304173123, "w": 47, "l": 24, "coil": null}, "gen8randombattle": {"elo": 1404.8518833065, "gxe": 69, "rpr": 1672.173810015, "rprd": 188.46465436139, "w": 609, "l": 558, "coil": null}, "gen8randomdoublesbattle": {"elo": 1044.8684340831, "gxe": 53.8, "rpr": 1530.6593425655, "rprd": 122.6365906806, "w": 1, "l": 0, "coil": null}, "gen9ou": {"elo": 1440.40656536049, "gxe": 63.3, "rpr": 1603.02536346107, "rprd": 33.28190884382987, "w": 140, "l": 121, "coil": null}, "gen9randombattle": {"elo": 1956.671841755717, "gxe": 84.1, "rpr": 1815.0398729639762, "rprd": 37.608697682436436, "w": 3259, "l": 3040, "coil": null}, "gen9randombattleblitz": {"elo": 1845.9172610925987, "gxe": 76.2, "rpr": 1719.0112869061036, "rprd": 25.53396467973449, "w": 288, "l": 219, "coil": null}, "gen9randomdoublesbattle": {"elo": 1083.8672857104486, "gxe": 52.9, "rpr": 1523.0987449873523, "rprd": 110.82699725636037, "w": 2, "l": 1, "coil": null}}}