{"username": "Vini_Koraidon", "userid": "vinikoraidon", "registertime": 1764460800, "group": 1, "ratings": {"gen7ou": {"elo": 1017.5574644803769, "gxe": 38.2, "rpr": 1404.895019737681, "rprd": 107.54250645525335, "w": 1, "l": 3, "coil": null}, "gen8ou": {"elo": 1000, "gxe": 30.1, "rpr": 1335.8510852949812, "rprd": 96.10238805153291, "w": 0, "l": 7, "coil": null}, "gen9anythinggoes": {"elo": 1000, "gxe": 44.1, "rpr": 1452.7688417809122, "rprd": 121.91789940449023, "w": 0, "l": 1, "coil": null}, "gen9championsvgc2026regma": {"elo": 1000, "gxe": 43, "rpr": 1443.9432213550201, "rprd": 122.61095667166323, "w": 0, "l": 1, "coil": null}, "gen9doublesou": {"elo": 1000, "gxe": 44.1, "rpr": 1452.5096582489891, "rprd": 122.96483804615525, "w": 0, "l": 1, "coil": null}, "gen9lc": {"elo": 1063.5852780084742, "gxe": 49.7, "rpr": 1497.979690723458, "rprd": 106.1418659699233, "w": 2, "l": 2, "coil": null}, "gen9legendszaou": {"elo": 1025.4497317216901, "gxe": 43.5, "rpr": 1447.9893843047432, "rprd": 111.07004773574474, "w": 1, "l": 2, "coil": null}, "gen9nationaldex": {"elo": 1157.345990355407, "gxe": 46, "rpr": 1469.8542016234182, "rprd": 36.14444628255776, "w": 186, "l": 185, "coil": null}, "gen9nationaldexubers": {"elo": 1203.9717572109798, "gxe": 52.7, "rpr": 1520.53258776799, "rprd": 73.57221319386075, "w": 15, "l": 10, "coil": null}, "gen9nationaldexuu": {"elo": 1081.6058687266282, "gxe": 35, "rpr": 1379.746635283161, "rprd": 84.9809716033856, "w": 7, "l": 19, "coil": null}, "gen9nu": {"elo": 1000, "gxe": 38.1, "rpr": 1403.5074071569993, "rprd": 116.23175622858946, "w": 0, "l": 3, "coil": 302.399900399942}, "gen9ou": {"elo": 1032.3755435126081, "gxe": 38.9, "rpr": 1415.0278147620584, "rprd": 37.65509919610196, "w": 181, "l": 204, "coil": null}, "gen9pu": {"elo": 1035.2118007667214, "gxe": 50.5, "rpr": 1504.3190280102199, "rprd": 115.89591091893567, "w": 1, "l": 1, "coil": 178.54446224960327}, "gen9randombattle": {"elo": 1105.8738271502689, "gxe": 40.7, "rpr": 1429.071371273708, "rprd": 38.21362971607766, "w": 64, "l": 83, "coil": null}, "gen9randombattleblitz": {"elo": 1000, "gxe": 45, "rpr": 1459.8393856609866, "rprd": 122.85830807679145, "w": 0, "l": 1, "coil": null}, "gen9ru": {"elo": 1162.1911977146813, "gxe": 47.4, "rpr": 1479.988293107796, "rprd": 59.08334179078428, "w": 20, "l": 22, "coil": 1689.1439695940833}, "gen9ubers": {"elo": 1078.6690174740802, "gxe": 42.1, "rpr": 1438.6377398351563, "rprd": 72.71666405842672, "w": 11, "l": 14, "coil": null}, "gen9uu": {"elo": 1150.8879622578734, "gxe": 43.7, "rpr": 1451.1572314452533, "rprd": 67.64039038686025, "w": 14, "l": 15, "coil": null}, "gen9zu": {"elo": 1000, "gxe": 39.8, "rpr": 1417.060237172537, "rprd": 122.65058322062035, "w": 0, "l": 2, "coil": 398}}}