{"username": "ViPa", "userid": "vipa", "registertime": 1364774400, "group": 1, "ratings": {"gen1randombattle": {"elo": 1040, "gxe": 55, "rpr": 1540.1606143388, "rprd": 122.8583080769, "w": 1, "l": 0, "coil": null}, "gen71v1": {"elo": 1460.3788651318, "gxe": 56.9, "rpr": 1552.4180901045, "rprd": 26.496531559216, "w": 314, "l": 293, "coil": null}, "gen7battlefactory": {"elo": 1087.8082251757, "gxe": 54, "rpr": 1531.8785477987, "rprd": 111.19938225486, "w": 2, "l": 1, "coil": null}, "gen7randombattle": {"elo": 1499.2013974342, "gxe": 74.8, "rpr": 1742.9994424033, "rprd": 218.7734415651, "w": 3346, "l": 2715, "coil": null}, "gen7randomdoublesbattle": {"elo": 1499.5790790007, "gxe": 81.9, "rpr": 1790.4825689956, "rprd": 71.465011353461, "w": 2031, "l": 1393, "coil": null}, "gen8challengecup1v1": {"elo": 1249.2246815714, "gxe": 59.4, "rpr": 1572.6675071116, "rprd": 61.936260355692, "w": 17, "l": 10, "coil": null}, "gen8randombattle": {"elo": 1399.3128070615, "gxe": 81.4, "rpr": 1828.1543769477, "rprd": 214.48716155422, "w": 5048, "l": 4393, "coil": null}, "gen8randomdoublesbattle": {"elo": 1080.3203054007, "gxe": 58.8, "rpr": 1570.9100166095, "rprd": 115.9972084415, "w": 2, "l": 0, "coil": null}, "gen9livepatchbattlesver100": {"elo": 1052.1461945311703, "gxe": 55, "rpr": 1540.1606143390134, "rprd": 122.85830807679145, "w": 1, "l": 0, "coil": null}, "gen9randombattle": {"elo": 2062.7353789295976, "gxe": 86.3, "rpr": 1847.3641223244267, "rprd": 26.88085563489949, "w": 1695, "l": 1589, "coil": null}, "gen9randomdoublesbattle": {"elo": 1648.1565661492139, "gxe": 73.4, "rpr": 1693.352143541556, "rprd": 52.51697646308412, "w": 97, "l": 64, "coil": null}, "seasonaldimensiondoom": {"elo": 1142.8964405274, "gxe": 54.9, "rpr": 1537.8470779556, "rprd": 87.4404022325, "w": 6, "l": 5, "coil": null}, "seasonalpolaropposites": {"elo": 1077.1475590726, "gxe": 54.2, "rpr": 1533.0891783611, "rprd": 111.51861011339, "w": 2, "l": 1, "coil": null}, "seasonalsuperstaffbrosmelee": {"elo": 1406.2822135667, "gxe": 64.6, "rpr": 1651.2043687169, "rprd": 303.00334475894, "w": 67, "l": 35, "coil": null}}}