{"username": "Vividedenne", "userid": "vividedenne", "registertime": 1674086400, "group": 1, "ratings": {"gen7battlefactory": {"elo": 1040, "gxe": 55, "rpr": 1540.1606143390134, "rprd": 122.85830807679145, "w": 1, "l": 0, "coil": null}, "gen7ou": {"elo": 1108.1052004673684, "gxe": 62.8, "rpr": 1603.2836785018994, "rprd": 111.24364741069677, "w": 3, "l": 0, "coil": null}, "gen9battlestadiumsinglesregulationd": {"elo": 1178.1145706028308, "gxe": 55.2, "rpr": 1540.041350587699, "rprd": 58.483240107534044, "w": 18, "l": 14, "coil": null}, "gen9championsvgc2026regma": {"elo": 1113.6515062760113, "gxe": 59.7, "rpr": 1577.933678590651, "rprd": 111.94655016048048, "w": 3, "l": 0, "coil": null}, "gen9freedomcup": {"elo": 1044.9208138051113, "gxe": 54.5, "rpr": 1535.6741751088769, "rprd": 122.84777766446119, "w": 1, "l": 0, "coil": null}, "gen9nationaldex": {"elo": 1040, "gxe": 55, "rpr": 1540.1606143390134, "rprd": 122.85830807679145, "w": 1, "l": 0, "coil": null}, "gen9nationaldexubers": {"elo": 1049.5424242799, "gxe": 53.5, "rpr": 1528.1296988395, "rprd": 123.0668061882, "w": 1, "l": 0, "coil": null}, "gen9ou": {"elo": 1585.1831298760853, "gxe": 70.5, "rpr": 1665.4339879665395, "rprd": 48.796120812185386, "w": 72, "l": 44, "coil": null}, "gen9randombattle": {"elo": 1708.899643778788, "gxe": 76.9, "rpr": 1728.4246310448557, "rprd": 45.70617570334503, "w": 299, "l": 180, "coil": null}, "gen9randombattleblitz": {"elo": 1117.5280725550374, "gxe": 45.8, "rpr": 1466.2844493720825, "rprd": 130, "w": 5, "l": 3, "coil": null}, "gen9randombattlehyperblitzautochoose": {"elo": 1038.778889893249, "gxe": 46.3, "rpr": 1470.7251019378539, "rprd": 109.49735299740779, "w": 1, "l": 2, "coil": null}, "gen9randombattlesharedpowerb12p6": {"elo": 1000, "gxe": 44.2, "rpr": 1453.1819635603226, "rprd": 121.87508712720947, "w": 0, "l": 1, "coil": null}, "gen9randomroulette": {"elo": 1000, "gxe": 45.3, "rpr": 1462.2016106122173, "rprd": 122.00163438038899, "w": 0, "l": 1, "coil": null}, "gen9vgc2024regh": {"elo": 1499.8689184419, "gxe": 63.3, "rpr": 1604.4709467007, "rprd": 71.985167146432, "w": 318, "l": 275, "coil": null}, "gen9vgc2024reghbo3": {"elo": 1499.6851654427, "gxe": 65.7, "rpr": 1635.7574058194, "rprd": 164.43027219968, "w": 96, "l": 74, "coil": null}, "gen9vgc2025regg": {"elo": 1089.292540302876, "gxe": 48.1, "rpr": 1485.2495917783092, "rprd": 90.41613910172264, "w": 8, "l": 6, "coil": null}, "gen9vgc2025reggbo3": {"elo": 1499.6787734671, "gxe": 64.4, "rpr": 1620.7515936353, "rprd": 144.76602798023, "w": 179, "l": 157, "coil": null}, "gen9vgc2025regh": {"elo": 1185.331186687869, "gxe": 54.7, "rpr": 1536.136707455232, "rprd": 60.355694844419574, "w": 18, "l": 13, "coil": null}, "gen9vgc2025reghbo3": {"elo": 1469.4465032558373, "gxe": 69.1, "rpr": 1652.8052284546723, "rprd": 44.162472798866645, "w": 182, "l": 143, "coil": null}, "gen9vgc2025regibo3": {"elo": 1313.8257833174084, "gxe": 60.3, "rpr": 1579.1259074466686, "rprd": 42.817066872132806, "w": 186, "l": 175, "coil": null}, "gen9vgc2026regfbo3": {"elo": 1447.0261498297345, "gxe": 67.2, "rpr": 1635.4151920713834, "rprd": 35.711234240238724, "w": 97, "l": 81, "coil": null}, "gen9vgc2026regi": {"elo": 1041.3940158422045, "gxe": 52.3, "rpr": 1518.7203924794887, "rprd": 124.43004754753028, "w": 1, "l": 0, "coil": null}, "gen9vgc2026regibo3": {"elo": 1418.107151550957, "gxe": 70.2, "rpr": 1662.8119180697895, "rprd": 54.46908948915883, "w": 47, "l": 29, "coil": null}}}