{"username": "Waddlez21", "userid": "waddlez21", "registertime": 1436054400, "group": 1, "ratings": {"gen1randombattle": {"elo": 1303.5466022034877, "gxe": 79.5, "rpr": 1772.3915019622482, "rprd": 127.06182260013493, "w": 17, "l": 6, "coil": null}, "gen3randombattle": {"elo": 1083.7093771975865, "gxe": 54.8, "rpr": 1537.887895792966, "rprd": 92.79363274101615, "w": 5, "l": 3, "coil": null}, "gen4randombattle": {"elo": 1074.1474716196187, "gxe": 53.7, "rpr": 1529.7181372366297, "rprd": 117.76797667998774, "w": 2, "l": 1, "coil": null}, "gen6firstbloodrandombattle": {"elo": 1241.6631742352238, "gxe": 59.5, "rpr": 1573.6056496288622, "rprd": 67.28907437822188, "w": 15, "l": 9, "coil": null}, "gen71v1": {"elo": 1152.8674921124, "gxe": 57.6, "rpr": 1559.5132911446, "rprd": 91.421826663563, "w": 8, "l": 4, "coil": null}, "gen7challengecup1v1": {"elo": 1288.3402062024, "gxe": 59.5, "rpr": 1572.9978752218, "rprd": 52.359355656217, "w": 28, "l": 16, "coil": null}, "gen7lc": {"elo": 1155.5411542417, "gxe": 52.5, "rpr": 1520.1303076717, "rprd": 130, "w": 106, "l": 103, "coil": null}, "gen7monotype": {"elo": 1299.0369562276, "gxe": 54.2, "rpr": 1538.5726310357, "rprd": 232.03960732627, "w": 155, "l": 155, "coil": null}, "gen7ou": {"elo": 1039.8178761831, "gxe": 41.2, "rpr": 1429.6984261659, "rprd": 106.25218912415, "w": 1, "l": 3, "coil": null}, "gen7pu": {"elo": 1101.0037338156, "gxe": 47.8, "rpr": 1482.582845688, "rprd": 91.629307694983, "w": 16, "l": 15, "coil": null}, "gen7randombattle": {"elo": 1466.5317126451, "gxe": 71.9, "rpr": 1678.8661450382, "rprd": 56.908270996572, "w": 655, "l": 566, "coil": null}, "gen7ru": {"elo": 1080.3380021421, "gxe": 47, "rpr": 1472.6171424235, "rprd": 227.04990814438, "w": 6, "l": 7, "coil": null}, "gen7ubers": {"elo": 1000, "gxe": 34.6, "rpr": 1374.4567843854, "rprd": 111.43894620274, "w": 0, "l": 3, "coil": null}, "gen7uu": {"elo": 1007.335872599, "gxe": 31.7, "rpr": 1348.2406108097, "rprd": 114.3800517172, "w": 1, "l": 6, "coil": null}, "gen8lc": {"elo": 1246.6749806467, "gxe": 72, "rpr": 1685.3424278526, "rprd": 99.453489307632, "w": 15, "l": 5, "coil": null}, "gen8nu": {"elo": 1113.6167003694, "gxe": 59.7, "rpr": 1576.7508666913, "rprd": 92.398540195399, "w": 5, "l": 3, "coil": null}, "gen8randombattle": {"elo": 1399.5071113185, "gxe": 73.6, "rpr": 1726.1542963666, "rprd": 210.3166236696, "w": 1057, "l": 959, "coil": null}, "gen9babyrandombattle": {"elo": 1169.2839739055, "gxe": 60, "rpr": 1582.3757101183, "rprd": 135.11030680954, "w": 11, "l": 7, "coil": null}, "gen9battlefactory": {"elo": 1040, "gxe": 55, "rpr": 1540.1606143390134, "rprd": 122.85830807679145, "w": 1, "l": 0, "coil": null}, "gen9monotyperandombattle": {"elo": 1000, "gxe": 45, "rpr": 1459.8393856609866, "rprd": 122.85830807679145, "w": 0, "l": 1, "coil": null}, "gen9randombattle": {"elo": 2298.6070570938473, "gxe": 85.9, "rpr": 1841.2069262381078, "rprd": 25, "w": 3811, "l": 3535, "coil": null}, "gen9randomdoublesbattle": {"elo": 1264.0512539183196, "gxe": 63, "rpr": 1603.240084735507, "rprd": 83.95536415871864, "w": 16, "l": 9, "coil": null}, "hackmonscup": {"elo": 1000, "gxe": 40.9, "rpr": 1427.2093424124, "rprd": 117.15305015553, "w": 0, "l": 2, "coil": null}, "lc": {"elo": 1084.1783042591, "gxe": 54.9, "rpr": 1537.1054016498, "rprd": 28.920512794388, "w": 257, "l": 245, "coil": null}, "nu": {"elo": 1118.7265159578, "gxe": 45.3, "rpr": 1463.479442914, "rprd": 71.486102008727, "w": 40, "l": 44, "coil": null}, "ou": {"elo": 1188.4799736046, "gxe": 52.5, "rpr": 1519.2672853222, "rprd": 57.626495292323, "w": 25, "l": 19, "coil": null}, "pu": {"elo": 1000, "gxe": 35.2, "rpr": 1380.9187172604, "rprd": 96.781677410175, "w": 46, "l": 60, "coil": null}, "ru": {"elo": 1210.8195566826, "gxe": 54.9, "rpr": 1537.5625620319, "rprd": 53.307394915874, "w": 26, "l": 28, "coil": null}, "ubers": {"elo": 1028.1557933715, "gxe": 12.4, "rpr": 1129.002007142, "rprd": 48.268160909675, "w": 40, "l": 206, "coil": null}, "uu": {"elo": 1019.9757083491, "gxe": 37.8, "rpr": 1403.5141262279, "rprd": 91.234098401905, "w": 5, "l": 9, "coil": null}}}