{"username": "waifuslussy", "userid": "waifuslussy", "registertime": 0, "group": 0, "ratings": {"gen9randombattle": {"elo": 2153.1193202486033, "gxe": 83.5, "rpr": 1805.8417182167582, "rprd": 25.528594905627, "w": 596, "l": 465, "coil": null}}}