{"username": "wakandius_pmsd", "userid": "wakandiuspmsd", "registertime": 1630195200, "group": 1, "ratings": {"gen1randombattle": {"elo": 1000, "gxe": 38.5, "rpr": 1405.8516583224, "rprd": 130, "w": 0, "l": 2, "coil": null}, "gen2randombattle": {"elo": 1000, "gxe": 44.9, "rpr": 1459.0091731064, "rprd": 122.40904183394, "w": 0, "l": 1, "coil": null}, "gen3randombattle": {"elo": 1052.8852448845, "gxe": 50, "rpr": 1500.3682577916, "rprd": 116.23949424921, "w": 1, "l": 1, "coil": null}, "gen4sharedpowerrandombattle": {"elo": 1258.8252847094, "gxe": 63.9, "rpr": 1609.4521852299, "rprd": 64.653537293978, "w": 21, "l": 12, "coil": null}, "gen5randombattle": {"elo": 1105.8759251513, "gxe": 60.1, "rpr": 1580.6555305934, "rprd": 111.38526676378, "w": 3, "l": 0, "coil": null}, "gen7battlefactory": {"elo": 1154.0543403251, "gxe": 54.2, "rpr": 1537.4323214809, "rprd": 219.46692485055, "w": 9, "l": 9, "coil": null}, "gen7monotypebattlefactory": {"elo": 1056.2588443019, "gxe": 47.3, "rpr": 1478.504032305, "rprd": 102.6545707284, "w": 2, "l": 3, "coil": null}, "gen7pickyourteamrandombattle": {"elo": 1590.8002957867, "gxe": 84.4, "rpr": 1819.3231820807, "rprd": 38.396274856581, "w": 146, "l": 55, "coil": null}, "gen7randombattle": {"elo": 1482.453784698216, "gxe": 77, "rpr": 1740.8884120619305, "rprd": 122.89912569561457, "w": 2091, "l": 1647, "coil": null}, "gen8bdsprandombattle": {"elo": 1063.7081847947, "gxe": 55, "rpr": 1539.9600063234, "rprd": 122.43860802615, "w": 2, "l": 1, "coil": null}, "gen8monotyperandombattle": {"elo": 1056.5480689827, "gxe": 49.3, "rpr": 1494.4750903849, "rprd": 106.70134169891, "w": 2, "l": 2, "coil": null}, "gen8randombattle": {"elo": 1399.4714272223, "gxe": 77, "rpr": 1737.8249076197, "rprd": 103.56164202613, "w": 1049, "l": 969, "coil": null}, "gen9doublesou": {"elo": 1040, "gxe": 55, "rpr": 1540.1606143390134, "rprd": 122.85830807679145, "w": 1, "l": 0, "coil": null}, "gen9draftfactory": {"elo": 1080.9666893091, "gxe": 59.1, "rpr": 1571.2704717956, "rprd": 90.161366427739, "w": 6, "l": 3, "coil": null}, "gen9randombattle": {"elo": 2072.2890432477625, "gxe": 86.9, "rpr": 1856.2723548919187, "rprd": 29.358306265595477, "w": 6037, "l": 5320, "coil": null}, "gen9randombattleblitz": {"elo": 1032.7749925997, "gxe": 45.5, "rpr": 1464.0971823779, "rprd": 111.13166649711, "w": 1, "l": 2, "coil": null}, "gen9vgc2025regh": {"elo": 1451.2594879749254, "gxe": 59.4, "rpr": 1571.580490253111, "rprd": 25, "w": 193, "l": 155, "coil": null}, "gen9vgc2025reghbo3": {"elo": 1041.8331546456627, "gxe": 52.8, "rpr": 1522.1220130242527, "rprd": 123.7099074713792, "w": 1, "l": 0, "coil": null}, "gen9vgc2026regf": {"elo": 1187.1379092075138, "gxe": 52.7, "rpr": 1520.7052040550286, "rprd": 35.61008239987277, "w": 285, "l": 264, "coil": null}, "gen9vgc2026regfbo3": {"elo": 1286.014486191012, "gxe": 54.5, "rpr": 1533.849315737316, "rprd": 42.6857666792194, "w": 138, "l": 136, "coil": null}, "gen9vgc2026regi": {"elo": 1542.6033289036, "gxe": 77.5, "rpr": 1733.7326207054, "rprd": 42.936769026867, "w": 147, "l": 79, "coil": null}, "gen9vgc2026regibo3": {"elo": 1025.956925203446, "gxe": 46.9, "rpr": 1475.242968369032, "rprd": 111.08010957180363, "w": 1, "l": 2, "coil": null}}}