{"username": "WarmMonkey", "userid": "warmmonkey", "registertime": 1422144000, "group": 1, "ratings": {"1v1": {"elo": 1267.6521970613, "gxe": 49.6, "rpr": 1496.9671848843, "rprd": 38.091261930242, "w": 45, "l": 45, "coil": null}, "doublesou": {"elo": 1226.1552410943, "gxe": 45.7, "rpr": 1466.8356532897, "rprd": 59.699727340803, "w": 16, "l": 17, "coil": null}, "gen8monotyperandombattle": {"elo": 1047.5714153272, "gxe": 56.1, "rpr": 1548.7275536376, "rprd": 123.03434387799, "w": 1, "l": 0, "coil": null}, "gen9pu": {"elo": 1132.1735251447542, "gxe": 61.5, "rpr": 1592.1333965771173, "rprd": 107.46365353107427, "w": 3, "l": 1, "coil": 731.3623757266735}, "gen9randombattle": {"elo": 1839.5662521092004, "gxe": 78.1, "rpr": 1740.4695490916172, "rprd": 39.92055634457462, "w": 111, "l": 72, "coil": null}, "lc": {"elo": 1249.0354417751, "gxe": 60.4, "rpr": 1580.0113388952, "rprd": 54.133118821548, "w": 25, "l": 15, "coil": null}, "ou": {"elo": 1289.9427204276, "gxe": 51, "rpr": 1507.7768500075, "rprd": 37.863025474746, "w": 4, "l": 3, "coil": null}, "pu": {"elo": 1499.6071137088, "gxe": 65.5, "rpr": 1686.0241144724, "rprd": 401.79202531928, "w": 95, "l": 65, "coil": null}, "randomdoublesbattle": {"elo": 1203.78260392, "gxe": 62, "rpr": 1594.3675614468, "rprd": 82.592540524, "w": 10, "l": 5, "coil": null}, "randomtriplesbattle": {"elo": 1000, "gxe": 41.3, "rpr": 1430.2661152166, "rprd": 115.90996314681, "w": 0, "l": 0, "coil": null}, "ubers": {"elo": 1309.4655237757, "gxe": 58.4, "rpr": 1564.7891285906, "rprd": 61.227564867992, "w": 60, "l": 46, "coil": null}, "uu": {"elo": 1244.1999313331, "gxe": 61.7, "rpr": 1592.1064814921, "rprd": 74.329600960822, "w": 11, "l": 5, "coil": null}}}