{"username": "Wazzzhole", "userid": "wazzzhole", "registertime": 1407542400, "group": 1, "ratings": {"gen9nationaldex": {"elo": 1327.1133162585973, "gxe": 52.1, "rpr": 1516.1352819212518, "rprd": 59.6206443081936, "w": 95, "l": 81, "coil": null}, "gen9nu": {"elo": 1044.0263768007624, "gxe": 44.9, "rpr": 1459.8158016673885, "rprd": 106.98805552870218, "w": 1, "l": 3, "coil": 533.9539946362218}, "gen9pu": {"elo": 1190.9440018124178, "gxe": 54.9, "rpr": 1537.3856278882, "rprd": 64.39783774061051, "w": 351, "l": 349, "coil": 2180.831119979731}, "gen9randombattle": {"elo": 1692.356811717242, "gxe": 75.1, "rpr": 1708.5397097361345, "rprd": 33.8058972931648, "w": 177, "l": 133, "coil": null}, "lc": {"elo": 1000, "gxe": 41, "rpr": 1427.4328741711, "rprd": 116.77753930647, "w": 0, "l": 2, "coil": null}, "nu": {"elo": 1198.9868399194, "gxe": 61.4, "rpr": 1588.5813541866, "rprd": 54.859494777082, "w": 25, "l": 18, "coil": null}, "pu": {"elo": 1129.0459116986, "gxe": 51.2, "rpr": 1509.2464837449, "rprd": 82.388732084732, "w": 24, "l": 21, "coil": null}, "ru": {"elo": 1146.7780995226, "gxe": 58.5, "rpr": 1565.6705963301, "rprd": 67.895068713966, "w": 18, "l": 12, "coil": null}, "uu": {"elo": 1044.0724145489, "gxe": 43.5, "rpr": 1449.5730850244, "rprd": 79.116575776055, "w": 6, "l": 8, "coil": null}}}