{"username": "Webby47_", "userid": "webby47", "registertime": 1615075200, "group": 1, "ratings": {"gen1randombattle": {"elo": 1140.7787968795158, "gxe": 43.4, "rpr": 1446.3389584524452, "rprd": 130, "w": 0, "l": 1, "coil": null}, "gen2randombattle": {"elo": 1101.2269320415, "gxe": 54.3, "rpr": 1534.3984690496, "rprd": 113.35083157825, "w": 0, "l": 0, "coil": null}, "gen3ou": {"elo": 1377.391511162089, "gxe": 57.8, "rpr": 1560.3005511722429, "rprd": 76.83719783499626, "w": 104, "l": 99, "coil": null}, "gen3randombattle": {"elo": 1468.7003130198, "gxe": 75.1, "rpr": 1716.7096555613, "rprd": 100.12921871978, "w": 171, "l": 124, "coil": null}, "gen4randombattle": {"elo": 1070.5728597341, "gxe": 47.9, "rpr": 1482.9809285785, "rprd": 127.88132967828, "w": 0, "l": 0, "coil": null}, "gen5randombattle": {"elo": 1040, "gxe": 55, "rpr": 1540.1606143390134, "rprd": 122.85830807679145, "w": 0, "l": 0, "coil": null}, "gen6randombattle": {"elo": 1154.2025294275, "gxe": 61.4, "rpr": 1590.7408881036, "rprd": 98.042366942873, "w": 0, "l": 0, "coil": null}, "gen7randombattle": {"elo": 1144.9440125422, "gxe": 61.1, "rpr": 1590.0026433237, "rprd": 118.12147239382, "w": 5, "l": 2, "coil": null}, "gen8bdsprandombattle": {"elo": 1000, "gxe": 45.2, "rpr": 1461.3608305012, "rprd": 121.96458605052, "w": 0, "l": 0, "coil": null}, "gen8ou": {"elo": 1058.1234502994141, "gxe": 47.9, "rpr": 1484.2581707534496, "rprd": 68.9487271231388, "w": 0, "l": 0, "coil": null}, "gen8randombattle": {"elo": 1250.4788637179963, "gxe": 59.1, "rpr": 1571.516201146119, "rprd": 84.68607893441786, "w": 1667, "l": 1624, "coil": null}, "gen8randombattleblitz": {"elo": 1095.4005819147, "gxe": 44.5, "rpr": 1456.7586699681, "rprd": 100.09193722891, "w": 0, "l": 0, "coil": null}, "gen9babyrandombattle": {"elo": 1295.5229784471, "gxe": 72.8, "rpr": 1693.1772612273, "rprd": 100.11567809775, "w": 543, "l": 371, "coil": null}, "gen9battlefactory": {"elo": 1127.8979545284, "gxe": 54.3, "rpr": 1534.3473100701, "rprd": 132.04506223048, "w": 0, "l": 0, "coil": null}, "gen9hackmonscup": {"elo": 1053.536328596108, "gxe": 53.8, "rpr": 1530.3804003669477, "rprd": 122.45006568231459, "w": 1, "l": 0, "coil": null}, "gen9monotyperandombattle": {"elo": 1121.326945131853, "gxe": 63.4, "rpr": 1609.926835912422, "rprd": 122.50229446316182, "w": 0, "l": 0, "coil": null}, "gen9ou": {"elo": 1076.6184891064659, "gxe": 46.1, "rpr": 1468.4373912934038, "rprd": 122.12487869976891, "w": 7, "l": 5, "coil": null}, "gen9randombattle": {"elo": 1962.462246599576, "gxe": 81, "rpr": 1773.6592812129666, "rprd": 26.661917327322904, "w": 7363, "l": 7111, "coil": null}, "gen9randombattleblitz": {"elo": 1166.6911950466724, "gxe": 54.9, "rpr": 1539.1548233584758, "rprd": 121.88550071266565, "w": 1, "l": 0, "coil": null}, "gen9superstaffbrosultimate": {"elo": 1040, "gxe": 55, "rpr": 1540.1606143390134, "rprd": 122.85830807679145, "w": 0, "l": 0, "coil": null}}}