{"username": "weeeeeeeeen", "userid": "weeeeeeeeen", "registertime": 0, "group": 0, "ratings": {"gen7ou": {"elo": 1047.7315195326, "gxe": 46.4, "rpr": 1471.6316064192, "rprd": 117.00288637636, "w": 1, "l": 1, "coil": null}, "gen9ou": {"elo": 1000, "gxe": 41, "rpr": 1427.432874170786, "rprd": 116.77753930629355, "w": 0, "l": 2, "coil": null}, "gen9randombattle": {"elo": 1121.844506902349, "gxe": 38.5, "rpr": 1407.5916862034983, "rprd": 104.54164320624801, "w": 4, "l": 13, "coil": null}}}