{"username": "Welcomehere", "userid": "welcomehere", "registertime": 1553040000, "group": 1, "ratings": {"gen1randombattle": {"elo": 1064.8879833974, "gxe": 49, "rpr": 1491.6174966626, "rprd": 125.09897636503, "w": 1, "l": 2, "coil": null}, "gen4ou": {"elo": 1119.7829563553, "gxe": 44.3, "rpr": 1455.2274039342, "rprd": 102.69269784656, "w": 10, "l": 14, "coil": null}, "gen4randombattle": {"elo": 1281.1993900882, "gxe": 69.9, "rpr": 1663.4610885734, "rprd": 85.935287827947, "w": 13, "l": 4, "coil": null}, "gen6randombattle": {"elo": 1000, "gxe": 45, "rpr": 1459.8393856612, "rprd": 122.8583080769, "w": 0, "l": 1, "coil": null}, "gen7ou": {"elo": 1241.6709769917, "gxe": 50.9, "rpr": 1506.4620351622, "rprd": 45.595838784858, "w": 65, "l": 58, "coil": null}, "gen7randombattle": {"elo": 1445.8335691341, "gxe": 66.1, "rpr": 1625.5655364531, "rprd": 29.320061106172, "w": 521, "l": 480, "coil": null}, "gen7ru": {"elo": 1114.5614951774, "gxe": 44.6, "rpr": 1451.3427258175, "rprd": 219.38031020177, "w": 21, "l": 24, "coil": null}, "gen7uu": {"elo": 1011.4972105371, "gxe": 39.8, "rpr": 1418.3737686483, "rprd": 107.30858701216, "w": 0, "l": 0, "coil": null}, "gen8doublesou": {"elo": 1000, "gxe": 45, "rpr": 1459.8393856612, "rprd": 122.8583080769, "w": 0, "l": 1, "coil": null}, "gen8monotype": {"elo": 1061.0609111407, "gxe": 55.2, "rpr": 1541.5309421865, "rprd": 121.89770865749, "w": 1, "l": 0, "coil": null}, "gen8ou": {"elo": 1273.2773413707, "gxe": 54.6, "rpr": 1535.7005776476, "rprd": 78.676184938596, "w": 36, "l": 28, "coil": null}, "gen8oublitz": {"elo": 1088.0173851929, "gxe": 48.8, "rpr": 1490.3667129546, "rprd": 91.525190205223, "w": 4, "l": 5, "coil": null}, "gen8randombattle": {"elo": 1358.3266872443, "gxe": 57.4, "rpr": 1557.0223350406, "rprd": 59.77039395233, "w": 916, "l": 916, "coil": null}, "gen8randomdoublesbattle": {"elo": 1000, "gxe": 44.9, "rpr": 1458.8107539015, "rprd": 121.84570343956, "w": 0, "l": 1, "coil": null}, "gen8ubers": {"elo": 1142.4541715923, "gxe": 55.6, "rpr": 1550.4633174814, "rprd": 220.9355606342, "w": 22, "l": 16, "coil": null}, "gen9randombattle": {"elo": 1707.9052726564355, "gxe": 68.7, "rpr": 1647.8518149438798, "rprd": 26.174256814584794, "w": 421, "l": 385, "coil": null}}}