{"username": "Wengweng33", "userid": "wengweng33", "registertime": 1696723200, "group": 1, "ratings": {"gen1randombattle": {"elo": 1000, "gxe": 45, "rpr": 1459.8393856609866, "rprd": 122.85830807679145, "w": 0, "l": 1, "coil": null}, "gen3ou": {"elo": 1003.976904723085, "gxe": 16.1, "rpr": 1186.023783898256, "rprd": 57.11362205079881, "w": 7, "l": 44, "coil": null}, "gen3randombattle": {"elo": 1040.1156582389965, "gxe": 42.5, "rpr": 1441.9330982856725, "rprd": 68.58278518072443, "w": 8, "l": 14, "coil": null}, "gen4randombattle": {"elo": 1029.2986078899721, "gxe": 45.5, "rpr": 1464.559537467339, "rprd": 111.0625519625817, "w": 1, "l": 2, "coil": null}, "gen6randombattle": {"elo": 1042.9456229366542, "gxe": 49.9, "rpr": 1499.0670179504716, "rprd": 123.8671942073525, "w": 1, "l": 1, "coil": null}, "gen7randombattle": {"elo": 1082.2551694805163, "gxe": 49, "rpr": 1491.9381832283948, "rprd": 106.78873910256935, "w": 3, "l": 2, "coil": null}, "gen8randombattle": {"elo": 1000, "gxe": 45, "rpr": 1459.8393856609866, "rprd": 122.85830807679145, "w": 0, "l": 1, "coil": null}, "gen91v1": {"elo": 1000, "gxe": 45, "rpr": 1459.8393856609866, "rprd": 122.85830807679145, "w": 0, "l": 1, "coil": null}, "gen9battlestadiumsinglesregulatione": {"elo": 1000, "gxe": 38, "rpr": 1402.880088877203, "rprd": 117.66652272152514, "w": 0, "l": 2, "coil": null}, "gen9hackmonscup": {"elo": 1000, "gxe": 45, "rpr": 1459.8393856609866, "rprd": 122.85830807679145, "w": 0, "l": 1, "coil": null}, "gen9nationaldex": {"elo": 1000, "gxe": 43.2, "rpr": 1445.3396522088447, "rprd": 122.38859717967067, "w": 0, "l": 1, "coil": null}, "gen9ou": {"elo": 1112.537948338613, "gxe": 36.9, "rpr": 1397.9182340481539, "rprd": 51.36112087814211, "w": 54, "l": 105, "coil": null}, "gen9randombattle": {"elo": 1239.1713240157655, "gxe": 48, "rpr": 1484.6259386019365, "rprd": 49.48156223326522, "w": 133, "l": 155, "coil": null}}}