{"username": "WhatEver2102", "userid": "whatever2102", "registertime": 1640131200, "group": 1, "ratings": {"gen1ou": {"elo": 1117.5076098448, "gxe": 61, "rpr": 1587.6494861435, "rprd": 106.13313907148, "w": 4, "l": 1, "coil": null}, "gen1randombattle": {"elo": 1093.3033533001176, "gxe": 46.8, "rpr": 1474.3970697826685, "rprd": 130, "w": 5, "l": 4, "coil": null}, "gen2ou": {"elo": 1042.4235807613, "gxe": 50, "rpr": 1499.9459005959, "rprd": 116.52296154836, "w": 1, "l": 1, "coil": null}, "gen2randombattle": {"elo": 1022.1660277196, "gxe": 47.7, "rpr": 1481.3825715513, "rprd": 130, "w": 1, "l": 1, "coil": null}, "gen3randombattle": {"elo": 1171.3916696874, "gxe": 71.3, "rpr": 1681.2639080297, "rprd": 117.08136557701, "w": 6, "l": 0, "coil": null}, "gen5randombattle": {"elo": 1078.2120951747713, "gxe": 52.2, "rpr": 1517.4491888042141, "rprd": 117.9933548941578, "w": 4, "l": 3, "coil": null}, "gen7randombattle": {"elo": 1218.7239551255316, "gxe": 57.5, "rpr": 1559.6170138264506, "rprd": 113.8221328053057, "w": 14, "l": 8, "coil": null}, "gen8bdsprandombattle": {"elo": 1276.2375853788, "gxe": 72.4, "rpr": 1689.3387532623, "rprd": 104.20438677414, "w": 11, "l": 3, "coil": null}, "gen8bssfactory": {"elo": 1000, "gxe": 45, "rpr": 1459.8393856612, "rprd": 122.8583080769, "w": 0, "l": 1, "coil": null}, "gen8challengecup1v1": {"elo": 1120.8124287909, "gxe": 45.8, "rpr": 1467.2298826882, "rprd": 78.898103264383, "w": 7, "l": 8, "coil": null}, "gen8lc": {"elo": 1078.4427402117, "gxe": 53.9, "rpr": 1530.9459016132, "rprd": 113.00552106844, "w": 2, "l": 1, "coil": null}, "gen8monotype": {"elo": 1046.3246159159, "gxe": 47.5, "rpr": 1479.9044790402, "rprd": 107.76097249523, "w": 2, "l": 2, "coil": null}, "gen8monotyperandombattle": {"elo": 1180.5292251006, "gxe": 60.5, "rpr": 1583.1074211731, "rprd": 95.23710607839, "w": 12, "l": 7, "coil": null}, "gen8nationaldexmonotype": {"elo": 1076.0887134565, "gxe": 51.5, "rpr": 1511.7784499011, "rprd": 112.19176254774, "w": 2, "l": 1, "coil": null}, "gen8nu": {"elo": 1104.5170535657, "gxe": 54.5, "rpr": 1535.4557976208, "rprd": 109.34778115542, "w": 4, "l": 2, "coil": null}, "gen8ou": {"elo": 1399.5389193447, "gxe": 69.1, "rpr": 1680.7512623921, "rprd": 223.62763323727, "w": 272, "l": 232, "coil": null}, "gen8pu": {"elo": 1178.8832525729, "gxe": 59.4, "rpr": 1573.0558684193, "rprd": 72.533205753993, "w": 150, "l": 112, "coil": null}, "gen8randombattle": {"elo": 1439.4292237692, "gxe": 74.1, "rpr": 1720.5707253148, "rprd": 170.14710269323, "w": 640, "l": 565, "coil": null}, "gen8randombattleblitz": {"elo": 1000, "gxe": 45, "rpr": 1459.8393856612, "rprd": 122.8583080769, "w": 0, "l": 1, "coil": null}, "gen8randombattlemayhem": {"elo": 1045.8895668571, "gxe": 50, "rpr": 1500.029275973, "rprd": 116.84146468108, "w": 1, "l": 1, "coil": null}, "gen8randomdoublesbattle": {"elo": 1122.1387334251, "gxe": 51.3, "rpr": 1511.3719244694, "rprd": 227.35030201241, "w": 12, "l": 9, "coil": null}, "gen8ubers": {"elo": 1334.0137160136, "gxe": 67.7, "rpr": 1666.0976696992, "rprd": 224.50635773122, "w": 18, "l": 7, "coil": null}, "gen8uu": {"elo": 1411.6589964063, "gxe": 66.1, "rpr": 1641.7921589631, "rprd": 177.72684405586, "w": 103, "l": 76, "coil": null}, "gen8zu": {"elo": 1187.6297518057, "gxe": 57.8, "rpr": 1571.6203280438, "rprd": 231.60531544713, "w": 18, "l": 13, "coil": null}, "gen9monotyperandombattle": {"elo": 1092.8958575196652, "gxe": 51.2, "rpr": 1509.847825762837, "rprd": 109.92286519886164, "w": 4, "l": 3, "coil": null}, "gen9nu": {"elo": 1337.3516510039, "gxe": 63.1, "rpr": 1619.5842305122, "rprd": 219.89259777085, "w": 36, "l": 20, "coil": 2314.51820504859}, "gen9ou": {"elo": 1369.5382091813374, "gxe": 54.5, "rpr": 1535.8710754490571, "rprd": 127.81506172354246, "w": 48, "l": 30, "coil": null}, "gen9pu": {"elo": 1135.0696735597146, "gxe": 50.8, "rpr": 1506.1690364753877, "rprd": 65.09328463815747, "w": 100, "l": 87, "coil": 1979.9544587545734}, "gen9randombattle": {"elo": 2036.3478543347758, "gxe": 82.6, "rpr": 1794.191700564276, "rprd": 26.574055244301743, "w": 1823, "l": 1640, "coil": null}, "gen9randomdoublesbattle": {"elo": 1040, "gxe": 47.3, "rpr": 1478.1349265074227, "rprd": 118.42271927848279, "w": 1, "l": 1, "coil": null}, "gen9randomroulette": {"elo": 1057.7545676034033, "gxe": 53.6, "rpr": 1528.8500965851235, "rprd": 117.21948769645009, "w": 1, "l": 1, "coil": null}, "gen9ru": {"elo": 1303.5981531062578, "gxe": 61.3, "rpr": 1587.7531502019767, "rprd": 63.070675163416695, "w": 53, "l": 39, "coil": 2326.033737914182}, "gen9ubers": {"elo": 1092.859270188232, "gxe": 60.7, "rpr": 1587.1485440907184, "rprd": 122.5376931707173, "w": 2, "l": 0, "coil": null}, "gen9uu": {"elo": 1220.888978579552, "gxe": 58.6, "rpr": 1567.0953766049122, "rprd": 81.12122240768872, "w": 18, "l": 11, "coil": null}}}