{"username": "whatisnexthuh", "userid": "whatisnexthuh", "registertime": 1779494400, "group": 1, "ratings": {"gen9randombattle": {"elo": 2164.0399870917, "gxe": 85, "rpr": 1827.4049679185, "rprd": 26.724110503285, "w": 181, "l": 117, "coil": null}}}