{"username": "Where's Kelpo?", "userid": "whereskelpo", "registertime": 1600300800, "group": 1, "ratings": {"gen2randombattle": {"elo": 1000, "gxe": 45, "rpr": 1459.8393856612, "rprd": 122.8583080769, "w": 0, "l": 1, "coil": null}, "gen3randombattle": {"elo": 1044.584930701, "gxe": 55, "rpr": 1540.1606143388, "rprd": 122.8583080769, "w": 1, "l": 0, "coil": null}, "gen5randombattle": {"elo": 1051.265903723016, "gxe": 48.4, "rpr": 1487.3324580235726, "rprd": 130, "w": 2, "l": 6, "coil": null}, "gen6firstbloodrandombattle": {"elo": 1090.0489859327863, "gxe": 42, "rpr": 1439.1356591367453, "rprd": 31.98624281295194, "w": 64, "l": 85, "coil": null}, "gen6randombattle": {"elo": 1072.750023643067, "gxe": 45, "rpr": 1459.832420290842, "rprd": 130, "w": 2, "l": 3, "coil": null}, "gen7battlefactory": {"elo": 1000, "gxe": 43.8, "rpr": 1450.1828892732, "rprd": 123.02306765125, "w": 0, "l": 1, "coil": null}, "gen8bdsprandombattle": {"elo": 1067.3419918036, "gxe": 47.3, "rpr": 1479.0122506114, "rprd": 77.361944234879, "w": 7, "l": 8, "coil": null}, "gen8challengecup1v1": {"elo": 1000, "gxe": 45, "rpr": 1459.8393856612, "rprd": 122.8583080769, "w": 0, "l": 1, "coil": null}, "gen8monotyperandombattle": {"elo": 1040, "gxe": 55, "rpr": 1540.1606143388, "rprd": 122.8583080769, "w": 1, "l": 0, "coil": null}, "gen8randombattle": {"elo": 1000, "gxe": 32.2, "rpr": 1349.8334958847, "rprd": 130, "w": 1, "l": 4, "coil": null}, "gen8uu": {"elo": 1095.9013122626, "gxe": 44.6, "rpr": 1456.0352638406, "rprd": 129.00807549305, "w": 228, "l": 250, "coil": null}, "gen9randombattle": {"elo": 1243.762608998501, "gxe": 50.2, "rpr": 1501.2497773099758, "rprd": 49.69092080591733, "w": 581, "l": 606, "coil": null}}}