{"username": "whisperwyrm", "userid": "whisperwyrm", "registertime": 1634083200, "group": 1, "ratings": {"gen1randombattleblitz": {"elo": 1112.4725580471, "gxe": 61.4, "rpr": 1592.0165394729, "rprd": 111.6174670528, "w": 3, "l": 0, "coil": null}, "gen8monotype": {"elo": 1225.8260847471, "gxe": 62, "rpr": 1595.1268365732, "rprd": 89.723976165407, "w": 13, "l": 5, "coil": null}, "gen8randombattle": {"elo": 1434.7071769372, "gxe": 78.6, "rpr": 1773.085310993, "rprd": 170.23032881353, "w": 1445, "l": 1289, "coil": null}, "gen8vgc2021series11": {"elo": 1188.9757067363, "gxe": 53.4, "rpr": 1525.3555099498, "rprd": 31.442335701379, "w": 95, "l": 89, "coil": null}, "gen8vgc2022": {"elo": 1497.6630262738, "gxe": 55.1, "rpr": 1545.3737978388, "rprd": 213.48107054081, "w": 219, "l": 220, "coil": null}, "gen9doublesou": {"elo": 1022.1660277196, "gxe": 50, "rpr": 1500, "rprd": 116.77753930647, "w": 1, "l": 1, "coil": null}, "gen9freedomcup": {"elo": 1312.4544940937, "gxe": 60.7, "rpr": 1582.3927423059, "rprd": 47.704487864955, "w": 79, "l": 66, "coil": null}, "gen9lc": {"elo": 1084.2715381144, "gxe": 58.8, "rpr": 1570.4381133151, "rprd": 116.24612508089, "w": 2, "l": 0, "coil": null}, "gen9ou": {"elo": 1238.623477959, "gxe": 56.1, "rpr": 1546.4090938687, "rprd": 25, "w": 184, "l": 173, "coil": null}, "gen9randombattle": {"elo": 2151.1980504482276, "gxe": 85.1, "rpr": 1828.500771188162, "rprd": 25.666383429707835, "w": 2906, "l": 2611, "coil": null}, "gen9randombattleblitz": {"elo": 1000, "gxe": 41, "rpr": 1427.4328741711, "rprd": 116.77753930647, "w": 0, "l": 2, "coil": null}, "gen9ubers": {"elo": 1065.8625498066, "gxe": 52.5, "rpr": 1519.9211639873, "rprd": 101.66689939493, "w": 3, "l": 2, "coil": null}, "gen9vgc2023series1": {"elo": 1206.5645465302, "gxe": 55.4, "rpr": 1541.6622754872, "rprd": 56.997779397412, "w": 20, "l": 14, "coil": null}, "gen9vgc2023series2": {"elo": 1067.3233525115, "gxe": 41.5, "rpr": 1433.0200402241, "rprd": 88.459641700293, "w": 5, "l": 7, "coil": null}}}