{"username": "WhiteTigerX248", "userid": "whitetigerx248", "registertime": 1770422400, "group": 1, "ratings": {"gen91v1": {"elo": 1036.9060655221094, "gxe": 51.7, "rpr": 1513.8906979819706, "rprd": 117.0878037861294, "w": 1, "l": 1, "coil": null}, "gen92v2doubles": {"elo": 1045.7255060954897, "gxe": 50, "rpr": 1500, "rprd": 116.77753930629355, "w": 1, "l": 1, "coil": null}, "gen9randombattle": {"elo": 1345.2602510462796, "gxe": 53.3, "rpr": 1524.794495011544, "rprd": 34.66376774011762, "w": 99, "l": 91, "coil": null}, "gen9randomdoublesbattle": {"elo": 1080.3763318287806, "gxe": 57.5, "rpr": 1560.1572885961432, "rprd": 117.46002072781225, "w": 2, "l": 0, "coil": null}}}