{"username": "who is to say", "userid": "whoistosay", "registertime": 1702512000, "group": 1, "ratings": {"gen9battlefactory": {"elo": 1325.4778832017, "gxe": 66.1, "rpr": 1630.7197559983, "rprd": 100.08959330459, "w": 57, "l": 40, "coil": null}, "gen9monkeyspawrandombattle": {"elo": 1040, "gxe": 55, "rpr": 1540.1606143390134, "rprd": 122.85830807679145, "w": 1, "l": 0, "coil": null}, "gen9monotyperandombattle": {"elo": 1251.5946419928086, "gxe": 74.7, "rpr": 1713.1751604949554, "rprd": 104.77483806320512, "w": 9, "l": 0, "coil": null}, "gen9nationaldexmonotype": {"elo": 1260.88138354807, "gxe": 55.5, "rpr": 1542.8040877317364, "rprd": 96.8699977059433, "w": 29, "l": 19, "coil": null}, "gen9nu": {"elo": 1297.1654329606679, "gxe": 71.5, "rpr": 1673.8788213363482, "rprd": 36.01322560180825, "w": 519, "l": 362, "coil": 2844.292095389904}, "gen9ou": {"elo": 1135.1977048552635, "gxe": 52.6, "rpr": 1519.5792361321496, "rprd": 32.573768348871404, "w": 87, "l": 81, "coil": null}, "gen9pu": {"elo": 1042.0718407526317, "gxe": 54, "rpr": 1531.8104605236574, "rprd": 122.61850034602979, "w": 1, "l": 0, "coil": 16.875}, "gen9randombattle": {"elo": 2142.382490059872, "gxe": 87, "rpr": 1858.5936574541706, "rprd": 26.66616987507841, "w": 5658, "l": 5160, "coil": null}, "gen9randombattleblitz": {"elo": 1313.0779213132782, "gxe": 67.1, "rpr": 1637.2956347733661, "rprd": 74.39572884257626, "w": 13, "l": 3, "coil": null}, "gen9ru": {"elo": 1269.6212260003153, "gxe": 63.6, "rpr": 1605.9563493255403, "rprd": 45.657842487405034, "w": 252, "l": 216, "coil": 2517.7611131155672}, "gen9uu": {"elo": 1349.3173815878592, "gxe": 69.3, "rpr": 1654.4027534808622, "rprd": 51.75629577306682, "w": 429, "l": 291, "coil": null}}}