{"username": "who's jellies?", "userid": "whosjellies", "registertime": 1467244800, "group": 1, "ratings": {"battlefactory": {"elo": 1215.3275986183, "gxe": 65, "rpr": 1619.5397263996, "rprd": 76.441548991671, "w": 18, "l": 10, "coil": null}, "battlespotdoubles": {"elo": 1014.8341359874, "gxe": 42.9, "rpr": 1443.762415846, "rprd": 107.00183513183, "w": 1, "l": 3, "coil": null}, "doublesuu": {"elo": 1125.7624774734, "gxe": 60.4, "rpr": 1580.6702764316, "rprd": 52.629788601552, "w": 26, "l": 19, "coil": null}, "gen4randombattle": {"elo": 1000, "gxe": 45, "rpr": 1459.8393856612, "rprd": 122.8583080769, "w": 0, "l": 1, "coil": null}, "gen5randombattle": {"elo": 1040, "gxe": 55, "rpr": 1540.1606143388, "rprd": 122.8583080769, "w": 1, "l": 0, "coil": null}, "gen6battlefactory": {"elo": 1069.224660379, "gxe": 49.5, "rpr": 1496.131219247, "rprd": 106.87757155479, "w": 2, "l": 2, "coil": null}, "gen7balancedhackmons": {"elo": 1339.3675172545, "gxe": 67, "rpr": 1636.6158348473, "rprd": 82.160996794188, "w": 40, "l": 23, "coil": null}, "gen7battlefactory": {"elo": 1227.4371858887, "gxe": 59.2, "rpr": 1584.2779238756, "rprd": 228.75714464462, "w": 48, "l": 46, "coil": null}, "gen7bssfactory": {"elo": 1066.6589725488, "gxe": 39.9, "rpr": 1420.6215743645, "rprd": 91.734449382618, "w": 11, "l": 18, "coil": null}, "gen7challengecup1v1": {"elo": 1000, "gxe": 29.3, "rpr": 1329.0056174745, "rprd": 90.377691595815, "w": 1, "l": 8, "coil": null}, "gen7nu": {"elo": 1233.9036306885, "gxe": 62.9, "rpr": 1600.3673309016, "rprd": 58.849660145443, "w": 44, "l": 38, "coil": null}, "gen7ou": {"elo": 1193.9325063551, "gxe": 50.4, "rpr": 1503.3251215859, "rprd": 84.098016798745, "w": 25, "l": 19, "coil": null}, "gen7pu": {"elo": 1163.6308144676, "gxe": 47.5, "rpr": 1480.482416384, "rprd": 65.8783886472, "w": 23, "l": 26, "coil": null}, "gen7randombattle": {"elo": 1481.6414414175, "gxe": 60.2, "rpr": 1578.6533404299, "rprd": 59.907596291712, "w": 1183, "l": 1165, "coil": null}, "gen7ru": {"elo": 1246.7074904909, "gxe": 64.2, "rpr": 1615.0692072808, "rprd": 105.30639967745, "w": 25, "l": 17, "coil": null}, "gen7ubers": {"elo": 1364.3909994055, "gxe": 74.3, "rpr": 1739.1897903235, "rprd": 224.0151871939, "w": 17, "l": 2, "coil": null}, "gen7uu": {"elo": 1274.7526939026, "gxe": 63.1, "rpr": 1621.6321659042, "rprd": 227.09388499975, "w": 19, "l": 12, "coil": null}, "gen7zu": {"elo": 1000, "gxe": 42.6, "rpr": 1441.0588906383, "rprd": 117.67261341997, "w": 0, "l": 2, "coil": null}, "gen8balancedhackmons": {"elo": 1000, "gxe": 44.6, "rpr": 1456.7560066136, "rprd": 121.98233653124, "w": 0, "l": 1, "coil": null}, "gen8battlefactory": {"elo": 1000, "gxe": 35.3, "rpr": 1380.8753938516, "rprd": 106.44737001281, "w": 0, "l": 4, "coil": null}, "gen8monotype": {"elo": 1076.3042793173, "gxe": 49.6, "rpr": 1497.1189551628, "rprd": 82.127764336184, "w": 7, "l": 6, "coil": null}, "gen8nationaldexuu": {"elo": 1034.0039613938, "gxe": 49.4, "rpr": 1494.6945421659, "rprd": 222.27390844195, "w": 10, "l": 11, "coil": null}, "gen8nfe": {"elo": 1062.9904554636, "gxe": 52.2, "rpr": 1517.58543992, "rprd": 107.42035263981, "w": 2, "l": 2, "coil": null}, "gen8nu": {"elo": 1107.0157781626, "gxe": 45, "rpr": 1461.2687869005, "rprd": 65.570668914992, "w": 16, "l": 20, "coil": null}, "gen8ou": {"elo": 1236.1265933409, "gxe": 50.4, "rpr": 1502.9520176201, "rprd": 45.63390341596, "w": 172, "l": 172, "coil": null}, "gen8pu": {"elo": 1028.7623393984, "gxe": 35.3, "rpr": 1379.0074856488, "rprd": 121.15009676474, "w": 5, "l": 11, "coil": null}, "gen8randombattle": {"elo": 1172.9329281232, "gxe": 37.1, "rpr": 1398.0410201328, "rprd": 82.373692488822, "w": 428, "l": 432, "coil": null}, "gen8ru": {"elo": 1045.5793484825, "gxe": 40.2, "rpr": 1412.6850548308, "rprd": 207.73601415272, "w": 16, "l": 25, "coil": null}, "gen8ubers": {"elo": 1443.9371878224, "gxe": 71.4, "rpr": 1699.8839428657, "rprd": 201.25976600335, "w": 50, "l": 32, "coil": null}, "gen8uu": {"elo": 1123.0954493683, "gxe": 37.3, "rpr": 1395.9801325647, "rprd": 125.18153826128, "w": 28, "l": 29, "coil": null}, "gen8zu": {"elo": 1167.7569326593, "gxe": 53.2, "rpr": 1528.1738397931, "rprd": 217.7570413045, "w": 22, "l": 19, "coil": null}, "gen91v1": {"elo": 1000, "gxe": 45, "rpr": 1459.8393856609866, "rprd": 122.85830807679145, "w": 0, "l": 1, "coil": null}, "gen9nationaldex": {"elo": 1177.7718797891719, "gxe": 46.5, "rpr": 1472.8416932253667, "rprd": 66.25546867555293, "w": 50, "l": 42, "coil": null}, "gen9nationaldexubers": {"elo": 1337.3182317137662, "gxe": 66.2, "rpr": 1628.1953550182598, "rprd": 55.76417027610089, "w": 35, "l": 21, "coil": null}, "gen9nationaldexuu": {"elo": 1148.9410821201302, "gxe": 47.4, "rpr": 1479.7064320498725, "rprd": 102.17799027077734, "w": 24, "l": 26, "coil": null}, "gen9nu": {"elo": 1323.4683796152435, "gxe": 68.9, "rpr": 1654.4474413921012, "rprd": 84.63865371671469, "w": 30, "l": 30, "coil": 2541.9034295228485}, "gen9ou": {"elo": 1101.2175826504072, "gxe": 36.4, "rpr": 1388.4544402614647, "rprd": 121.94295245957775, "w": 38, "l": 38, "coil": null}, "gen9pu": {"elo": 1305.2261854138017, "gxe": 61.6, "rpr": 1590.5524400758757, "rprd": 72.97929902459303, "w": 51, "l": 52, "coil": 2350.6196064685473}, "gen9randombattle": {"elo": 1439.0556373365348, "gxe": 59, "rpr": 1569.0223472843516, "rprd": 31.43650040037411, "w": 545, "l": 514, "coil": null}, "gen9ru": {"elo": 1083.5040085384824, "gxe": 39.6, "rpr": 1416.031917133118, "rprd": 112.89161587829325, "w": 13, "l": 20, "coil": 1367.4149687032968}, "gen9ubers": {"elo": 1167.8166779093665, "gxe": 60.8, "rpr": 1585.5163896990673, "rprd": 89.77461684364076, "w": 7, "l": 2, "coil": null}, "gen9ubersuu": {"elo": 1000, "gxe": 40.3, "rpr": 1422.3033489063018, "rprd": 114.99585238076004, "w": 0, "l": 2, "coil": null}, "gen9uu": {"elo": 1168.326772601327, "gxe": 48.8, "rpr": 1490.7139919126532, "rprd": 45.909778559703945, "w": 168, "l": 166, "coil": null}, "gen9vgc2026regfbo3": {"elo": 1000, "gxe": 43.1, "rpr": 1444.269702536097, "rprd": 122.56128829608346, "w": 0, "l": 1, "coil": null}, "gen9vgc2026regi": {"elo": 1026.9782765277191, "gxe": 48.8, "rpr": 1490.39492845328, "rprd": 116.27807092960194, "w": 1, "l": 1, "coil": null}, "gen9zu": {"elo": 1053.0102681497553, "gxe": 37.2, "rpr": 1396.5968830173692, "rprd": 112.79833211934924, "w": 7, "l": 16, "coil": 1319.0154679063096}, "lc": {"elo": 1060.2829264135, "gxe": 49.7, "rpr": 1497.6744457838, "rprd": 93.033358472896, "w": 4, "l": 4, "coil": null}, "nu": {"elo": 1000, "gxe": 41, "rpr": 1427.4328741711, "rprd": 116.77753930647, "w": 0, "l": 2, "coil": null}, "ou": {"elo": 1198.7725967465, "gxe": 65.5, "rpr": 1623.4926596393, "rprd": 75.307054936301, "w": 14, "l": 3, "coil": null}, "pu": {"elo": 1196.9553873615, "gxe": 60.5, "rpr": 1581.0166047789, "rprd": 48.516216097143, "w": 36, "l": 27, "coil": null}, "uu": {"elo": 1144.8724385965, "gxe": 50.7, "rpr": 1505.7169751614, "rprd": 80.913316217298, "w": 16, "l": 16, "coil": null}}}