{"username": "wout0706", "userid": "wout0706", "registertime": 1413676800, "group": 1, "ratings": {"anythinggoes": {"elo": 1000, "gxe": 42.9, "rpr": 1442.6951554941, "rprd": 123.0515009469, "w": 0, "l": 1, "coil": null}, "battlefactory": {"elo": 1472.7301662776, "gxe": 66.5, "rpr": 1696.0158870313, "rprd": 392.99469236385, "w": 662, "l": 477, "coil": null}, "challengecup1v1": {"elo": 1000, "gxe": 45.1, "rpr": 1460.4598572137, "rprd": 122.66552953352, "w": 0, "l": 1, "coil": null}, "gen1randombattle": {"elo": 1038.8687809916, "gxe": 50.2, "rpr": 1501.8557796108, "rprd": 106.61381108046, "w": 2, "l": 2, "coil": null}, "gen7battlefactory": {"elo": 1375.103402222, "gxe": 69.9, "rpr": 1687.4300279047, "rprd": 215.27397577195, "w": 1088, "l": 882, "coil": null}, "gen7battlespotdoubles": {"elo": 1025.181779016, "gxe": 42.8, "rpr": 1443.516635178, "rprd": 92.225286751525, "w": 4, "l": 5, "coil": null}, "gen7bssfactory": {"elo": 1163.3297520342, "gxe": 61.9, "rpr": 1592.0778545197, "rprd": 55.441398609885, "w": 256, "l": 187, "coil": null}, "gen7doublesou": {"elo": 1203.4933478872, "gxe": 60.2, "rpr": 1593.5281348104, "rprd": 229.03085241528, "w": 18, "l": 12, "coil": null}, "gen7doublesubers": {"elo": 1158.0704360364, "gxe": 58.7, "rpr": 1567.5517118854, "rprd": 76.487768368536, "w": 10, "l": 6, "coil": null}, "gen7doublesuu": {"elo": 1387.4762399326, "gxe": 71.6, "rpr": 1675.4597046779, "rprd": 48.241304766496, "w": 62, "l": 39, "coil": null}, "gen7lc": {"elo": 1000, "gxe": 42.5, "rpr": 1439.7460822039, "rprd": 116.01518638352, "w": 0, "l": 2, "coil": null}, "gen7monotyperandombattle": {"elo": 1130.020268203, "gxe": 47.1, "rpr": 1477.3017848688, "rprd": 74.509939173102, "w": 8, "l": 8, "coil": null}, "gen7nu": {"elo": 1303.0762848535, "gxe": 67.1, "rpr": 1635.1645034335, "rprd": 50.056524279084, "w": 99, "l": 68, "coil": null}, "gen7ou": {"elo": 1337.4989015249, "gxe": 51.3, "rpr": 1510.0138064201, "rprd": 102.64111477642, "w": 38, "l": 25, "coil": null}, "gen7pu": {"elo": 1000, "gxe": 41.1, "rpr": 1428.5982162973, "rprd": 117.56078674092, "w": 0, "l": 2, "coil": null}, "gen7randombattle": {"elo": 1499.4555011067, "gxe": 77.2, "rpr": 1772.4014419594, "rprd": 220.4185201157, "w": 2193, "l": 1979, "coil": null}, "gen7randomdoublesbattle": {"elo": 1499.5009051578, "gxe": 77.7, "rpr": 1740.232922706, "rprd": 72.573173391644, "w": 2904, "l": 2293, "coil": null}, "gen7ru": {"elo": 1023.1526688137, "gxe": 43.8, "rpr": 1442.9908363665, "rprd": 232.82581070632, "w": 2, "l": 4, "coil": null}, "gen7ubers": {"elo": 1164.3790296907, "gxe": 58.2, "rpr": 1574.6536116634, "rprd": 225.53416090865, "w": 10, "l": 4, "coil": null}, "gen7zu": {"elo": 1094.2608379175, "gxe": 47.6, "rpr": 1481.6535894636, "rprd": 72.665954249748, "w": 8, "l": 10, "coil": null}, "gen8anythinggoes": {"elo": 1000, "gxe": 45, "rpr": 1459.8393856612, "rprd": 122.8583080769, "w": 0, "l": 1, "coil": null}, "gen8bssfactory": {"elo": 1176.9836674457, "gxe": 68.1, "rpr": 1643.9990242745, "rprd": 51.296555379932, "w": 91, "l": 56, "coil": null}, "gen8monotype": {"elo": 1282.3460753112, "gxe": 59.1, "rpr": 1570.2016378213, "rprd": 62.776210953616, "w": 92, "l": 77, "coil": null}, "gen8monotyperandombattle": {"elo": 1499.0973929689, "gxe": 72.3, "rpr": 1704.7974873579, "rprd": 183.76100377273, "w": 65, "l": 39, "coil": null}, "gen8ou": {"elo": 1201.3838057067, "gxe": 51.5, "rpr": 1511.2897092108, "rprd": 54.278604893478, "w": 121, "l": 118, "coil": null}, "gen8pu": {"elo": 1148.5155613015, "gxe": 51.7, "rpr": 1513.0542235758, "rprd": 62.73418837566, "w": 124, "l": 129, "coil": null}, "gen8randombattle": {"elo": 1437.6349198151, "gxe": 77.6, "rpr": 1761.0463208968, "rprd": 169.85247426428, "w": 3861, "l": 3507, "coil": null}, "gen8randomdoublesbattle": {"elo": 1499.5186122961, "gxe": 75, "rpr": 1724.9544558102, "rprd": 145.92141555296, "w": 2126, "l": 1776, "coil": null}, "gen9championsrandombattle": {"elo": 1443.0807233321275, "gxe": 80.6, "rpr": 1770.5633215558926, "rprd": 54.580813304388776, "w": 30, "l": 6, "coil": null}, "gen9doublesou": {"elo": 1479.729129167541, "gxe": 70.7, "rpr": 1667.1223756646407, "rprd": 52.72068103733482, "w": 31, "l": 12, "coil": null}, "gen9monotyperandombattle": {"elo": 1044.9448386245, "gxe": 54.7, "rpr": 1537.4186058951, "rprd": 122.10826705397, "w": 1, "l": 0, "coil": null}, "gen9nationaldexuu": {"elo": 1000, "gxe": 45.2, "rpr": 1461.3097963736989, "rprd": 121.89850738990421, "w": 0, "l": 1, "coil": null}, "gen9nu": {"elo": 1119.4081599302115, "gxe": 54.8, "rpr": 1537.1216674308612, "rprd": 73.61368056399218, "w": 11, "l": 7, "coil": 1674.068903482449}, "gen9ou": {"elo": 1325.4651639418141, "gxe": 57.9, "rpr": 1560.9658724316332, "rprd": 61.97931160921391, "w": 30, "l": 20, "coil": null}, "gen9randombattle": {"elo": 1954.388610544024, "gxe": 81.5, "rpr": 1780.454845607238, "rprd": 35.76179315982678, "w": 4469, "l": 4168, "coil": null}, "gen9randomdoublesbattle": {"elo": 1773.296764257301, "gxe": 77.9, "rpr": 1738.4311262645645, "rprd": 33.641297074266234, "w": 1502, "l": 1310, "coil": null}, "hackmonscup": {"elo": 1044.584930701, "gxe": 55, "rpr": 1540.1606143388, "rprd": 122.8583080769, "w": 1, "l": 0, "coil": null}, "lc": {"elo": 1374.9137422364, "gxe": 72.6, "rpr": 1684.4170288169, "rprd": 44.918690816551, "w": 86, "l": 42, "coil": null}, "nu": {"elo": 1052.5375113153, "gxe": 48, "rpr": 1484.331900748, "rprd": 127.64341031464, "w": 2, "l": 2, "coil": null}, "ou": {"elo": 1326.144562432, "gxe": 61.9, "rpr": 1594.1749077161, "rprd": 85.515134305058, "w": 34, "l": 21, "coil": null}, "randomdoublesbattle": {"elo": 1081.7602194108, "gxe": 58.2, "rpr": 1565.2823500325, "rprd": 108.91334623355, "w": 3, "l": 1, "coil": null}, "ru": {"elo": 1118.1800899698, "gxe": 64.8, "rpr": 1619.9370557623, "rprd": 106.82221238504, "w": 4, "l": 0, "coil": null}, "seasonaldimensiondoom": {"elo": 1040, "gxe": 55, "rpr": 1540.1606143388, "rprd": 122.8583080769, "w": 1, "l": 0, "coil": null}, "seasonalfireworksfrenzy": {"elo": 1000, "gxe": 45.8, "rpr": 1466.3995511906, "rprd": 122.34724902981, "w": 0, "l": 1, "coil": null}, "seasonalpolaropposites": {"elo": 1000, "gxe": 45, "rpr": 1459.8393856612, "rprd": 122.8583080769, "w": 0, "l": 1, "coil": null}, "seasonalsuperstaffbrosmelee": {"elo": 1040, "gxe": 55, "rpr": 1540.1606143388, "rprd": 122.8583080769, "w": 1, "l": 0, "coil": null}, "uu": {"elo": 1406.6811462447, "gxe": 67.4, "rpr": 1638.6833604892, "rprd": 56.176957450372, "w": 74, "l": 55, "coil": null}}}