{"username": "wspesper", "userid": "wspesper", "registertime": 1670889600, "group": 1, "ratings": {"gen5randombattle": {"elo": 1121.5624095146, "gxe": 61.7, "rpr": 1592.5178435185, "rprd": 92.858965740137, "w": 6, "l": 2, "coil": null}, "gen7randombattle": {"elo": 1085.6267294816, "gxe": 49.6, "rpr": 1496.7138330694, "rprd": 102.72926279708, "w": 3, "l": 2, "coil": null}, "gen8randombattle": {"elo": 1327.7378479221, "gxe": 57, "rpr": 1553.0387366698, "rprd": 40.836559296913, "w": 211, "l": 202, "coil": null}, "gen9randombattle": {"elo": 1845.870413028172, "gxe": 77.5, "rpr": 1734.1055984602126, "rprd": 35.09990044203484, "w": 6475, "l": 6249, "coil": null}, "gen9randombattleblitz": {"elo": 1000, "gxe": 45.1, "rpr": 1460.8167851102082, "rprd": 121.8563070525309, "w": 0, "l": 1, "coil": null}, "gen9randomdoublesbattle": {"elo": 1306.993720228087, "gxe": 53.7, "rpr": 1529.3492287094687, "rprd": 122.3930597741386, "w": 37, "l": 28, "coil": null}}}