{"username": "wuxi'ant", "userid": "wuxiant", "registertime": 1697846400, "group": 1, "ratings": {"gen9ou": {"elo": 1335.5883043231368, "gxe": 60.1, "rpr": 1577.531390348135, "rprd": 41.16580453345765, "w": 43, "l": 31, "coil": null}, "gen9randombattle": {"elo": 2094.1974390423, "gxe": 83.3, "rpr": 1804.2678649944, "rprd": 36.415991922657, "w": 344, "l": 248, "coil": null}}}