{"username": "xadu133", "userid": "xadu133", "registertime": 1624838400, "group": 1, "ratings": {"gen1randombattle": {"elo": 1044.9740706606, "gxe": 54.3, "rpr": 1534.8080113371, "rprd": 130, "w": 1, "l": 0, "coil": null}, "gen3randombattle": {"elo": 1499.525888209, "gxe": 84.4, "rpr": 1831.2204847759, "rprd": 100.10430840359, "w": 2501, "l": 1594, "coil": null}, "gen4randombattle": {"elo": 1373.301326652046, "gxe": 69.2, "rpr": 1652.8938152897426, "rprd": 25, "w": 141, "l": 118, "coil": null}, "gen5randombattle": {"elo": 1380.5635267260634, "gxe": 68.7, "rpr": 1648.073600738073, "rprd": 25, "w": 151, "l": 120, "coil": null}, "gen6randombattle": {"elo": 1384.752236607447, "gxe": 68.7, "rpr": 1648.9332702273139, "rprd": 34.962468152163744, "w": 81, "l": 66, "coil": null}, "gen7battlefactory": {"elo": 1040, "gxe": 55, "rpr": 1540.1606143388, "rprd": 122.8583080769, "w": 1, "l": 0, "coil": null}, "gen8randombattle": {"elo": 1084.2757782199, "gxe": 57.7, "rpr": 1562.4362638793, "rprd": 130, "w": 2, "l": 0, "coil": null}, "gen9randombattle": {"elo": 1793.120355704255, "gxe": 77.3, "rpr": 1731.201758604614, "rprd": 29.313724894968797, "w": 2923, "l": 2786, "coil": null}}}