{"username": "xand69", "userid": "xand69", "registertime": 1723248000, "group": 1, "ratings": {"gen9randombattle": {"elo": 1565.8034317748916, "gxe": 64.4, "rpr": 1611.58476512209, "rprd": 26.233454674141946, "w": 714, "l": 669, "coil": null}}}