{"username": "Xcro", "userid": "xcro", "registertime": 1663027200, "group": 1, "ratings": {"gen8almostanyability": {"elo": 1000, "gxe": 40.3, "rpr": 1422.1451247297, "rprd": 115.85427068552, "w": 0, "l": 2, "coil": null}, "gen8anythinggoes": {"elo": 1205.9494918121, "gxe": 54.6, "rpr": 1534.4546096661, "rprd": 30.025004570209, "w": 89, "l": 82, "coil": null}, "gen8balancedhackmons": {"elo": 1079.207556736, "gxe": 34.6, "rpr": 1379.634641971, "rprd": 46.661960097818, "w": 19, "l": 37, "coil": null}, "gen8joltemonsrandombattle": {"elo": 1049.1588823073, "gxe": 56.9, "rpr": 1555.1510162618, "rprd": 122.43174165432, "w": 1, "l": 0, "coil": null}, "gen8nationaldex": {"elo": 1000, "gxe": 45.1, "rpr": 1461.1347043973121, "rprd": 121.96728084349762, "w": 0, "l": 1, "coil": null}, "gen8ou": {"elo": 1029.8632231257, "gxe": 38.6, "rpr": 1410.5474463263, "rprd": 76.352249939788, "w": 5, "l": 10, "coil": null}, "gen8purehackmons": {"elo": 1112.2731063608, "gxe": 54.6, "rpr": 1534.9708193016, "rprd": 34.532346694802, "w": 60, "l": 49, "coil": null}, "gen8randombattle": {"elo": 1080.1344283811, "gxe": 47.4, "rpr": 1480.2544938293, "rprd": 82.603845796787, "w": 11, "l": 9, "coil": null}, "gen91v1": {"elo": 1090.8003742519809, "gxe": 57, "rpr": 1555.6299474578286, "rprd": 106.25593894886012, "w": 3, "l": 1, "coil": null}, "gen92v2doubles": {"elo": 1045.9789258169, "gxe": 55, "rpr": 1540.1606143388, "rprd": 122.8583080769, "w": 1, "l": 0, "coil": null}, "gen9alphabetcup": {"elo": 1000, "gxe": 31.5, "rpr": 1335.2673545791, "rprd": 179.75826317645, "w": 2, "l": 12, "coil": null}, "gen9anythinggoes": {"elo": 1141.0760212206192, "gxe": 32, "rpr": 1357.695416037091, "rprd": 30.2115733428265, "w": 478, "l": 628, "coil": null}, "gen9doublesou": {"elo": 1118.2180341912, "gxe": 44.7, "rpr": 1458.7162386267, "rprd": 80.405581965941, "w": 6, "l": 8, "coil": null}, "gen9inheritance": {"elo": 1031.0804915104, "gxe": 35.8, "rpr": 1376.9505378339, "rprd": 172.10611370974, "w": 1, "l": 6, "coil": 1174.7202298029376}, "gen9nationaldex": {"elo": 1119.1247895328763, "gxe": 42.4, "rpr": 1441.4069585541183, "rprd": 70.14696762086999, "w": 708, "l": 1205, "coil": null}, "gen9nationaldexag": {"elo": 1042.1887860363, "gxe": 40.7, "rpr": 1428.9903139856, "rprd": 25, "w": 430, "l": 471, "coil": null}, "gen9nationaldexubers": {"elo": 1071.1594213514952, "gxe": 23.1, "rpr": 1262.0136664993151, "rprd": 111.8289700179119, "w": 51, "l": 71, "coil": null}, "gen9ou": {"elo": 1043.5635397243009, "gxe": 19.3, "rpr": 1224.9435825526841, "rprd": 70.56646156158021, "w": 102, "l": 249, "coil": null}, "gen9partnersincrime": {"elo": 1000, "gxe": 29.4, "rpr": 1312.7781287921, "rprd": 185.78255563101, "w": 1, "l": 12, "coil": null}, "gen9randombattle": {"elo": 1171.4933561033852, "gxe": 41.8, "rpr": 1437.3752048354077, "rprd": 54.211098451694895, "w": 69, "l": 72, "coil": null}, "gen9ubers": {"elo": 1033.18099027411, "gxe": 33.7, "rpr": 1371.7524904018221, "rprd": 42.50442355857322, "w": 53, "l": 78, "coil": null}}}