{"username": "xd(new pc)", "userid": "xdnewpc", "registertime": 1716336000, "group": 1, "ratings": {"gen9ou": {"elo": 1399.928581182491, "gxe": 58.5, "rpr": 1564.7623628126578, "rprd": 47.16887360691503, "w": 27, "l": 25, "coil": null}, "gen9randombattle": {"elo": 1707.9791124086796, "gxe": 74.5, "rpr": 1702.5603433263848, "rprd": 27.419691137247355, "w": 1857, "l": 1800, "coil": null}, "gen9vgc2025regi": {"elo": 1096.4456236318636, "gxe": 44.1, "rpr": 1454.5866915878667, "rprd": 74.76245714535808, "w": 8, "l": 9, "coil": null}}}