{"username": "xdxdxd333", "userid": "xdxdxd333", "registertime": 1771027200, "group": 1, "ratings": {"gen9pokebilitiesaaa": {"elo": 1070.0222736110104, "gxe": 42.4, "rpr": 1440.9774944839203, "rprd": 80.13895349504247, "w": 6, "l": 7, "coil": null}, "gen9randombattle": {"elo": 1902.0114622565684, "gxe": 81.2, "rpr": 1776.3657667244308, "rprd": 30.684553472748988, "w": 510, "l": 457, "coil": null}}}