{"username": "xiangguhuaji", "userid": "xiangguhuaji", "registertime": 1714521600, "group": 1, "ratings": {"gen9bssregg": {"elo": 1051.3238526669, "gxe": 32.4, "rpr": 1347.5339036989, "rprd": 156.17630778854, "w": 6, "l": 15, "coil": null}, "gen9bssregh": {"elo": 1073.8352764048566, "gxe": 51, "rpr": 1507.978213428843, "rprd": 86.73932624008333, "w": 5, "l": 5, "coil": null}, "gen9nationaldex": {"elo": 1157.8587131075979, "gxe": 53, "rpr": 1522.8914768996265, "rprd": 71.13347022110118, "w": 17, "l": 11, "coil": null}, "gen9randombattle": {"elo": 1315.2394673078556, "gxe": 55.6, "rpr": 1542.4709951643108, "rprd": 33.615116126947804, "w": 355, "l": 349, "coil": null}, "gen9randomdoublesbattle": {"elo": 1036.7852611741441, "gxe": 50, "rpr": 1500, "rprd": 116.77753930629355, "w": 1, "l": 1, "coil": null}, "gen9vgc2024regg": {"elo": 1249.6431968535196, "gxe": 58.8, "rpr": 1567.9217234600765, "rprd": 67.88035862599422, "w": 20, "l": 9, "coil": null}}}