{"username": "xSmurferino", "userid": "xsmurferino", "registertime": 1472428800, "group": 1, "ratings": {"battlefactory": {"elo": 1000, "gxe": 45, "rpr": 1459.8393856612, "rprd": 122.8583080769, "w": 0, "l": 1, "coil": null}, "gen1randombattle": {"elo": 1043.5075302017, "gxe": 55, "rpr": 1540.1606143388, "rprd": 122.8583080769, "w": 1, "l": 0, "coil": null}, "gen7battlefactory": {"elo": 1279.2045530318, "gxe": 62.8, "rpr": 1604.3857137618, "rprd": 121.64121446579, "w": 443, "l": 420, "coil": null}, "gen7bssfactory": {"elo": 1078.8407538889, "gxe": 55.8, "rpr": 1546.4258866749, "rprd": 110.91192986645, "w": 2, "l": 1, "coil": null}, "gen7challengecup1v1": {"elo": 1063.9202950818, "gxe": 39.3, "rpr": 1412.3554012883, "rprd": 130, "w": 2, "l": 4, "coil": null}, "gen7hackmonscup": {"elo": 1000, "gxe": 41.6, "rpr": 1432.5253050197, "rprd": 115.4806486768, "w": 0, "l": 2, "coil": null}, "gen7ou": {"elo": 1499.4705103403, "gxe": 72, "rpr": 1695.7454557478, "rprd": 160.58940832996, "w": 1235, "l": 1211, "coil": null}, "gen7randombattle": {"elo": 1256.9509657377, "gxe": 67.4, "rpr": 1645.903324396, "rprd": 130, "w": 373, "l": 360, "coil": null}, "gen7randomdoublesbattle": {"elo": 1334.9206051514, "gxe": 53.4, "rpr": 1526.373301404, "rprd": 68.563073519391, "w": 804, "l": 820, "coil": null}, "gen7uu": {"elo": 1148.4958883934, "gxe": 52, "rpr": 1517.4940583377, "rprd": 220.15856276196, "w": 18, "l": 17, "coil": null}, "gen8bssfactory": {"elo": 1099.4181749032, "gxe": 55.2, "rpr": 1542.1450672983, "rprd": 130, "w": 3, "l": 1, "coil": null}, "gen8challengecup1v1": {"elo": 1000, "gxe": 45, "rpr": 1459.8393856612, "rprd": 122.8583080769, "w": 0, "l": 1, "coil": null}, "gen8ou": {"elo": 1000, "gxe": 45, "rpr": 1459.8393856612, "rprd": 122.8583080769, "w": 0, "l": 1, "coil": null}, "gen8randombattle": {"elo": 1430.2044305626, "gxe": 70.9, "rpr": 1687.4498230644, "rprd": 171.74596290136, "w": 4499, "l": 4376, "coil": null}, "gen8randomdoublesbattle": {"elo": 1103.8548660816, "gxe": 45.5, "rpr": 1459.2210855231, "rprd": 228.76754472953, "w": 11, "l": 12, "coil": null}, "gen9ou": {"elo": 1103.8750910491149, "gxe": 47.5, "rpr": 1479.7644007754827, "rprd": 117.74700861183443, "w": 8, "l": 7, "coil": null}, "gen9randombattle": {"elo": 1558.3982158395288, "gxe": 72, "rpr": 1677.8162289409095, "rprd": 25.083076833789896, "w": 5744, "l": 5524, "coil": null}, "hackmonscup": {"elo": 1000, "gxe": 45, "rpr": 1459.8393856612, "rprd": 122.8583080769, "w": 0, "l": 1, "coil": null}, "ou": {"elo": 1334.568356871, "gxe": 54.6, "rpr": 1535.2998183583, "rprd": 49.665779206952, "w": 0, "l": 0, "coil": null}, "randomdoublesbattle": {"elo": 1244.689324322, "gxe": 54.3, "rpr": 1532.8061113275, "rprd": 31.449908568082, "w": 126, "l": 130, "coil": null}, "ubers": {"elo": 1167.477581799, "gxe": 67.8, "rpr": 1646.2038341258, "rprd": 102.8321089886, "w": 0, "l": 0, "coil": null}, "uu": {"elo": 1062.9345882529, "gxe": 45.8, "rpr": 1467.283631524, "rprd": 98.306315448683, "w": 0, "l": 0, "coil": null}}}