{"username": "xXDeathXEaterXx", "userid": "xxdeathxeaterxx", "registertime": 1509235200, "group": 1, "ratings": {"gen7anythinggoes": {"elo": 1310.883251996, "gxe": 55, "rpr": 1544.8344821709, "rprd": 215.96675717887, "w": 16, "l": 9, "coil": null}, "gen7balancedhackmons": {"elo": 1000, "gxe": 43.8, "rpr": 1449.9568743202, "rprd": 122.51438568751, "w": 0, "l": 0, "coil": null}, "gen7doublesubers": {"elo": 1040, "gxe": 55, "rpr": 1540.1606143388, "rprd": 122.8583080769, "w": 1, "l": 0, "coil": null}, "gen7monotype": {"elo": 1002.842129864, "gxe": 27.7, "rpr": 1307.7552007784, "rprd": 127.89333934459, "w": 2, "l": 6, "coil": null}, "gen7randombattle": {"elo": 1016.3758082466, "gxe": 32.1, "rpr": 1355.6760928197, "rprd": 72.48002637647, "w": 24, "l": 34, "coil": null}, "gen7randomdoublesbattle": {"elo": 1000, "gxe": 39.2, "rpr": 1412.2668890612, "rprd": 126.09596285539, "w": 0, "l": 2, "coil": null}, "gen7ubers": {"elo": 1141.4358424026, "gxe": 46.5, "rpr": 1468.4297473069, "rprd": 221.53324909946, "w": 15, "l": 13, "coil": null}, "gen8anythinggoes": {"elo": 1141.4699063514, "gxe": 55.3, "rpr": 1541.1251514553, "rprd": 84.858520700119, "w": 7, "l": 4, "coil": null}, "gen8randombattle": {"elo": 1026.2998803923, "gxe": 48.2, "rpr": 1485.3213185148, "rprd": 118.68887458533, "w": 1, "l": 1, "coil": null}, "gen9randombattle": {"elo": 1183.7256475602048, "gxe": 52.6, "rpr": 1519.7575436217626, "rprd": 25.129439641219562, "w": 2, "l": 4, "coil": null}}}