{"username": "xxzfn", "userid": "xxzfn", "registertime": 1549497600, "group": 1, "ratings": {"gen1randombattleblitz": {"elo": 1044.7304705496, "gxe": 55, "rpr": 1540.1606143388, "rprd": 122.8583080769, "w": 1, "l": 0, "coil": null}, "gen7ou": {"elo": 1499.628751278, "gxe": 76.9, "rpr": 1768.7933233911, "rprd": 220.39813795909, "w": 72, "l": 48, "coil": null}, "gen7randombattle": {"elo": 1499.6981720685, "gxe": 77.7, "rpr": 1779.4933888817, "rprd": 221.87170796323, "w": 1009, "l": 952, "coil": null}, "gen7ru": {"elo": 1173.8148523115, "gxe": 58.8, "rpr": 1579.9405242836, "rprd": 221.35520259675, "w": 15, "l": 8, "coil": null}, "gen7uu": {"elo": 1196.140117256, "gxe": 58.4, "rpr": 1575.5961526631, "rprd": 221.24616820925, "w": 15, "l": 8, "coil": null}, "gen8bdsprandombattle": {"elo": 1085.9677750778, "gxe": 55.7, "rpr": 1544.669353406, "rprd": 98.384768047794, "w": 4, "l": 2, "coil": null}, "gen8ou": {"elo": 1399.7181076129, "gxe": 68.8, "rpr": 1659.2371395061, "rprd": 133.87869114784, "w": 95, "l": 70, "coil": null}, "gen8randombattle": {"elo": 1430.5303356568, "gxe": 82.9, "rpr": 1831.5366288987, "rprd": 169.98368173091, "w": 4268, "l": 3981, "coil": null}, "gen8randombattleblitz": {"elo": 1000, "gxe": 45, "rpr": 1459.8393856612, "rprd": 122.8583080769, "w": 0, "l": 1, "coil": null}, "gen8randomdoublesbattle": {"elo": 1225.4017518063, "gxe": 63, "rpr": 1618.9161768208, "rprd": 217.95430619128, "w": 11, "l": 4, "coil": null}, "gen8ru": {"elo": 1356.7419783574, "gxe": 72.9, "rpr": 1721.9464395431, "rprd": 222.43330810739, "w": 17, "l": 3, "coil": null}, "gen9computergeneratedteams": {"elo": 1000, "gxe": 45, "rpr": 1459.8393856612, "rprd": 122.8583080769, "w": 0, "l": 1, "coil": null}, "gen9monotyperandombattle": {"elo": 1044.962130036, "gxe": 52.5, "rpr": 1520.023596072, "rprd": 115.89527593377, "w": 1, "l": 1, "coil": null}, "gen9nationaldex": {"elo": 1581.3397214502, "gxe": 84.1, "rpr": 1817.9713017622, "rprd": 64.37497503308, "w": 378, "l": 196, "coil": null}, "gen9ou": {"elo": 1296.613615296799, "gxe": 51.5, "rpr": 1511.3929522978574, "rprd": 62.27285741019218, "w": 917, "l": 797, "coil": null}, "gen9randombattle": {"elo": 2119.968840170736, "gxe": 84.9, "rpr": 1825.6111912658898, "rprd": 25.20743524663477, "w": 6721, "l": 6351, "coil": null}, "gen9randombattlemayhem": {"elo": 1044.1111173888, "gxe": 55.7, "rpr": 1545.4768310146, "rprd": 122.84327113959, "w": 1, "l": 0, "coil": null}, "gen9randomdoublesbattle": {"elo": 1591.2748664879928, "gxe": 72, "rpr": 1684.2718089533234, "rprd": 94.1368103166903, "w": 567, "l": 471, "coil": null}, "gen9ubers": {"elo": 1315.4150246573047, "gxe": 68.5, "rpr": 1648.0094971990557, "rprd": 50.379086301108984, "w": 29, "l": 17, "coil": null}}}