{"username": "Y0R MOM", "userid": "y0rmom", "registertime": 1630540800, "group": 1, "ratings": {"gen6randombattle": {"elo": 1069.8031290252, "gxe": 50.5, "rpr": 1504.3003544728, "rprd": 106.2267369526, "w": 2, "l": 2, "coil": null}, "gen7battlefactory": {"elo": 1031.0665027559, "gxe": 44.4, "rpr": 1455.3827314798, "rprd": 107.48009516811, "w": 2, "l": 3, "coil": null}, "gen7randombattle": {"elo": 1506.3736737714, "gxe": 76, "rpr": 1722.7781547591, "rprd": 80.840000066276, "w": 904, "l": 755, "coil": null}, "gen8bdsprandombattle": {"elo": 1044.6501831846, "gxe": 53.7, "rpr": 1529.424588666, "rprd": 122.83616125855, "w": 1, "l": 0, "coil": null}, "gen8doublesou": {"elo": 1082.5527965941, "gxe": 59.5, "rpr": 1576.1490412408, "rprd": 116.23243655811, "w": 2, "l": 0, "coil": null}, "gen8randombattle": {"elo": 1421.8070727728, "gxe": 71.9, "rpr": 1697.8893357014, "rprd": 171.93977919967, "w": 1584, "l": 1472, "coil": null}, "gen8randomdoublesbattle": {"elo": 1060.3633266846, "gxe": 51.4, "rpr": 1511.0644939485, "rprd": 102.70606985097, "w": 3, "l": 2, "coil": null}, "gen8ru": {"elo": 1158.2896388474, "gxe": 61.4, "rpr": 1602.8236876605, "rprd": 213.47125092132, "w": 5, "l": 1, "coil": null}, "gen9ou": {"elo": 1162.9492283740112, "gxe": 55, "rpr": 1538.7376390167822, "rprd": 76.22620708514737, "w": 10, "l": 6, "coil": null}, "gen9randombattle": {"elo": 1793.0726218614045, "gxe": 79.1, "rpr": 1750.998689308329, "rprd": 30.677654908985517, "w": 3011, "l": 2813, "coil": null}}}