{"username": "Yahoot3", "userid": "yahoot3", "registertime": 1374105600, "group": 1, "ratings": {"battlefactory": {"elo": 1087.9926134749, "gxe": 56.6, "rpr": 1552.4967897702, "rprd": 117.73252145612, "w": 2, "l": 0, "coil": null}, "challengecup1v1": {"elo": 1042.9946430459, "gxe": 55, "rpr": 1540.1606143388, "rprd": 122.8583080769, "w": 1, "l": 0, "coil": null}, "gen1randombattle": {"elo": 1103.796453122321, "gxe": 53.8, "rpr": 1530.6716464082028, "rprd": 123.14388953165196, "w": 6, "l": 5, "coil": null}, "gen2randombattle": {"elo": 1124.7538942633, "gxe": 73.8, "rpr": 1708.7054559403, "rprd": 130, "w": 4, "l": 0, "coil": null}, "gen3randombattle": {"elo": 1421.3826003756012, "gxe": 67.8, "rpr": 1647.634292122562, "rprd": 115.19712300328162, "w": 92, "l": 65, "coil": null}, "gen4randombattle": {"elo": 1174.3583380641, "gxe": 76.4, "rpr": 1736.6001621681, "rprd": 130, "w": 8, "l": 1, "coil": null}, "gen5randombattle": {"elo": 1369.2962629026179, "gxe": 68.1, "rpr": 1648.951491219368, "rprd": 105.53426591045024, "w": 145, "l": 103, "coil": null}, "gen6randombattle": {"elo": 1050.9275052287, "gxe": 55, "rpr": 1540.1606143388, "rprd": 122.8583080769, "w": 1, "l": 0, "coil": null}, "gen7battlefactory": {"elo": 1000, "gxe": 41.2, "rpr": 1429.446401133, "rprd": 118.88822106647, "w": 0, "l": 2, "coil": null}, "gen7challengecup": {"elo": 1016.3710283508, "gxe": 46.1, "rpr": 1469.4637426053, "rprd": 111.93130776791, "w": 1, "l": 2, "coil": null}, "gen7challengecup1v1": {"elo": 1049.2214759808, "gxe": 55.3, "rpr": 1542.1596434524, "rprd": 122.09936564281, "w": 1, "l": 0, "coil": null}, "gen7challengecupbeta": {"elo": 1284.9703560796, "gxe": 67.8, "rpr": 1692.6760444453, "rprd": 321.76483528681, "w": 15, "l": 2, "coil": null}, "gen7hackmonscup": {"elo": 1175.9928722044, "gxe": 64.1, "rpr": 1616.5944396544, "rprd": 130, "w": 7, "l": 4, "coil": null}, "gen7randombattle": {"elo": 1499.0379361634, "gxe": 77.8, "rpr": 1744.6632544136, "rprd": 97.478303630774, "w": 7051, "l": 6709, "coil": null}, "gen7randomdoublesbattle": {"elo": 1499.0646712424, "gxe": 74.7, "rpr": 1707.7354954972, "rprd": 70.447941935742, "w": 270, "l": 209, "coil": null}, "gen7superstaffbrosbrawl": {"elo": 1129.8028745275, "gxe": 58.2, "rpr": 1563.3389729836, "rprd": 75.426353080251, "w": 14, "l": 11, "coil": null}, "gen8bdsprandombattle": {"elo": 1111.5697720682, "gxe": 48.3, "rpr": 1487.0540376015, "rprd": 100.70120763264, "w": 10, "l": 11, "coil": null}, "gen8monotyperandombattle": {"elo": 1083.439329245, "gxe": 57.8, "rpr": 1562.7281425054, "rprd": 115.43038306135, "w": 2, "l": 0, "coil": null}, "gen8randombattle": {"elo": 1433.7541370465, "gxe": 81.3, "rpr": 1806.2735190774, "rprd": 164.85767089162, "w": 5649, "l": 5346, "coil": null}, "gen8randomdoublesbattle": {"elo": 1499.2544101108, "gxe": 70.8, "rpr": 1683.9065680632, "rprd": 158.11323935753, "w": 596, "l": 549, "coil": null}, "gen9babyrandombattle": {"elo": 1061.65707675, "gxe": 48.9, "rpr": 1491.0825313315, "rprd": 133.33512109577, "w": 38, "l": 40, "coil": null}, "gen9randombattle": {"elo": 1652.0091766433995, "gxe": 73.2, "rpr": 1690.0439533977587, "rprd": 34.066898976665065, "w": 4863, "l": 4607, "coil": null}, "gen9randomdoublesbattle": {"elo": 1615.1331957838343, "gxe": 70.6, "rpr": 1665.771148731622, "rprd": 42.55252275033123, "w": 506, "l": 454, "coil": null}, "hackmonscup": {"elo": 1279.0962681411, "gxe": 65.2, "rpr": 1619.9373059494, "rprd": 56.150041361177, "w": 79, "l": 62, "coil": null}, "ou": {"elo": 1132.0987731054, "gxe": 53.8, "rpr": 1529.1890631605, "rprd": 75.388026050919, "w": 10, "l": 6, "coil": null}, "randomdoublesbattle": {"elo": 1302.3903203091, "gxe": 66.2, "rpr": 1631.6095060188, "rprd": 99.906583048152, "w": 75, "l": 69, "coil": null}, "seasonaldimensiondoom": {"elo": 1169.6381144304, "gxe": 59.9, "rpr": 1607.145886964, "rprd": 341.04896714136, "w": 10, "l": 4, "coil": null}, "seasonalfireworksfrenzy": {"elo": 1040, "gxe": 55, "rpr": 1540.1606143388, "rprd": 122.8583080769, "w": 1, "l": 0, "coil": null}, "seasonaljunejubileerevenge": {"elo": 1082.2062581817, "gxe": 49.5, "rpr": 1495.8354348041, "rprd": 71.843930304278, "w": 10, "l": 10, "coil": null}, "seasonalpolaropposites": {"elo": 1135.940940073, "gxe": 65.6, "rpr": 1624.2742282226, "rprd": 75.132215033076, "w": 13, "l": 6, "coil": null}, "seasonalsupersquadsmackdown": {"elo": 1106.9080079581, "gxe": 55.6, "rpr": 1557.7676207398, "rprd": 323.08491861524, "w": 0, "l": 0, "coil": null}, "seasonalsuperstaffbrosmelee": {"elo": 1230.7012316756, "gxe": 59.5, "rpr": 1573.6115584462, "rprd": 66.14559913679, "w": 28, "l": 20, "coil": null}}}