{"username": "Yalur147", "userid": "yalur147", "registertime": 1781049600, "group": 1, "ratings": {"gen9randombattle": {"elo": 1108.0764164628345, "gxe": 31.3, "rpr": 1350.5597458481168, "rprd": 50.74086548868324, "w": 16, "l": 33, "coil": null}}}