{"username": "yellowyoshi2", "userid": "yellowyoshi2", "registertime": 1753833600, "group": 1, "ratings": {"gen1ou": {"elo": 1065.807858233674, "gxe": 48, "rpr": 1484.3924406915205, "rprd": 101.87761353720857, "w": 2, "l": 3, "coil": null}, "gen1randombattle": {"elo": 1402.6862138658, "gxe": 71.1, "rpr": 1676.5880652396, "rprd": 100.20621128451, "w": 43, "l": 30, "coil": null}, "gen3randombattle": {"elo": 1000, "gxe": 45, "rpr": 1459.8393856612, "rprd": 122.8583080769, "w": 0, "l": 1, "coil": null}, "gen7randombattle": {"elo": 1000, "gxe": 43.4, "rpr": 1446.9849653341, "rprd": 122.99847802352, "w": 0, "l": 1, "coil": null}, "gen9brokencup": {"elo": 1063.1579747739165, "gxe": 57.2, "rpr": 1557.83480819042, "rprd": 122.67197568067738, "w": 1, "l": 0, "coil": null}, "gen9pu": {"elo": 1068.0896338546258, "gxe": 42.4, "rpr": 1441.9644645806443, "rprd": 41.16676243137697, "w": 85, "l": 110, "coil": 1654.3204675517652}, "gen9randombattle": {"elo": 1589.975419836955, "gxe": 70.8, "rpr": 1666.7565696521715, "rprd": 25.970868318173647, "w": 1802, "l": 1743, "coil": null}}}