{"username": "Yexel", "userid": "yexel", "registertime": 1664236800, "group": 1, "ratings": {"gen5ou": {"elo": 1125.6511786253332, "gxe": 47.6, "rpr": 1481.4764468039323, "rprd": 79.6395599077608, "w": 7, "l": 7, "coil": null}, "gen8ou": {"elo": 1044.7915547633, "gxe": 50, "rpr": 1500, "rprd": 116.77753930647, "w": 1, "l": 1, "coil": null}, "gen9anythinggoes": {"elo": 1062.820670807694, "gxe": 52.1, "rpr": 1516.837268189467, "rprd": 113.12933746388384, "w": 2, "l": 1, "coil": null}, "gen9nationaldex": {"elo": 1005.2184673780483, "gxe": 33.4, "rpr": 1364.8369522624462, "rprd": 100.17917681773034, "w": 1, "l": 5, "coil": null}, "gen9nationaldexubers": {"elo": 1069.6457125391332, "gxe": 34.3, "rpr": 1375.4389809229856, "rprd": 69.30670384189978, "w": 36, "l": 42, "coil": null}, "gen9ou": {"elo": 1119.243522410389, "gxe": 44.7, "rpr": 1458.5765672530679, "rprd": 80.72296180644129, "w": 12, "l": 12, "coil": null}, "gen9randombattle": {"elo": 1059.6263883170127, "gxe": 38.4, "rpr": 1408.4601799011905, "rprd": 87.40097582236206, "w": 35, "l": 41, "coil": null}, "gen9ubers": {"elo": 1214.5444457280526, "gxe": 55.7, "rpr": 1543.8721710658915, "rprd": 62.514983985235496, "w": 25, "l": 17, "coil": null}, "gen9zu": {"elo": 1023.5713817876756, "gxe": 39.6, "rpr": 1418.1297891739105, "rprd": 81.37270895695242, "w": 5, "l": 8, "coil": 1279.7659860710833}}}