{"username": "yfyiughuh", "userid": "yfyiughuh", "registertime": 1750982400, "group": 1, "ratings": {"gen9randombattle": {"elo": 1527.3511584211824, "gxe": 66.1, "rpr": 1626.9134778373425, "rprd": 46.28462957549865, "w": 99, "l": 72, "coil": null}, "gen9randomdoublesbattle": {"elo": 1114.3092373634775, "gxe": 61, "rpr": 1588.3956993880947, "rprd": 110.51760744920034, "w": 3, "l": 0, "coil": null}}}