{"username": "ymarrr", "userid": "ymarrr", "registertime": 1780704000, "group": 1, "ratings": {"gen9randombattle": {"elo": 1374.9806393728854, "gxe": 51.1, "rpr": 1508.450057756696, "rprd": 26.46208546130621, "w": 185, "l": 177, "coil": null}}}