{"username": "Yomi-BeanSprout", "userid": "yomibeansprout", "registertime": 1601942400, "group": 1, "ratings": {"gen7anythinggoes": {"elo": 1000, "gxe": 33.5, "rpr": 1364.8115838022, "rprd": 106.06094435218, "w": 0, "l": 4, "coil": null}, "gen7battlefactory": {"elo": 1098.8596711526, "gxe": 57.7, "rpr": 1560.5226633355, "rprd": 101.83146538635, "w": 4, "l": 1, "coil": null}, "gen8bssfactory": {"elo": 1235.5151330721, "gxe": 57, "rpr": 1554.9958336465, "rprd": 86.158737876952, "w": 115, "l": 102, "coil": null}, "gen8monotype": {"elo": 1055.3432525905, "gxe": 46.3, "rpr": 1471.6853247136, "rprd": 33.349358581336, "w": 59, "l": 62, "coil": null}, "gen8monotyperandombattle": {"elo": 1218.3812596798, "gxe": 59.4, "rpr": 1572.2866835768, "rprd": 58.434613639867, "w": 0, "l": 0, "coil": null}, "gen8nationaldexuu": {"elo": 1000, "gxe": 37.7, "rpr": 1399.8194045481, "rprd": 116.97417873368, "w": 0, "l": 0, "coil": null}, "gen8ou": {"elo": 1000, "gxe": 45, "rpr": 1459.8393856612, "rprd": 122.8583080769, "w": 0, "l": 0, "coil": null}, "gen8oublitz": {"elo": 1000, "gxe": 45.3, "rpr": 1462.2077307017, "rprd": 122.35894607788, "w": 0, "l": 0, "coil": null}, "gen8pu": {"elo": 1264.6380108589, "gxe": 61, "rpr": 1586.6013336783, "rprd": 90.251813484131, "w": 45, "l": 32, "coil": null}, "gen8randombattle": {"elo": 1399.5499317901, "gxe": 65.6, "rpr": 1642.449382776, "rprd": 210.2105923846, "w": 4237, "l": 4142, "coil": null}, "gen8randomdoublesbattle": {"elo": 1378.0998005379, "gxe": 61.8, "rpr": 1607.7022859605, "rprd": 222.73823568032, "w": 50, "l": 35, "coil": null}, "gen9championsvgc2026regma": {"elo": 1407.40781516228, "gxe": 57.4, "rpr": 1556.0650965740426, "rprd": 31.965383343163477, "w": 91, "l": 76, "coil": null}, "gen9championsvgc2026regmabo3": {"elo": 1079.8201254080923, "gxe": 57.4, "rpr": 1558.889434895653, "rprd": 106.63354502816298, "w": 3, "l": 1, "coil": null}, "gen9championsvgc2026regmb": {"elo": 1122.1323049622354, "gxe": 60, "rpr": 1578.8175161559843, "rprd": 93.19725204342286, "w": 6, "l": 2, "coil": null}, "gen9nationaldex": {"elo": 1229.6631685902491, "gxe": 55.5, "rpr": 1542.3226470761012, "rprd": 74.18932047398096, "w": 12, "l": 5, "coil": null}, "gen9nu": {"elo": 1075.732255518036, "gxe": 48.6, "rpr": 1488.987135041545, "rprd": 70.3948907832618, "w": 9, "l": 11, "coil": 1525.2314863112836}, "gen9ou": {"elo": 1176.5507944984, "gxe": 53.6, "rpr": 1527.8081507208, "rprd": 59.37837002365, "w": 18, "l": 14, "coil": null}, "gen9randombattle": {"elo": 1669.1523005338288, "gxe": 73.8, "rpr": 1695.6683827711743, "rprd": 33.760115199483195, "w": 2512, "l": 2385, "coil": null}, "gen9uu": {"elo": 1137.6594462954, "gxe": 54.1, "rpr": 1531.4724032452, "rprd": 76.071063443325, "w": 9, "l": 6, "coil": null}, "gen9vgc2023series1": {"elo": 1048.3479756617, "gxe": 38.2, "rpr": 1407.5416263707, "rprd": 72.507291346124, "w": 7, "l": 13, "coil": null}, "gen9vgc2025regh": {"elo": 1104.0390293608543, "gxe": 52.5, "rpr": 1519.0842764077495, "rprd": 72.80244436125116, "w": 11, "l": 8, "coil": null}, "gen9vgc2025regi": {"elo": 1260.102360749029, "gxe": 65.2, "rpr": 1620.65372921031, "rprd": 68.3148188256959, "w": 16, "l": 6, "coil": null}, "gen9vgc2025regibo3": {"elo": 1045.3828724048149, "gxe": 55.2, "rpr": 1541.3776978325136, "rprd": 122.48543577055406, "w": 1, "l": 0, "coil": null}, "gen9vgc2026regf": {"elo": 1167.390486287418, "gxe": 45.8, "rpr": 1467.2639620420464, "rprd": 72.67000877211468, "w": 15, "l": 17, "coil": null}, "gen9vgc2026regfbo3": {"elo": 1100.4984590352515, "gxe": 52.6, "rpr": 1520.50279773382, "rprd": 96.4001425313353, "w": 4, "l": 3, "coil": null}}}