{"username": "yomy", "userid": "yomy", "registertime": 1519430400, "group": 1, "ratings": {"gen1randombattle": {"elo": 1040, "gxe": 55, "rpr": 1540.1606143388, "rprd": 122.8583080769, "w": 1, "l": 0, "coil": null}, "gen2randombattle": {"elo": 1060.4733636368, "gxe": 57.1, "rpr": 1557.2127573344, "rprd": 122.70853223221, "w": 1, "l": 0, "coil": null}, "gen4randombattle": {"elo": 1202.9346822745, "gxe": 60.9, "rpr": 1585.4879222151, "rprd": 75.959506271207, "w": 12, "l": 5, "coil": null}, "gen5randombattle": {"elo": 1102.2832687511, "gxe": 59.2, "rpr": 1573.1022429119, "rprd": 106.54597764076, "w": 4, "l": 1, "coil": null}, "gen7battlespotdoubles": {"elo": 1149.6946064527, "gxe": 53.3, "rpr": 1525.1063931949, "rprd": 73.749114101485, "w": 9, "l": 8, "coil": null}, "gen7monotype": {"elo": 1499.570813893, "gxe": 79.3, "rpr": 1774.031970601, "rprd": 145.30098001672, "w": 98, "l": 41, "coil": null}, "gen7ou": {"elo": 1499.091594941, "gxe": 72, "rpr": 1707.5818875132, "rprd": 207.63989943949, "w": 120, "l": 79, "coil": null}, "gen7randombattle": {"elo": 1499.1157036502, "gxe": 72.8, "rpr": 1692.1438908126, "rprd": 98.369585454376, "w": 696, "l": 462, "coil": null}, "gen7ru": {"elo": 1260.9083024387, "gxe": 64.9, "rpr": 1638.6944807136, "rprd": 229.09661129789, "w": 15, "l": 5, "coil": null}, "gen8monotype": {"elo": 1499.8289302374, "gxe": 83.8, "rpr": 1817.7734551001, "rprd": 83.3519995632, "w": 118, "l": 56, "coil": null}, "gen8ou": {"elo": 1381.4806137863, "gxe": 65, "rpr": 1637.9127906877, "rprd": 214.5085515509, "w": 49, "l": 34, "coil": null}, "gen8randombattle": {"elo": 1383.6606726134, "gxe": 69.1, "rpr": 1661.8277311908, "rprd": 126.89815704352, "w": 233, "l": 179, "coil": null}, "gen8randombattleblitz": {"elo": 1043.3797773274, "gxe": 54.4, "rpr": 1534.9916339292, "rprd": 122.13169761139, "w": 1, "l": 0, "coil": null}, "gen9battlestadiumsinglesseries2": {"elo": 1351.7291393587, "gxe": 58.2, "rpr": 1562.2987176573, "rprd": 32.724461965919, "w": 142, "l": 125, "coil": null}, "gen9randombattle": {"elo": 2185.9542844470297, "gxe": 84.3, "rpr": 1817.1313294665845, "rprd": 25, "w": 640, "l": 559, "coil": null}}}