{"username": "YoungSwagon", "userid": "youngswagon", "registertime": 1684281600, "group": 1, "ratings": {"gen3lc": {"elo": 1000, "gxe": 45.1, "rpr": 1460.9059025555662, "rprd": 121.98851658242162, "w": 0, "l": 1, "coil": null}, "gen3ou": {"elo": 1000, "gxe": 22.3, "rpr": 1262.1357814007777, "rprd": 54.17028202411048, "w": 9, "l": 32, "coil": null}, "gen3randombattle": {"elo": 1040, "gxe": 55, "rpr": 1540.1606143390134, "rprd": 122.85830807679145, "w": 1, "l": 0, "coil": null}, "gen7battlefactory": {"elo": 1049.9053853086878, "gxe": 55.7, "rpr": 1545.4953137941495, "rprd": 122.85791870889256, "w": 1, "l": 0, "coil": null}, "gen7randombattle": {"elo": 1000, "gxe": 43.1, "rpr": 1444.7873480868122, "rprd": 122.571295227355, "w": 0, "l": 1, "coil": null}, "gen8battlefactory": {"elo": 1047.2607815179401, "gxe": 54.6, "rpr": 1537.1610574539836, "rprd": 122.79674577997616, "w": 1, "l": 0, "coil": null}, "gen8joltemonsrandombattle": {"elo": 1000, "gxe": 45, "rpr": 1459.8393856609866, "rprd": 122.85830807679145, "w": 0, "l": 1, "coil": null}, "gen91v1": {"elo": 1000, "gxe": 45.6, "rpr": 1464.7173106229177, "rprd": 122.02914300337243, "w": 0, "l": 1, "coil": null}, "gen92v2doubles": {"elo": 1081.0196157486646, "gxe": 59, "rpr": 1572.567125829214, "rprd": 116.77753930629355, "w": 2, "l": 0, "coil": null}, "gen9anythinggoes": {"elo": 1013.9358312634527, "gxe": 36.1, "rpr": 1388.6320705300259, "rprd": 98.5161931772695, "w": 1, "l": 5, "coil": null}, "gen9balancedhackmons": {"elo": 1041.9855091944698, "gxe": 34.3, "rpr": 1372.5490753435126, "rprd": 102.34003384770627, "w": 1, "l": 4, "coil": null}, "gen9champions4v4doublesuu": {"elo": 1000, "gxe": 41.4, "rpr": 1430.7403916862, "rprd": 118.59630358162, "w": 0, "l": 2, "coil": null}, "gen9computergeneratedteams": {"elo": 1000, "gxe": 45, "rpr": 1459.8393856609866, "rprd": 122.85830807679145, "w": 0, "l": 1, "coil": null}, "gen9doublesou": {"elo": 1098.8919738146083, "gxe": 27.2, "rpr": 1312.6314692698586, "rprd": 57.70279107851491, "w": 78, "l": 121, "coil": null}, "gen9doublesubers": {"elo": 1014.607694578049, "gxe": 38.8, "rpr": 1409.8174635211826, "rprd": 111.63551691723286, "w": 1, "l": 3, "coil": null}, "gen9megainvasionrandombattle": {"elo": 1137.7364250265775, "gxe": 53.1, "rpr": 1523.697642148799, "rprd": 33.17016198919244, "w": 65, "l": 61, "coil": null}, "gen9monotype": {"elo": 1000, "gxe": 25.6, "rpr": 1291.3141983606827, "rprd": 98.46391916860871, "w": 2, "l": 9, "coil": 902.7494451159257}, "gen9monotyperandombattle": {"elo": 1027.2447772245353, "gxe": 48.8, "rpr": 1490.1182998291395, "rprd": 122.40722372909624, "w": 1, "l": 1, "coil": null}, "gen9nationaldex": {"elo": 1088.7931394004909, "gxe": 32.5, "rpr": 1360.9872643838066, "rprd": 50.43345215518921, "w": 20, "l": 32, "coil": null}, "gen9nationaldexmonotype": {"elo": 1066.2820158317263, "gxe": 33.1, "rpr": 1365.0739182839566, "rprd": 63.32779645650974, "w": 9, "l": 19, "coil": null}, "gen9ou": {"elo": 1084.9363078899364, "gxe": 27, "rpr": 1310.7098111987186, "rprd": 56.99081449401806, "w": 103, "l": 188, "coil": null}, "gen9randombattle": {"elo": 1085.1274454410952, "gxe": 36.2, "rpr": 1393.037210392932, "rprd": 40.60089703207352, "w": 519, "l": 669, "coil": null}, "gen9randombattleblitz": {"elo": 1000, "gxe": 45, "rpr": 1459.8393856609866, "rprd": 122.85830807679145, "w": 0, "l": 1, "coil": null}, "gen9randomdoublesbattle": {"elo": 1078.5386818173772, "gxe": 38.6, "rpr": 1409.4900517038654, "rprd": 99.95351332037156, "w": 4, "l": 8, "coil": null}, "gen9stabmons": {"elo": 1049.5302480597427, "gxe": 55.3, "rpr": 1542.1313692856363, "rprd": 122.21965786743532, "w": 1, "l": 0, "coil": null}, "gen9ubers": {"elo": 1000, "gxe": 41.4, "rpr": 1431.2734750872069, "rprd": 115.84816821127752, "w": 0, "l": 2, "coil": null}, "gen9vgc2024regf": {"elo": 1119.8841936106917, "gxe": 42.6, "rpr": 1442.8047758553619, "rprd": 67.92692882421295, "w": 26, "l": 29, "coil": null}, "gen9vgc2024regfbo3": {"elo": 1040.1543867399976, "gxe": 50.6, "rpr": 1504.4857732624903, "rprd": 115.74192245068502, "w": 1, "l": 1, "coil": null}, "gen9vgc2025regg": {"elo": 1040, "gxe": 41.7, "rpr": 1433.6439398556215, "rprd": 106.51243976363932, "w": 1, "l": 3, "coil": null}, "gen9vgc2026regi": {"elo": 1009.7313860243122, "gxe": 32.4, "rpr": 1359.9454363974494, "rprd": 60.624722649803005, "w": 12, "l": 21, "coil": null}}}