{"username": "yourdaughtersdad", "userid": "yourdaughtersdad", "registertime": 1559260800, "group": 1, "ratings": {"gen2randombattle": {"elo": 1040, "gxe": 55, "rpr": 1540.1606143388, "rprd": 122.8583080769, "w": 1, "l": 0, "coil": null}, "gen4randombattle": {"elo": 1089.1731994952, "gxe": 59.2, "rpr": 1573.7241431247, "rprd": 116.8762134122, "w": 2, "l": 0, "coil": null}, "gen5randombattle": {"elo": 1055.2356009898, "gxe": 49.2, "rpr": 1493.9958847459, "rprd": 116.04278578804, "w": 1, "l": 1, "coil": null}, "gen7battlefactory": {"elo": 1149.8495934539, "gxe": 52.3, "rpr": 1520.4407276259, "rprd": 219.7530065319, "w": 23, "l": 21, "coil": null}, "gen7randombattle": {"elo": 1390.3835022373528, "gxe": 69.5, "rpr": 1664.000197790814, "rprd": 116.31776311885497, "w": 2156, "l": 2083, "coil": null}, "gen7randomdoublesbattle": {"elo": 1079.5920875188, "gxe": 58.2, "rpr": 1565.974513048, "rprd": 116.40004366329, "w": 2, "l": 0, "coil": null}, "gen8randombattle": {"elo": 1428.4217351804712, "gxe": 70.9, "rpr": 1678.3426328316223, "rprd": 122.83955285065811, "w": 1879, "l": 1832, "coil": null}, "gen8randomdoublesbattle": {"elo": 1118.9550704689, "gxe": 55.9, "rpr": 1553.2751329295, "rprd": 226.75622506952, "w": 7, "l": 4, "coil": null}, "gen9anythinggoes": {"elo": 1000, "gxe": 41.6, "rpr": 1431.8695508604649, "rprd": 124.05623945510975, "w": 0, "l": 1, "coil": null}, "gen9ou": {"elo": 1087.7814002091327, "gxe": 38.5, "rpr": 1408.9552746641157, "rprd": 86.57268014399101, "w": 26, "l": 36, "coil": null}, "gen9randombattle": {"elo": 1484.0531542345607, "gxe": 70.4, "rpr": 1662.992971643073, "rprd": 26.846662177838237, "w": 6406, "l": 6212, "coil": null}, "gen9ubers": {"elo": 1192.6069976629326, "gxe": 54.5, "rpr": 1534.494406547377, "rprd": 41.03942791203127, "w": 40, "l": 34, "coil": null}, "gen9uu": {"elo": 1154.1573189559087, "gxe": 48.4, "rpr": 1487.473993524343, "rprd": 56.10925573791988, "w": 110, "l": 112, "coil": null}}}