{"username": "YouShallNotPas", "userid": "youshallnotpas", "registertime": 1753315200, "group": 1, "ratings": {"gen5pokebilitiesrandombattle": {"elo": 1000, "gxe": 41.2, "rpr": 1429.115759195127, "rprd": 116.07064524086255, "w": 0, "l": 2, "coil": null}, "gen6randombattle": {"elo": 1000, "gxe": 44.6, "rpr": 1456.581587645038, "rprd": 121.89019376427909, "w": 0, "l": 1, "coil": null}, "gen7ou": {"elo": 1007.9921601191, "gxe": 45.8, "rpr": 1466.9108216389, "rprd": 111.51861011339, "w": 1, "l": 2, "coil": null}, "gen9almostanyability": {"elo": 1136.1711408276633, "gxe": 57.5, "rpr": 1556.7181473720937, "rprd": 25.651055846171907, "w": 348, "l": 354, "coil": null}, "gen9babyrandombattle": {"elo": 1028.2196057453268, "gxe": 50.2, "rpr": 1501.4932300124829, "rprd": 116.4145884305114, "w": 1, "l": 1, "coil": null}, "gen9badnboosted": {"elo": 1110.7976467818885, "gxe": 48.7, "rpr": 1490.4186044932453, "rprd": 25, "w": 298, "l": 354, "coil": null}, "gen9biomechmons": {"elo": 1134.4981994712, "gxe": 42.2, "rpr": 1439.3633877749, "rprd": 71.836549881908, "w": 74, "l": 107, "coil": null}, "gen9camomons": {"elo": 1038.021781946, "gxe": 48.3, "rpr": 1486.1212194702, "rprd": 116.27070230686, "w": 8, "l": 8, "coil": null}, "gen9championsrandombattle": {"elo": 1094.5403215978122, "gxe": 56.6, "rpr": 1552.3513944107249, "rprd": 99.18671010218578, "w": 4, "l": 2, "coil": null}, "gen9convergence": {"elo": 1139.1397976264, "gxe": 49.6, "rpr": 1497.1677649094, "rprd": 93.879442269921, "w": 158, "l": 151, "coil": null}, "gen9fortemons": {"elo": 1245.2989051577, "gxe": 49.3, "rpr": 1494.3886519117, "rprd": 40.311481957408, "w": 106, "l": 113, "coil": null}, "gen9godlygiftrandombattle": {"elo": 1114.2429859337537, "gxe": 53, "rpr": 1523.1534421836445, "rprd": 87.47537719302444, "w": 6, "l": 4, "coil": null}, "gen9inheritance": {"elo": 1279.1635650843, "gxe": 50.8, "rpr": 1505.9965198665, "rprd": 49.982002953498, "w": 224, "l": 316, "coil": 2026.7901159625223}, "gen9monotyperandombattle": {"elo": 1088.1073653156543, "gxe": 50.8, "rpr": 1505.8548945109758, "rprd": 89.04590497653282, "w": 11, "l": 12, "coil": null}, "gen9ou": {"elo": 1120.4124857337772, "gxe": 35.1, "rpr": 1383.3288191917165, "rprd": 41.83448544871606, "w": 39, "l": 48, "coil": null}, "gen9pokebilities": {"elo": 1163.6126806545678, "gxe": 52.6, "rpr": 1520.3787972601158, "rprd": 72.5386395386208, "w": 10, "l": 8, "coil": null}, "gen9randombattle": {"elo": 1578.0811601100738, "gxe": 68.9, "rpr": 1650.0104662648966, "rprd": 25.599634591666494, "w": 904, "l": 870, "coil": null}}}