{"username": "yowbles", "userid": "yowbles", "registertime": 1697760000, "group": 1, "ratings": {"gen1randombattle": {"elo": 1045.5629998177576, "gxe": 55, "rpr": 1540.1606143390134, "rprd": 122.85830807679145, "w": 1, "l": 0, "coil": null}, "gen5randombattle": {"elo": 1000, "gxe": 45, "rpr": 1459.8393856609866, "rprd": 122.85830807679145, "w": 0, "l": 1, "coil": null}, "gen8ou": {"elo": 1148.5737796181184, "gxe": 59.4, "rpr": 1573.5018887444814, "rprd": 87.3797848035997, "w": 6, "l": 4, "coil": null}, "gen91v1factory": {"elo": 1101.418704318005, "gxe": 48.7, "rpr": 1489.8706781374422, "rprd": 40.37678606497542, "w": 43, "l": 46, "coil": null}, "gen9babyrandombattle": {"elo": 1000, "gxe": 45, "rpr": 1459.8393856609866, "rprd": 122.85830807679145, "w": 0, "l": 1, "coil": null}, "gen9badnboosted": {"elo": 1000, "gxe": 40.6, "rpr": 1424.8384920179074, "rprd": 116.1156884340509, "w": 0, "l": 2, "coil": null}, "gen9challengecup1v1": {"elo": 1034.1837904169865, "gxe": 38.2, "rpr": 1405.9586407194588, "rprd": 93.50478235508552, "w": 2, "l": 5, "coil": null}, "gen9donotuserandombattle": {"elo": 1000, "gxe": 45.1, "rpr": 1460.712430437605, "rprd": 122.13784007788377, "w": 0, "l": 1, "coil": null}, "gen9draftfactory": {"elo": 1040, "gxe": 55, "rpr": 1540.1606143390134, "rprd": 122.85830807679145, "w": 1, "l": 0, "coil": null}, "gen9legendszaou": {"elo": 1198.5732406930902, "gxe": 57.8, "rpr": 1560.1102221725341, "rprd": 70.84506698623137, "w": 13, "l": 8, "coil": null}, "gen9megainvasionrandombattle": {"elo": 1327.595551861288, "gxe": 70, "rpr": 1661.2612324708275, "rprd": 60.34702540926018, "w": 23, "l": 10, "coil": null}, "gen9nationaldex": {"elo": 1559.4931974047731, "gxe": 62.5, "rpr": 1596.9341703210025, "rprd": 54.3644031593844, "w": 120, "l": 100, "coil": null}, "gen9nationaldexdoubles": {"elo": 1079.5894144696945, "gxe": 57.9, "rpr": 1563.4520863650453, "rprd": 116.45279002149829, "w": 2, "l": 0, "coil": null}, "gen9nationaldexuu": {"elo": 1076.5032371473903, "gxe": 46.6, "rpr": 1473.042425552626, "rprd": 98.9411465713631, "w": 2, "l": 4, "coil": null}, "gen9nu": {"elo": 1092.0461532545903, "gxe": 49, "rpr": 1492.0604546072932, "rprd": 91.97618627923465, "w": 4, "l": 4, "coil": 1068.6975780119526}, "gen9ou": {"elo": 1329.6859756934357, "gxe": 55.1, "rpr": 1539.0883481865844, "rprd": 64.09283745819207, "w": 175, "l": 165, "coil": null}, "gen9pokebilities": {"elo": 1000, "gxe": 44.5, "rpr": 1455.5111015814255, "rprd": 122.93273273741724, "w": 0, "l": 1, "coil": null}, "gen9randombattle": {"elo": 1532.6183166040187, "gxe": 68.9, "rpr": 1651.1584502195324, "rprd": 53.10253755552464, "w": 267, "l": 229, "coil": null}, "gen9randombattleblitz": {"elo": 1025.0204035691859, "gxe": 41.3, "rpr": 1430.802564969132, "rprd": 99.70034535970602, "w": 5, "l": 6, "coil": null}, "gen9randombattlehyperblitzautochoose": {"elo": 1049.2650884738555, "gxe": 55.8, "rpr": 1546.7982540826333, "rprd": 121.96369357546033, "w": 1, "l": 0, "coil": null}, "gen9randombattlemayhem": {"elo": 1000, "gxe": 41.8, "rpr": 1433.8774448916004, "rprd": 125.270444341282, "w": 0, "l": 1, "coil": null}, "gen9randombattlesharedpowerb12p6": {"elo": 1047.6879875467446, "gxe": 54.1, "rpr": 1532.8247233811758, "rprd": 122.28646164533764, "w": 1, "l": 0, "coil": null}, "gen9randomdoublesbattle": {"elo": 1254.2322871017739, "gxe": 68.4, "rpr": 1651.5432170303009, "rprd": 99.60708736139709, "w": 15, "l": 5, "coil": null}, "gen9randomroulette": {"elo": 1043.2192013592485, "gxe": 50.4, "rpr": 1502.969563220696, "rprd": 115.23221227708464, "w": 1, "l": 1, "coil": null}, "gen9uu": {"elo": 1035.0428688861534, "gxe": 42.2, "rpr": 1438.7591127033927, "rprd": 91.25017070940214, "w": 5, "l": 6, "coil": null}, "gen9vgc2024regf": {"elo": 1099.4151764318106, "gxe": 46.3, "rpr": 1471.340478734208, "rprd": 98.115541551873, "w": 3, "l": 4, "coil": null}, "gen9vgc2024regfbo3": {"elo": 1048.8738576906755, "gxe": 47.1, "rpr": 1476.953648933945, "rprd": 121.96788867057701, "w": 1, "l": 1, "coil": null}, "gen9vgc2024regg": {"elo": 1031.4209139907164, "gxe": 35.9, "rpr": 1387.065585882303, "rprd": 91.55386230428283, "w": 2, "l": 6, "coil": null}, "gen9vgc2024reggbo3": {"elo": 1001.008650214645, "gxe": 38.9, "rpr": 1411.1994136770932, "rprd": 107.06104461834653, "w": 1, "l": 3, "coil": null}, "gen9vgc2024regh": {"elo": 1067.7218911950226, "gxe": 36.9, "rpr": 1395.3191007017601, "rprd": 90.70201217581477, "w": 3, "l": 6, "coil": null}, "gen9vgc2025regg": {"elo": 1000, "gxe": 45, "rpr": 1459.8393856609866, "rprd": 122.85830807679145, "w": 0, "l": 1, "coil": null}, "gen9vgc2025reggbo3": {"elo": 1080.0469553319806, "gxe": 34.1, "rpr": 1373.0461047936965, "rprd": 80.26523476269259, "w": 5, "l": 9, "coil": null}, "gen9vgc2025regj": {"elo": 1292.906044677623, "gxe": 60, "rpr": 1577.0794968122552, "rprd": 53.23035348488022, "w": 29, "l": 19, "coil": null}, "gen9voltturnmayhem": {"elo": 1089.325194003404, "gxe": 59.6, "rpr": 1576.3857510754365, "rprd": 108.9598353951162, "w": 3, "l": 1, "coil": null}}}