{"username": "yuishidid", "userid": "yuishidid", "registertime": 1698105600, "group": 1, "ratings": {"gen1randombattle": {"elo": 1047.5983734968481, "gxe": 47.6, "rpr": 1481.1503428182873, "rprd": 116.86495076453662, "w": 1, "l": 2, "coil": null}, "gen2randombattle": {"elo": 1040, "gxe": 55, "rpr": 1540.1606143390134, "rprd": 122.85830807679145, "w": 1, "l": 0, "coil": null}, "gen3randombattle": {"elo": 1033.7441487177755, "gxe": 49.2, "rpr": 1493.861717346783, "rprd": 121.86187561391917, "w": 1, "l": 1, "coil": null}, "gen4randombattle": {"elo": 1036.5202035067118, "gxe": 44, "rpr": 1451.7290381601158, "rprd": 130, "w": 1, "l": 1, "coil": null}, "gen5randombattle": {"elo": 1096.3339556263034, "gxe": 56.1, "rpr": 1549.0174529271778, "rprd": 122.89797593447275, "w": 2, "l": 1, "coil": null}, "gen6randombattle": {"elo": 1130.789183908065, "gxe": 64.6, "rpr": 1619.9228614016156, "rprd": 122.91793551509285, "w": 4, "l": 0, "coil": null}, "gen7randombattle": {"elo": 1059.5444806366625, "gxe": 48.1, "rpr": 1484.6525508824761, "rprd": 130, "w": 3, "l": 2, "coil": null}, "gen91v1": {"elo": 1040, "gxe": 55, "rpr": 1540.1606143390134, "rprd": 122.85830807679145, "w": 1, "l": 0, "coil": null}, "gen9doublesou": {"elo": 1176.7314903623733, "gxe": 48, "rpr": 1484.8529130163415, "rprd": 63.64228418071264, "w": 50, "l": 51, "coil": null}, "gen9doublesubers": {"elo": 1044.0156122093597, "gxe": 43.7, "rpr": 1451.3295498362443, "rprd": 82.32160237519798, "w": 5, "l": 7, "coil": null}, "gen9monotype": {"elo": 1000, "gxe": 38.4, "rpr": 1405.8297570493664, "rprd": 116.81735760796869, "w": 0, "l": 2, "coil": 768}, "gen9monotyperandombattle": {"elo": 1450.2642191243565, "gxe": 70.4, "rpr": 1668.9794124876553, "rprd": 96.40666638642739, "w": 49, "l": 35, "coil": null}, "gen9randombattle": {"elo": 1397.2839351067914, "gxe": 64, "rpr": 1608.2944957784298, "rprd": 29.878743205568767, "w": 2427, "l": 2334, "coil": null}, "gen9randomdoublesbattle": {"elo": 1381.960504737829, "gxe": 59.2, "rpr": 1570.5721960593125, "rprd": 45.500757182688716, "w": 692, "l": 658, "coil": null}}}