{"username": "yuzuyuja", "userid": "yuzuyuja", "registertime": 1658188800, "group": 1, "ratings": {"gen1ou": {"elo": 1084.1663889314896, "gxe": 49.7, "rpr": 1497.2505008280878, "rprd": 125.12744780735112, "w": 0, "l": 0, "coil": null}, "gen1randombattle": {"elo": 1027.9572813848479, "gxe": 43.5, "rpr": 1448.2534594997492, "rprd": 111.53131223712428, "w": 0, "l": 1, "coil": null}, "gen3ou": {"elo": 1021.5607832991, "gxe": 30.9, "rpr": 1344.1158194711, "rprd": 83.225138072985, "w": 0, "l": 0, "coil": null}, "gen4randombattle": {"elo": 1327.8005178622122, "gxe": 67.4, "rpr": 1641.0475982612047, "rprd": 85.44570139938436, "w": 29, "l": 20, "coil": null}, "gen5ou": {"elo": 1108.0133353618, "gxe": 43.3, "rpr": 1448.3067851213, "rprd": 72.374718947671, "w": 0, "l": 0, "coil": null}, "gen6firstbloodrandombattle": {"elo": 1144.5467171097698, "gxe": 45.8, "rpr": 1468.0255078616708, "rprd": 26.903320520566954, "w": 95, "l": 115, "coil": null}, "gen6randombattle": {"elo": 1110.0367540185, "gxe": 56.3, "rpr": 1549.6775835297, "rprd": 98.640174765346, "w": 0, "l": 0, "coil": null}, "gen7ou": {"elo": 1000, "gxe": 43.8, "rpr": 1450.1908195202, "rprd": 122.59476285838, "w": 0, "l": 0, "coil": null}, "gen7pickyourteamrandombattle": {"elo": 1000, "gxe": 44.9, "rpr": 1459.0674743093, "rprd": 122.05798595623, "w": 0, "l": 0, "coil": null}, "gen8lc": {"elo": 1040.794096256, "gxe": 44.4, "rpr": 1456.3119002487, "rprd": 91.541980213935, "w": 0, "l": 0, "coil": null}, "gen8metronomebattle": {"elo": 1252.5279739818, "gxe": 59.1, "rpr": 1569.7137809329, "rprd": 39.398749727075, "w": 0, "l": 0, "coil": null}, "gen8monotype": {"elo": 1183.7137596765, "gxe": 49.6, "rpr": 1496.9811236702, "rprd": 28.121508965545, "w": 0, "l": 0, "coil": null}, "gen8monotyperandombattle": {"elo": 1158.2352157014, "gxe": 66.1, "rpr": 1631.5938335111, "rprd": 104.11819678661, "w": 0, "l": 0, "coil": null}, "gen8ou": {"elo": 1024.8192581824, "gxe": 34.6, "rpr": 1379.6181062092, "rprd": 42.409499794614, "w": 0, "l": 0, "coil": null}, "gen8randombattle": {"elo": 1030.7181838771, "gxe": 37.9, "rpr": 1405.7120413638, "rprd": 55.4995119418, "w": 0, "l": 0, "coil": null}, "gen8randombattleblitz": {"elo": 1000, "gxe": 40.6, "rpr": 1424.462300042, "rprd": 121.98482341443, "w": 0, "l": 0, "coil": null}, "gen8randomdoublesbattle": {"elo": 1032.5269459422, "gxe": 50.4, "rpr": 1503.5409272602, "rprd": 115.81600935395, "w": 0, "l": 0, "coil": null}, "gen9babyrandombattle": {"elo": 1026.1233816008, "gxe": 39.6, "rpr": 1412.6687538233, "rprd": 158.01590080322, "w": 7, "l": 14, "coil": null}, "gen9doublesou": {"elo": 1140.1317671718252, "gxe": 43.8, "rpr": 1451.6469646756498, "rprd": 79.57234574677295, "w": 0, "l": 0, "coil": null}, "gen9lc": {"elo": 1074.6943832366564, "gxe": 46.7, "rpr": 1474.2452108463788, "rprd": 79.58707096636628, "w": 0, "l": 0, "coil": null}, "gen9metronomebattle": {"elo": 1221.7725318009157, "gxe": 49.6, "rpr": 1496.9200214067369, "rprd": 106.89537215970398, "w": 49, "l": 33, "coil": null}, "gen9monkeyspawrandombattle": {"elo": 1040, "gxe": 55, "rpr": 1540.1606143390134, "rprd": 122.85830807679145, "w": 1, "l": 0, "coil": null}, "gen9monotype": {"elo": 1388.4593294908293, "gxe": 62.4, "rpr": 1596.5266455534509, "rprd": 56.47763219966928, "w": 153, "l": 138, "coil": 2484.1375883171777}, "gen9monotyperandombattle": {"elo": 1501.6780814233, "gxe": 79.1, "rpr": 1760.1556393647, "rprd": 97.41505930489, "w": 56, "l": 25, "coil": null}, "gen9pu": {"elo": 1000, "gxe": 34, "rpr": 1369.4781552533773, "rprd": 107.27138320979351, "w": 0, "l": 0, "coil": 0}, "gen9randombattle": {"elo": 1834.8734345230491, "gxe": 79.4, "rpr": 1754.861058643227, "rprd": 36.97331486590811, "w": 1743, "l": 1611, "coil": null}, "gen9randombattleblitz": {"elo": 1352.2219258780292, "gxe": 67.3, "rpr": 1639.0456843467032, "rprd": 71.75335106036442, "w": 23, "l": 11, "coil": null}, "gen9randomdoublesbattle": {"elo": 1168.3156945355574, "gxe": 52.9, "rpr": 1522.800625855733, "rprd": 97.92403200218817, "w": 13, "l": 11, "coil": null}}}