{"username": "Z10101", "userid": "z10101", "registertime": 1678665600, "group": 1, "ratings": {"gen1randombattle": {"elo": 1043.5473376752163, "gxe": 54.8, "rpr": 1538.254725939282, "rprd": 121.93728170041506, "w": 1, "l": 0, "coil": null}, "gen3challengecup": {"elo": 1050.5224585254, "gxe": 54.6, "rpr": 1536.835063538, "rprd": 121.94189045637, "w": 1, "l": 0, "coil": null}, "gen5pokebilitiesrandombattle": {"elo": 1082.1634332750566, "gxe": 59.3, "rpr": 1575.3674506242228, "rprd": 121.69094842739447, "w": 2, "l": 0, "coil": null}, "gen7battlefactory": {"elo": 1000, "gxe": 45.4, "rpr": 1462.848162497, "rprd": 122.06894374945, "w": 0, "l": 1, "coil": null}, "gen7randombattleapexabilities": {"elo": 1000, "gxe": 40.7, "rpr": 1425.3154559486497, "rprd": 120.50495014683968, "w": 0, "l": 2, "coil": null}, "gen8bdsprandombattle": {"elo": 1094.1083786643, "gxe": 58.9, "rpr": 1571.7374147702, "rprd": 126.67118734515, "w": 2, "l": 0, "coil": null}, "gen8bssfactory": {"elo": 1091.40181228, "gxe": 52.4, "rpr": 1518.9087925051, "rprd": 111.41071664715, "w": 3, "l": 4, "coil": null}, "gen8challengecup1v1": {"elo": 1087.4326981476, "gxe": 58.8, "rpr": 1570.948627386, "rprd": 126.17585208276, "w": 2, "l": 0, "coil": null}, "gen8hackmonscup": {"elo": 1051.2757224579, "gxe": 53.1, "rpr": 1524.5556658686, "rprd": 123.24564284649, "w": 1, "l": 0, "coil": null}, "gen8joltemonsrandombattle": {"elo": 1040, "gxe": 55, "rpr": 1540.1606143388, "rprd": 122.8583080769, "w": 1, "l": 0, "coil": null}, "gen8monotyperandombattle": {"elo": 1080.7471179663, "gxe": 58.1, "rpr": 1565.2725320405, "rprd": 119.38396194183, "w": 2, "l": 0, "coil": null}, "gen8randombattle": {"elo": 1374.74593071906, "gxe": 57.6, "rpr": 1561.404905635463, "rprd": 130, "w": 123, "l": 95, "coil": null}, "gen8randombattleblitz": {"elo": 1044.1529949257, "gxe": 55, "rpr": 1539.7485529861, "rprd": 121.94001550934, "w": 1, "l": 0, "coil": null}, "gen8randombattlemayhem": {"elo": 1046.4561002726, "gxe": 47.4, "rpr": 1479.6553544248, "rprd": 113.73579323037, "w": 1, "l": 2, "coil": null}, "gen8randomdoublesbattle": {"elo": 1000, "gxe": 43.9, "rpr": 1451.2766336624, "rprd": 122.47306881188, "w": 0, "l": 1, "coil": null}, "gen8roulettemonsrandombattle": {"elo": 1040, "gxe": 55, "rpr": 1540.1606143388, "rprd": 122.8583080769, "w": 1, "l": 0, "coil": null}, "gen8superstaffbros4": {"elo": 1044.584930701, "gxe": 46.2, "rpr": 1469.8051424728, "rprd": 114.75564603123, "w": 1, "l": 2, "coil": null}, "gen9brokencup": {"elo": 1088.0769404625385, "gxe": 56.2, "rpr": 1549.5710545673821, "rprd": 121.92173199646648, "w": 2, "l": 1, "coil": null}, "gen9challengecup1v1": {"elo": 1043.0800911323217, "gxe": 49, "rpr": 1492.2333971019298, "rprd": 116.34892660124954, "w": 1, "l": 1, "coil": null}, "gen9challengecup2v2": {"elo": 1000, "gxe": 42.8, "rpr": 1442.378581615901, "rprd": 117.17776735360653, "w": 0, "l": 2, "coil": null}, "gen9chimera1v1randombattle": {"elo": 1000, "gxe": 41, "rpr": 1427.432874170786, "rprd": 116.77753930629355, "w": 0, "l": 2, "coil": null}, "gen9computergeneratedteams": {"elo": 1000, "gxe": 45, "rpr": 1459.8393856609866, "rprd": 122.85830807679145, "w": 0, "l": 1, "coil": null}, "gen9monkeyspawrandombattle": {"elo": 1070.102808904164, "gxe": 59.4, "rpr": 1576.0896597243134, "rprd": 122.93275504687341, "w": 2, "l": 0, "coil": null}, "gen9monotype": {"elo": 1000, "gxe": 35.4, "rpr": 1380.6976045921526, "rprd": 110.92277196164909, "w": 0, "l": 3, "coil": 892.0241033255702}, "gen9monotyperandombattle": {"elo": 1264.8263234408896, "gxe": 63.4, "rpr": 1604.8497118130779, "rprd": 59.16335188716348, "w": 18, "l": 12, "coil": null}, "gen9partnersincrimerandombattle6moves": {"elo": 1050.1210507146595, "gxe": 55, "rpr": 1540.1606143390134, "rprd": 122.85830807679145, "w": 1, "l": 0, "coil": null}, "gen9randombattle": {"elo": 1856.0182474256474, "gxe": 81.5, "rpr": 1779.3636002968674, "rprd": 28.873525334544063, "w": 5869, "l": 5603, "coil": null}, "gen9randombattleblitz": {"elo": 1045.0748781181721, "gxe": 55, "rpr": 1540.1606143390134, "rprd": 122.85830807679145, "w": 1, "l": 0, "coil": null}, "gen9randombattlesharedpowerb12p6": {"elo": 1085.423065621133, "gxe": 58.9, "rpr": 1571.564148198775, "rprd": 122.12305374516487, "w": 2, "l": 0, "coil": null}, "gen9randomroulette": {"elo": 1000, "gxe": 45, "rpr": 1459.617605640204, "rprd": 122.65835911155044, "w": 0, "l": 1, "coil": null}}}