{"username": "ZamaBinLadan", "userid": "zamabinladan", "registertime": 1756512000, "group": 1, "ratings": {"gen9championsvgc2026regma": {"elo": 1606.274223009833, "gxe": 69.8, "rpr": 1658.513805484616, "rprd": 30.607021844745514, "w": 119, "l": 85, "coil": null}, "gen9championsvgc2026regmabo3": {"elo": 1089.1698417221685, "gxe": 52.9, "rpr": 1522.1678070370308, "rprd": 82.99811112008994, "w": 7, "l": 5, "coil": null}, "gen9championsvgc2026regmb": {"elo": 1181.2474723257621, "gxe": 64.5, "rpr": 1615.9002236757399, "rprd": 86.87181935705667, "w": 8, "l": 2, "coil": null}, "gen9randombattle": {"elo": 1890.1001639113297, "gxe": 79.6, "rpr": 1756.4899790886466, "rprd": 28.0700759615801, "w": 1167, "l": 1097, "coil": null}, "gen9vgc2025regh": {"elo": 1499.1800984002, "gxe": 65.8, "rpr": 1625.2404806884, "rprd": 71.373110464795, "w": 232, "l": 192, "coil": null}, "gen9vgc2026regf": {"elo": 1437.4103721120396, "gxe": 66.3, "rpr": 1629.0447541360186, "rprd": 51.84670724176795, "w": 43, "l": 24, "coil": null}}}