{"username": "Zanka neli", "userid": "zankaneli", "registertime": 1767571200, "group": 1, "ratings": {"gen9randombattle": {"elo": 1075.1098179625365, "gxe": 29.8, "rpr": 1335.4044853762164, "rprd": 72.82230646828793, "w": 19, "l": 38, "coil": null}}}