{"username": "ZannaBianca99", "userid": "zannabianca99", "registertime": 1608336000, "group": 1, "ratings": {"gen7ou": {"elo": 1141.5035546139, "gxe": 50.6, "rpr": 1504.4201865776, "rprd": 61.24176565974, "w": 18, "l": 14, "coil": null}, "gen7ru": {"elo": 1000, "gxe": 44.8, "rpr": 1458.3289332306, "rprd": 122.53232720517, "w": 0, "l": 0, "coil": null}, "gen7ubers": {"elo": 1165.3977641332, "gxe": 57.1, "rpr": 1564.4033128446, "rprd": 226.38103431928, "w": 0, "l": 0, "coil": null}, "gen8monotype": {"elo": 1382.6597825843, "gxe": 58, "rpr": 1561.017498468, "rprd": 37.918361122931, "w": 65, "l": 51, "coil": null}, "gen8monotyperandombattle": {"elo": 1138.8506903242, "gxe": 65.6, "rpr": 1627.005942125, "rprd": 103.30727045767, "w": 6, "l": 1, "coil": null}, "gen8ou": {"elo": 1343.8716874979832, "gxe": 67.8, "rpr": 1642.5928449837847, "rprd": 71.17598561229639, "w": 57, "l": 32, "coil": null}, "gen8randombattle": {"elo": 1429.9784280978, "gxe": 77, "rpr": 1754.4985905488, "rprd": 171.71688136347, "w": 1192, "l": 1006, "coil": null}, "gen9almostanyability": {"elo": 1086.2737585527018, "gxe": 59.1, "rpr": 1573.0502978896016, "rprd": 117.61822550884006, "w": 2, "l": 0, "coil": null}, "gen9monotype": {"elo": 1391.1096145761442, "gxe": 66.2, "rpr": 1627.9019081096155, "rprd": 59.31358233765683, "w": 27, "l": 15, "coil": 2562.024149531265}, "gen9monotyperandombattle": {"elo": 1117.7594645366216, "gxe": 63.6, "rpr": 1610.6066106793494, "rprd": 117.28236808498087, "w": 4, "l": 0, "coil": null}, "gen9ou": {"elo": 1443.427595975149, "gxe": 64.1, "rpr": 1609.9563384066566, "rprd": 43.274792823500555, "w": 781, "l": 691, "coil": null}, "gen9oususpect": {"elo": 1040, "gxe": 50, "rpr": 1500.029275973046, "rprd": 116.84146468089878, "w": 1, "l": 1, "coil": null}, "gen9partnersincrimerandombattle6moves": {"elo": 1184.5390322234828, "gxe": 57.6, "rpr": 1558.869872615451, "rprd": 62.874703618591454, "w": 17, "l": 13, "coil": null}, "gen9randombattle": {"elo": 2158.9240293736, "gxe": 87.2, "rpr": 1861.5252943278, "rprd": 31.840269199338, "w": 2985, "l": 2690, "coil": null}, "gen9randombattlesharedpowerb12p6": {"elo": 1073.1603125053211, "gxe": 48.3, "rpr": 1486.4513670578906, "rprd": 114.40065446720291, "w": 2, "l": 1, "coil": null}, "gen9ubers": {"elo": 1000, "gxe": 45.2, "rpr": 1461.3039192222254, "rprd": 121.95496491956504, "w": 0, "l": 1, "coil": null}, "gen9uu": {"elo": 1479.3076961145, "gxe": 68.5, "rpr": 1661.8522229518, "rprd": 160.77359000265, "w": 92, "l": 61, "coil": null}}}