{"username": "zegaaagalaaa", "userid": "zegaaagalaaa", "registertime": 1780358400, "group": 1, "ratings": {"gen9randombattle": {"elo": 2107.2685319984, "gxe": 85.3, "rpr": 1832.2831694789, "rprd": 29.875311656539, "w": 530, "l": 449, "coil": null}}}