{"username": "zephyrrw", "userid": "zephyrrw", "registertime": 1724544000, "group": 1, "ratings": {"gen9monotype": {"elo": 1000, "gxe": 45, "rpr": 1459.8393856609866, "rprd": 122.85830807679145, "w": 0, "l": 0, "coil": 0}, "gen9ou": {"elo": 1054.995220666985, "gxe": 52.3, "rpr": 1518.4563419691515, "rprd": 111.54381684644562, "w": 2, "l": 1, "coil": null}, "gen9randombattle": {"elo": 1143.2224164588458, "gxe": 44.6, "rpr": 1458.6136267180011, "rprd": 44.49526858368818, "w": 543, "l": 609, "coil": null}}}