{"username": "ZeroPepsi", "userid": "zeropepsi", "registertime": 1775347200, "group": 1, "ratings": {"gen9championsou": {"elo": 1064.135267138805, "gxe": 53.8, "rpr": 1530.3167721796071, "rprd": 111.73132737135683, "w": 2, "l": 1, "coil": null}, "gen9championsvgc2026regma": {"elo": 1000, "gxe": 40.1, "rpr": 1420.3384978022932, "rprd": 116.1317723506236, "w": 0, "l": 2, "coil": null}, "gen9nationaldex": {"elo": 1126.933004083806, "gxe": 50.8, "rpr": 1506.2431574962507, "rprd": 82.54545444526346, "w": 8, "l": 5, "coil": null}, "gen9pokebilitiesaaa": {"elo": 1000, "gxe": 40, "rpr": 1419.2447256549383, "rprd": 115.07568341302428, "w": 0, "l": 2, "coil": null}, "gen9randombattle": {"elo": 1882.6255849565698, "gxe": 81.1, "rpr": 1774.5573384579525, "rprd": 30.502921875569015, "w": 427, "l": 369, "coil": null}, "gen9staaabmons": {"elo": 1143.2173908012537, "gxe": 47.8, "rpr": 1483.4124361631818, "rprd": 71.71670199131648, "w": 9, "l": 10, "coil": null}}}