{"username": "zhuoshuai", "userid": "zhuoshuai", "registertime": 1530662400, "group": 1, "ratings": {"gen4ou": {"elo": 1054.9428725878, "gxe": 47.4, "rpr": 1479.8195591979, "rprd": 92.475408053915, "w": 0, "l": 0, "coil": null}, "gen6randombattle": {"elo": 1077.838418937058, "gxe": 59.1, "rpr": 1573.1367471079425, "rprd": 117.77270146877412, "w": 2, "l": 0, "coil": null}, "gen7anythinggoes": {"elo": 1311.5002599381, "gxe": 72.4, "rpr": 1718.4135246937, "rprd": 229.03289964865, "w": 13, "l": 0, "coil": null}, "gen7battlespotsingles": {"elo": 1239.5757849854, "gxe": 57, "rpr": 1553.4927002918, "rprd": 40.247684048217, "w": 53, "l": 44, "coil": null}, "gen7lc": {"elo": 1172.2719681023, "gxe": 49.4, "rpr": 1495.7384736619, "rprd": 66.720467003451, "w": 0, "l": 0, "coil": null}, "gen7nu": {"elo": 1181.3285044096, "gxe": 54.2, "rpr": 1532.9782387008, "rprd": 87.023059324035, "w": 1, "l": 0, "coil": null}, "gen7ou": {"elo": 1499.7939665291, "gxe": 76.1, "rpr": 1761.3718322808, "rprd": 227.75039598227, "w": 389, "l": 309, "coil": null}, "gen7randombattle": {"elo": 1546.8255696703288, "gxe": 74.6, "rpr": 1706.957522695704, "rprd": 74.71279525041076, "w": 338, "l": 289, "coil": null}, "gen7ru": {"elo": 1160.4037447811, "gxe": 57.9, "rpr": 1571.2588316793, "rprd": 222.23636621695, "w": 14, "l": 8, "coil": null}, "gen7ubers": {"elo": 1433.4325411066, "gxe": 69.4, "rpr": 1684.0632304676, "rprd": 224.65135699519, "w": 64, "l": 44, "coil": null}, "gen7uu": {"elo": 1071.1232341266, "gxe": 42.3, "rpr": 1429.2498054412, "rprd": 233.30674558695, "w": 0, "l": 0, "coil": null}, "gen7vgc2019ultraseries": {"elo": 1234.1831845626, "gxe": 60.6, "rpr": 1582.4237073494, "rprd": 74.269756435492, "w": 18, "l": 8, "coil": null}, "gen8battleoflegends": {"elo": 1438.1530975464, "gxe": 67.1, "rpr": 1645.0524997125, "rprd": 139.69217929415, "w": 50, "l": 24, "coil": null}, "gen8battlestadiumsingles": {"elo": 1499.0152070041, "gxe": 71.1, "rpr": 1671.6438968211, "rprd": 60.308147594561, "w": 615, "l": 425, "coil": null}, "gen8dragonkingcup": {"elo": 1103.5282975113, "gxe": 54.1, "rpr": 1531.9698784488, "rprd": 89.082491050753, "w": 5, "l": 4, "coil": null}, "gen8ou": {"elo": 1427.7841754742, "gxe": 69.7, "rpr": 1688.9824440897, "rprd": 230.97932214106, "w": 162, "l": 129, "coil": null}, "gen8randombattle": {"elo": 1429.5029271591, "gxe": 74.5, "rpr": 1709.7239143809, "rprd": 100.07577536192, "w": 451, "l": 280, "coil": null}, "gen8randomdoublesbattle": {"elo": 1000, "gxe": 41.4, "rpr": 1430.486046750519, "rprd": 124.28085988813869, "w": 0, "l": 1, "coil": null}, "gen8vgc2020": {"elo": 1499.581366302, "gxe": 68.6, "rpr": 1652.1858786375, "rprd": 91.438166086596, "w": 137, "l": 98, "coil": null}, "gen8vgc2021": {"elo": 1245.6385217879, "gxe": 62.4, "rpr": 1597.5945317153, "rprd": 75.699545485149, "w": 14, "l": 6, "coil": null}, "gen9paldeaprologue": {"elo": 1421.0097823975, "gxe": 67.7, "rpr": 1640.9242473582, "rprd": 58.734590457889, "w": 56, "l": 28, "coil": null}, "gen9randombattle": {"elo": 2074.832444404812, "gxe": 88.1, "rpr": 1878.3280544034512, "rprd": 40.08820193550502, "w": 1202, "l": 839, "coil": null}, "gen9randombattleblitz": {"elo": 1631.0106737947774, "gxe": 82.4, "rpr": 1808.2063141572999, "rprd": 122.70403549221976, "w": 248, "l": 175, "coil": null}, "gen9vgc2023regulationd": {"elo": 1186.5976061855865, "gxe": 63.8, "rpr": 1610.5656200516223, "rprd": 94.6902016019019, "w": 6, "l": 1, "coil": null}, "gen9vgc2024regf": {"elo": 1499.3585756854, "gxe": 71.4, "rpr": 1677.965514189, "rprd": 90.145826718594, "w": 54, "l": 25, "coil": null}}}