{"username": "zibabu", "userid": "zibabu", "registertime": 1463875200, "group": 1, "ratings": {"gen6firstbloodrandombattle": {"elo": 1231.9389915431411, "gxe": 57.4, "rpr": 1556.054116193982, "rprd": 25, "w": 306, "l": 283, "coil": null}, "gen6ou": {"elo": 1000, "gxe": 40.5, "rpr": 1423.3172803698, "rprd": 115.24799953227, "w": 0, "l": 2, "coil": null}, "gen6ubers": {"elo": 1056.504460179, "gxe": 45.8, "rpr": 1461.9368841166, "rprd": 230.74393417438, "w": 3, "l": 6, "coil": null}, "gen7ou": {"elo": 1368.9688484544663, "gxe": 66.8, "rpr": 1636.7348751680688, "rprd": 101.00064932562252, "w": 3318, "l": 3044, "coil": null}, "gen7randombattle": {"elo": 1117.3928170442, "gxe": 47.6, "rpr": 1481.7491291158, "rprd": 50.671831854763, "w": 24, "l": 25, "coil": null}, "gen7ubers": {"elo": 1202.4317452825, "gxe": 58.4, "rpr": 1575.0974960724, "rprd": 215.31083020671, "w": 41, "l": 31, "coil": null}, "gen7uu": {"elo": 1116.3887605417, "gxe": 51.2, "rpr": 1510.7992095814, "rprd": 219.82297542674, "w": 15, "l": 13, "coil": null}, "gen8bdspou": {"elo": 1161.4009607129, "gxe": 61.1, "rpr": 1602.0866427952, "rprd": 228.44954104524, "w": 6, "l": 1, "coil": null}, "gen8monotype": {"elo": 1285.5551931985, "gxe": 45.2, "rpr": 1461.2338009765, "rprd": 130, "w": 19, "l": 10, "coil": null}, "gen8monotyperandombattle": {"elo": 1000, "gxe": 45.1, "rpr": 1460.5288981106, "rprd": 122.77771507483, "w": 0, "l": 1, "coil": null}, "gen8nationaldex": {"elo": 1377.355937706, "gxe": 72.9, "rpr": 1693.4348762576, "rprd": 100.07137272661, "w": 40, "l": 18, "coil": null}, "gen8nationaldexag": {"elo": 1156.0649789803, "gxe": 65.3, "rpr": 1625.7146529373, "rprd": 116.3239133695, "w": 5, "l": 0, "coil": null}, "gen8ou": {"elo": 1339.6635935755, "gxe": 50.3, "rpr": 1502.3019420618, "rprd": 126.94102957783, "w": 113, "l": 101, "coil": null}, "gen8randombattle": {"elo": 1178.5279087872, "gxe": 46.9, "rpr": 1475.6927574068, "rprd": 95.134520424131, "w": 27, "l": 21, "coil": null}, "gen8ubers": {"elo": 1070.1028089042, "gxe": 59, "rpr": 1572.5671258289, "rprd": 116.77753930647, "w": 2, "l": 0, "coil": null}, "gen8uu": {"elo": 1068.8694897974, "gxe": 52.8, "rpr": 1521.6441367098, "rprd": 102.63868960077, "w": 3, "l": 2, "coil": null}, "gen9nationaldex": {"elo": 1473.3274501962383, "gxe": 61.4, "rpr": 1589.0008630083407, "rprd": 68.85709856572686, "w": 205, "l": 180, "coil": null}, "gen9ou": {"elo": 1418.299579386245, "gxe": 61.8, "rpr": 1590.856325485262, "rprd": 40.367986259826615, "w": 60, "l": 43, "coil": null}, "gen9randombattle": {"elo": 2109.1701587712673, "gxe": 82.9, "rpr": 1797.1475204877086, "rprd": 26.34213575107361, "w": 489, "l": 437, "coil": null}, "ubers": {"elo": 1261.0522335148, "gxe": 56.6, "rpr": 1550.3414760643, "rprd": 59.645261349298, "w": 104, "l": 99, "coil": null}, "uu": {"elo": 1089.5235551905, "gxe": 28.9, "rpr": 1329.4530269825, "rprd": 36.853293430446, "w": 0, "l": 0, "coil": null}}}