{"username": "zofrbgbor", "userid": "zofrbgbor", "registertime": 1781136000, "group": 1, "ratings": {"gen9randombattle": {"elo": 1412.2096325995767, "gxe": 62.7, "rpr": 1598.5610637196796, "rprd": 46.06749803967994, "w": 41, "l": 25, "coil": null}}}