{"username": "Zomboide", "userid": "zomboide", "registertime": 1758585600, "group": 1, "ratings": {"gen4randombattle": {"elo": 1000, "gxe": 32.6, "rpr": 1356.7715678522, "rprd": 106.32507252278, "w": 0, "l": 4, "coil": null}, "gen7ou": {"elo": 1000, "gxe": 34.7, "rpr": 1374.9115337092, "rprd": 111.91156045246, "w": 0, "l": 3, "coil": null}, "gen7randombattle": {"elo": 1165.437725638727, "gxe": 40.3, "rpr": 1422.1099560196558, "rprd": 115.06869174563349, "w": 56, "l": 55, "coil": null}, "gen81v1": {"elo": 1000, "gxe": 45, "rpr": 1459.8393856612, "rprd": 122.8583080769, "w": 0, "l": 1, "coil": null}, "gen82v2doubles": {"elo": 1000, "gxe": 46, "rpr": 1467.9512249273, "rprd": 122.74357690463, "w": 0, "l": 1, "coil": null}, "gen8challengecup1v1": {"elo": 1126.8640676457, "gxe": 49.4, "rpr": 1495.2423318553, "rprd": 72.107745339689, "w": 9, "l": 9, "coil": null}, "gen8doublesou": {"elo": 1056.1432858774, "gxe": 34.1, "rpr": 1369.7057010805, "rprd": 115.56623633762, "w": 2, "l": 5, "coil": null}, "gen8lc": {"elo": 1064.1172559541, "gxe": 40.7, "rpr": 1427.3683389725, "rprd": 83.035977853468, "w": 4, "l": 8, "coil": null}, "gen8metronomebattle": {"elo": 1171.1021121168, "gxe": 58.1, "rpr": 1562.5519945855, "rprd": 65.594445458651, "w": 18, "l": 12, "coil": null}, "gen8monotype": {"elo": 1096.8365617106, "gxe": 39.5, "rpr": 1415.5492445322, "rprd": 108.8299636809, "w": 4, "l": 4, "coil": null}, "gen8monotyperandombattle": {"elo": 1130.1751744877, "gxe": 50.7, "rpr": 1505.3083879696, "rprd": 84.305613013541, "w": 17, "l": 15, "coil": null}, "gen8randombattle": {"elo": 1330.500578778854, "gxe": 49.8, "rpr": 1498.2917278160653, "rprd": 110.61089977671416, "w": 70, "l": 60, "coil": null}, "gen8randombattlenodmax": {"elo": 1000, "gxe": 45, "rpr": 1459.8393856612, "rprd": 122.8583080769, "w": 0, "l": 1, "coil": null}, "gen8randomdoublesbattle": {"elo": 1077.900256181, "gxe": 37.9, "rpr": 1402.9789626543, "rprd": 104.72646092477, "w": 4, "l": 7, "coil": null}, "gen8vgc2021series10": {"elo": 1091.1300330271, "gxe": 34.4, "rpr": 1375.1218002134, "rprd": 83.865997242446, "w": 6, "l": 11, "coil": null}, "gen8vgc2021series11": {"elo": 1072.5441350586, "gxe": 39, "rpr": 1413.0905132447, "rprd": 93.679428124768, "w": 4, "l": 6, "coil": null}, "gen9monotyperandombattle": {"elo": 1099.5738644259825, "gxe": 55.9, "rpr": 1546.3554297315586, "rprd": 102.42848892229293, "w": 3, "l": 2, "coil": null}, "gen9nationaldex": {"elo": 1000, "gxe": 31.8, "rpr": 1350.0457580102, "rprd": 102.21697959814, "w": 0, "l": 5, "coil": null}, "gen9randombattle": {"elo": 1310.9131360968656, "gxe": 53.4, "rpr": 1525.8955982036096, "rprd": 50.25154043449543, "w": 131, "l": 117, "coil": null}, "gen9randomdoublesbattle": {"elo": 1000, "gxe": 40.6, "rpr": 1423.9103402756866, "rprd": 122.93275504687341, "w": 0, "l": 2, "coil": null}, "gen9vgc2026regf": {"elo": 1046.174240870195, "gxe": 53.1, "rpr": 1525.148163131831, "rprd": 123.36363406377366, "w": 1, "l": 0, "coil": null}, "gen9vgc2026regi": {"elo": 1178.6986430404056, "gxe": 53.3, "rpr": 1525.158808695594, "rprd": 54.06110958425923, "w": 25, "l": 17, "coil": null}, "gen9vgc2026regibo3": {"elo": 1000, "gxe": 45.6, "rpr": 1464.7647117946206, "rprd": 122.4125314274552, "w": 0, "l": 1, "coil": null}}}