{"username": "zoz973", "userid": "zoz973", "registertime": 1389312000, "group": 1, "ratings": {"gen7randombattle": {"elo": 1169.5657425799, "gxe": 45.9, "rpr": 1468.5049285967, "rprd": 56.697122207919, "w": 660, "l": 676, "coil": null}, "gen8randombattle": {"elo": 1382.1346036509, "gxe": 56.8, "rpr": 1561.3182025025, "rprd": 220.64427966901, "w": 1092, "l": 1096, "coil": null}, "gen9randombattle": {"elo": 1200.6868456082545, "gxe": 48.4, "rpr": 1488.0849747621862, "rprd": 32.2645321309258, "w": 1626, "l": 1670, "coil": null}}}