{"username": "Zurgox", "userid": "zurgox", "registertime": 1388361600, "group": 1, "ratings": {"gen6randombattle": {"elo": 1040, "gxe": 50, "rpr": 1500, "rprd": 116.77753930647, "w": 1, "l": 1, "coil": null}, "gen7ou": {"elo": 1235.3641349105, "gxe": 50.6, "rpr": 1504.5677616162, "rprd": 82.118218505509, "w": 29, "l": 20, "coil": null}, "gen7randombattle": {"elo": 1499.6233382086, "gxe": 73.1, "rpr": 1709.4893508832, "rprd": 167.5828120363, "w": 1031, "l": 929, "coil": null}, "gen7randomdoublesbattle": {"elo": 1456.4051081609, "gxe": 73, "rpr": 1690.2166881631, "rprd": 64.05618856885, "w": 76, "l": 61, "coil": null}, "gen7ubers": {"elo": 1271.3416377029, "gxe": 65.4, "rpr": 1642.4917860313, "rprd": 218.99129388653, "w": 21, "l": 12, "coil": null}, "gen8hackmonscup": {"elo": 1328.608071614, "gxe": 76.3, "rpr": 1724.7078598812, "rprd": 73.109191837564, "w": 17, "l": 4, "coil": null}, "gen8monotyperandombattle": {"elo": 1141.6914199741, "gxe": 55.9, "rpr": 1546.2453184508, "rprd": 85.246219934674, "w": 14, "l": 10, "coil": null}, "gen8ou": {"elo": 1298.8049871855, "gxe": 57.3, "rpr": 1555.6041717534, "rprd": 53.429780984353, "w": 27, "l": 17, "coil": null}, "gen8randombattle": {"elo": 1399.1982824935, "gxe": 76.3, "rpr": 1760.1779086965, "rprd": 217.63950955367, "w": 3619, "l": 3308, "coil": null}, "gen8randomdoublesbattle": {"elo": 1153.4053791966, "gxe": 60.5, "rpr": 1584.4035351222, "rprd": 108.10790257048, "w": 6, "l": 2, "coil": null}, "gen8ubers": {"elo": 1129.7032117555, "gxe": 59.1, "rpr": 1583.8697005883, "rprd": 230.4226917246, "w": 6, "l": 2, "coil": null}, "gen8vgc2020": {"elo": 1000, "gxe": 33.7, "rpr": 1365.9521187766, "rprd": 111.89504960779, "w": 0, "l": 3, "coil": null}, "gen9ou": {"elo": 1391.0469739818, "gxe": 59.9, "rpr": 1576.0319472905, "rprd": 37.891631504783, "w": 153, "l": 133, "coil": null}, "gen9randombattle": {"elo": 1884.7746981803134, "gxe": 80.5, "rpr": 1767.8475037814908, "rprd": 28.953062845598563, "w": 2389, "l": 2248, "coil": null}, "ou": {"elo": 1348.193231453, "gxe": 59.9, "rpr": 1576.0221318563, "rprd": 41.956062859934, "w": 47, "l": 34, "coil": null}, "ru": {"elo": 1230.0920583986, "gxe": 66.2, "rpr": 1631.8739914133, "rprd": 104.83388238551, "w": 12, "l": 4, "coil": null}, "ubers": {"elo": 1477.7885536968, "gxe": 74, "rpr": 1701.9539394362, "rprd": 80.750927606383, "w": 60, "l": 40, "coil": null}}}